# LOD50 crude face decimation from models/go1/meshes_obj/calf.obj
o calf
v 0.01229506 0 0.00915867
v 0.01459169 0 0.01443344
v 0.01229506 -0.003499984 0.00915867
v 0.01459169 -0.006999969 0.01443344
v 0.01229506 -0.006999969 0.00915867
v -0.006417214 0 0.02583456
v -0.006417214 -0.006999969 0.02583456
v -0.005761682 -0.006999969 0.02673333
v -0.005761682 0 0.02673333
v -0.005025744 -0.006999969 0.02756756
v -0.005025744 0 0.02756756
v -0.004215657 -0.006999969 0.02832996
v -0.004215657 0 0.02832996
v -0.003338396 -0.006999969 0.02901411
v -0.003338396 0 0.02901411
v -0.00240159 -0.006999969 0.02961403
v -0.00240159 0 0.02961403
v -0.001413226 -0.006999969 0.0301246
v -0.001413226 0 0.0301246
v -0.000381837 -0.006999969 0.03054141
v -0.000381837 0 0.03054141
v 0.000683748 -0.006999969 0.0308609
v 0.000683748 0 0.0308609
v 0.001774311 -0.006999969 0.0310803
v 0.001774311 0 0.0310803
v 0.002880513 -0.006999969 0.03119778
v 0.002880513 0 0.03119778
v 0.003992855 -0.006999969 0.03121221
v 0.003992855 0 0.03121221
v 0.005101799 -0.006999969 0.03112357
v 0.005101799 0 0.03112357
v 0.00619775 -0.006999969 0.0309326
v 0.00619775 0 0.0309326
v 0.007271289 -0.006999969 0.03064095
v 0.007271289 0 0.03064095
v 0.008313179 -0.006999969 0.03025108
v 0.008313179 0 0.03025108
v 0.009314477 -0.006999969 0.02976638
v 0.009314477 0 0.02976638
v 0.01026654 -0.006999969 0.02919101
v 0.01026654 0 0.02919101
v 0.01116126 -0.006999969 0.02852994
v 0.01116126 0 0.02852994
v 0.0119909 -0.006999969 0.02778875
v 0.0119909 0 0.02778875
v 0.0127483 -0.006999969 0.02697396
v 0.0127483 0 0.02697396
v 0.01342701 -0.006999969 0.02609252
v 0.01342701 0 0.02609252
v 0.01402109 -0.006999969 0.02515202
v 0.01402109 0 0.02515202
v 0.01452553 -0.006999969 0.0241605
v 0.01452553 0 0.0241605
v 0.01493597 -0.006999969 0.02312654
v 0.01493597 0 0.02312654
v 0.01524883 -0.006999969 0.02205896
v 0.01524883 0 0.02205896
v 0.01546144 -0.006999969 0.02096706
v 0.01546144 0 0.02096706
v 0.01557201 -0.006999969 0.01986014
v 0.01557201 0 0.01986014
v 0.01557958 -0.006999969 0.01874768
v 0.01557958 0 0.01874768
v 0.01548409 -0.006999969 0.01763933
v 0.01548409 0 0.01763933
v 0.01528632 -0.006999969 0.01654458
v 0.01528632 0 0.01654458
v 0.014988 -0.006999969 0.01547288
v 0.014988 0 0.01547288
v -0.009628772 -0.006999969 0.02096718
v -0.009541094 -0.006999969 0.021106
v -0.009541094 0 0.021106
v -0.01206743 -0.006999969 0.01695096
v -0.01561295 0 0.00934571
v -0.01471251 -0.006999969 0.01176387
v -0.01468396 0 0.01183074
v -0.0137059 -0.006999969 0.01392662
v -0.01355195 0 0.01423084
v -0.01228851 0 0.01656466
v -0.01624459 0 0.006769895
v -0.01600819 -0.006999969 0.007919669
v -0.01546674 -0.006999969 0.009794235
v -0.01650071 -0.007015645 0.004029095
v -0.01635569 -0.007000029 0.006035745
v -0.01621091 -0.006999969 0.00695908
v -0.01539188 0 -0.003730535
v -0.01618283 -0.007179737 3.20383e-05
v -0.01597332 0 -0.00114119
v -0.01643866 -0.007070243 0.002134025
v -0.01637804 0 0.001480996
v -0.0164988 0 0.004130542
v -0.01397335 0 -0.008845269
v -0.01491189 -0.007706344 -0.005565524
v -0.01569902 -0.007369875 -0.002439379
v -0.01241779 0 -0.01392042
v -0.01223427 -0.009491562 -0.01450461
v -0.01275783 -0.009033322 -0.01283198
v -0.01304692 -0.008807718 -0.01189905
v -0.01357299 -0.008440613 -0.01017934
v -0.01394766 -0.008209168 -0.008931577
v -0.01194798 -0.009773015 -0.01541167
v -0.01080912 0 -0.01897895
v -0.01150417 -0.01025968 -0.0168091
v -0.01080912 -0.003529489 -0.01897895
v -0.01080912 -0.01117193 -0.01897895
v -0.006747126 -0.006999969 0.02533507
v -0.01086646 -0.00149995 -0.004830598
v -0.01096451 -0.00149995 -0.004603803
v -0.01107299 -0.00149995 -0.007091641
v 0.002695441 -0.00149995 -0.01158231
v 0.01414024 -0.00149995 -0.05873185
v 0.01245212 -0.00149995 -0.04899388
v 0.009999692 -0.00149995 -0.03444594
v 0.009207129 -0.00149995 -0.02956032
v 0.00396806 -0.00149995 -0.01121026
v 0.007257759 -0.00149995 -0.01688653
v 0.005172908 -0.00149995 -0.01070773
v 0.006291925 -0.00149995 -0.01009088
v -0.000720881 -0.00149995 -0.0413509
v 0.003198325 -0.00149995 -0.05265808
v 0.001376807 -0.00149995 -0.01181185
v 0.006126642 -0.00149995 -0.06159037
v 0.008554041 -0.00149995 -0.06953656
v 3.65976e-05 -0.00149995 -0.01189172
v -0.001299738 -0.00149995 -0.01182055
v -0.005942583 -0.00149995 -0.02673476
v -0.002607285 -0.00149995 -0.01160246
v -0.006957173 -0.00149995 -0.009644329
v -0.007884263 -0.00149995 -0.00890243
v -0.01068949 -0.00149995 -0.01184982
v -0.008218109 -0.00149995 -0.008595228
v -0.01098042 -0.00149995 -0.009487867
v -0.009228289 -0.00149995 -0.00750035
v -0.01013511 -0.00149995 -0.006220519
v 0.0148437 -0.00149995 -0.09576487
v 0.02118837 -0.00149995 -0.1003598
v 0.01369315 -0.00149995 -0.08979856
v 0.01843196 -0.00149995 -0.0835396
v 0.01228272 -0.00149995 -0.08349406
v 0.0114777 -0.00149995 -0.08021759
v 0.01728314 -0.00149995 -0.1218664
v 0.01726204 -0.00149995 -0.1240156
v 0.0245282 -0.00149995 -0.1235077
v 0.01718777 -0.00149995 -0.1265405
v 0.02573001 -0.00149995 -0.1334962
v 0.01705729 -0.00149995 -0.1290825
v 0.01664131 -0.00149995 -0.1339809
v 0.02663558 -0.00149995 -0.1423344
v 0.01602452 -0.00149995 -0.1387223
v 0.02677905 -0.00149995 -0.1439105
v 0.01520639 -0.00149995 -0.1433821
v 0.02729237 -0.00149995 -0.1502702
v 0.01418775 -0.00149995 -0.1479829
v 0.02772551 -0.00149995 -0.1574487
v 0.01296585 -0.00149995 -0.1525598
v 0.02795571 -0.00149995 -0.1639394
v -0.01040345 -0.00149995 -0.01332694
v -0.01021027 -0.00149995 -0.01414763
v -0.005960643 -0.00149995 -0.01029008
v -0.009434223 -0.00149995 -0.01680576
v -0.004626393 -0.00149995 -0.01095497
v 0.01650822 -0.00149995 -0.1074831
v 0.02302962 -0.00149995 -0.1125476
v 0.01599764 -0.00149995 -0.1031986
v 0.01575523 -0.00149995 -0.1014456
v -0.008683443 -0.00149995 -0.01899892
v -0.008295178 -0.00149995 -0.02010518
v -0.003862917 -0.00149995 -0.01124691
v -0.007514834 -0.00149995 -0.02231639
v -0.007082939 -0.00149995 -0.02353429
v 0.01700127 -0.00149995 -0.1132527
v 0.01720058 -0.00149995 -0.1171889
v 0.01724725 -0.00149995 -0.1187494
v 0.01058334 -0.00149995 -0.07677584
v 0.02788031 -0.00149995 -0.1751909
v 0.0280025 -0.00149995 -0.1698115
v 0.009478032 -0.00149995 -0.162924
v 0.01152777 -0.00149995 -0.1571799
v 0.01107537 -0.00149995 -0.1585167
v 0.009821295 -0.00149995 -0.1620121
v 0.008130252 -0.00149995 -0.1662988
v 0.007114052 -0.00149995 -0.168726
v 0.02758884 -0.00149995 -0.180271
v 0.006720006 -0.00149995 -0.1696423
v 0.02710962 -0.00149995 -0.1852534
v 0.004550635 -0.00149995 -0.1744534
v 0.02691453 -0.00149995 -0.1868334
v 0.003718793 -0.00149995 -0.1762004
v 0.02645766 -0.00149995 -0.1900095
v 0.001864731 -0.00149995 -0.1799184
v 0.02572613 -0.00149995 -0.1941625
v 0.000459097 -0.00149995 -0.1825945
v 0.02491521 -0.00149995 -0.1978695
v -0.000929482 -0.00149995 -0.1851349
v 0.02398645 -0.00149995 -0.2013102
v -0.003044724 -0.00149995 -0.1888507
v 0.02288502 -0.00149995 -0.2046521
v 0.006292045 -0.007000029 -0.01009136
v -0.003862917 -0.006999969 -0.01124691
v -0.003119766 -0.006999969 -0.01147526
v -0.002607285 -0.006999969 -0.01160246
v -0.001299738 -0.006999969 -0.01182055
v 3.65976e-05 -0.006999969 -0.01189172
v 0.001376807 -0.006999969 -0.01181185
v 0.002695441 -0.006999969 -0.01158231
v 0.00396806 -0.006999969 -0.01121026
v 0.005172908 -0.006999969 -0.01070773
v -0.004951596 -0.007002592 -0.01081192
v -0.005989491 -0.007009625 -0.01027333
v -0.006969451 -0.007019877 -0.009635448
v -0.007884263 -0.007032036 -0.00890243
v -0.008790612 -0.007042825 -0.008008778
v -0.009593963 -0.007047414 -0.007026612
v -0.010288 -0.007045328 -0.005964338
v -0.01086646 -0.007036209 -0.004830598
v -0.01096493 -0.007034838 -0.004602432
v -0.007606506 -0.01402038 -0.02802944
v -0.007125973 -0.01403248 -0.02937072
v -0.005169868 -0.01402604 -0.03186237
v -0.005129814 -0.01309674 -0.02900665
v -0.005766034 -0.0122267 -0.02722883
v -0.007836282 -0.01234078 -0.02440559
v -0.007707476 -0.01362693 -0.02626341
v -0.008721768 -0.01364082 -0.02492398
v -0.008495032 -0.01377391 -0.02555572
v -0.005672037 -0.01362842 -0.02898806
v -0.004658102 -0.01361423 -0.03032338
v -0.004872024 -0.01340407 -0.02972632
v -0.004561066 -0.01369434 -0.03059422
v -0.005566716 -0.01371037 -0.02928227
v -0.004454195 -0.01377117 -0.03089237
v -0.005463361 -0.01378041 -0.02957087
v -0.004354715 -0.01383203 -0.03116983
v -0.006474673 -0.01377296 -0.02822667
v -0.006581306 -0.01370567 -0.02792924
v -0.006689667 -0.0136277 -0.02762645
v -0.005890309 -0.01342493 -0.02837711
v -0.008957028 -0.01347041 -0.02426737
v -0.007937788 -0.01344901 -0.02562046
v -0.0069139 -0.01343691 -0.02699941
v -0.005847692 -0.01399576 -0.02997332
v -0.006057381 -0.01395094 -0.0293895
v -0.008053839 -0.01394569 -0.02678382
v -0.006161272 -0.01391863 -0.02910017
v -0.008233726 -0.01388907 -0.02628314
v -0.006265163 -0.0138787 -0.02881079
v -0.008273541 -0.01387411 -0.02617245
v -0.006369471 -0.01383036 -0.0285201
v -0.007380485 -0.01292961 -0.02569025
v -0.008414328 -0.01297944 -0.02428585
v -0.007148265 -0.01319789 -0.02634245
v -0.008177518 -0.01322931 -0.02495002
v -0.01016795 -0.01210689 -0.02084505
v -0.009910821 -0.01246017 -0.02158111
v -0.009442329 -0.01301962 -0.02290767
v -0.008735954 -0.01111829 -0.02184796
v -0.006662905 -0.01106226 -0.02471691
v -0.007832586 -0.01399302 -0.02739953
v -0.00563234 -0.01401919 -0.03057301
v -0.003213763 -0.0140199 -0.03435403
v -0.003657519 -0.01401817 -0.03311508
v -0.003861963 -0.01399827 -0.03254455
v -0.004053175 -0.01395756 -0.03201103
v -0.004158258 -0.01392328 -0.03171801
v -0.004256248 -0.01388239 -0.0314446
v -0.009087383 -0.0133627 -0.02390325
v -0.009201407 -0.01326048 -0.02358412
v 0.01206183 -0.006999969 -0.01976764
v 0.01258784 -0.003517687 -0.01971966
v 0.01146501 -0.003514945 -0.01248061
v 0.01159554 -0.006999969 0.007466614
v 0.01160091 -0.003500163 0.00746417
v 0.01104134 -0.006999969 0.005721271
v 0.01106292 -0.003500759 0.005714237
v 0.01038104 -0.006999969 0.002116203
v 0.01046252 -0.003502726 0.002103149
v 0.01028692 -0.006999969 0.001190304
v 0.01031011 -0.003505587 -0.001557409
v 0.01014322 -0.006999969 -0.001548111
v 0.0102269 -0.006999969 -0.005226612
v 0.01049089 -0.003508865 -0.005218923
v 0.01058292 -0.006999969 -0.008884191
v 0.01094287 -0.003512084 -0.008856236
v 0.01064044 -0.006999969 -0.009381532
v 0.01102089 -0.006999969 -0.01251727
v 0.01160275 0 0.007463395
v 0.01107019 0 0.005711913
v 0.01049 0 0.002098798
v 0.01036632 0 -0.001560509
v 0.01057988 0 -0.0052163
v 0.01106423 0 -0.008846819
v 0.01161473 0 -0.01246821
v 0.01276516 0 -0.01970344
v 0.0163809 -0.01383006 -0.06508684
v 0.01549637 -0.01380842 -0.06650805
v 0.01788514 -0.01383215 -0.06733316
v 0.008466243 -0.006999969 -0.009736835
v 0.01529258 -0.0137003 -0.0618748
v 0.01597571 -0.01364868 -0.06233656
v 0.01587206 -0.01348531 -0.06143194
v 0.01460808 -0.01069009 -0.05608117
v 0.01360565 -0.01123923 -0.05566024
v 0.01374965 -0.01210862 -0.05648869
v 0.01568251 -0.01125657 -0.05750721
v 0.01568686 -0.01189839 -0.05816948
v 0.01673316 -0.01048862 -0.05765616
v 0.01673823 -0.009935855 -0.05697149
v 0.01672708 -0.009693026 -0.05660289
v 0.01560515 -0.009708106 -0.05580538
v 0.01570123 -0.01245653 -0.05889856
v 0.0174629 -0.01210194 -0.06028515
v 0.01758152 -0.01153409 -0.05965703
v 0.01777893 -0.01047897 -0.05854988
v 0.01779145 -0.01038831 -0.05844038
v 0.01674056 -0.01020169 -0.0573228
v 0.01782041 -0.01013308 -0.0581066
v 0.01563537 -0.009974956 -0.05618256
v 0.01565778 -0.01027047 -0.05653685
v 0.01567202 -0.01058918 -0.05686974
v 0.01655405 -0.012748 -0.06032305
v 0.01655495 -0.01312357 -0.0611146
v 0.01735627 -0.01268541 -0.06109476
v 0.01656806 -0.0132752 -0.06152707
v 0.01730751 -0.01312494 -0.06194436
v 0.01731622 -0.01300513 -0.06168055
v 0.01733601 -0.01354587 -0.06325608
v 0.01675099 -0.01372295 -0.06365883
v 0.01740235 -0.01369518 -0.06406575
v 0.0162338 -0.01380693 -0.06416851
v 0.01744747 -0.01374799 -0.06448173
v 0.01749712 -0.01378566 -0.06488311
v 0.01571512 -0.01269483 -0.05928969
v 0.01737111 -0.01259225 -0.06094777
v 0.01714235 -0.007539927 -0.05002301
v 0.01488387 -0.007777988 -0.05016154
v 0.01763439 -0.008295834 -0.05388647
v 0.01514279 -0.008167862 -0.05196315
v 0.01777803 -0.008802175 -0.05549675
v 0.01537626 -0.008705079 -0.05372887
v 0.01782083 -0.009095132 -0.05622774
v 0.01548016 -0.009050846 -0.05458539
v 0.01552647 -0.00924915 -0.05500286
v 0.01342117 -0.01005357 -0.05459839
v 0.01448035 -0.009723246 -0.05500578
v 0.01334166 -0.009692907 -0.05414032
v 0.01556843 -0.009467303 -0.0554105
v 0.01327967 -0.009459376 -0.05378317
v 0.01315701 -0.009074509 -0.05307525
v 0.01345765 -0.01025164 -0.05480843
v 0.01457214 -0.01033949 -0.05574882
v 0.01452964 -0.01001423 -0.05539149
v 0.01670843 -0.009471297 -0.05622106
v 0.01496762 -0.0132246 -0.05951875
v 0.01424366 -0.01346319 -0.05932515
v 0.01502573 -0.01336157 -0.05997782
v 0.01425796 -0.01348108 -0.05940705
v 0.0150873 -0.01347476 -0.06044375
v 0.01434385 -0.01357501 -0.0598998
v 0.01515245 -0.0135672 -0.06091594
v 0.01443082 -0.01364934 -0.06039845
v 0.01460754 -0.01375216 -0.06141173
v 0.01609766 -0.01375079 -0.06325072
v 0.01478528 -0.01380681 -0.06243091
v 0.01473611 -0.01379567 -0.06214898
v 0.01573467 -0.01290416 -0.05969649
v 0.01491302 -0.01306074 -0.0590682
v 0.01576006 -0.01308614 -0.06011641
v 0.01579141 -0.01324242 -0.06054705
v 0.01582872 -0.01337486 -0.06098616
v 0.01378184 -0.01226484 -0.05667364
v 0.0138812 -0.01266688 -0.05724459
v 0.01401799 -0.01306498 -0.05803024
v 0.0140891 -0.01321786 -0.05843818
v 0.01665687 -0.01359719 -0.06279706
v 0.0166195 -0.01351016 -0.06237012
v 0.01658964 -0.01340365 -0.06194651
v 0.01417297 -0.01336354 -0.05891942
v 0.01783806 -0.009896874 -0.05775833
v 0.01784241 -0.009804487 -0.05761086
v 0.01784545 -0.00947529 -0.05702942
v 0.01296252 -0.008607566 -0.05195212
v 0.0128495 -0.008388876 -0.05129849
v 0.01236224 -0.007725179 -0.04847127
v 0.01230919 -0.007672667 -0.0481624
v 0.01062136 -0.00699985 -0.02447748
v 0.009471237 -0.007000148 -0.01711755
v 0.006891965 -0.007000207 -0.01436418
v 0.01731777 -0.0134592 -0.06290841
v 0.01730507 -0.01332229 -0.06245952
v 0.01730519 -0.01317584 -0.06206631
v 0.008066177 -0.00699985 -0.02228009
v 0.008343994 -0.006999731 -0.02408468
v 0.0130732 -0.007005095 -0.03917425
v 0.01027214 -0.00699985 -0.03609973
v 0.01369869 -0.007075965 -0.04284566
v 0.0114727 -0.00715816 -0.04326325
v 0.01430946 -0.007298707 -0.04651343
v 0.01177 -0.007285237 -0.04501157
v 0.01628273 -0.00709182 -0.04459345
v 0.0148192 -0.006999969 -0.03615391
v 0.003743052 0 -0.003314971
v 0.003743052 -0.006999969 -0.003314971
v 0.003887116 0 -0.0031448
v 0.003887116 -0.006999969 -0.0031448
v 0.004015445 0 -0.002979218
v 0.004171133 -0.006999969 -0.002757012
v 0.004630923 0 -0.001885294
v 0.004424095 0 -0.002329647
v 0.004424095 -0.006999969 -0.002329647
v 0.004351913 0 -0.00246185
v 0.004171133 0 -0.002757012
v 0.004638671 0 -0.001866102
v 0.004638671 -0.006999969 -0.001866102
v 0.004808187 0 -0.001371562
v 0.004808187 -0.006999969 -0.001371562
v 0.004838824 0 -0.001259207
v 0.004926741 -0.006999969 -0.000852681
v 0.004926741 0 -0.000852681
v 0.004964172 0 -0.00059726
v 0.004989862 -0.006999969 -0.000317424
v 0.004989862 0 -0.000317424
v 0.004999279 0 8.38959e-05
v 0.004994928 -0.006999969 0.000225143
v 0.004994928 0 0.000225143
v 0.004941046 0 0.000765508
v 0.004941046 -0.006999969 0.000765508
v 0.004829585 0 0.001294195
v 0.004829585 -0.006999969 0.001294195
v 0.004791498 0 0.001428604
v 0.004663825 -0.006999969 0.001802325
v 0.004663825 0 0.001802325
v 0.004557788 0 0.002055823
v 0.004448771 -0.006999969 0.002282083
v 0.004448771 0 0.002282083
v 0.004250824 0 0.002632498
v 0.004190742 -0.006999969 0.00272715
v 0.004190742 0 0.00272715
v 0.003896832 0 0.00313276
v 0.003896832 -0.006999969 0.00313276
v 0.003884434 0 0.003148138
v 0.003574728 -0.006999969 0.003495872
v 0.003574728 0 0.003495872
v 0.003473699 0 0.003596246
v 0.003231108 -0.006999969 0.00381571
v 0.003231108 0 0.00381571
v 0.003024458 0 0.003981471
v 0.002853035 -0.006999969 0.004106044
v 0.002853035 0 0.004106044
v 0.002512931 0 0.004322588
v 0.002434849 -0.006999969 0.004367053
v 0.002434849 0 0.004367053
v 0.001979529 0 0.004591405
v 0.001979529 -0.006999969 0.004591405
v 0.001941621 0 0.004607558
v 0.001491785 -0.006999969 0.004772245
v 0.001491785 0 0.004772245
v 0.001319646 0 0.004822671
v 0.00097803 -0.006999969 0.004903376
v 0.00097803 0 0.004903376
v 0.000660396 0 0.004956185
v 0.000445875 -0.006999969 0.004980027
v 0.000445875 0 0.004980027
v -1.97422e-05 0 0.004999935
v -9.57984e-05 -0.006999969 0.004999041
v -9.57984e-05 0 0.004999041
v -0.00063756 0 0.004959166
v -0.00063756 -0.006999969 0.004959166
v -0.000702122 0 0.004950404
v -0.00116986 -0.006999969 0.004861176
v -0.00116986 0 0.004861176
v -0.001367747 0 0.00480926
v -0.001683652 -0.006999969 0.004707992
v -0.001683652 0 0.004707992
v -0.00199896 0 0.004583001
v -0.002170801 -0.006999969 0.004504144
v -0.002170801 0 0.004504144
v -0.00258094 0 0.004282355
v -0.00262463 -0.006999969 0.004255712
v -0.00262463 0 0.004255712
v -0.003039956 0 0.003969669
v -0.003039956 -0.006999969 0.003969669
v -0.0031026 0 0.003920912
v -0.003413319 -0.006999969 0.003653585
v -0.003413319 0 0.003653585
v -0.003557205 0 0.003513693
v -0.003743052 -0.006999969 0.003314971
v -0.003743052 0 0.003314971
v 0.007127344 0 0.01904964
v 0.007127344 -0.006999969 0.01904964
v 0.007209956 0 0.01915484
v 0.007209956 -0.006999969 0.01915484
v 0.00728327 0 0.01925694
v 0.007371723 -0.006999969 0.01939356
v 0.007371723 0 0.01939356
v 0.007473647 0 0.01957452
v 0.007513999 -0.006999969 0.0196554
v 0.007513999 0 0.0196554
v 0.007782936 -0.006999969 0.02055203
v 0.007739126 0 0.02030634
v 0.007723271 -0.006999969 0.02023828
v 0.007723271 0 0.02023828
v 0.007632493 -0.006999969 0.01993805
v 0.007632493 0 0.01993805
v 0.007628262 0 0.01992636
v 0.007809042 -0.006999969 0.02087438
v 0.007799744 0 0.02070599
v 0.007782936 0 0.02055203
v 0.007800102 -0.006999969 0.02119982
v 0.007805824 0 0.02111518
v 0.007809042 0 0.02087438
v 0.007566928 -0.006999969 0.02213823
v 0.007651686 0 0.02191692
v 0.007677435 -0.006999969 0.02183717
v 0.007677435 0 0.02183717
v 0.007755935 -0.006999969 0.02152264
v 0.007755935 0 0.02152264
v 0.007800102 0 0.02119982
v 0.007427394 -0.006999969 0.02242118
v 0.007497727 0 0.02228784
v 0.007566928 0 0.02213823
v 0.007262885 -0.006999969 0.02268236
v 0.007301032 0 0.02262693
v 0.007427394 0 0.02242118
v 0.006876647 -0.006999969 0.0231297
v 0.007070004 0 0.02292799
v 0.007077813 -0.006999969 0.02291905
v 0.007077813 0 0.02291905
v 0.007262885 0 0.02268236
v 0.00666356 -0.006999969 0.02331393
v 0.006813883 0 0.02318769
v 0.006876647 0 0.0231297
v 0.006430506 -0.006999969 0.0234797
v 0.006536006 0 0.02340877
v 0.00666356 0 0.02331393
v 0.006174027 -0.006999969 0.02362704
v 0.00622183 0 0.02360206
v 0.006430506 0 0.0234797
v 0.005599677 -0.006999969 0.02384924
v 0.005873024 0 0.02376037
v 0.005896091 -0.006999969 0.02375155
v 0.005896091 0 0.02375155
v 0.006174027 0 0.02362704
v 0.00528872 -0.006999969 0.02391654
v 0.005495369 0 0.02387565
v 0.005599677 0 0.02384924
v 0.004967987 -0.006999969 0.02395081
v 0.005097091 0 0.02394121
v 0.00528872 0 0.02391654
v 0.004642724 -0.006999969 0.02395033
v 0.004688322 0 0.02395254
v 0.004967987 0 0.02395081
v 0.004001796 -0.006999969 0.023844
v 0.004280269 0 0.02390784
v 0.004318773 -0.006999969 0.02391445
v 0.004318773 0 0.02391445
v 0.004642724 0 0.02395033
v 0.003697037 -0.006999969 0.02374088
v 0.003884255 0 0.02380853
v 0.004001796 0 0.023844
v 0.003168404 0 0.02346593
v 0.003409445 0 0.0236079
v 0.003409445 -0.006999969 0.0236079
v 0.003510773 0 0.02365899
v 0.003697037 0 0.02374088
v 0.003142833 0 0.023449
v 0.003142833 -0.006999969 0.023449
v 0.002900063 0 0.0232684
v 0.002900063 -0.006999969 0.0232684
v 0.002863585 0 0.02323776
v 0.002683103 -0.006999969 0.02307063
v 0.002683103 0 0.02307063
v 0.002599954 0 0.02298361
v 0.002492904 -0.006999969 0.02286034
v 0.002492904 0 0.02286034
v -0.01100915 -0.007377564 -0.00909537
v -0.01107192 -0.007160305 -0.00689584
v -0.006819546 -0.01088112 -0.0242753
v -0.007653534 -0.01004171 -0.02192437
v -0.008740425 -0.009184539 -0.01883614
v -0.0109421 -0.007482707 -0.009922027
v -0.01078057 -0.007679224 -0.01126533
v -0.01034873 -0.00807929 -0.01356947
v -0.009726881 -0.008534371 -0.01588189
v -0.009375333 -0.007034063 -0.006866514
v 0.003430068 -0.006999969 -0.003637909
v 0.003077328 -0.006999969 -0.003940761
v 0.00268644 -0.006999969 -0.004216969
v 0.002260029 -0.006999969 -0.004460036
v 0.001802325 -0.006999969 -0.004663825
v 0.001318931 -0.006999969 -0.00482285
v -0.00482285 -0.006999969 -0.001318931
v -0.00493288 -0.006999969 -0.000816516
v -0.004663825 -0.006999969 -0.001802325
v 0.000816511 -0.006999969 -0.00493288
v 0.000302694 -0.006999969 -0.004990816
v -0.000214358 -0.006999969 -0.004995405
v -0.000726395 -0.006999969 -0.004946947
v -0.001225471 -0.006999969 -0.004847466
v -0.001704394 -0.006999969 -0.004700481
v -0.002157092 -0.006999969 -0.0045107
v -0.002578556 -0.006999969 -0.004283785
v -0.002965211 -0.006999969 -0.004025757
v -0.003314971 -0.006999969 -0.003743052
v -0.003637909 -0.006999969 -0.003430068
v -0.003940761 -0.006999969 -0.003077328
v -0.004216969 -0.006999969 -0.00268644
v -0.004460036 -0.006999969 -0.002260029
v -0.004990816 -0.006999969 -0.000302702
v -0.004995405 -0.006999969 0.000214356
v -0.004946947 -0.006999969 0.000726393
v -0.004847466 -0.006999969 0.001225471
v -0.004700481 -0.006999969 0.001704394
v -0.0045107 -0.006999969 0.002157092
v -0.004283785 -0.006999969 0.002578556
v -0.004025757 -0.006999969 0.002965211
v 0.006837069 -0.006999969 0.01874333
v 0.007040083 -0.006999969 0.01894819
v 0.005779922 -0.006999969 0.01811605
v 0.006076216 -0.006999969 0.01823526
v 0.006353259 -0.006999969 0.01838231
v 0.006607711 -0.006999969 0.01855319
v 0.005468726 -0.006999969 0.01802814
v 0.005147695 -0.006999969 0.01797401
v 0.004822373 -0.006999969 0.017955
v 0.002276122 -0.006999969 0.01934909
v 0.002122998 -0.006999969 0.01962101
v 0.001996815 -0.006999969 0.01991313
v 0.001901209 -0.006999969 0.02022123
v 0.0044986 -0.006999969 0.01797121
v 0.004181861 -0.006999969 0.01802152
v 0.003877282 -0.006999969 0.01810365
v 0.003589272 -0.006999969 0.01821464
v 0.00332123 -0.006999969 0.01835054
v 0.003075718 -0.006999969 0.01850718
v 0.002853751 -0.006999969 0.01868063
v 0.002646088 -0.006999969 0.01887726
v 0.002452015 -0.006999969 0.01910042
v 0.001838862 -0.006999969 0.02054041
v 0.001811444 -0.006999969 0.02086514
v 0.001819312 -0.006999969 0.0211898
v 0.001861631 -0.006999969 0.02150875
v 0.001936495 -0.006999969 0.02181661
v 0.002040922 -0.006999969 0.02210897
v 0.002171218 -0.006999969 0.02238202
v 0.002323329 -0.006999969 0.02263307
v 0.01846426 -0.01344901 -0.08373069
v 0.02128434 -0.01289302 -0.1009728
v 0.02225822 -0.01263046 -0.1073125
v 0.02383035 -0.0120933 -0.1182481
v 0.02399915 -0.01202493 -0.1194921
v 0.02552539 -0.0112679 -0.131692
v 0.02595531 -0.01099294 -0.1355627
v 0.0268079 -0.01030987 -0.1442344
v 0.02747124 -0.009611368 -0.1529206
v 0.0278936 -0.009007573 -0.1616299
v 0.02799797 -0.008581936 -0.1703575
v 0.02790391 -0.008462727 -0.1745697
v 0.02767312 -0.008414268 -0.1790892
v 0.02730774 -0.008463501 -0.1834427
v 0.02678745 -0.008624911 -0.1877781
v 0.02611231 -0.008920907 -0.1920858
v 0.02537226 -0.009310126 -0.195876
v 0.02526855 -0.009367763 -0.1963495
v 0.02467191 -0.009707212 -0.1988416
v 0.02420943 -0.009968876 -0.200546
v 0.02288502 -0.01065802 -0.2046521
v 0.02869558 -0.008602976 -0.188953
v 0.02901595 -0.007363975 -0.1900371
v 0.02958756 -0.007354795 -0.1841621
v 0.02828848 -0.007373154 -0.1958863
v 0.02808725 -0.008881568 -0.1932833
v 0.02774822 -0.008603215 -0.1965494
v 0.02729898 -0.009311854 -0.1975706
v 0.02626657 -0.009898841 -0.2017868
v 0.03031498 -0.007336437 -0.172375
v 0.02952808 -0.008414328 -0.180235
v 0.02917128 -0.008453547 -0.1846008
v 0.03053075 -0.007318019 -0.1605607
v 0.02993237 -0.009054183 -0.1627343
v 0.02991932 -0.008603155 -0.1714838
v 0.02901887 -0.01038986 -0.1452872
v 0.02930468 -0.01008266 -0.1490248
v 0.02971154 -0.009047627 -0.1489072
v 0.02961504 -0.009680926 -0.1540001
v 0.02993196 -0.009066641 -0.1607215
v 0.0284155 -0.01072609 -0.137301
v 0.02821207 -0.01107239 -0.1365883
v 0.02746111 -0.01070928 -0.1255049
v 0.02698022 -0.01179891 -0.1256533
v 0.026205 -0.01069247 -0.1137265
v 0.02615833 -0.01216411 -0.1192197
v 0.02365648 -0.01294916 -0.1018919
v 0.01915419 -0.01062518 -0.06677919
v 0.02085536 -0.01349109 -0.08460104
v 0.02076703 -0.003613531 -0.06637227
v 0.02015411 -0.007170975 -0.06652665
v 0.01659733 -0.003590345 -0.04306161
v 0.02784293 -0.005583643 -0.2016035
v 0.02640867 -0.006398618 -0.2067993
v 0.02684664 -0.004300117 -0.2070662
v 0.02734571 -0.007244467 -0.1133719
v 0.02579993 -0.007226109 -0.1016297
v 0.02530014 -0.008971452 -0.1017825
v 0.02357095 -0.008952379 -0.09005326
v 0.01970064 -0.008914351 -0.06664109
v 0.0211246 -0.01064205 -0.07849735
v 0.0229882 -0.01065886 -0.09022486
v 0.0240544 -0.007207751 -0.08991104
v 0.02215683 -0.007189333 -0.07821178
v 0.02278918 -0.003625154 -0.07803744
v 0.02470731 -0.003636717 -0.08971947
v 0.02647459 -0.00364834 -0.101424
v 0.02804362 -0.003659904 -0.1131556
v 0.02936553 -0.003671526 -0.1249159
v 0.0227614 0 -0.07656621
v 0.01734113 0 -0.04608827
v 0.02506691 -0.01031821 -0.2059817
v 0.02579897 -0.008444488 -0.2064278
v 0.02661937 -0.009133279 -0.2017497
v 0.02730554 -0.007382392 -0.2016676
v 0.02881425 -0.005575776 -0.1957973
v 0.02719914 0 -0.2072811
v 0.02743113 0 -0.2064145
v 0.02711063 -0.002164304 -0.2072271
v 0.02846294 -0.001882255 -0.2015295
v 0.02822947 -0.003746867 -0.2015573
v 0.02942079 -0.001879155 -0.1956948
v 0.02919238 -0.003741085 -0.1957334
v 0.02990257 -0.003735303 -0.1898652
v 0.02854114 0 -0.2015201
v 0.02882754 0 -0.1999782
v 0.02949732 0 -0.1956818
v 0.02989292 0 -0.1925705
v 0.03020167 0 -0.1898073
v 0.03154158 -0.001860499 -0.16029
v 0.03160989 0 -0.1602716
v 0.03157192 0 -0.1567969
v 0.0303902 -0.00368309 -0.1367051
v 0.03064286 0 -0.1366289
v 0.03106534 -0.003694713 -0.1485174
v 0.03126174 -0.0018543 -0.1484609
v 0.03133767 -0.003706276 -0.1603446
v 0.03115302 -0.003717899 -0.1721718
v 0.03136479 -0.001866698 -0.1721205
v 0.03045779 -0.003729462 -0.1839783
v 0.03067767 -0.001872956 -0.1839318
v 0.03132754 0 -0.148442
v 0.03107267 0 -0.1432418
v 0.03151559 0 -0.1695174
v 0.03143578 0 -0.1721033
v 0.03093147 0 -0.1815582
v 0.02469766 -0.01067566 -0.1019667
v 0.02682852 -0.008990466 -0.1135326
v 0.02864289 -0.007262885 -0.1251391
v 0.03007668 -0.005496859 -0.1367995
v 0.03074008 -0.005512654 -0.148611
v 0.03100001 -0.00552845 -0.160435
v 0.03080242 -0.005544185 -0.1722568
v 0.03009372 -0.00555998 -0.1840552
v 0.02494996 -0.01058268 -0.2059084
v 0.02908551 -0.009028553 -0.1370986
v 0.0281071 -0.00900954 -0.1253048
v 0.0302881 -0.007299661 -0.148741
v 0.02964103 -0.007281243 -0.1369308
v 0.02492749 0 -0.0896548
v 0.02620279 0 -0.09793889
v 0.0283302 0 -0.1134949
v 0.02960932 0 -0.1248406
v 0.03005015 0 -0.1294306
v -0.003044724 -0.0115993 -0.1888507
v 0.000458734 -0.01036936 -0.1825952
v 0.00175625 -0.009900629 -0.1801297
v 0.003982007 -0.009187757 -0.1756533
v 0.006086051 -0.008707702 -0.1710883
v 0.00806719 -0.008464097 -0.1664502
v 0.009478032 -0.008414626 -0.162924
v 0.003695249 0 -0.06432133
v 0.00700128 0 -0.07655274
v 0.005753755 -0.003611743 -0.07138657
v -0.004968106 -0.007102131 -0.03637886
v -0.004615545 -0.01398795 -0.03638839
v 0.01269549 -0.01075881 -0.09845113
v 0.01132565 -0.01304346 -0.08867037
v 0.01096183 -0.01073992 -0.08936452
v 0.008932888 -0.01334249 -0.07859599
v 0.00887233 -0.01072096 -0.08036571
v 0.006152331 -0.01357024 -0.06861782
v 0.006491899 -0.01070207 -0.07144963
v 0.003076374 -0.01374357 -0.0587266
v 0.003879785 -0.01068317 -0.06260699
v -0.000213574 -0.01387333 -0.04890412
v 0.001090407 -0.01066422 -0.05382537
v 0.01400136 -0.01077777 -0.1076243
v 0.01396709 -0.01241809 -0.1039676
v 0.01323187 -0.01265448 -0.09884613
v 0.01512229 -0.01149523 -0.1194303
v 0.01505452 -0.0116676 -0.1169516
v 0.01480054 -0.01079666 -0.1168727
v 0.0149281 -0.01184296 -0.1142652
v 0.01453769 -0.01214891 -0.1091083
v 0.01510542 -0.0111007 -0.1245948
v 0.01500904 -0.01081556 -0.1261736
v 0.01486241 -0.01065421 -0.1297495
v 0.01364171 -0.007339358 -0.1350582
v 0.01438373 -0.01016324 -0.1348838
v 0.01311379 -0.007350146 -0.1396479
v 0.01367145 -0.009669363 -0.1399906
v 0.01239222 -0.007360935 -0.1442142
v 0.01272737 -0.009215891 -0.1450635
v 0.01147013 -0.007371723 -0.148747
v 0.01155233 -0.008836865 -0.1500937
v 0.01034247 -0.007382512 -0.1532356
v 0.0101462 -0.008563041 -0.1550715
v 0.009005963 -0.00739324 -0.1576687
v 0.007583379 -0.007971763 -0.1621425
v 0.008516907 -0.008424878 -0.1599862
v 0.007686793 -0.008416652 -0.1622322
v 0.008435845 -0.003741979 -0.1572204
v 0.006937086 -0.004149496 -0.1615825
v 0.006949603 -0.004258275 -0.1615933
v 0.01108497 0 -0.1465517
v 0.009185433 0 -0.1540578
v 0.009770989 -0.003735125 -0.1528281
v 0.01309263 -0.003707706 -0.1347965
v 0.01255524 -0.003714561 -0.1393529
v 0.01182663 -0.003721415 -0.1438837
v 0.01090019 -0.00372827 -0.1483789
v 0.006765007 -0.002140522 -0.1614333
v 0.006702959 0 -0.1613795
v 0.01350367 -0.003680288 -0.1164692
v 0.01333779 0 -0.1164176
v 0.01362705 -0.003693997 -0.1256392
v 0.01348155 0 -0.1223956
v 0.01344692 -0.003700852 -0.1302226
v 0.01322692 0 -0.1307721
v 0.01398432 -0.007328569 -0.1304535
v 0.01415073 -0.007317781 -0.1258417
v 0.01399511 -0.007296204 -0.1166221
v 0.01280283 -0.003666579 -0.1073271
v 0.01325702 -0.007274687 -0.1074397
v 0.01160472 -0.00365287 -0.0982384
v 0.01201808 -0.00725311 -0.09831899
v 0.009985089 -0.003639161 -0.089217
v 0.01035523 -0.007231533 -0.08927291
v 0.008013606 -0.003625452 -0.08026713
v 0.008338987 -0.007209956 -0.0803045
v 0.00603348 -0.007188379 -0.07141047
v 0.003263592 -0.003598034 -0.06256866
v -0.001507341 0 -0.04735302
v -0.005061626 -0.003556907 -0.03637623
v 0.000783992 -0.007145285 -0.0538116
v 0.000597013 -0.003584325 -0.05380314
v 0.003497064 -0.007166862 -0.06258314
v 0.009767174 0 -0.08873456
v 0.01158231 0 -0.09897392
v 0.01279616 0 -0.1087577
v 0.01318401 0 -0.1136105
v 0.01242852 0 -0.1388053
v 0.009919166 -0.008420526 -0.1617526
v 0.01107519 -0.008487403 -0.158517
v 0.01159083 -0.008542358 -0.1569892
v 0.01251882 -0.008683919 -0.1540673
v 0.01486414 -0.009355127 -0.1450373
v 0.01435261 -0.009160757 -0.1472976
v 0.01378637 -0.008980631 -0.1495741
v 0.01307815 -0.008798599 -0.1521704
v 0.01642417 -0.01023823 -0.1358456
v 0.01621556 -0.01008278 -0.1374176
v 0.01574444 -0.009783625 -0.1404593
v 0.01540094 -0.009599566 -0.1423776
v 0.01679754 -0.01057076 -0.132425
v 0.01714956 -0.01102042 -0.1274077
v 0.01728129 -0.01141929 -0.1223762
v 0.01720583 -0.01177197 -0.117339
v 0.0169363 -0.01208317 -0.1123054
v 0.01648694 -0.01235741 -0.1072834
v 0.01587247 -0.01259881 -0.1022772
v 0.01531606 -0.0127592 -0.09856325
v 0.01420289 -0.01299697 -0.09232443
v 0.01359879 -0.01309794 -0.08934956
v 0.01203519 -0.01330399 -0.08246624
v 0.01147764 -0.01336359 -0.08021765
v 0.009463906 -0.01353853 -0.07270127
v 0.006578207 -0.01371759 -0.0630244
v 0.00345534 -0.01385217 -0.0534209
v -0.002780377 -0.01401233 -0.03556507
v 0.004593729 -0.008696317 -0.1695652
v -0.004957079 -0.01166892 -0.1876858
v -0.00185126 -0.01060312 -0.1823275
v 5.82135e-05 -0.009921371 -0.1787936
v 0.001595318 -0.009413599 -0.175808
v 0.002384841 -0.009186148 -0.1742243
v 0.006652832 -0.00845623 -0.1648184
v 0.004800021 -0.008663177 -0.1691097
v 0.01459169 0.006999969 0.01443344
v 0.01229506 0.003499984 0.00915867
v 0.01229506 0.006999969 0.00915867
v 0.014988 0.006999969 0.01547288
v 0.01528632 0.006999969 0.01654458
v 0.01548409 0.006999969 0.01763933
v 0.01557958 0.006999969 0.01874768
v 0.01557201 0.006999969 0.01986014
v 0.01546144 0.006999969 0.02096706
v 0.01524883 0.006999969 0.02205896
v 0.01493597 0.006999969 0.02312654
v 0.01452553 0.006999969 0.0241605
v 0.01402109 0.006999969 0.02515202
v 0.01342701 0.006999969 0.02609252
v 0.0127483 0.006999969 0.02697396
v 0.0119909 0.006999969 0.02778875
v 0.01116126 0.006999969 0.02852994
v 0.01026654 0.006999969 0.02919101
v 0.009314477 0.006999969 0.02976638
v 0.008313179 0.006999969 0.03025108
v 0.007271289 0.006999969 0.03064095
v 0.00619775 0.006999969 0.0309326
v 0.005101799 0.006999969 0.03112357
v 0.003992855 0.006999969 0.03121221
v 0.002880513 0.006999969 0.03119778
v 0.001774311 0.006999969 0.0310803
v 0.000683748 0.006999969 0.0308609
v -0.000381837 0.006999969 0.03054141
v -0.001413226 0.006999969 0.0301246
v -0.00240159 0.006999969 0.02961403
v -0.003338396 0.006999969 0.02901411
v -0.004215657 0.006999969 0.02832996
v -0.005025744 0.006999969 0.02756756
v -0.005761682 0.006999969 0.02673333
v -0.006417214 0.006999969 0.02583456
v -0.01466876 0.007822155 -0.006443798
v -0.01389312 0.008241474 -0.009114682
v -0.01080912 0.01117193 -0.01897895
v -0.01080912 0.007059037 -0.01897895
v -0.01149594 0.0102694 -0.01683497
v -0.0122019 0.009522199 -0.01460736
v -0.01300203 0.008841514 -0.01204431
v -0.01615029 0.007192611 -0.000166764
v -0.01565796 0.007386326 -0.002619922
v -0.01546895 0.007463216 -0.00341773
v -0.01485693 0.007732033 -0.00576663
v -0.01641976 0.007079601 0.001907706
v -0.01621299 0.006999969 0.006947696
v -0.01631742 0.006999969 0.006313025
v -0.01641166 0.007000803 0.005552887
v -0.01650303 0.007020473 0.003775179
v -0.01614016 0.006999969 0.007323801
v -0.01563429 0.006999969 0.009277641
v -0.01495224 0.006999969 0.01118421
v -0.01403546 0.006999969 0.01325601
v -0.01254409 0.006999969 0.01611131
v -0.01228851 0.006999969 0.01656466
v -0.01036185 0.006999969 0.01979541
v -0.009541094 0.006999969 0.021106
v -0.006747126 0.006999969 0.02533507
v -0.01096451 0.00149995 -0.004603803
v -0.01086646 0.00149995 -0.004830598
v -0.01107305 0.00149995 -0.007135748
v -0.01013445 0.00149995 -0.006221592
v -0.01096087 0.00149995 -0.009718358
v -0.009224057 0.00149995 -0.007505536
v -0.01066762 0.00149995 -0.01198005
v 0.009999692 0.00149995 -0.03444594
v 0.002695441 0.00149995 -0.01158231
v 0.009126722 0.00149995 -0.02905768
v 0.00396806 0.00149995 -0.01121026
v 0.0071882 0.00149995 -0.01641124
v 0.005172908 0.00149995 -0.01070773
v 0.006291925 0.00149995 -0.01009088
v 0.01240342 0.00149995 -0.08400273
v 0.001376807 0.00149995 -0.01181185
v 0.01359903 0.00149995 -0.08934956
v 0.01379245 0.00149995 -0.09027791
v 0.0114777 0.00149995 -0.08021759
v 0.01072818 0.00149995 -0.07732093
v 0.008726179 0.00149995 -0.07012575
v -0.002607285 0.00149995 -0.01160246
v -0.001299738 0.00149995 -0.01182055
v -0.000377563 0.00149995 -0.04232257
v 3.65949e-05 0.00149995 -0.01189172
v 0.003448009 0.00149995 -0.05339932
v 0.006333231 0.00149995 -0.06224393
v -0.008213818 0.00149995 -0.008599281
v -0.007884263 0.00149995 -0.00890243
v -0.01040339 0.00149995 -0.01332694
v -0.006957173 0.00149995 -0.009644329
v -0.004626393 0.00149995 -0.01095497
v -0.008683443 0.00149995 -0.01899892
v -0.005960643 0.00149995 -0.01029008
v -0.009440422 0.00149995 -0.01678776
v -0.01014697 0.00149995 -0.01439541
v -0.005942583 0.00149995 -0.02673476
v -0.007209718 0.00149995 -0.02317714
v -0.003862917 0.00149995 -0.01124691
v -0.007514834 0.00149995 -0.02231639
v -0.008295178 0.00149995 -0.02010518
v 0.02772253 0.00150007 -0.1573868
v 0.01301354 0.00149995 -0.1523947
v 0.02728736 0.001500666 -0.1502008
v 0.01422834 0.00149995 -0.1478163
v 0.02677905 0.001501977 -0.1439105
v 0.01523947 0.00149995 -0.1432147
v 0.02662825 0.001502215 -0.1422558
v 0.01605027 0.00149995 -0.138553
v 0.0257194 0.001501858 -0.133401
v 0.01666015 0.00149995 -0.1338043
v 0.02552598 0.001501619 -0.1316919
v 0.01706808 0.00149995 -0.1289073
v 0.0245139 0.001500308 -0.1233969
v 0.01726531 0.00149995 -0.1238312
v 0.02399897 0.00149995 -0.1194922
v 0.01724243 0.00149995 -0.1185532
v 0.02301073 0.001499831 -0.1124168
v 0.01698762 0.00149995 -0.1130464
v 0.02225852 0.00149995 -0.1073125
v 0.01648819 0.00149995 -0.1072935
v 0.02116435 0.001499831 -0.1002072
v 0.02288502 0.00149995 -0.2046521
v -0.003044724 0.00149995 -0.1888507
v 0.02398645 0.001500546 -0.2013103
v -0.000876239 0.001501202 -0.1850392
v 0.02800297 0.00149995 -0.1697476
v 0.009478032 0.00149995 -0.162924
v 0.009845852 0.00149995 -0.1619462
v 0.0158168 0.00149995 -0.1018781
v 0.01492345 0.00149995 -0.0962193
v 0.01839792 0.001499116 -0.08333873
v 0.01414024 0.00149995 -0.05873185
v 0.02795439 0.001500308 -0.1638785
v 0.01107537 0.00149995 -0.1585167
v 0.01158344 0.00149995 -0.1570122
v 0.0125187 0.00149995 -0.1540671
v 0.007121622 0.001498579 -0.1687082
v 0.02788287 0.001499652 -0.1751254
v 0.006720006 0.001498758 -0.1696423
v 0.02759343 0.00149995 -0.180211
v 0.004579126 0.001499891 -0.1743927
v 0.02711546 0.001499056 -0.1852036
v 0.003718793 0.00149995 -0.1762004
v 0.02645999 0.001499652 -0.1899948
v 0.00191003 0.001501381 -0.1798302
v 0.02596902 0.00149995 -0.1928825
v 0.000459097 0.001501917 -0.1825945
v 0.02572804 0.001500129 -0.1941528
v 0.02491617 0.001500785 -0.1978657
v 0.01227712 0.00149995 -0.04797548
v 0.006292045 0.007000029 -0.01009136
v 0.005172908 0.006999969 -0.01070773
v 0.00396806 0.006999969 -0.01121026
v 0.002695441 0.006999969 -0.01158231
v 0.001376807 0.006999969 -0.01181185
v 3.65949e-05 0.006999969 -0.01189172
v -0.001299738 0.006999969 -0.01182055
v -0.002607285 0.006999969 -0.01160246
v -0.003119766 0.006999969 -0.01147526
v -0.003862917 0.006999969 -0.01124691
v -0.007884263 0.007032036 -0.00890243
v -0.006969451 0.007019877 -0.009635448
v -0.005989491 0.007009625 -0.01027333
v -0.004951596 0.007002592 -0.01081192
v -0.01086646 0.007036209 -0.004830598
v -0.010288 0.007045328 -0.005964338
v -0.009593963 0.007047414 -0.007026612
v -0.008790612 0.007042825 -0.008008778
v -0.01096493 0.007034838 -0.004602432
v -0.005463361 0.01378041 -0.02957087
v -0.004454195 0.01377117 -0.03089237
v -0.004354715 0.01383203 -0.03116983
v -0.005890309 0.01342493 -0.02837711
v -0.004872024 0.01340407 -0.02972632
v -0.004658102 0.01361423 -0.03032338
v -0.008177518 0.01322931 -0.02495002
v -0.008414328 0.01297944 -0.02428585
v -0.007380485 0.01292961 -0.02569025
v -0.007836282 0.01234078 -0.02440559
v -0.009910821 0.01246017 -0.02158111
v -0.008735954 0.01111829 -0.02184796
v -0.01016795 0.01210689 -0.02084505
v -0.008233726 0.01388907 -0.02628314
v -0.008273541 0.01387411 -0.02617245
v -0.006265163 0.0138787 -0.02881079
v -0.008053839 0.01394569 -0.02678382
v -0.006369471 0.01383036 -0.0285201
v -0.006474673 0.01377296 -0.02822667
v -0.005566716 0.01371037 -0.02928227
v -0.006581306 0.01370567 -0.02792924
v -0.005672037 0.01362842 -0.02898806
v -0.006689667 0.0136277 -0.02762645
v -0.0069139 0.01343691 -0.02699941
v -0.005169868 0.01402604 -0.03186237
v -0.007125973 0.01403248 -0.02937072
v -0.00563234 0.01401919 -0.03057301
v -0.007606506 0.01402038 -0.02802944
v -0.005847692 0.01399576 -0.02997332
v -0.007832586 0.01399302 -0.02739953
v -0.006057381 0.01395094 -0.0293895
v -0.006161272 0.01391863 -0.02910017
v -0.008495032 0.01377391 -0.02555572
v -0.008721768 0.01364082 -0.02492398
v -0.007707476 0.01362693 -0.02626341
v -0.008957028 0.01347041 -0.02426737
v -0.007937788 0.01344901 -0.02562046
v -0.007148265 0.01319789 -0.02634245
v -0.009087383 0.0133627 -0.02390325
v -0.009201407 0.01326048 -0.02358412
v -0.009442329 0.01301962 -0.02290767
v -0.003213763 0.0140199 -0.03435403
v -0.003657519 0.01401817 -0.03311508
v -0.003861963 0.01399827 -0.03254455
v -0.004053175 0.01395756 -0.03201103
v -0.004158258 0.01392328 -0.03171801
v -0.004256248 0.01388239 -0.0314446
v -0.005129814 0.01309674 -0.02900665
v -0.004561066 0.01369434 -0.03059422
v -0.006662905 0.01106226 -0.02471691
v -0.005766034 0.0122267 -0.02722883
v 0.01146501 0.003514945 -0.01248061
v 0.01258784 0.003517687 -0.01971966
v 0.01206183 0.006999969 -0.01976764
v 0.01159554 0.006999969 0.007466614
v 0.01160091 0.003500163 0.00746417
v 0.01104134 0.006999969 0.005721271
v 0.01106292 0.003500759 0.005714237
v 0.01038104 0.006999969 0.002116203
v 0.01046252 0.003502726 0.002103149
v 0.01028692 0.006999969 0.001190304
v 0.01031011 0.003505587 -0.001557409
v 0.01102089 0.006999969 -0.01251727
v 0.01064044 0.006999969 -0.009381532
v 0.01094287 0.003512084 -0.008856236
v 0.01058292 0.006999969 -0.008884191
v 0.01049089 0.003508865 -0.005218923
v 0.0102269 0.006999969 -0.005226612
v 0.01014322 0.006999969 -0.001548111
v 0.01665687 0.01359719 -0.06279706
v 0.01733601 0.01354587 -0.06325608
v 0.01740235 0.01369518 -0.06406575
v 0.01514279 0.008167862 -0.05196315
v 0.01537626 0.008705079 -0.05372887
v 0.01296252 0.008607566 -0.05195212
v 0.01457214 0.01033949 -0.05574882
v 0.01460808 0.01069009 -0.05608117
v 0.01360565 0.01123923 -0.05566024
v 0.01401799 0.01306498 -0.05803024
v 0.0138812 0.01266688 -0.05724459
v 0.01570123 0.01245653 -0.05889856
v 0.01567202 0.01058918 -0.05686974
v 0.01568251 0.01125657 -0.05750721
v 0.01315701 0.009074509 -0.05307525
v 0.0128495 0.008388876 -0.05129849
v 0.01236224 0.007725179 -0.04847127
v 0.01488387 0.007777988 -0.05016154
v 0.006891965 0.007000207 -0.01436418
v 0.008466243 0.006999969 -0.009736835
v 0.01430946 0.007298707 -0.04651343
v 0.01565778 0.01027047 -0.05653685
v 0.01563537 0.009974956 -0.05618256
v 0.01327967 0.009459376 -0.05378317
v 0.01448035 0.009723246 -0.05500578
v 0.01334166 0.009692907 -0.05414032
v 0.01452964 0.01001423 -0.05539149
v 0.01342117 0.01005357 -0.05459839
v 0.01345765 0.01025164 -0.05480843
v 0.01548016 0.009050846 -0.05458539
v 0.01552647 0.00924915 -0.05500286
v 0.01556843 0.009467303 -0.0554105
v 0.01568686 0.01189839 -0.05816948
v 0.01374965 0.01210862 -0.05648869
v 0.01378184 0.01226484 -0.05667364
v 0.01573467 0.01290416 -0.05969649
v 0.01576006 0.01308614 -0.06011641
v 0.01496762 0.0132246 -0.05951875
v 0.01502573 0.01336157 -0.05997782
v 0.01478528 0.01380681 -0.06243091
v 0.01473611 0.01379567 -0.06214898
v 0.01529258 0.0137003 -0.0618748
v 0.01460754 0.01375216 -0.06141173
v 0.01443082 0.01364934 -0.06039845
v 0.01571512 0.01269483 -0.05928969
v 0.01491302 0.01306074 -0.0590682
v 0.0140891 0.01321786 -0.05843818
v 0.01417297 0.01336354 -0.05891942
v 0.01673316 0.01048862 -0.05765616
v 0.01674056 0.01020169 -0.0573228
v 0.01782041 0.01013308 -0.0581066
v 0.01783806 0.009896874 -0.05775833
v 0.01673823 0.009935855 -0.05697149
v 0.01784241 0.009804487 -0.05761086
v 0.01672708 0.009693026 -0.05660289
v 0.01784545 0.00947529 -0.05702942
v 0.01670843 0.009471297 -0.05622106
v 0.01782083 0.009095132 -0.05622774
v 0.01560515 0.009708106 -0.05580538
v 0.01737111 0.01259225 -0.06094777
v 0.01735627 0.01268541 -0.06109476
v 0.01655495 0.01312357 -0.0611146
v 0.01731622 0.01300513 -0.06168055
v 0.01730751 0.01312494 -0.06194436
v 0.01656806 0.0132752 -0.06152707
v 0.01731777 0.0134592 -0.06290841
v 0.0166195 0.01351016 -0.06237012
v 0.01730507 0.01332229 -0.06245952
v 0.01730519 0.01317584 -0.06206631
v 0.01658964 0.01340365 -0.06194651
v 0.01587206 0.01348531 -0.06143194
v 0.01597571 0.01364868 -0.06233656
v 0.01582872 0.01337486 -0.06098616
v 0.01515245 0.0135672 -0.06091594
v 0.01675099 0.01372295 -0.06365883
v 0.01744747 0.01374799 -0.06448173
v 0.0150873 0.01347476 -0.06044375
v 0.01579141 0.01324242 -0.06054705
v 0.01655405 0.012748 -0.06032305
v 0.0174629 0.01210194 -0.06028515
v 0.01779145 0.01038831 -0.05844038
v 0.01777893 0.01047897 -0.05854988
v 0.01758152 0.01153409 -0.05965703
v 0.01777803 0.008802175 -0.05549675
v 0.01763439 0.008295834 -0.05388647
v 0.01714235 0.007539927 -0.05002301
v 0.009471237 0.007000148 -0.01711755
v 0.0163809 0.01383006 -0.06508684
v 0.01549637 0.01380842 -0.06650805
v 0.0162338 0.01380693 -0.06416851
v 0.01609766 0.01375079 -0.06325072
v 0.01230919 0.007672667 -0.0481624
v 0.01177 0.007285237 -0.04501157
v 0.01369869 0.007075965 -0.04284566
v 0.0114727 0.00715816 -0.04326325
v 0.0130732 0.007005095 -0.03917425
v 0.01027214 0.00699985 -0.03609973
v 0.01062136 0.00699985 -0.02447748
v 0.008343994 0.006999731 -0.02408468
v 0.01788514 0.01383215 -0.06733316
v 0.01761364 0.01382905 -0.06570082
v 0.01434385 0.01357501 -0.0598998
v 0.01425796 0.01348108 -0.05940705
v 0.01424366 0.01346319 -0.05932515
v 0.01628273 0.00709182 -0.04459345
v 0.0148192 0.006999969 -0.03615391
v 0.003743052 0.006999969 -0.003314971
v 0.003887116 0.006999969 -0.0031448
v 0.004015445 0.006999969 -0.002979218
v 0.004171133 0.006999969 -0.002757012
v 0.004171133 0 -0.002757012
v 0.004351913 0.006999969 -0.00246185
v 0.004424095 0.006999969 -0.002329647
v 0.004424095 0 -0.002329647
v 0.004630923 0.006999969 -0.001885294
v 0.004638671 0.006999969 -0.001866102
v 0.004638671 0 -0.001866102
v 0.004808187 0.006999969 -0.001371562
v 0.004808187 0 -0.001371562
v 0.004838824 0.006999969 -0.001259207
v 0.004926741 0.006999969 -0.000852681
v 0.004926741 0 -0.000852681
v 0.004964172 0.006999969 -0.00059726
v 0.004989862 0.006999969 -0.000317424
v 0.004989862 0 -0.000317424
v 0.004999279 0.006999969 8.38959e-05
v 0.004994928 0.006999969 0.000225143
v 0.004994928 0 0.000225143
v 0.004941046 0.006999969 0.000765508
v 0.004829585 0.006999969 0.001294195
v 0.004829585 0 0.001294195
v 0.004791498 0.006999969 0.001428604
v 0.004663825 0.006999969 0.001802325
v 0.004663825 0 0.001802325
v 0.004557788 0.006999969 0.002055823
v 0.004448771 0.006999969 0.002282083
v 0.004448771 0 0.002282083
v 0.004250824 0.006999969 0.002632498
v 0.004190742 0.006999969 0.00272715
v 0.004190742 0 0.00272715
v 0.003896832 0.006999969 0.00313276
v 0.003896832 0 0.00313276
v 0.003884434 0.006999969 0.003148138
v 0.003574728 0.006999969 0.003495872
v 0.003473699 0.006999969 0.003596246
v 0.003231108 0.006999969 0.00381571
v 0.003231108 0 0.00381571
v 0.003024458 0.006999969 0.003981471
v 0.002853035 0.006999969 0.004106044
v 0.002512931 0.006999969 0.004322588
v 0.002434849 0.006999969 0.004367053
v 0.001979529 0.006999969 0.004591405
v 0.001979529 0 0.004591405
v 0.001941621 0.006999969 0.004607558
v 0.001491785 0.006999969 0.004772245
v 0.001319646 0.006999969 0.004822671
v 0.00097803 0.006999969 0.004903376
v 0.00097803 0 0.004903376
v 0.000660396 0.006999969 0.004956185
v 0.000445875 0.006999969 0.004980027
v 0.000445875 0 0.004980027
v -1.97422e-05 0.006999969 0.004999935
v -9.57984e-05 0.006999969 0.004999041
v -9.57984e-05 0 0.004999041
v -0.00063756 0.006999969 0.004959166
v -0.000702122 0.006999969 0.004950404
v -0.00116986 0.006999969 0.004861176
v -0.00116986 0 0.004861176
v -0.001367747 0.006999969 0.00480926
v -0.001683652 0.006999969 0.004707992
v -0.001683652 0 0.004707992
v -0.00199896 0.006999969 0.004583001
v -0.002170801 0.006999969 0.004504144
v -0.002170801 0 0.004504144
v -0.00258094 0.006999969 0.004282355
v -0.00262463 0.006999969 0.004255712
v -0.00262463 0 0.004255712
v -0.003039956 0.006999969 0.003969669
v -0.003039956 0 0.003969669
v -0.0031026 0.006999969 0.003920912
v -0.003413319 0.006999969 0.003653585
v -0.003557205 0.006999969 0.003513693
v -0.003743052 0.006999969 0.003314971
v 0.007127344 0.006999969 0.01904964
v 0.007209956 0.006999969 0.01915484
v 0.007209956 0 0.01915484
v 0.00728327 0.006999969 0.01925694
v 0.007371723 0.006999969 0.01939356
v 0.007371723 0 0.01939356
v 0.007473647 0.006999969 0.01957452
v 0.007513999 0.006999969 0.0196554
v 0.007513999 0 0.0196554
v 0.007628262 0.006999969 0.01992636
v 0.007632493 0.006999969 0.01993805
v 0.007632493 0 0.01993805
v 0.007723271 0.006999969 0.02023828
v 0.007723271 0 0.02023828
v 0.007739126 0.006999969 0.02030634
v 0.007782936 0.006999969 0.02055203
v 0.007782936 0 0.02055203
v 0.007799744 0.006999969 0.02070599
v 0.007809042 0.006999969 0.02087438
v 0.007809042 0 0.02087438
v 0.007805824 0.006999969 0.02111518
v 0.007800102 0.006999969 0.02119982
v 0.007800102 0 0.02119982
v 0.007755935 0.006999969 0.02152264
v 0.007755935 0 0.02152264
v 0.007677435 0.006999969 0.02183717
v 0.007677435 0 0.02183717
v 0.007651686 0.006999969 0.02191692
v 0.007566928 0.006999969 0.02213823
v 0.007566928 0 0.02213823
v 0.007497727 0.006999969 0.02228784
v 0.007427394 0.006999969 0.02242118
v 0.007427394 0 0.02242118
v 0.007301032 0.006999969 0.02262693
v 0.007262885 0.006999969 0.02268236
v 0.007262885 0 0.02268236
v 0.007077813 0.006999969 0.02291905
v 0.007077813 0 0.02291905
v 0.007070004 0.006999969 0.02292799
v 0.006876647 0.006999969 0.0231297
v 0.006876647 0 0.0231297
v 0.006813883 0.006999969 0.02318769
v 0.00666356 0.006999969 0.02331393
v 0.00666356 0 0.02331393
v 0.006536006 0.006999969 0.02340877
v 0.006430506 0.006999969 0.0234797
v 0.006430506 0 0.0234797
v 0.00622183 0.006999969 0.02360206
v 0.006174027 0.006999969 0.02362704
v 0.006174027 0 0.02362704
v 0.005896091 0.006999969 0.02375155
v 0.005896091 0 0.02375155
v 0.005873024 0.006999969 0.02376037
v 0.005599677 0.006999969 0.02384924
v 0.005599677 0 0.02384924
v 0.005495369 0.006999969 0.02387565
v 0.00528872 0.006999969 0.02391654
v 0.00528872 0 0.02391654
v 0.005097091 0.006999969 0.02394121
v 0.004967987 0.006999969 0.02395081
v 0.004967987 0 0.02395081
v 0.004688322 0.006999969 0.02395254
v 0.004642724 0.006999969 0.02395033
v 0.004642724 0 0.02395033
v 0.004318773 0.006999969 0.02391445
v 0.004318773 0 0.02391445
v 0.004280269 0.006999969 0.02390784
v 0.004001796 0.006999969 0.023844
v 0.004001796 0 0.023844
v 0.003884255 0.006999969 0.02380853
v 0.003697037 0.006999969 0.02374088
v 0.003697037 0 0.02374088
v 0.003510773 0.006999969 0.02365899
v 0.003409445 0.006999969 0.0236079
v 0.003409445 0 0.0236079
v 0.003168404 0.006999969 0.02346593
v 0.003142833 0.006999969 0.023449
v 0.003142833 0 0.023449
v 0.002900063 0.006999969 0.0232684
v 0.002900063 0 0.0232684
v 0.002863585 0.006999969 0.02323776
v 0.002683103 0.006999969 0.02307063
v 0.002683103 0 0.02307063
v 0.002599954 0.006999969 0.02298361
v 0.002492904 0.006999969 0.02286034
v -0.006925344 0.01076328 -0.02397727
v -0.007662057 0.01003122 -0.02189749
v -0.007962584 0.009771227 -0.02104693
v -0.01027071 0.008140265 -0.01390016
v -0.00962001 0.008603036 -0.0162248
v -0.008953392 0.009038209 -0.01822513
v -0.008740425 0.009184539 -0.01883614
v -0.0109868 0.007412195 -0.009414255
v -0.01094233 0.007478833 -0.009921848
v -0.01072359 0.007737576 -0.01164054
v -0.01107329 0.007166624 -0.007033705
v -0.009375333 0.007034063 -0.006866514
v -0.004847466 0.006999969 0.001225471
v -0.004946947 0.006999969 0.000726393
v -0.004025757 0.006999969 0.002965211
v -0.004283785 0.006999969 0.002578556
v -0.0045107 0.006999969 0.002157092
v -0.004700481 0.006999969 0.001704394
v -0.004995405 0.006999969 0.000214356
v -0.004990816 0.006999969 -0.000302702
v -0.00493288 0.006999969 -0.000816516
v -0.00482285 0.006999969 -0.001318931
v -0.004663825 0.006999969 -0.001802325
v -0.004460036 0.006999969 -0.002260029
v -0.002578556 0.006999969 -0.004283785
v -0.002157092 0.006999969 -0.0045107
v -0.004216969 0.006999969 -0.00268644
v -0.003940761 0.006999969 -0.003077328
v -0.003637909 0.006999969 -0.003430068
v -0.003314971 0.006999969 -0.003743052
v -0.002965211 0.006999969 -0.004025757
v -0.001704394 0.006999969 -0.004700481
v -0.001225471 0.006999969 -0.004847466
v -0.000726395 0.006999969 -0.004946947
v -0.000214358 0.006999969 -0.004995405
v 0.000302694 0.006999969 -0.004990816
v 0.000816511 0.006999969 -0.00493288
v 0.001318931 0.006999969 -0.00482285
v 0.001802325 0.006999969 -0.004663825
v 0.002260029 0.006999969 -0.004460036
v 0.00268644 0.006999969 -0.004216969
v 0.003077328 0.006999969 -0.003940761
v 0.003430068 0.006999969 -0.003637909
v 0.002853751 0.006999969 0.01868063
v 0.003006696 0.006999969 0.01855754
v 0.003075718 0.006999969 0.01850718
v 0.003310978 0.006999969 0.01835644
v 0.00332123 0.006999969 0.01835054
v 0.003589272 0.006999969 0.01821464
v 0.003651022 0.006999969 0.01818794
v 0.003877282 0.006999969 0.01810365
v 0.004021704 0.006999969 0.01806044
v 0.004181861 0.006999969 0.01802152
v 0.004415392 0.006999969 0.01798105
v 0.0044986 0.006999969 0.01797121
v 0.004822373 0.006999969 0.017955
v 0.005147695 0.006999969 0.01797401
v 0.006076216 0.006999969 0.01823526
v 0.006353259 0.006999969 0.01838231
v 0.006012499 0.006999969 0.01820647
v 0.005231797 0.006999969 0.01798474
v 0.005468726 0.006999969 0.01802814
v 0.005632102 0.006999969 0.0180698
v 0.005779922 0.006999969 0.01811605
v 0.006363868 0.006999969 0.01838868
v 0.006607711 0.006999969 0.01855319
v 0.006679236 0.006999969 0.01860839
v 0.006837069 0.006999969 0.01874333
v 0.006954073 0.006999969 0.01885652
v 0.007040083 0.006999969 0.01894819
v 0.002392649 0.006999969 0.02273148
v 0.002323329 0.006999969 0.02263307
v 0.002194225 0.006999969 0.02242368
v 0.002171218 0.006999969 0.02238202
v 0.002040922 0.006999969 0.02210897
v 0.00202924 0.006999969 0.02208054
v 0.001936495 0.006999969 0.02181661
v 0.001905977 0.006999969 0.02170735
v 0.001861631 0.006999969 0.02150875
v 0.001831412 0.006999969 0.02131199
v 0.001819312 0.006999969 0.0211898
v 0.00181055 0.006999969 0.02090424
v 0.001811444 0.006999969 0.02086514
v 0.001838862 0.006999969 0.02054041
v 0.001845538 0.006999969 0.02049523
v 0.001901209 0.006999969 0.02022123
v 0.001935601 0.006999969 0.02009636
v 0.001996815 0.006999969 0.01991313
v 0.002076864 0.006999969 0.01971828
v 0.002122998 0.006999969 0.01962101
v 0.002485692 0.006999969 0.01905834
v 0.002646088 0.006999969 0.01887726
v 0.002262949 0.006999969 0.01937001
v 0.002276122 0.006999969 0.01934909
v 0.002452015 0.006999969 0.01910042
v 0.002736032 0.006999969 0.01878744
v 0.01834118 0.01346784 -0.08300387
v 0.01846426 0.01344901 -0.08373069
v 0.02035701 0.01310539 -0.09515094
v 0.02128434 0.01289302 -0.1009728
v 0.02225822 0.01263046 -0.1073125
v 0.02383035 0.0120933 -0.1182481
v 0.02552539 0.0112679 -0.131692
v 0.0268079 0.01030987 -0.1442344
v 0.02595531 0.01099294 -0.1355627
v 0.02767312 0.008414268 -0.1790892
v 0.02790391 0.008462727 -0.1745697
v 0.02799797 0.008581936 -0.1703575
v 0.02800673 0.008656859 -0.1684209
v 0.0278936 0.009007573 -0.1616299
v 0.02747124 0.009611368 -0.1529206
v 0.02755391 0.008420646 -0.1807161
v 0.02730774 0.008463501 -0.1834427
v 0.02678745 0.008624911 -0.1877781
v 0.02611231 0.008920907 -0.1920858
v 0.02526855 0.009367763 -0.1963495
v 0.02420943 0.009968876 -0.200546
v 0.02384763 0.01016759 -0.2017689
v 0.02288502 0.01065802 -0.2046521
v 0.01659733 0.003590345 -0.04306161
v 0.02076703 0.003613531 -0.06637227
v 0.03154158 0.001860499 -0.16029
v 0.02784293 0.005583643 -0.2016035
v 0.02730554 0.007382392 -0.2016676
v 0.02828848 0.007373154 -0.1958863
v 0.02808725 0.008881568 -0.1932833
v 0.02869558 0.008602976 -0.188953
v 0.02901595 0.007363975 -0.1900371
v 0.02961504 0.009680926 -0.1540001
v 0.02993196 0.009066641 -0.1607215
v 0.02993237 0.009054183 -0.1627343
v 0.02509552 0.01025122 -0.2059974
v 0.02494996 0.01058268 -0.2059084
v 0.02626657 0.009898841 -0.2017868
v 0.02661937 0.009133279 -0.2017497
v 0.0258215 0.008375346 -0.206442
v 0.02846294 0.001882255 -0.2015295
v 0.01915419 0.01062518 -0.06677919
v 0.02015411 0.007170975 -0.06652665
v 0.0211246 0.01064205 -0.07849735
v 0.02085536 0.01349109 -0.08460104
v 0.02971154 0.009047627 -0.1489072
v 0.03053075 0.007318019 -0.1605607
v 0.03031498 0.007336437 -0.172375
v 0.02991932 0.008603155 -0.1714838
v 0.02952808 0.008414328 -0.180235
v 0.02958756 0.007354795 -0.1841621
v 0.02917128 0.008453547 -0.1846008
v 0.02729898 0.009311854 -0.1975706
v 0.02774822 0.008603215 -0.1965494
v 0.02881425 0.005575776 -0.1957973
v 0.02990257 0.003735303 -0.1898652
v 0.02942079 0.001879155 -0.1956948
v 0.02919238 0.003741085 -0.1957334
v 0.02822947 0.003746867 -0.2015573
v 0.03067767 0.001872956 -0.1839318
v 0.03136479 0.001866698 -0.1721205
v 0.03133767 0.003706276 -0.1603446
v 0.03115302 0.003717899 -0.1721718
v 0.03045779 0.003729462 -0.1839783
v 0.02964103 0.007281243 -0.1369308
v 0.03074008 0.005512654 -0.148611
v 0.0302881 0.007299661 -0.148741
v 0.03100001 0.00552845 -0.160435
v 0.03080242 0.005544185 -0.1722568
v 0.03009372 0.00555998 -0.1840552
v 0.02864289 0.007262885 -0.1251391
v 0.03007668 0.005496859 -0.1367995
v 0.0303902 0.00368309 -0.1367051
v 0.03106534 0.003694713 -0.1485174
v 0.03126174 0.0018543 -0.1484609
v 0.0240544 0.007207751 -0.08991104
v 0.02470731 0.003636717 -0.08971947
v 0.02579993 0.007226109 -0.1016297
v 0.02647459 0.00364834 -0.101424
v 0.02734571 0.007244467 -0.1133719
v 0.02804362 0.003659904 -0.1131556
v 0.02936553 0.003671526 -0.1249159
v 0.02215683 0.007189333 -0.07821178
v 0.02278918 0.003625154 -0.07803744
v 0.02642041 0.006343185 -0.2068101
v 0.02685016 0.004265904 -0.2070728
v 0.02711027 0.002156972 -0.207229
v 0.0229882 0.01065886 -0.09022486
v 0.02357095 0.008952379 -0.09005326
v 0.02469766 0.01067566 -0.1019667
v 0.02530014 0.008971452 -0.1017825
v 0.026205 0.01069247 -0.1137265
v 0.02682852 0.008990466 -0.1135326
v 0.02746111 0.01070928 -0.1255049
v 0.0281071 0.00900954 -0.1253048
v 0.0284155 0.01072609 -0.137301
v 0.02908551 0.009028553 -0.1370986
v 0.02901887 0.01038986 -0.1452872
v 0.02930468 0.01008266 -0.1490248
v 0.02821207 0.01107239 -0.1365883
v 0.02698022 0.01179891 -0.1256533
v 0.02615833 0.01216411 -0.1192197
v 0.02365648 0.01294916 -0.1018919
v -0.003044724 0.0115993 -0.1888507
v 0.000458734 0.01036936 -0.1825952
v 0.00175625 0.009900629 -0.1801297
v 0.003982007 0.009187757 -0.1756533
v 0.006086051 0.008707702 -0.1710883
v 0.00806719 0.008464097 -0.1664502
v 0.009478032 0.008414626 -0.162924
v 0.01362705 0.003693997 -0.1256392
v 0.01350367 0.003680288 -0.1164692
v 0.003497064 0.007166862 -0.06258314
v 0.00603348 0.007188379 -0.07141047
v 0.005753755 0.003611743 -0.07138657
v -0.004814803 0.01062637 -0.03638309
v 0.01415073 0.007317781 -0.1258417
v 0.01486241 0.01065421 -0.1297495
v 0.01398432 0.007328569 -0.1304535
v 0.01438373 0.01016324 -0.1348838
v 0.01364171 0.007339358 -0.1350582
v 0.01367145 0.009669363 -0.1399906
v 0.01311379 0.007350146 -0.1396479
v 0.01272737 0.009215891 -0.1450635
v 0.01239222 0.007360935 -0.1442142
v 0.01155233 0.008836865 -0.1500937
v 0.01147013 0.007371723 -0.148747
v 0.0101462 0.008563041 -0.1550715
v 0.01034247 0.007382512 -0.1532356
v 0.008516907 0.008424878 -0.1599862
v 0.009005963 0.00739324 -0.1576687
v 0.01505452 0.0116676 -0.1169516
v 0.01512229 0.01149523 -0.1194303
v 0.01480054 0.01079666 -0.1168727
v 0.01510542 0.0111007 -0.1245948
v 0.01500904 0.01081556 -0.1261736
v 0.01323187 0.01265448 -0.09884613
v 0.01396709 0.01241809 -0.1039676
v 0.01400136 0.01077777 -0.1076243
v 0.01453769 0.01214891 -0.1091083
v 0.0149281 0.01184296 -0.1142652
v -0.004615545 0.01398795 -0.03638839
v -0.000213574 0.01387333 -0.04890412
v 0.001090407 0.01066422 -0.05382537
v 0.003076374 0.01374357 -0.0587266
v 0.003879785 0.01068317 -0.06260699
v 0.006152331 0.01357024 -0.06861782
v 0.006491899 0.01070207 -0.07144963
v 0.008932888 0.01334249 -0.07859599
v 0.00887233 0.01072096 -0.08036571
v 0.01132565 0.01304346 -0.08867037
v 0.01096183 0.01073992 -0.08936452
v 0.01269549 0.01075881 -0.09845113
v 0.000597013 0.003584325 -0.05380314
v 0.003263592 0.003598034 -0.06256866
v 0.007588267 0.007994234 -0.1621466
v 0.006949603 0.004258275 -0.1615933
v 0.008435845 0.003741979 -0.1572204
v 0.006937146 0.004149973 -0.1615825
v 0.006764948 0.002140522 -0.1614333
v 0.01090019 0.00372827 -0.1483789
v 0.009770989 0.003735125 -0.1528281
v 0.01344692 0.003700852 -0.1302226
v 0.01309263 0.003707706 -0.1347965
v 0.01255524 0.003714561 -0.1393529
v 0.01182663 0.003721415 -0.1438837
v 0.008013606 0.003625452 -0.08026713
v 0.008338987 0.007209956 -0.0803045
v 0.009985089 0.003639161 -0.089217
v 0.01035523 0.007231533 -0.08927291
v 0.01160472 0.00365287 -0.0982384
v 0.01201808 0.00725311 -0.09831899
v 0.01280283 0.003666579 -0.1073271
v 0.01325702 0.007274687 -0.1074397
v 0.01399511 0.007296204 -0.1166221
v 0.007686793 0.008416652 -0.1622322
v -0.004968106 0.007102131 -0.03637886
v 0.000783992 0.007145285 -0.0538116
v 0.009919166 0.008420526 -0.1617526
v 0.01107519 0.008487403 -0.158517
v 0.01159083 0.008542358 -0.1569892
v 0.01251882 0.008683919 -0.1540673
v 0.01307815 0.008798599 -0.1521704
v 0.01378637 0.008980631 -0.1495741
v 0.01435261 0.009160757 -0.1472976
v 0.01540094 0.009599566 -0.1423776
v 0.01621556 0.01008278 -0.1374176
v 0.01679754 0.01057076 -0.132425
v 0.01714956 0.01102042 -0.1274077
v 0.01728129 0.01141929 -0.1223762
v 0.01720583 0.01177197 -0.117339
v 0.0169363 0.01208317 -0.1123054
v 0.01648694 0.01235741 -0.1072834
v 0.01587247 0.01259881 -0.1022772
v 0.01531606 0.0127592 -0.09856325
v 0.01420289 0.01299697 -0.09232443
v 0.01359879 0.01309794 -0.08934956
v 0.01203519 0.01330399 -0.08246624
v 0.01147764 0.01336359 -0.08021765
v 0.009463906 0.01353853 -0.07270127
v 0.006578207 0.01371759 -0.0630244
v 0.006315886 0.01373088 -0.0621894
v 0.00345534 0.01385217 -0.0534209
v 0.003405869 0.01385396 -0.05327367
v -0.002780377 0.01401233 -0.03556507
v -0.004957079 0.01166892 -0.1876858
v -0.00185126 0.01060312 -0.1823275
v 5.82135e-05 0.009921371 -0.1787936
v 0.001595318 0.009413599 -0.175808
v 0.002384841 0.009186148 -0.1742243
v 0.004593729 0.008696317 -0.1695652
v 0.004800021 0.008663177 -0.1691097
v 0.006652832 0.00845623 -0.1648184
v 0.00115472 -0.007208526 -0.1751843
v -0.005811512 -0.009479284 -0.1871652
v -0.002426862 -0.00816816 -0.1815355
v -0.005943298 -0.009089112 -0.1870848
v -0.006490468 -0.007227361 -0.1867514
v -0.002891361 -0.005556106 -0.1809438
v -0.006729066 -0.006230473 -0.186606
v -0.006979882 -0.004958689 -0.1864532
v -0.003189802 -0.002814114 -0.1805785
v -0.007281243 -0.002692937 -0.1862695
v -0.003291428 0 -0.1804553
v -0.007402181 -0.000431469 -0.1861958
v -0.007347106 0.001846671 -0.1862294
v -0.003189802 0.002814114 -0.1805785
v -0.007233023 0.003169894 -0.1862989
v -0.007114529 0.004109144 -0.1863711
v -0.002891361 0.005556106 -0.1809438
v -0.006706178 0.006333231 -0.1866199
v -0.00612992 0.008503496 -0.1869711
v -0.002426862 0.00816816 -0.1815355
v -0.005943357 0.009088993 -0.1870848
v -0.005379617 0.01064902 -0.1874283
v 0.00440973 0.006584465 -0.1686279
v 0.004103124 -0.004438042 -0.1682714
v 0.00440973 -0.006584465 -0.1686279
v 0.00115472 0.007208526 -0.1751843
v 0.000797698 0.004883408 -0.174719
v 0.000569129 0.002468347 -0.1744323
v 0.000491246 0 -0.1743358
v 0.000569129 -0.002468347 -0.1744323
v 0.000797698 -0.004883408 -0.174719
v 0.003911375 0.002237319 -0.1680535
v 0.004103124 0.004438042 -0.1682714
v 0.003911375 -0.002237319 -0.1680535
v 0.003846585 0 -0.1679801
v 0.003278315 0 -0.003775179
v 0.002572953 0 -0.004287123
v 0.00178945 0 -0.004668772
v 0.001318931 0 -0.00482285
v 0.000951546 0 -0.004908561
v 8.4714e-05 0 -0.004999279
v -0.000784691 0 -0.004938006
v -0.001225471 0 -0.004847466
v -0.001630246 0 -0.004726707
v -0.002426266 0 -0.004371821
v -0.003148555 0 -0.003884077
v -0.003775179 0 -0.003278374
v -0.004287123 0 -0.002572953
v -0.004668772 0 -0.00178945
v -0.00482285 0 -0.001318931
v -0.004908621 0 -0.00095154
v -0.00499922 0 -8.47087e-05
v -0.004938006 0 0.000784688
v -0.004847466 0 0.001225471
v -0.004726707 0 0.001630246
v -0.004371821 0 0.002426266
v -0.003884077 0 0.003148555
v 0.002392649 0 0.02273148
v 0.002194225 0 0.02242368
v 0.002323329 0 0.02263307
v 0.00202924 0 0.02208054
v 0.002040922 0 0.02210897
v 0.002171218 0 0.02238202
v 0.001905977 0 0.02170735
v 0.001936495 0 0.02181661
v 0.001831412 0 0.02131199
v 0.001861631 0 0.02150875
v 0.00181055 0 0.02090424
v 0.001819312 0 0.0211898
v 0.001845538 0 0.02049523
v 0.001838862 0 0.02054041
v 0.001811444 0 0.02086514
v 0.001935601 0 0.02009636
v 0.001901209 0 0.02022123
v 0.002262949 0 0.01937001
v 0.002122998 0 0.01962101
v 0.002076864 0 0.01971828
v 0.001996815 0 0.01991313
v 0.002276122 0 0.01934909
v 0.002452015 0 0.01910042
v 0.002485692 0 0.01905834
v 0.002646088 0 0.01887726
v 0.002736032 0 0.01878744
v 0.002853751 0 0.01868063
v 0.003006696 0 0.01855754
v 0.003075718 0 0.01850718
v 0.003651022 0 0.01818794
v 0.003589272 0 0.01821464
v 0.00332123 0 0.01835054
v 0.003310978 0 0.01835644
v 0.004021704 0 0.01806044
v 0.003877282 0 0.01810365
v 0.004415392 0 0.01798105
v 0.004181861 0 0.01802152
v 0.005231797 0 0.01798474
v 0.005147695 0 0.01797401
v 0.004822373 0 0.017955
v 0.0044986 0 0.01797121
v 0.005632102 0 0.0180698
v 0.005468726 0 0.01802814
v 0.006012499 0 0.01820647
v 0.005779922 0 0.01811605
v 0.006363868 0 0.01838868
v 0.006353259 0 0.01838231
v 0.006076216 0 0.01823526
v 0.006679236 0 0.01860839
v 0.006607711 0 0.01855319
v 0.007040083 0 0.01894819
v 0.006954073 0 0.01885652
v 0.006837069 0 0.01874333
v 0.003278315 0 -0.003775179
v 0.002572953 0 -0.004287123
v 0.00178945 0 -0.004668772
v 0.000951546 0 -0.004908561
v 8.4714e-05 0 -0.004999279
v -0.000784691 0 -0.004938006
v -0.001630246 0 -0.004726707
v -0.002426266 0 -0.004371821
v -0.003148555 0 -0.003884077
v -0.003775179 0 -0.003278374
v -0.004287123 0 -0.002572953
v -0.004668772 0 -0.00178945
v -0.004908621 0 -0.00095154
v -0.00499922 0 -8.47087e-05
v -0.004938006 0 0.000784688
v -0.004726707 0 0.001630246
v -0.004371821 0 0.002426266
v -0.003884077 0 0.003148555
v 0.007040083 0 0.01894819
v 0.006837069 0 0.01874333
v 0.006607711 0 0.01855319
v 0.006353259 0 0.01838231
v 0.006076216 0 0.01823526
v 0.005779922 0 0.01811605
v 0.005468726 0 0.01802814
v 0.005147695 0 0.01797401
v 0.004822373 0 0.017955
v 0.0044986 0 0.01797121
v 0.004181861 0 0.01802152
v 0.003877282 0 0.01810365
v 0.003589272 0 0.01821464
v 0.00332123 0 0.01835054
v 0.003075718 0 0.01850718
v 0.002853751 0 0.01868063
v 0.002646088 0 0.01887726
v 0.002452015 0 0.01910042
v 0.002276122 0 0.01934909
v 0.002122998 0 0.01962101
v 0.001996815 0 0.01991313
v 0.001901209 0 0.02022123
v 0.001838862 0 0.02054041
v 0.001811444 0 0.02086514
v 0.001819312 0 0.0211898
v 0.001861631 0 0.02150875
v 0.001936495 0 0.02181661
v 0.002040922 0 0.02210897
v 0.002171218 0 0.02238202
v 0.002323329 0 0.02263307
v 0.004447817 0.01715511 -0.2265825
v 0.005274415 0.01677149 -0.2268303
v 0.004829883 0.01631063 -0.2275766
v 0.002855777 0.01610046 -0.2283293
v 0.001923263 0.01621311 -0.228361
v 0.002726793 0.01658624 -0.2278003
v -0.001791179 0.01660233 -0.2280331
v -0.001525819 0.01670539 -0.2279394
v -0.000869459 0.01651483 -0.2281834
v -0.01075816 0.01701843 -0.223258
v -0.01134049 0.01708149 -0.2224727
v -0.009827911 0.01739132 -0.2235642
v -0.0113905 0.01700049 -0.2225615
v -0.01351952 0.01684266 -0.219475
v -0.01312619 0.01692086 -0.220074
v -0.01304817 0.0168944 -0.2202858
v -0.01571691 0.01626634 -0.2131431
v -0.01532053 0.01661753 -0.2135687
v -0.01557171 0.01636159 -0.2139961
v -0.01293945 0.01824665 -0.2144441
v -0.01299846 0.01820689 -0.2145386
v -0.01313179 0.0181455 -0.2143329
v -0.01145136 0.01890659 -0.2153043
v -0.01140743 0.01892316 -0.2153297
v -0.01162552 0.01879382 -0.2156739
v 0.000885307 0.01954525 -0.2224358
v 0.001430511 0.01941025 -0.222751
v 0.001133263 0.01925069 -0.2233325
v 0.004173099 0.01846998 -0.2243363
v 0.004564046 0.01829451 -0.2245623
v 0.004504859 0.01825261 -0.2246749
v 0.005129098 0.0180183 -0.224889
v 0.00660777 0.01558369 -0.2277198
v 0.00689429 0.01589775 -0.227249
v 0.007160305 0.01549875 -0.2275627
v 0.00598663 0.01567691 -0.227879
v 0.005521178 0.01574468 -0.2279828
v 0.00564289 0.01587927 -0.2277885
v 0.00549376 0.0157482 -0.2279879
v 0.006272614 0.01563429 -0.2278082
v 0.006090581 0.01635295 -0.2270534
v 0.007342219 0.01635366 -0.2264961
v 0.008132934 0.01587146 -0.226671
v 0.008036315 0.01535999 -0.2272827
v 0.008778929 0.01523566 -0.2269995
v 0.006536841 0.01679456 -0.2262889
v 0.00673604 0.01705372 -0.225818
v 0.007802665 0.01621538 -0.2264341
v 0.004892706 0.01756566 -0.2257941
v 0.005540072 0.01779896 -0.2251266
v 0.005719542 0.0171976 -0.2260537
v 0.001507997 0.01938974 -0.2227957
v 0.002616047 0.01906067 -0.2234361
v 0.00282514 0.01880657 -0.2240354
v 0.003014087 0.01892483 -0.2236662
v 0.003096163 0.01889562 -0.2237136
v -9.58518e-05 0.01975023 -0.2218685
v -0.000171707 0.01976412 -0.2218247
v -0.000560601 0.01958763 -0.2225721
v -0.000988169 0.01989686 -0.2213526
v -0.002245306 0.01981455 -0.2217532
v -0.001719892 0.0199902 -0.2209296
v -0.001780986 0.01999694 -0.2208943
v -0.002996206 0.02009665 -0.2201919
v -0.00390613 0.01992571 -0.2208706
v -0.003356814 0.02011394 -0.2199834
v -0.005528688 0.01991885 -0.2199208
v -0.004439771 0.0201326 -0.2193574
v -0.003391027 0.02011531 -0.2199636
v -0.006631851 0.02001386 -0.2180902
v -0.006525576 0.02002459 -0.2181516
v -0.007115721 0.01980209 -0.2189157
v -0.005002081 0.02012228 -0.2190324
v -0.004997193 0.02012246 -0.2190352
v -0.00866723 0.01957905 -0.2178674
v -0.008229494 0.0197879 -0.2171667
v -0.007443368 0.01991468 -0.2176212
v -0.009867668 0.01941877 -0.2162196
v -0.009831249 0.01942861 -0.2162407
v -0.01017528 0.01924622 -0.2167849
v -0.008567392 0.01972371 -0.2169713
v -0.008253633 0.01978355 -0.2171527
v -0.0102688 0.01930475 -0.2159878
v -0.01232302 0.01851826 -0.2151091
v -0.01222348 0.01858931 -0.2148579
v -0.01179486 0.01877158 -0.2151057
v -0.01371151 0.01781439 -0.2139977
v -0.01412987 0.01747536 -0.2147476
v -0.01474159 0.01706832 -0.2141602
v -0.01511186 0.01681679 -0.2131877
v -0.01442456 0.0173465 -0.2135854
v -0.01431226 0.01742506 -0.2136504
v -0.01533371 0.01662504 -0.2130594
v -0.01572787 0.01625734 -0.2130647
v -0.01575845 0.01622879 -0.2128149
v -0.01542919 0.01643377 -0.2146716
v -0.01394385 0.01742672 -0.2161038
v -0.01501989 0.01657772 -0.2161296
v -0.01457774 0.01704949 -0.2155162
v -0.01525419 0.01650583 -0.215375
v -0.01518112 0.01663082 -0.2149248
v -0.01539856 0.01644754 -0.2148036
v -0.01470255 0.01664531 -0.2169252
v -0.01435673 0.01695811 -0.2168577
v -0.01433616 0.01671606 -0.2177881
v -0.013704 0.01730793 -0.217445
v -0.01242989 0.01719504 -0.2206523
v -0.01171326 0.01743382 -0.2212235
v -0.0125364 0.01693814 -0.2210721
v -0.01198369 0.01697361 -0.2218316
v -0.008568704 0.0170148 -0.2251694
v -0.008646011 0.01701641 -0.225113
v -0.008248746 0.01755195 -0.2246012
v -0.00938481 0.01702654 -0.2245358
v -0.01008927 0.01702713 -0.2239167
v -0.006612837 0.01756066 -0.2255661
v -0.004933595 0.01741623 -0.226442
v -0.005381703 0.01687949 -0.2269623
v -0.006236493 0.01692795 -0.2265738
v -0.007069885 0.01696717 -0.2261342
v -0.007874071 0.01699662 -0.2256463
v -0.003231704 0.0171281 -0.2272314
v -0.002707779 0.01668316 -0.2278363
v -0.003614246 0.01675659 -0.2275925
v -0.004507064 0.01682227 -0.2273012
v -0.001104772 0.0172618 -0.2272834
v 0.000600605 0.01672118 -0.2279217
v 5.75615e-05 0.01642066 -0.2282879
v 0.003784954 0.01598215 -0.2282522
v -0.01348847 0.01784062 -0.2153305
v -0.01328319 0.01776486 -0.2166872
v -0.01282072 0.0181663 -0.2159084
v -0.01259905 0.0180661 -0.2172657
v -0.01212954 0.01845473 -0.2164808
v -0.01189422 0.01833277 -0.2178389
v -0.01068854 0.01892954 -0.2176077
v -0.01117128 0.01856684 -0.2184063
v -0.01057833 0.01812952 -0.2210635
v -0.01204186 0.01770168 -0.2199305
v -0.01274549 0.01743692 -0.219353
v -0.01342898 0.0171383 -0.21877
v -0.01395106 0.01678353 -0.2186425
v -0.01409101 0.01680558 -0.2181825
v 0.002327084 0.01740068 -0.2267954
v 0.001885592 0.01692706 -0.2275254
v 0.000989614 0.01631999 -0.2283471
v -0.0130288 0.01762324 -0.2180284
v -0.01233363 0.01790541 -0.2186072
v -0.01162028 0.01815557 -0.2191806
v -0.01014363 0.01856172 -0.2203066
v -0.009045183 0.01842087 -0.2221577
v -0.008604884 0.01884227 -0.2213961
v -0.007448852 0.01857286 -0.2231989
v -0.007007896 0.0189926 -0.2224348
v -0.005798339 0.01858055 -0.2241695
v -0.005358576 0.01900315 -0.2234051
v -0.004107832 0.01844102 -0.2250537
v -0.003668725 0.01886719 -0.2242911
v -0.002394616 0.01816517 -0.2258554
v -0.001955866 0.01859855 -0.2250977
v -0.000674724 0.0177623 -0.2265802
v -0.000235803 0.0182085 -0.2258312
v 0.001037061 0.01723635 -0.2272298
v 0.001477241 0.01770007 -0.2264928
v -0.01097744 0.01763719 -0.2217864
v -0.009452164 0.017937 -0.2228808
v -0.007862448 0.01809293 -0.2239216
v -0.006217598 0.01810121 -0.2248908
v -0.004530429 0.01795887 -0.2257716
v -0.002820193 0.01767587 -0.2265672
v 0.008169591 0.01587551 -0.2266461
v 0.004058122 0.01790136 -0.2255129
v 0.004708468 0.01585853 -0.2281293
v 0.004116535 0.01593852 -0.2282134
v 0.004005014 0.01670712 -0.227339
v 0.003612458 0.01750552 -0.2263122
v 0.002371549 0.01848268 -0.2248938
v 0.005320549 0.01791822 -0.2249997
v -0.009678363 0.01894372 -0.21952
v -0.009185373 0.01928222 -0.218707
v -0.00813198 0.01920557 -0.2205989
v -0.007634699 0.01952475 -0.2197719
v -0.006538152 0.0193516 -0.2216309
v -0.006044149 0.01965957 -0.2207925
v -0.004897713 0.01936858 -0.2225989
v -0.00441271 0.01967597 -0.2217541
v -0.003212988 0.01923966 -0.2234863
v -0.002737402 0.01955676 -0.2226414
v -0.001503348 0.01897972 -0.2242974
v -0.00103712 0.01931142 -0.2234572
v 0.000212602 0.01860278 -0.2250387
v 0.000669947 0.01895183 -0.2242073
v 0.001921534 0.01811277 -0.2257117
v -0.01368254 0.01783192 -0.2140145
v 0.003558993 0.01621305 -0.2280532
v 0.003170192 0.01707005 -0.227078
v -0.02151811 0.007101595 -0.2123731
v -0.02134984 0.007598519 -0.2124704
v -0.0215969 0.006894588 -0.213321
v -0.02111357 0.008238077 -0.212607
v -0.02064073 0.009363353 -0.2128803
v -0.02076816 0.009068429 -0.213573
v -0.01807898 0.01357096 -0.2143612
v -0.01845031 0.01307803 -0.214264
v -0.01846051 0.01307541 -0.2141407
v -0.01671695 0.01509779 -0.2151486
v -0.01647412 0.01533555 -0.2152889
v -0.01676088 0.01493942 -0.2157374
v 0.006266355 0.01503401 -0.2284348
v 0.006743371 0.01454579 -0.2287105
v 0.006096243 0.01494747 -0.2285853
v 0.01109015 0.001087367 -0.2324929
v 0.01216644 0.00098463 -0.2318455
v 0.01218718 0 -0.2318574
v 0.01103353 0.002172112 -0.2324354
v 0.01200383 0.002918601 -0.2317516
v 0.009916722 0.008468866 -0.2312946
v 0.01057797 0.008454859 -0.2309273
v 0.01086688 0.007693946 -0.2310943
v 0.008471488 0.01227825 -0.2297989
v 0.008556663 0.01227504 -0.2297587
v 0.008911073 0.01173233 -0.2299637
v 0.0078848 0.01320457 -0.2293704
v 0.007908821 0.01317334 -0.2293843
v 0.006966471 0.01327151 -0.2297219
v 0.008322119 0.01261323 -0.2296232
v 0.005120277 0.01506954 -0.2288081
v -0.01588994 0.01587057 -0.2156267
v -0.01592767 0.01577788 -0.2158933
v -0.01526564 0.01638817 -0.2159875
v -0.01560753 0.01584607 -0.2168452
v -0.01772731 0.01399934 -0.2145645
v -0.0175445 0.01405835 -0.2155876
v -0.01769411 0.0140385 -0.2145837
v -0.01827687 0.01313722 -0.2154449
v -0.01910912 0.01212537 -0.2140697
v -0.01880335 0.01259946 -0.2139425
v -0.0197159 0.01113778 -0.2138893
v -0.01978909 0.0110355 -0.2133727
v -0.02026939 0.01011788 -0.2137234
v -0.02121102 0.007992863 -0.2134386
v -0.02214366 0.004753708 -0.2120115
v -0.02190756 0.005764544 -0.212148
v -0.02192491 0.005776584 -0.2132206
v -0.02219438 0.004641592 -0.2131379
v -0.02231049 0.003871321 -0.2119151
v -0.02267593 0 -0.2129893
v -0.0226345 0 -0.2117277
v -0.02255326 0.001944124 -0.2117747
v 0.004132866 0.0151869 -0.2289785
v 0.003135621 0.01529932 -0.2290953
v 0.002131342 0.01540642 -0.2291591
v 0.001125454 0.01550811 -0.2291691
v 0.000119778 0.01560401 -0.2291257
v -0.000881675 0.01569378 -0.2290295
v -0.001877248 0.01577734 -0.2288803
v -0.002866566 0.01585459 -0.2286777
v -0.003844618 0.01592493 -0.2284217
v -0.004807531 0.01598799 -0.2281122
v -0.005750536 0.01604312 -0.2277494
v -0.006671607 0.01609003 -0.2273319
v -0.007568478 0.0161283 -0.2268589
v -0.008433759 0.01615744 -0.226333
v -0.009263932 0.01617747 -0.225757
v -0.01005762 0.01618844 -0.2251328
v -0.01081305 0.01619058 -0.2244625
v -0.01152837 0.01618391 -0.2237482
v -0.01220202 0.01616859 -0.222992
v -0.01283061 0.01614487 -0.2221989
v -0.01341265 0.0161131 -0.2213718
v -0.01394701 0.01607358 -0.2205141
v -0.01443296 0.01602661 -0.2196292
v -0.01487082 0.01597261 -0.2187202
v -0.01525431 0.01591086 -0.2177879
v -0.02240473 0.003492891 -0.2130731
v -0.02213245 0.004659593 -0.2146533
v -0.02234858 0.003506302 -0.214607
v -0.02196043 0.004674911 -0.2161601
v -0.02218103 0.003517746 -0.2161326
v -0.02167993 0.004689335 -0.2176507
v -0.0219025 0.003528475 -0.2176419
v -0.02129143 0.004702985 -0.2191175
v -0.02151334 0.003538668 -0.2191269
v -0.02079516 0.004714548 -0.2205513
v -0.02101457 0.003547251 -0.2205785
v -0.02019464 0.004724204 -0.2219445
v -0.0204097 0.003554463 -0.221989
v -0.01949208 0.004731893 -0.2232931
v -0.019701 0.003560125 -0.2233543
v -0.01869654 0.004737555 -0.2245845
v -0.01889789 0.003564298 -0.2246615
v -0.01781332 0.004741013 -0.2258136
v -0.0180056 0.003566861 -0.2259055
v -0.01684498 0.004742264 -0.2269814
v -0.0170269 0.003567695 -0.2270874
v -0.01580083 0.004741191 -0.2280791
v -0.01597124 0.003566861 -0.2281983
v -0.01468622 0.004737794 -0.2291043
v -0.01484417 0.003564238 -0.2292357
v -0.01350659 0.004732012 -0.2300547
v -0.01365107 0.003559827 -0.2301972
v -0.01226752 0.004723846 -0.2309271
v -0.01239782 0.003553628 -0.2310798
v -0.01097452 0.004713237 -0.2317187
v -0.01109004 0.003545641 -0.2318807
v -0.009633302 0.004700183 -0.232427
v -0.009733438 0.003535807 -0.2325971
v -0.008249938 0.004684805 -0.2330488
v -0.0083341 0.003524184 -0.2332261
v -0.006829857 0.004667282 -0.2335818
v -0.006897568 0.003510951 -0.233765
v -0.005378782 0.004647612 -0.2340233
v -0.005429625 0.00349617 -0.2342113
v -0.003902435 0.004626035 -0.2343708
v -0.003936111 0.003479897 -0.2345621
v -0.002406418 0.004602551 -0.2346215
v -0.00242263 0.003462255 -0.2348148
v -0.000897175 0.004577457 -0.234773
v -0.000895666 0.00344336 -0.2349666
v 0.000621961 0.004550695 -0.2348223
v 0.000641306 0.003423213 -0.2350146
v 0.002140283 0.004522264 -0.2347675
v 0.002177238 0.003401815 -0.2349568
v 0.003648817 0.004492282 -0.2346065
v 0.003703176 0.003379285 -0.234791
v 0.005152761 0.004460871 -0.234336
v 0.005224347 0.003355681 -0.2345138
v 0.006624758 0.004428088 -0.2339597
v 0.006712675 0.003331005 -0.2341291
v 0.008059144 0.004393935 -0.2334783
v 0.008162558 0.003305315 -0.2336376
v 0.009456992 0.00435853 -0.2328924
v 0.009575009 0.003278732 -0.2330398
v 0.01080769 0.004322052 -0.2322058
v 0.0109393 0.003251314 -0.2323396
v 0.01195162 0.003305912 -0.2317214
v -0.01726675 0.01411503 -0.2166864
v -0.01801741 0.01318854 -0.2166098
v -0.0169357 0.01416879 -0.2177745
v -0.01769566 0.01323717 -0.2177631
v -0.01655364 0.01421993 -0.2188484
v -0.01731353 0.01328331 -0.2189006
v -0.01610285 0.01426428 -0.2198964
v -0.01685631 0.0133233 -0.2200111
v -0.01558887 0.01430261 -0.2209159
v -0.01632928 0.01335763 -0.221091
v -0.01501214 0.01433449 -0.2219036
v -0.015733 0.01338601 -0.2221372
v -0.01437562 0.01435959 -0.2228535
v -0.01507151 0.01340818 -0.2231422
v -0.01368153 0.01437777 -0.2237619
v -0.01434749 0.01342391 -0.2241024
v -0.01293164 0.01438862 -0.2246268
v -0.01356291 0.01343297 -0.2250162
v -0.01213091 0.01439201 -0.2254422
v -0.01272344 0.01343506 -0.2258772
v -0.01128196 0.01438778 -0.2262061
v -0.01183211 0.01343017 -0.2266832
v -0.01038759 0.01437586 -0.2269161
v -0.01089215 0.01341813 -0.2274319
v -0.009450495 0.01435613 -0.2275699
v -0.009906768 0.01339888 -0.2281208
v -0.008473396 0.01432847 -0.2281655
v -0.008879005 0.01337236 -0.2287479
v -0.007460117 0.01429289 -0.2287
v -0.007813274 0.0133385 -0.2293102
v -0.00641793 0.01424986 -0.2291706
v -0.00671631 0.01329773 -0.2298049
v -0.005349814 0.01419961 -0.2295775
v -0.00559169 0.01325041 -0.2302318
v -0.004258811 0.01414263 -0.2299208
v -0.00444287 0.0131967 -0.2305905
v -0.003149986 0.01407921 -0.2301998
v -0.003274977 0.01313722 -0.2308801
v -0.002027571 0.01400989 -0.2304137
v -0.002092599 0.01307219 -0.2310995
v -0.000897081 0.01393508 -0.230562
v -0.000901221 0.01300209 -0.2312477
v 0.000240342 0.01385486 -0.2306441
v 0.000297573 0.01292705 -0.2313238
v 0.001380681 0.01376938 -0.2306595
v 0.001498639 0.01284712 -0.2313272
v 0.002518534 0.01367884 -0.2306075
v 0.002696037 0.01276254 -0.2312568
v 0.003654003 0.0135836 -0.2304868
v 0.003890693 0.01267361 -0.231111
v 0.004775702 0.01348382 -0.2302988
v 0.005068659 0.01258045 -0.2308917
v 0.005880177 0.01337963 -0.2300435
v 0.006226003 0.01248329 -0.2305989
v 0.007362186 0.01238244 -0.2302334
v 0.008341073 0.01258647 -0.2296342
v -0.01646292 0.01500177 -0.2167652
v -0.01612144 0.0150609 -0.217783
v -0.0157389 0.01511722 -0.2187885
v -0.01529461 0.01516628 -0.2197694
v -0.0147944 0.01520878 -0.2207238
v -0.01423835 0.01524436 -0.2216488
v -0.01362836 0.01527267 -0.2225393
v -0.01296603 0.01529347 -0.223392
v -0.01225316 0.01530647 -0.2242043
v -0.01149392 0.01531136 -0.2249708
v -0.01069027 0.01530808 -0.2256894
v -0.00984472 0.01529651 -0.2263579
v -0.008959412 0.01527649 -0.226974
v -0.008036434 0.01524794 -0.2275359
v -0.007079541 0.01521092 -0.2280406
v -0.006096005 0.0151658 -0.2284855
v -0.005088448 0.01511299 -0.2288709
v -0.004059433 0.01505285 -0.2291979
v -0.003013968 0.01498585 -0.2294656
v -0.001955926 0.01491242 -0.2296739
v -0.000890744 0.01483309 -0.2298225
v 0.000180886 0.01474803 -0.2299112
v 0.001256048 0.01465719 -0.22994
v 0.002330005 0.01456099 -0.2299081
v 0.003401994 0.01445966 -0.2298147
v 0.004463434 0.01435345 -0.2296609
v 0.005511283 0.01424252 -0.2294464
v 0.006544113 0.01412731 -0.2291722
v 0.007692396 0.0134499 -0.2292591
v 0.009710431 0.001096546 -0.2332085
v 0.009659588 0.002190411 -0.2331452
v 0.00828123 0.001105427 -0.23382
v 0.008236706 0.002208173 -0.2337515
v 0.006813645 0.00111401 -0.234323
v 0.006775736 0.002225339 -0.2342503
v 0.005306541 0.001122236 -0.2347173
v 0.005275666 0.00224179 -0.234641
v 0.003765583 0.001130163 -0.235002
v 0.003742158 0.002257585 -0.2349229
v 0.002219855 0.001137673 -0.2351732
v 0.002203822 0.002272605 -0.2350921
v 0.000663657 0.001144826 -0.2352344
v 0.000655255 0.002286911 -0.235152
v -0.000893718 0.001151561 -0.2351879
v -0.000894456 0.002300381 -0.2351049
v -0.002440989 0.001157879 -0.2350356
v -0.002434074 0.002313017 -0.2349528
v -0.003974378 0.00116378 -0.2347808
v -0.003960013 0.002324819 -0.2346988
v -0.00548762 0.001169264 -0.2344262
v -0.005465865 0.002335667 -0.2343456
v -0.006974816 0.001174211 -0.2339745
v -0.006945848 0.002345561 -0.2338959
v -0.008430242 0.001178622 -0.2334286
v -0.008394181 0.002354443 -0.2333527
v -0.009847879 0.001182556 -0.2327914
v -0.009804964 0.002362191 -0.2327185
v -0.01122206 0.001185834 -0.2320657
v -0.01117253 0.002368748 -0.2319964
v -0.01254683 0.001188516 -0.2312543
v -0.01249092 0.002374112 -0.2311889
v -0.01381635 0.001190602 -0.2303601
v -0.01375436 0.002378284 -0.230299
v -0.01502478 0.001192092 -0.2293857
v -0.01495707 0.002381265 -0.2293295
v -0.01616626 0.001192986 -0.2283344
v -0.01609313 0.002383053 -0.2282834
v -0.0172351 0.001193344 -0.2272085
v -0.01715701 0.002383649 -0.2271631
v -0.01822566 0.001193046 -0.2260105
v -0.01814311 0.002383053 -0.2259712
v -0.01912832 0.001192212 -0.2247495
v -0.01904183 0.002381384 -0.2247165
v -0.01994025 0.001190841 -0.2234242
v -0.01985049 0.002378642 -0.223398
v -0.02065598 0.001188993 -0.2220396
v -0.0205636 0.002374887 -0.2220206
v -0.0212658 0.001186609 -0.2206094
v -0.02117156 0.002370119 -0.2205978
v -0.02176737 0.001183748 -0.2191373
v -0.02167207 0.002364397 -0.2191334
v -0.02215737 0.00118041 -0.2176315
v -0.0220617 0.002357661 -0.2176355
v -0.02243369 0.001176834 -0.2161009
v -0.02233886 0.002350509 -0.2161128
v -0.02259618 0.001173019 -0.2145537
v -0.02250325 0.002342939 -0.2145738
v -0.02264577 0.001168608 -0.2129986
v -0.02255529 0.002333998 -0.2130265
v 0.01110905 0 -0.2325121
v 0.009727418 0 -0.2332296
v 0.008296072 0 -0.2338428
v 0.006826281 0 -0.2343473
v 0.005316793 0 -0.2347427
v 0.003773391 0 -0.2350284
v 0.00222516 0 -0.2352003
v 0.000666464 0 -0.2352619
v -0.000893454 0 -0.2352156
v -0.002443253 0 -0.2350633
v -0.003979206 0 -0.2348082
v -0.005494892 0 -0.234453
v -0.006984472 0 -0.2340006
v -0.008442223 0 -0.2334539
v -0.009862184 0 -0.2328158
v -0.01123857 0 -0.2320889
v -0.01256543 0 -0.2312762
v -0.01383697 0 -0.2303804
v -0.01504743 0 -0.2294045
v -0.01619064 0 -0.2283514
v -0.01726114 0 -0.2272236
v -0.0182532 0 -0.2260236
v -0.01915711 0 -0.2247604
v -0.01997017 0 -0.2234328
v -0.0206868 0 -0.2220459
v -0.02129721 0 -0.2206132
v -0.02179914 0 -0.2191386
v -0.02218925 0 -0.2176302
v -0.02246534 0 -0.2160969
v -0.02262717 0 -0.214547
v -0.02185547 0.005799174 -0.2147124
v -0.02167767 0.005818486 -0.2161949
v -0.02139461 0.005836725 -0.2176616
v -0.02100694 0.005853891 -0.219105
v -0.02051371 0.005868434 -0.2205159
v -0.01991873 0.005880713 -0.2218868
v -0.01922398 0.005890488 -0.223214
v -0.01843822 0.005897641 -0.224485
v -0.0175665 0.005902111 -0.2256951
v -0.01661145 0.00590384 -0.2268448
v -0.01558202 0.005902647 -0.2279257
v -0.01448345 0.005898535 -0.2289354
v -0.01332098 0.005891442 -0.2298713
v -0.0121001 0.005881369 -0.2307305
v -0.01082611 0.005868256 -0.2315104
v -0.009504675 0.005852043 -0.2322082
v -0.008141756 0.005833029 -0.2328209
v -0.006742835 0.005811214 -0.2333463
v -0.005313336 0.005786776 -0.2337818
v -0.003858983 0.005759954 -0.234125
v -0.002385377 0.005730748 -0.2343733
v -0.000898809 0.005699515 -0.2345244
v 0.00059744 0.005666196 -0.2345753
v 0.002093076 0.005630791 -0.2345244
v 0.003579437 0.005593478 -0.2343696
v 0.005061328 0.005554378 -0.2341077
v 0.006512224 0.005513489 -0.2337422
v 0.007926821 0.005470931 -0.2332739
v 0.009305953 0.005426883 -0.2327032
v 0.01063936 0.005381405 -0.2320342
v 0.01168173 0.004822671 -0.2315653
v -0.02151823 0.006921947 -0.2147838
v -0.02133321 0.006945312 -0.2162368
v -0.02104699 0.006967365 -0.2176743
v -0.02066016 0.006988167 -0.2190892
v -0.02017068 0.007005929 -0.2204721
v -0.01958233 0.007020831 -0.2218159
v -0.01889705 0.007032752 -0.2231169
v -0.01812314 0.007041573 -0.2243631
v -0.01726549 0.007047176 -0.2255498
v -0.01632654 0.007049441 -0.2266775
v -0.01531511 0.007048249 -0.2277379
v -0.01423609 0.00704354 -0.2287285
v -0.01309454 0.007035255 -0.2296469
v -0.01189577 0.007023394 -0.2304902
v -0.01064497 0.007007837 -0.2312558
v -0.009347498 0.006988644 -0.2319408
v -0.008009552 0.006965994 -0.2325424
v -0.006636321 0.006940066 -0.2330584
v -0.005233168 0.006910979 -0.2334866
v -0.003805696 0.006878972 -0.2338246
v -0.00235939 0.006844162 -0.2340701
v -0.000900488 0.00680691 -0.2342206
v 0.000567894 0.006767094 -0.2342737
v 0.002035975 0.006724894 -0.2342276
v 0.003495216 0.006680309 -0.2340804
v 0.004950165 0.006633579 -0.233829
v 0.006375491 0.006584763 -0.2334768
v 0.007765889 0.00653392 -0.2330245
v 0.009122192 0.00648123 -0.2324725
v 0.0104345 0.00642687 -0.231825
v 0.0115177 0.005535781 -0.2314705
v -0.02112132 0.00802505 -0.2148672
v -0.02092778 0.008052647 -0.2162854
v -0.02063769 0.008078694 -0.2176884
v -0.02025181 0.008103311 -0.2190697
v -0.01976656 0.008124291 -0.2204195
v -0.01918601 0.008142054 -0.2217314
v -0.01851189 0.008156299 -0.2230015
v -0.01775187 0.008166909 -0.2242184
v -0.01691073 0.008173763 -0.2253777
v -0.01599073 0.008176684 -0.2264794
v -0.0150004 0.008175611 -0.2275155
v -0.01394438 0.008170425 -0.2284837
v -0.01282745 0.008161067 -0.2293814
v -0.01165479 0.008147537 -0.2302059
v -0.01043117 0.008129775 -0.2309545
v -0.009162008 0.008107721 -0.2316246
v -0.007853448 0.008081614 -0.2322131
v -0.006510615 0.008051633 -0.2327182
v -0.005138456 0.008018016 -0.2331378
v -0.003742635 0.007981002 -0.2334697
v -0.002328455 0.007940769 -0.2337118
v -0.000902159 0.007897555 -0.2338619
v 0.000533388 0.007851481 -0.2339175
v 0.00196892 0.007802486 -0.2338771
v 0.003396272 0.007750868 -0.2337389
v 0.004819452 0.007696628 -0.2335
v 0.006214618 0.007640004 -0.2331635
v 0.007576584 0.007580995 -0.2327302
v 0.008906006 0.007519841 -0.2322005
v 0.01019346 0.007456779 -0.2315784
v 0.01120376 0.006676018 -0.231289
v -0.02066564 0.009105622 -0.2149623
v -0.02046203 0.00913763 -0.2163401
v -0.02016735 0.00916785 -0.2177035
v -0.01978248 0.0091964 -0.2190462
v -0.01930207 0.009220838 -0.220358
v -0.01873034 0.009241521 -0.221633
v -0.01806885 0.00925827 -0.2228675
v -0.01732486 0.009270846 -0.2240507
v -0.01650255 0.009279072 -0.2251783
v -0.01560437 0.009282886 -0.2262501
v -0.01463824 0.009282112 -0.2272584
v -0.01360857 0.009276628 -0.2282007
v -0.01252007 0.009266376 -0.2290747
v -0.01137733 0.009251356 -0.2298775
v -0.01018506 0.009231448 -0.2306067
v -0.008948385 0.009206652 -0.2312595
v -0.007673621 0.009177267 -0.2318331
v -0.006365656 0.009143471 -0.2323255
v -0.005029141 0.009105503 -0.2327353
v -0.003669679 0.009063601 -0.2330603
v -0.002292513 0.009018063 -0.2332986
v -0.000903704 0.008969128 -0.2334481
v 0.000494067 0.008916854 -0.2335067
v 0.001892149 0.008861362 -0.2334731
v 0.003282845 0.008802771 -0.2333453
v 0.004669547 0.008741259 -0.2331209
v 0.006029963 0.008676946 -0.2328027
v 0.007359266 0.00860995 -0.2323913
v 0.008657753 0.008540511 -0.2318874
v -0.02015215 0.01016032 -0.2150682
v -0.01993703 0.01019686 -0.2164006
v -0.01963692 0.01023137 -0.2177191
v -0.01925301 0.01026409 -0.219018
v -0.0187779 0.01029211 -0.2202868
v -0.01821595 0.01031589 -0.2215201
v -0.0175687 0.01033526 -0.2227144
v -0.0168426 0.01034998 -0.2238596
v -0.01604157 0.01035982 -0.2249515
v -0.01516783 0.01036465 -0.2259895
v -0.01422899 0.01036429 -0.2269663
v -0.01322913 0.01035869 -0.2278794
v -0.01217246 0.01034772 -0.2287265
v -0.01106357 0.01033133 -0.229505
v -0.009906589 0.01030951 -0.2302123
v -0.008706569 0.01028215 -0.2308456
v -0.007470011 0.01024967 -0.2314022
v -0.006201267 0.01021218 -0.2318805
v -0.004905045 0.01017004 -0.2322793
v -0.003586649 0.01012343 -0.2325965
v -0.002251267 0.0100727 -0.2328306
v -0.000904715 0.01001822 -0.2329796
v 0.000450402 0.009959995 -0.2330418
v 0.001806259 0.009898126 -0.2330158
v 0.003155529 0.009832739 -0.2329
v 0.004501104 0.009764075 -0.2326921
v 0.00582242 0.009692311 -0.2323947
v 0.007114768 0.009617507 -0.2320083
v 0.008378386 0.009539902 -0.2315335
v 0.009605228 0.009459853 -0.2309742
v 0.01000607 0.009751737 -0.2305967
v -0.01958203 0.01118564 -0.2151845
v -0.0193538 0.01122689 -0.2164663
v -0.01904743 0.01126593 -0.2177348
v -0.01866436 0.01130288 -0.2189847
v -0.01819491 0.01133465 -0.2202057
v -0.01764374 0.01136183 -0.2213926
v -0.01701217 0.01138401 -0.2225421
v -0.0163058 0.01140093 -0.2236448
v -0.01552826 0.01141256 -0.2246968
v -0.01468169 0.01141858 -0.2256972
v -0.01377308 0.01141887 -0.2266389
v -0.01280617 0.01141327 -0.2275195
v -0.01178503 0.01140177 -0.2283368
v -0.01071363 0.01138418 -0.2290881
v -0.00959593 0.01136058 -0.2297711
v -0.008436679 0.0113309 -0.2303829
v -0.007242441 0.01129543 -0.2309206
v -0.006017506 0.01125448 -0.2313833
v -0.004765987 0.01120823 -0.2317698
v -0.003493249 0.01115715 -0.2320786
v -0.002204239 0.01110148 -0.232308
v -0.000904775 0.01104158 -0.2324566
v 0.000402926 0.0109775 -0.2325229
v 0.001711845 0.01090943 -0.2325056
v 0.003015041 0.01083743 -0.2324033
v 0.00431478 0.01076179 -0.232214
v 0.005592584 0.0106827 -0.23194
v 0.006844043 0.01060026 -0.2315816
v 0.008068919 0.01051467 -0.2311397
v 0.009260058 0.0104264 -0.2306179
v 0.009809792 0.01014792 -0.2304832
v -0.01895648 0.01217877 -0.2153103
v -0.01871353 0.01222497 -0.2165362
v -0.01839995 0.01226866 -0.2177496
v -0.01801747 0.01231014 -0.2189458
v -0.01755398 0.01234591 -0.2201139
v -0.01701456 0.01237648 -0.2212497
v -0.01639997 0.0124017 -0.2223498
v -0.01571518 0.01242113 -0.2234058
v -0.01496332 0.01243472 -0.2244139
v -0.0141465 0.01244211 -0.2253729
v -0.01327103 0.01244318 -0.226276
v -0.01234036 0.01243782 -0.2271209
v -0.01135808 0.01242595 -0.2279054
v -0.01032787 0.01240742 -0.2286268
v -0.009253263 0.01238226 -0.229283
v -0.008138775 0.01235038 -0.2298711
v -0.006991147 0.01231217 -0.2303882
v -0.005814254 0.01226788 -0.2308337
v -0.004611909 0.01221781 -0.2312069
v -0.003389358 0.01216238 -0.2315064
v -0.00215137 0.01210194 -0.2317309
v -0.000903648 0.01203685 -0.2318793
v 0.000351914 0.01196718 -0.2319502
v 0.001609206 0.01189303 -0.2319427
v 0.002861738 0.01181465 -0.2318555
v 0.00411123 0.01173228 -0.2316869
v 0.005341231 0.01164603 -0.2314389
v 0.00654757 0.01155608 -0.2311117
v 0.007729947 0.0114628 -0.2307062
v 0.008881866 0.01136642 -0.2302259
v 0.00949949 0.01073384 -0.2303038
v 0.009961485 0.01297867 -0.2283864
v 0.01092714 0.01236689 -0.2282407
v 0.01116502 0.01197546 -0.2283782
v 0.01209598 0.0102306 -0.2289164
v 0.01213258 0.01015365 -0.2289375
v 0.01083958 0.01043486 -0.2296677
v 0.01130396 0.00946772 -0.2299328
v 0.01057243 0.01291775 -0.2280356
v 0.008390307 0.01330763 -0.2290257
v 0.009182035 0.01314228 -0.2287206
v 0.009777307 0.01227509 -0.229061
v 0.007017254 0.01490682 -0.2282367
v 0.007871627 0.01475679 -0.2279706
v 0.008546173 0.01397037 -0.2283568
v 0.008713841 0.0146054 -0.2276714
v 0.009854376 0.01392972 -0.2276206
v 0.0100435 0.01367539 -0.2277299
v 0.0093562 0.01381087 -0.2280395
v 0.01301598 0 -0.2312834
v 0.01437616 0 -0.2302345
v 0.01398539 0 -0.2305517
v 0.01435285 0.001068532 -0.230221
v 0.01328194 0.000998658 -0.231061
v 0.0142951 0.001990079 -0.2301877
v 0.01320999 0.002099871 -0.2310199
v 0.0140922 0.003713846 -0.2300703
v 0.009428381 0.01447433 -0.2273743
v 0.007723927 0.01413029 -0.228643
v 0.01033031 0.01137167 -0.2293769
v 0.01325017 0.0073089 -0.2295836
v 0.01209294 0.007454216 -0.230383
v 0.01172208 0.008473217 -0.2301714
v 0.01327407 0.007233262 -0.2295975
v 0.01354634 0.006300568 -0.2297548
v 0.01241558 0.006413936 -0.230567
v 0.01371008 0.005657792 -0.2298495
v 0.01268941 0.005355238 -0.2307232
v 0.01308703 0.003195106 -0.2309499
v 0.0129134 0.004281282 -0.2308509
v 0.01381731 0.005190074 -0.2299115
v 0.01379841 0.005275547 -0.2299005
v 0.01186841 0.01069349 -0.2287848
v 0.01166868 0.01107865 -0.2286694
v 0.01257634 0.009152591 -0.2291941
v 0.01290839 0.008304595 -0.229386
v 0.01293629 0.00822848 -0.2294021
v -0.02017426 0.01029491 -0.2125046
v -0.01961809 0.01132214 -0.2128291
v -0.01907759 0.01217228 -0.2123803
v -0.01844507 0.01311576 -0.2127501
v -0.01835072 0.01325172 -0.2135683
v -0.02067613 0.00923115 -0.2122118
v -0.01610648 0.01588255 -0.2126132
v -0.01722151 0.01464498 -0.2119687
v -0.01651167 0.01545673 -0.212379
v -0.01642119 0.01555591 -0.2131443
v -0.0165103 0.01545822 -0.2123798
v -0.0223959 0.002268314 -0.2104384
v -0.02247941 0.001079022 -0.2103895
v -0.02222794 0.001990616 -0.2090746
v -0.02228653 0.001050889 -0.2090407
v -0.02230912 0 -0.2090277
v -0.02237784 0 -0.2094452
v -0.02250379 0 -0.2103752
v -0.02253991 0 -0.2106864
v -0.02179306 0.00577557 -0.2107914
v -0.02158218 0.005905508 -0.2094479
v -0.02147656 0.006911337 -0.2109767
v -0.02135521 0.006743431 -0.2095791
v -0.02110403 0.008024215 -0.2111948
v -0.0210238 0.00779128 -0.2097706
v -0.02067643 0.009110331 -0.211445
v -0.02205234 0.004620552 -0.2106396
v -0.02225345 0.003450155 -0.2105218
v -0.02206373 0.003454208 -0.2091695
v -0.02207678 0.003361701 -0.2091619
v -0.02198517 0.003964722 -0.2092149
v -0.02187466 0.004584252 -0.2092788
v -0.02164918 0.005632042 -0.2094091
v -0.01627582 0.01566785 -0.2140188
v -0.01609295 0.01577776 -0.2148853
v -0.02019512 0.0101661 -0.2117266
v -0.01966154 0.01118785 -0.2120387
v -0.01900959 0.01230901 -0.213184
v -0.01776576 0.01401507 -0.2131474
v -0.01764351 0.01414662 -0.2139807
v -0.01704192 0.01486688 -0.2135706
v -0.0168901 0.01499003 -0.2144201
v -0.01715862 0.01474452 -0.2127143
v -0.01734572 0.01449352 -0.2118968
v -0.01789122 0.01379096 -0.2115815
v -0.02016377 0.009942948 -0.2102678
v -0.02014237 0.009989321 -0.2102802
v -0.01966732 0.01095384 -0.2105548
v -0.01964628 0.01099407 -0.2105669
v -0.01945877 0.01134318 -0.2106754
v -0.01912379 0.01193183 -0.210869
v -0.01910471 0.01196408 -0.2108801
v -0.01846593 0.01297688 -0.2112493
v -0.01790153 0.01377713 -0.2115756
v -0.02061146 0.008902192 -0.210009
v -0.02059102 0.008953034 -0.2100208
v -0.02031308 0.009611487 -0.2101815
v -0.006461977 0.02009326 -0.2175104
v -0.01283085 0.01740014 -0.2074893
v -0.01367509 0.01680439 -0.2069154
v -0.01308232 0.01657611 -0.205296
v -0.01420944 0.01597267 -0.2055392
v -0.01448071 0.01609396 -0.206365
v -0.01519435 0.0152437 -0.2058259
v -0.01543503 0.01538854 -0.2067137
v -0.003461062 0.01390308 -0.1906673
v -0.00250405 0.01418751 -0.1912601
v -0.003396809 0.01460254 -0.1928006
v -0.003649294 0.01310384 -0.1884823
v -0.003534495 0.01316368 -0.1885522
v -0.004393279 0.01350742 -0.1900892
v -0.00302869 0.01338088 -0.1888604
v -0.002605915 0.01352196 -0.189118
v -0.004408121 0.0125339 -0.1880197
v -0.00436604 0.01257711 -0.1880454
v -0.005234062 0.01289159 -0.1895664
v -0.004079878 0.01282709 -0.1882199
v -0.003971159 0.01290619 -0.1882861
v -0.0048334 0.01323384 -0.1898158
v 0.01665443 0.01380455 -0.2008552
v 0.01784318 0.01363897 -0.2015796
v 0.01714521 0.01417982 -0.2032238
v 0.02356231 0.0114082 -0.2090045
v 0.02370244 0.01114517 -0.2090827
v 0.02316403 0.01136845 -0.2103042
v 0.01909059 0.01378607 -0.2043854
v 0.01976978 0.01330143 -0.2027537
v 0.02073085 0.01308876 -0.2033393
v 0.01565551 0.01522713 -0.2064962
v 0.01641893 0.01471138 -0.2048668
v 0.01838403 0.01426422 -0.206017
v 0.01400953 0.01619881 -0.2096841
v 0.01312673 0.01665019 -0.2112353
v 0.01108342 0.01711916 -0.2100939
v 0.008103787 0.01792472 -0.2104548
v 0.007151961 0.01835215 -0.2119519
v 0.00509411 0.0186035 -0.2107597
v 0.008229076 0.01835674 -0.2145571
v 0.01026487 0.01782917 -0.2156658
v 0.009256482 0.01814901 -0.2170494
v 0.01154124 0.01471173 -0.2254578
v 0.01030582 0.01495867 -0.2262329
v 0.00963664 0.01568335 -0.225884
v 0.01231306 0.01454949 -0.2249048
v 0.01174026 0.01467049 -0.2253203
v 0.01102381 0.01546144 -0.2249727
v 0.008917272 0.01766651 -0.2222782
v 0.009808301 0.01717072 -0.2227255
v 0.008619129 0.01732337 -0.2237747
v 0.007509589 0.01696038 -0.2255179
v 0.006769061 0.01745349 -0.225108
v 0.007397353 0.01742702 -0.2247017
v 0.005222141 0.01828497 -0.2242429
v -0.001041054 0.0200842 -0.2199602
v -0.01588737 0.01599049 -0.2108935
v -0.01588535 0.01589643 -0.2101809
v -0.01519459 0.01660299 -0.2106176
v 0.02438431 0.0108456 -0.2074095
v 0.01018482 0.01498192 -0.2263015
v 0.00955379 0.01509982 -0.2266377
v 0.008913695 0.01578539 -0.2262873
v -0.01584076 0.01612341 -0.2119373
v -0.01517808 0.01675605 -0.2123337
v -0.004959762 0.01166921 -0.1876835
v -0.004897356 0.0118224 -0.1877214
v -0.005860149 0.01196944 -0.1891752
v -0.005726754 0.01223045 -0.1892585
v -0.006697356 0.01224458 -0.1905325
v -0.0158841 0.01601052 -0.2110481
v -0.01520615 0.01668375 -0.2114762
v -0.002787411 0.02021843 -0.218946
v 0.001961112 0.01944291 -0.2223912
v 0.00361061 0.01894021 -0.2233316
v 0.002415299 0.01946675 -0.2219414
v 0.004121184 0.01895582 -0.2229023
v 0.008917927 0.0163359 -0.2255086
v 0.008226633 0.01640653 -0.225912
v 0.008168995 0.01691442 -0.2251136
v 0.007771551 0.01780283 -0.2233372
v 0.00660324 0.0178821 -0.2242724
v 0.006005346 0.01789331 -0.2246823
v 0.009108185 0.01792418 -0.220643
v 0.01004761 0.01748168 -0.2211189
v 0.009445548 0.01678043 -0.2241933
v 0.01067924 0.01660776 -0.2231532
v 0.01025056 0.01616412 -0.2245938
v 0.0115292 0.01596552 -0.223562
v 0.01234424 0.01522505 -0.2239462
v 0.003179788 0.01933628 -0.2136498
v 0.005212843 0.01907408 -0.2148206
v 0.004246175 0.01935708 -0.2161844
v 0.006243169 0.01896643 -0.2173008
v 0.005251348 0.01919037 -0.2185886
v 0.007195472 0.01864796 -0.2196429
v 0.006159901 0.01881617 -0.2208359
v 0.007090449 0.01848345 -0.2213317
v 0.006027698 0.01859658 -0.2224131
v 0.006906747 0.01822537 -0.2228828
v 0.001145184 0.0194869 -0.2124491
v 0.002240896 0.01962143 -0.2150323
v 0.003297448 0.0195806 -0.2174962
v 0.004276573 0.01935261 -0.2198081
v 0.005137264 0.01892131 -0.2219303
v 0.006351113 0.01826435 -0.2233728
v 0.01600152 0.0136733 -0.2215022
v 0.01449954 0.01405054 -0.2230429
v 0.01399952 0.01454305 -0.2229995
v 0.01018863 0.0176987 -0.2193973
v 0.01124441 0.01743078 -0.2180876
v 0.01115167 0.01725476 -0.2198835
v 0.01222366 0.01699048 -0.2185834
v 0.01210063 0.01674741 -0.2203515
v 0.01318949 0.0164864 -0.2190616
v 0.01303011 0.01616835 -0.2207992
v 0.01413589 0.01590955 -0.2195194
v 0.01393753 0.01550048 -0.2212262
v 0.01505941 0.01524055 -0.219956
v 0.01480108 0.01471191 -0.2216217
v 0.0159344 0.01444083 -0.2203581
v 0.01520121 0.01426523 -0.2217998
v 0.01760113 0.01429784 -0.2174667
v 0.01658016 0.01458352 -0.2188401
v 0.01714879 0.01467663 -0.2172505
v 0.01612931 0.01496511 -0.2186285
v 0.01620936 0.01532888 -0.2167928
v 0.0151956 0.01562869 -0.2181817
v 0.01524537 0.01588392 -0.2163138
v 0.01423817 0.01619732 -0.2177135
v 0.01426196 0.01636624 -0.2158154
v 0.01326131 0.01669287 -0.2172253
v 0.01326644 0.01678603 -0.2153014
v 0.01227164 0.01712501 -0.2167203
v 0.0109722 0.01697689 -0.2215767
v 0.01187711 0.01640218 -0.2220143
v 0.01276069 0.01574307 -0.222432
v 0.01360505 0.01497399 -0.2228217
v 0.01437115 0.01408153 -0.2231645
v 0.01309239 0.01437884 -0.2242918
v 0.0130034 0.01439869 -0.2243646
v 0.009204804 0.01798188 -0.2131108
v 0.01015841 0.01756775 -0.2116214
v 0.01080262 0.0164349 -0.2057664
v 0.01283055 0.01613378 -0.2069458
v 0.009933352 0.01696228 -0.2073576
v 0.01197481 0.01664006 -0.2085341
v 0.01220548 0.017075 -0.2127532
v 0.01124978 0.01746946 -0.2142319
v 0.009032785 0.0174601 -0.2089217
v 0.006978809 0.0176934 -0.2077224
v 0.008457183 0.01559805 -0.20012
v 0.01045179 0.01548296 -0.201322
v 0.008772969 0.01664412 -0.2045686
v 0.01318168 0.01415705 -0.1987389
v 0.01004755 0.01434254 -0.196829
v 0.009194314 0.01437354 -0.196309
v 0.01244246 0.01530289 -0.2025132
v 0.01394885 0.01409363 -0.1992064
v 0.01589804 0.01389652 -0.2003943
v 0.01518052 0.01447921 -0.2020466
v 0.01443302 0.01505023 -0.2036958
v 0.01365017 0.015603 -0.2053315
v 0.01422488 0.01641845 -0.2138371
v 0.01522284 0.01601475 -0.2143602
v 0.01620936 0.01554989 -0.214869
v 0.0171765 0.01501303 -0.2153592
v 0.01811826 0.01437741 -0.2158282
v 0.01857042 0.01400429 -0.2160496
v 0.01633626 0.01398295 -0.220537
v 0.01700973 0.0141617 -0.219038
v 0.01741021 0.01369655 -0.219218
v 0.0180301 0.0138759 -0.2176681
v 0.01842695 0.01340693 -0.2178496
v 0.01899713 0.01358503 -0.2162547
v 0.01938867 0.01311528 -0.2164383
v 0.02029627 0.01282268 -0.2149903
v 0.01991122 0.01329058 -0.2148042
v 0.01948803 0.01370447 -0.2145948
v 0.0190373 0.01406949 -0.214368
v 0.01809579 0.01468402 -0.213887
v 0.0171281 0.01519846 -0.213385
v 0.01614111 0.01564204 -0.2128655
v 0.01514339 0.01602625 -0.2123332
v 0.02137708 0.01204323 -0.2138576
v 0.02049368 0.01234734 -0.2153894
v 0.02114945 0.01252985 -0.2135114
v 0.0207718 0.01299351 -0.2133224
v 0.02035307 0.01339977 -0.2131084
v 0.01990479 0.01375448 -0.2128758
v 0.01896554 0.01434373 -0.2123821
v 0.01799923 0.01483196 -0.211868
v 0.01701396 0.01525086 -0.2113375
v 0.01601874 0.01561254 -0.2107958
v 0.01413846 0.01636004 -0.2117897
v 0.01321882 0.01676964 -0.2133013
v 0.01226198 0.01715159 -0.2147734
v 0.01127237 0.01750165 -0.2162002
v 0.01025485 0.01781487 -0.217576
v 0.00921452 0.01808631 -0.2188948
v 0.02195078 0.01223737 -0.2120057
v 0.02158111 0.01269459 -0.2118135
v 0.02116745 0.01309126 -0.2115944
v 0.02072215 0.01343363 -0.2113556
v 0.01978635 0.01399379 -0.2108486
v 0.01882308 0.01445233 -0.2103219
v 0.0178411 0.01484346 -0.2097801
v 0.01685017 0.01517969 -0.2092289
v 0.01932835 0.01338791 -0.2024847
v 0.0148524 0.01572358 -0.2081036
v 0.0176385 0.01472973 -0.2076344
v 0.01862359 0.0144214 -0.2081949
v 0.01936185 0.01398593 -0.2065863
v 0.01960092 0.01406091 -0.2087479
v 0.02033305 0.01365858 -0.2071501
v 0.02056014 0.01363521 -0.2092876
v 0.02220654 0.01174062 -0.2122906
v 0.02186167 0.01186847 -0.2129578
v 0.02141809 0.01202869 -0.2137831
v 0.02128684 0.01326841 -0.2077019
v 0.02175438 0.01304036 -0.2079716
v 0.02149158 0.01310759 -0.2098083
v 0.02221286 0.01277637 -0.2082358
v 0.02193367 0.01277935 -0.2100536
v 0.02265119 0.01246398 -0.2084875
v 0.02234214 0.01239436 -0.2102783
v 0.02305412 0.01209241 -0.2087175
v 0.0227037 0.01194554 -0.2104745
v 0.0232377 0.01188176 -0.2088217
v 0.02340734 0.01165378 -0.2089175
v 0.02473962 0.01099711 -0.2057819
v 0.02444601 0.01139122 -0.2056031
v 0.02435529 0.01148939 -0.2055478
v 0.02411371 0.01171386 -0.2054008
v 0.02396619 0.01183027 -0.2053109
v 0.02359163 0.01207637 -0.2050827
v 0.02308708 0.01233273 -0.2047753
v 0.02272397 0.01248383 -0.204554
v 0.02262681 0.01252096 -0.2044948
v 0.0216872 0.01283353 -0.2039221
v 0.02131366 0.01293945 -0.2036945
v -0.0110563 0.01366424 -0.1974694
v -0.01048851 0.01347863 -0.1965554
v -0.01016455 0.01398652 -0.1967841
v -0.01043307 0.01346063 -0.1964669
v -0.003056347 0.01850342 -0.2057642
v -0.002118706 0.01808339 -0.204255
v -0.000102592 0.01827883 -0.205529
v 0.000840593 0.01780897 -0.2039994
v 0.002874135 0.01787126 -0.2052558
v -0.004055082 0.01834285 -0.2051212
v -0.002181768 0.01748931 -0.2020881
v -0.001177072 0.01762932 -0.2027293
v -0.000240077 0.01714509 -0.2011883
v 0.002695083 0.01677417 -0.2008832
v 0.02495473 0.01058393 -0.2059126
v 0.004922986 0.01783019 -0.2064985
v 0.003035008 0.01874852 -0.2095386
v 0.000984852 0.0187878 -0.2082959
v -0.001046538 0.01871162 -0.2070373
v -0.003280639 0.01598322 -0.1971126
v -0.002298593 0.01620018 -0.1977423
v -0.00416547 0.01709556 -0.200805
v -0.001310765 0.01637804 -0.1983717
v -0.008321106 0.01338553 -0.193818
v -0.008481681 0.01313853 -0.1937091
v -0.00663793 0.01253396 -0.1907469
v -0.00836724 0.01278924 -0.1931945
v -0.000469226 0.015226 -0.1946355
v -0.001447558 0.01506179 -0.194024
v -0.002424359 0.01485759 -0.1934118
v -0.004257917 0.0157203 -0.1964823
v -0.005144655 0.01683408 -0.2001631
v -0.006023824 0.01789426 -0.2038328
v -0.005044639 0.01814091 -0.2044771
v -0.005951702 0.01850551 -0.2059778
v -0.006485283 0.01277762 -0.1908453
v -0.004668056 0.01221531 -0.1878612
v -0.004542052 0.01238232 -0.187938
v -0.005414307 0.01269155 -0.189454
v 0.000512301 0.01535761 -0.1952469
v -0.00039132 0.01587754 -0.1968156
v -0.001533091 0.01440775 -0.1918608
v -0.000559158 0.01457995 -0.1924626
v 0.001391291 0.01482158 -0.1936649
v 0.002492785 0.01554036 -0.1964745
v 0.001599371 0.01609808 -0.1980608
v 0.004185199 0.01437634 -0.1932566
v 0.005599498 0.01440924 -0.1941184
v 0.005329072 0.01503026 -0.19608
v 0.006141245 0.01441431 -0.1944485
v -0.003178179 0.01731252 -0.2014465
v -0.002241373 0.01685714 -0.1999148
v 0.000686943 0.0166338 -0.1996324
v 0.004477441 0.01563286 -0.1976962
v 0.004712283 0.01681607 -0.2021228
v 0.006464004 0.01564925 -0.1989104
v 0.00674051 0.01677083 -0.2033526
v -0.002168357 0.01364463 -0.1893847
v -0.000654232 0.01395678 -0.1903074
v 0.001223742 0.01419287 -0.1914519
v -0.01584148 0.01577389 -0.2092866
v -0.01514136 0.01651519 -0.2097594
v -0.01438349 0.0171591 -0.2102504
v -0.01448154 0.01727831 -0.2119256
v -0.01372987 0.01779711 -0.2123914
v -0.01295775 0.01825028 -0.212868
v -0.015832 0.0157572 -0.2091677
v -0.01575452 0.01565223 -0.2084364
v -0.01504415 0.01642054 -0.2089033
v -0.01490134 0.01631879 -0.2080505
v -0.01411646 0.01700079 -0.2085748
v -0.01359599 0.01771414 -0.21076
v -0.01329779 0.01758074 -0.20912
v -0.01278853 0.0181961 -0.2112799
v -0.01245921 0.01808142 -0.2096756
v -0.01195991 0.01861494 -0.2118096
v -0.01216417 0.0186457 -0.2133553
v -0.01135247 0.01898849 -0.2138509
v -0.01052558 0.01928317 -0.214353
v -0.01559233 0.01550167 -0.2074339
v -0.01471287 0.01620984 -0.2072033
v -0.01428216 0.01542586 -0.2044615
v -0.01493734 0.01510977 -0.2050334
v -0.01492184 0.01510214 -0.2049891
v -0.01229804 0.01408022 -0.199538
v -0.01280367 0.01486742 -0.2013082
v -0.01271957 0.01422661 -0.2002773
v -0.01358765 0.01515096 -0.2028647
v -0.01379603 0.01462149 -0.2023245
v -0.01460909 0.01495641 -0.2041549
v -0.01390397 0.01584672 -0.204726
v -0.01320761 0.01558327 -0.2031334
v -0.01280051 0.01597303 -0.2034189
v -0.01242369 0.01530754 -0.2015779
v -0.01195788 0.01457768 -0.199782
v -0.01225578 0.01406574 -0.1994652
v -0.01111334 0.01897615 -0.2123461
v -0.01159989 0.01851516 -0.21024
v -0.0119661 0.01791113 -0.2080733
v -0.01221734 0.01717925 -0.2058916
v -0.01237392 0.01632332 -0.2037162
v -0.01201349 0.01570099 -0.2018662
v -0.01157957 0.01502275 -0.2000499
v -0.01025152 0.01928472 -0.2128877
v -0.01072317 0.01888805 -0.2108102
v -0.01108098 0.01835244 -0.2086655
v -0.01133143 0.0176931 -0.2064971
v -0.01149225 0.0169264 -0.2043272
v -0.01158154 0.01605153 -0.2021676
v -0.0111677 0.01541697 -0.2003383
v -0.009793043 0.01443409 -0.1970422
v -0.008628904 0.01287436 -0.1936084
v -0.004843175 0.01192867 -0.1877545
v -0.005578815 0.01247131 -0.1893512
v -0.006316959 0.01300173 -0.1909533
v -0.007959365 0.01382738 -0.1940608
v -0.009381353 0.01482272 -0.1973248
v -0.01073187 0.01576483 -0.2006412
v -0.01068651 0.01664811 -0.2027882
v -0.01058924 0.01743644 -0.2049481
v -0.01042544 0.01813554 -0.2071104
v -0.01017928 0.01873099 -0.2092625
v -0.009831607 0.01920551 -0.2113842
v -0.009376823 0.01954478 -0.2134327
v -0.005287706 0.01385003 -0.1916075
v -0.004354536 0.01428145 -0.192197
v -0.006180822 0.01501357 -0.1952316
v -0.005227625 0.0154016 -0.1958532
v -0.007077574 0.0161494 -0.1988802
v -0.006116151 0.01652157 -0.1995208
v -0.007951915 0.01724815 -0.2025439
v -0.006992995 0.01759862 -0.2031883
v -0.007884323 0.01794034 -0.2046964
v -0.006923496 0.01824826 -0.2053371
v -0.007779657 0.0185644 -0.20684
v -0.006818175 0.0188291 -0.2074729
v -0.007621407 0.01910412 -0.2089669
v -0.006133854 0.0132066 -0.1910703
v -0.007550895 0.01420241 -0.1943319
v -0.008941173 0.01515823 -0.1976245
v -0.009826302 0.01634949 -0.2012662
v -0.009769678 0.01714849 -0.2034187
v -0.009666621 0.01787412 -0.2055763
v -0.009503841 0.01851421 -0.2077276
v -0.009263336 0.01905256 -0.2098624
v -0.008926987 0.019472 -0.2119607
v -0.008491814 0.01976001 -0.2139798
v -0.008838474 0.01974219 -0.2153697
v -0.009686648 0.01953339 -0.2148597
v -0.00798434 0.01991188 -0.2158811
v -0.005729436 0.01356118 -0.1913276
v -0.007109224 0.0145179 -0.194623
v -0.008021175 0.01570576 -0.1982465
v -0.008898437 0.01683515 -0.2019016
v -0.008833765 0.01757615 -0.2040563
v -0.008729338 0.01824784 -0.2062075
v -0.008568823 0.01883536 -0.2083468
v -0.008334577 0.01932191 -0.2104638
v -0.0080114 0.0196914 -0.2125385
v -0.007599413 0.01993316 -0.2145275
v -0.004775106 0.02019625 -0.2184962
v -0.007127463 0.02004426 -0.2163919
v -0.006267964 0.02014148 -0.2169019
v -0.004533052 0.02023983 -0.2179248
v -0.007394492 0.01954311 -0.211066
v -0.007087349 0.01986676 -0.2131161
v -0.005225479 0.0200963 -0.2142636
v -0.005803167 0.02016246 -0.2156177
v -0.003338694 0.02018398 -0.2154049
v -0.003984391 0.02025401 -0.2167053
v -0.001434326 0.02014797 -0.2165368
v -0.002150952 0.02022349 -0.2177872
v -0.000313516 0.02008092 -0.2188574
v 0.000695663 0.0198366 -0.2209607
v 0.000296917 0.01980799 -0.2214358
v -0.006445288 0.01971948 -0.2116675
v -0.005694389 0.01950025 -0.2102065
v -0.003742694 0.01972818 -0.2114339
v 0.002564311 0.01429831 -0.1922688
v 0.003359496 0.01496428 -0.1948742
v -0.003977 0.01888418 -0.2072577
v -0.004531919 0.01994884 -0.2128607
v -0.001764774 0.01981276 -0.2126497
v -0.002592384 0.02003455 -0.2140446
v 0.000233441 0.01977324 -0.2138513
v -0.000633517 0.01999586 -0.2152164
v 0.001333594 0.01984465 -0.2163696
v 0.000476501 0.01999968 -0.2176531
v 0.002382516 0.01973885 -0.218746
v 0.001516997 0.01982587 -0.2199085
v 0.003333151 0.01944684 -0.2209334
v 0.004629373 0.01894831 -0.2224334
v 0.005790293 0.01828551 -0.2238281
v -0.000879754 0.01952636 -0.2112267
v -0.002884268 0.01944327 -0.2099887
v -0.00486344 0.01921898 -0.2087376
v 0.02046424 0.01235717 -0.2154382
v 0.01973956 0.01259374 -0.2165974
v 0.01900374 0.01282399 -0.217698
v 0.01751333 0.0132628 -0.2197158
v 0.01670813 0.01348555 -0.2206981
v -0.001979112 0.01910197 -0.2085236
v 4.26212e-05 0.01918238 -0.2097753
v 0.002084195 0.01914316 -0.2110111
v 0.00413531 0.01899492 -0.2122247
v 0.006185173 0.01873713 -0.2134085
v 0.007238924 0.01868677 -0.2159553
v 0.008231163 0.01842361 -0.2183771
v 0.008156776 0.01831102 -0.2201505
v 0.008010327 0.01810204 -0.221813
v 0.01417368 0.008301734 -0.2283014
v 0.01284909 0.01115268 -0.2276574
v 0.01051253 0.01454782 -0.2265216
v 0.01161783 0.01454848 -0.2255778
v 0.01227402 0.01374936 -0.2258474
v 0.01115322 0.01374977 -0.226833
v 0.02246046 0.01020079 -0.2139077
v 0.02178174 0.01020348 -0.2154846
v 0.02070432 0.01203209 -0.2154048
v 0.02668368 0.001061022 -0.2089855
v 0.02614736 0 -0.2107621
v 0.02559524 0 -0.2123613
v 0.02457052 0.008267521 -0.2106865
v 0.0251128 0.00826466 -0.2090288
v 0.02548378 0.007272481 -0.2090186
v 0.02335458 0.008273243 -0.2139496
v 0.02398478 0.008270382 -0.2123274
v 0.0243591 0.007277965 -0.2123352
v 0.01638925 0 -0.2283333
v 0.01569205 0 -0.2290396
v 0.01566791 0.001067996 -0.2290279
v 0.01334661 0.01374888 -0.2247586
v 0.0185976 0.01290738 -0.2183324
v 0.0213859 0.01203012 -0.2138574
v 0.02507734 0.01030778 -0.2059877
v 0.02551865 0.009229719 -0.2062566
v 0.02473419 0.01018995 -0.2074013
v 0.02670902 0 -0.2089849
v 0.02717316 0.001190483 -0.2072649
v 0.02630591 0.004211068 -0.2089959
v 0.02677673 0.004716157 -0.2070233
v 0.02696168 0.003550112 -0.207136
v 0.02608066 0.005243837 -0.2090021
v 0.02580654 0.006264925 -0.2090097
v 0.0265395 0.005869686 -0.2068787
v 0.02625036 0.007008135 -0.2067026
v 0.02561259 0.008261859 -0.2073568
v 0.02586543 0.008262693 -0.206468
v 0.0259099 0.008128941 -0.2064951
v 0.02309381 0.01019805 -0.2123088
v 0.02368324 0.01019537 -0.2106899
v 0.02422976 0.01019263 -0.2090533
v 0.01777499 0.01290869 -0.219765
v 0.01920294 0.01203596 -0.2184137
v 0.01997715 0.01203405 -0.2169248
v 0.0145266 0.007308125 -0.228473
v 0.01483362 0.006298005 -0.2286223
v 0.01509439 0.005273282 -0.228749
v 0.01530861 0.004235982 -0.2288532
v 0.0154758 0.003187954 -0.2289345
v 0.01559567 0.002131342 -0.2289928
v 0.01493996 0 -0.2297441
v 0.01692247 0 -0.2277572
v 0.01689773 0.001067459 -0.227747
v 0.01804804 0.001066923 -0.2263935
v 0.02099591 0.002126157 -0.2219942
v 0.02107292 0.001065313 -0.22201
v 0.02013057 0.00106585 -0.2235163
v 0.02195489 0.001064777 -0.2204678
v 0.0218777 0.002125084 -0.2204548
v 0.02174955 0.003178954 -0.2204332
v 0.02278035 0.00106424 -0.2188942
v 0.02270311 0.002124071 -0.2188838
v 0.02239596 0.004222571 -0.2188425
v 0.01929026 0 -0.2247909
v 0.0201562 0 -0.2235226
v 0.02081358 0 -0.222486
v 0.02218776 0 -0.2200897
v 0.02188783 0.006280183 -0.2187742
v 0.02157074 0.004224479 -0.2204031
v 0.02086806 0.003180444 -0.221968
v 0.02005392 0.00212717 -0.2234973
v 0.01912385 0.001066386 -0.22498
v 0.01784753 0 -0.2266803
v 0.02518856 0.004214882 -0.2123528
v 0.02496135 0.005248367 -0.212348
v 0.02468472 0.006270051 -0.2123422
v 0.02388948 0.004218697 -0.215641
v 0.02366083 0.005252897 -0.215624
v 0.02338254 0.006275117 -0.2156034
v 0.02305489 0.007283449 -0.215579
v 0.02267831 0.008276104 -0.2155511
v 0.02660775 0.002117812 -0.2089877
v 0.02556967 0.001062095 -0.2123608
v 0.02549308 0.002119898 -0.2123592
v 0.02427297 0.001063168 -0.2156695
v 0.0241959 0.002121984 -0.2156638
v 0.02347499 0.002122998 -0.2172857
v 0.02355217 0.001063704 -0.2172937
v 0.02429872 0 -0.2156714
v 0.02359741 0 -0.2172542
v 0.02709388 0.002374053 -0.2072166
v 0.02648174 0.003168404 -0.2089911
v 0.02536594 0.003171443 -0.2123565
v 0.02406793 0.003174424 -0.2156543
v 0.02316802 0.004220664 -0.217254
v 0.02495718 0 -0.2140598
v 0.02195471 0.008278965 -0.2171287
v 0.02233201 0.00728619 -0.2171676
v 0.02266025 0.00627768 -0.2172015
v 0.01289266 0.01291513 -0.2261015
v 0.01175731 0.01291644 -0.2271267
v 0.01436835 0.01374846 -0.223583
v 0.01533901 0.01374804 -0.2223336
v 0.01598006 0.01291126 -0.2224918
v 0.01232331 0.01204961 -0.2274019
v 0.01797288 0.002129256 -0.2263673
v 0.01682376 0.00213027 -0.2277167
v 0.01784801 0.003184974 -0.2263239
v 0.01670098 0.003186464 -0.2276662
v 0.01767385 0.004232108 -0.2262633
v 0.01652973 0.004234075 -0.2275958
v 0.0174508 0.005268752 -0.2261857
v 0.01631033 0.005271017 -0.2275057
v 0.01717919 0.006292939 -0.2260913
v 0.01604324 0.006295502 -0.227396
v 0.01685947 0.007302641 -0.2259801
v 0.01572877 0.007305383 -0.2272667
v 0.01649188 0.008296012 -0.2258523
v 0.01536732 0.008298873 -0.2271183
v 0.01495921 0.009274125 -0.2269505
v 0.01377516 0.009276986 -0.2281076
v 0.01333332 0.01022791 -0.2278929
v 0.01401078 0.0111503 -0.2265609
v 0.01450669 0.01022517 -0.2267646
v 0.01561677 0.01022249 -0.225548
v 0.01607692 0.009271264 -0.225708
v 0.01713001 0.009268403 -0.2243942
v 0.01754981 0.008293211 -0.2245175
v 0.01854455 0.00829035 -0.2231247
v 0.01792156 0.0072999 -0.2246267
v 0.01891911 0.007297158 -0.2232172
v 0.01824498 0.006290376 -0.2247217
v 0.01924496 0.006287872 -0.2232976
v 0.01851969 0.005266487 -0.2248025
v 0.01952183 0.005264222 -0.223366
v 0.01874536 0.004230201 -0.2248688
v 0.01974916 0.004228293 -0.2234221
v 0.01892149 0.003183484 -0.2249206
v 0.01992666 0.003181993 -0.2234659
v 0.01904779 0.002128243 -0.2249577
v 0.0169031 0.01290994 -0.2211537
v 0.01750659 0.01203989 -0.2212776
v 0.01837992 0.01203793 -0.2198666
v 0.01894181 0.0111382 -0.2199611
v 0.01976519 0.01113581 -0.2184891
v 0.02028304 0.0102089 -0.2185587
v 0.02053898 0.01113337 -0.2169827
v 0.02105653 0.01020622 -0.2170361
v 0.01347231 0.01204764 -0.2263397
v 0.01456505 0.01204574 -0.2251822
v 0.01511251 0.01114785 -0.2253726
v 0.01615458 0.01114547 -0.2241076
v 0.01666462 0.01021975 -0.2242575
v 0.01765263 0.01021707 -0.2229046
v 0.01812154 0.009265542 -0.2230203
v 0.01905453 0.00926274 -0.2215955
v 0.01947945 0.008287489 -0.2216827
v 0.02035754 0.008284628 -0.2201991
v 0.01985579 0.007294416 -0.22176
v 0.02073478 0.007291674 -0.2202625
v 0.0201832 0.006285309 -0.2218273
v 0.02106302 0.006282746 -0.2203177
v 0.02046132 0.005261957 -0.2218844
v 0.0213418 0.005259692 -0.2203646
v 0.02068972 0.004226386 -0.2219313
v 0.01397562 0.01291388 -0.2249773
v 0.01500463 0.01291257 -0.2237699
v 0.0156008 0.01204377 -0.223945
v 0.01658076 0.0120418 -0.22264
v 0.01713871 0.01114302 -0.2227777
v 0.01806712 0.01114064 -0.2213927
v 0.01858341 0.01021432 -0.2214987
v 0.01945936 0.01021164 -0.2200481
v 0.01993161 0.009259879 -0.2201275
v 0.02075564 0.009257018 -0.2186222
v 0.02118188 0.008281767 -0.2186794
v 0.02152878 0.009254157 -0.2170848
v 0.02155935 0.007288932 -0.2187301
v 0.004564046 -0.01829451 -0.2245623
v 0.004504859 -0.01825261 -0.2246749
v 0.005129098 -0.0180183 -0.224889
v 0.002855777 -0.01610046 -0.2283293
v 0.003784954 -0.01598215 -0.2282522
v 0.003558993 -0.01621305 -0.2280532
v 0.004116535 -0.01593852 -0.2282134
v 0.001923263 -0.01621311 -0.228361
v 0.002726793 -0.01658624 -0.2278003
v 0.001885592 -0.01692706 -0.2275254
v -0.001104772 -0.0172618 -0.2272834
v -0.000869459 -0.01651483 -0.2281834
v 0.000600605 -0.01672118 -0.2279217
v 5.75615e-05 -0.01642066 -0.2282879
v 0.000989614 -0.01631999 -0.2283471
v -0.001791179 -0.01660233 -0.2280331
v -0.001525819 -0.01670539 -0.2279394
v -0.002707779 -0.01668316 -0.2278363
v -0.003231704 -0.0171281 -0.2272314
v -0.004933595 -0.01741623 -0.226442
v -0.004507064 -0.01682227 -0.2273012
v -0.003614246 -0.01675659 -0.2275925
v -0.006612837 -0.01756066 -0.2255661
v -0.006236493 -0.01692795 -0.2265738
v -0.005381703 -0.01687949 -0.2269623
v -0.008646011 -0.01701641 -0.225113
v -0.008568704 -0.0170148 -0.2251694
v -0.008248746 -0.01755195 -0.2246012
v -0.007874071 -0.01699662 -0.2256463
v -0.007069885 -0.01696717 -0.2261342
v -0.01198369 -0.01697361 -0.2218316
v -0.0113905 -0.01700049 -0.2225615
v -0.01134049 -0.01708149 -0.2224727
v -0.01075816 -0.01701843 -0.223258
v -0.009827911 -0.01739132 -0.2235642
v -0.01008927 -0.01702713 -0.2239167
v -0.00938481 -0.01702654 -0.2245358
v -0.01171326 -0.01743382 -0.2212235
v -0.01242989 -0.01719504 -0.2206523
v -0.0125364 -0.01693814 -0.2210721
v -0.01304817 -0.0168944 -0.2202858
v -0.01312619 -0.01692086 -0.220074
v -0.01351952 -0.01684266 -0.219475
v -0.01539856 -0.01644754 -0.2148036
v -0.01525419 -0.01650583 -0.215375
v -0.01518112 -0.01663082 -0.2149248
v -0.01501989 -0.01657772 -0.2161296
v -0.01542919 -0.01643377 -0.2146716
v -0.01474159 -0.01706832 -0.2141602
v -0.01557171 -0.01636159 -0.2139961
v -0.01532053 -0.01661753 -0.2135687
v -0.01511186 -0.01681679 -0.2131877
v -0.01533371 -0.01662504 -0.2130594
v -0.01575845 -0.01622879 -0.2128149
v -0.01572787 -0.01625734 -0.2130647
v -0.01571691 -0.01626634 -0.2131431
v -0.01564496 -0.01631766 -0.2135971
v -0.01442456 -0.0173465 -0.2135854
v -0.01348847 -0.01784062 -0.2153305
v -0.01313179 -0.0181455 -0.2143329
v -0.01412987 -0.01747536 -0.2147476
v -0.01371151 -0.01781439 -0.2139977
v -0.01431226 -0.01742506 -0.2136504
v -0.01293945 -0.01824665 -0.2144441
v -0.01299846 -0.01820689 -0.2145386
v -0.01222348 -0.01858931 -0.2148579
v -0.01232302 -0.01851826 -0.2151091
v -0.01179486 -0.01877158 -0.2151057
v -0.01162552 -0.01879382 -0.2156739
v -0.01145136 -0.01890659 -0.2153043
v -0.0102688 -0.01930475 -0.2159878
v -0.01017528 -0.01924622 -0.2167849
v -0.009867668 -0.01941877 -0.2162196
v -0.008567392 -0.01972371 -0.2169713
v -0.00866723 -0.01957905 -0.2178674
v -0.008253633 -0.01978355 -0.2171527
v -0.007115721 -0.01980209 -0.2189157
v -0.006525576 -0.02002459 -0.2181516
v -0.005528688 -0.01991885 -0.2199208
v -0.004997193 -0.02012246 -0.2190352
v -0.000988169 -0.01989686 -0.2213526
v -0.001719892 -0.0199902 -0.2209296
v -0.002245306 -0.01981455 -0.2217532
v -0.002996206 -0.02009665 -0.2201919
v -0.00390613 -0.01992571 -0.2208706
v -0.003356814 -0.02011394 -0.2199834
v -0.004439771 -0.0201326 -0.2193574
v -9.58518e-05 -0.01975023 -0.2218685
v -0.000560601 -0.01958763 -0.2225721
v 0.000885307 -0.01954525 -0.2224358
v 0.001133263 -0.01925069 -0.2233325
v 0.001507997 -0.01938974 -0.2227957
v 0.002616047 -0.01906067 -0.2234361
v 0.00282514 -0.01880657 -0.2240354
v 0.003096163 -0.01889562 -0.2237136
v 0.004173099 -0.01846998 -0.2243363
v 0.007342219 -0.01635366 -0.2264961
v 0.007160305 -0.01549875 -0.2275627
v 0.008132934 -0.01587146 -0.226671
v 0.008036315 -0.01535999 -0.2272827
v 0.008778929 -0.01523566 -0.2269995
v 0.00660777 -0.01558369 -0.2277198
v 0.00689429 -0.01589775 -0.227249
v 0.006272614 -0.01563429 -0.2278082
v 0.006090581 -0.01635295 -0.2270534
v 0.00598663 -0.01567691 -0.227879
v 0.002327084 -0.01740068 -0.2267954
v 0.003170192 -0.01707005 -0.227078
v 0.004005014 -0.01670712 -0.227339
v 0.004829883 -0.01631063 -0.2275766
v 0.004708468 -0.01585853 -0.2281293
v 0.00564289 -0.01587927 -0.2277885
v 0.00549376 -0.0157482 -0.2279879
v 0.005521178 -0.01574468 -0.2279828
v -0.01057833 -0.01812952 -0.2210635
v -0.01097744 -0.01763719 -0.2217864
v -0.009045183 -0.01842087 -0.2221577
v -0.009452164 -0.017937 -0.2228808
v -0.007448852 -0.01857286 -0.2231989
v -0.007862448 -0.01809293 -0.2239216
v -0.005798339 -0.01858055 -0.2241695
v -0.006217598 -0.01810121 -0.2248908
v -0.004107832 -0.01844102 -0.2250537
v -0.004530429 -0.01795887 -0.2257716
v -0.002394616 -0.01816517 -0.2258554
v -0.002820193 -0.01767587 -0.2265672
v -0.000674724 -0.0177623 -0.2265802
v 0.001037061 -0.01723635 -0.2272298
v -0.013704 -0.01730793 -0.217445
v -0.01409101 -0.01680558 -0.2181825
v -0.0130288 -0.01762324 -0.2180284
v -0.01342898 -0.0171383 -0.21877
v -0.01233363 -0.01790541 -0.2186072
v -0.01274549 -0.01743692 -0.219353
v -0.01162028 -0.01815557 -0.2191806
v -0.01204186 -0.01770168 -0.2199305
v -0.01014363 -0.01856172 -0.2203066
v -0.008604884 -0.01884227 -0.2213961
v -0.007007896 -0.0189926 -0.2224348
v -0.005358576 -0.01900315 -0.2234051
v -0.003668725 -0.01886719 -0.2242911
v -0.001955866 -0.01859855 -0.2250977
v -0.000235803 -0.0182085 -0.2258312
v 0.001477241 -0.01770007 -0.2264928
v -0.01395106 -0.01678353 -0.2186425
v -0.01433616 -0.01671606 -0.2177881
v -0.01470255 -0.01664531 -0.2169252
v -0.01435673 -0.01695811 -0.2168577
v -0.01457774 -0.01704949 -0.2155162
v -0.01394385 -0.01742672 -0.2161038
v -0.01282072 -0.0181663 -0.2159084
v -0.01328319 -0.01776486 -0.2166872
v -0.01212954 -0.01845473 -0.2164808
v -0.01259905 -0.0180661 -0.2172657
v -0.01068854 -0.01892954 -0.2176077
v -0.01189422 -0.01833277 -0.2178389
v -0.01117128 -0.01856684 -0.2184063
v -0.009185373 -0.01928222 -0.218707
v -0.009678363 -0.01894372 -0.21952
v -0.007634699 -0.01952475 -0.2197719
v -0.00813198 -0.01920557 -0.2205989
v -0.006044149 -0.01965957 -0.2207925
v -0.006538152 -0.0193516 -0.2216309
v -0.00441271 -0.01967597 -0.2217541
v -0.004897713 -0.01936858 -0.2225989
v -0.002737402 -0.01955676 -0.2226414
v -0.003212988 -0.01923966 -0.2234863
v -0.00103712 -0.01931142 -0.2234572
v -0.001503348 -0.01897972 -0.2242974
v 0.000669947 -0.01895183 -0.2242073
v 0.000212602 -0.01860278 -0.2250387
v 0.002371549 -0.01848268 -0.2248938
v 0.001921534 -0.01811277 -0.2257117
v 0.004058122 -0.01790136 -0.2255129
v 0.003612458 -0.01750552 -0.2263122
v 0.004892706 -0.01756566 -0.2257941
v 0.004447817 -0.01715511 -0.2265825
v 0.005719542 -0.0171976 -0.2260537
v 0.005274415 -0.01677149 -0.2268303
v 0.006536841 -0.01679456 -0.2262889
v 0.005320549 -0.01791822 -0.2249997
v 0.005540072 -0.01779896 -0.2251266
v 0.00673604 -0.01705372 -0.225818
v 0.007802665 -0.01621538 -0.2264341
v 0.008169591 -0.01587551 -0.2266461
v -0.009263932 -0.01617747 -0.225757
v 0.004132866 -0.0151869 -0.2289785
v 0.008341073 -0.01258647 -0.2296342
v 0.008322119 -0.01261323 -0.2296232
v 0.008471488 -0.01227825 -0.2297989
v 0.005120277 -0.01506954 -0.2288081
v -0.02264577 -0.001168608 -0.2129986
v -0.02255326 -0.001944124 -0.2117747
v -0.02255529 -0.002333998 -0.2130265
v -0.02240473 -0.003492891 -0.2130731
v -0.02231049 -0.003871321 -0.2119151
v -0.02219438 -0.004641592 -0.2131379
v -0.02214366 -0.004753708 -0.2120115
v -0.02192491 -0.005776584 -0.2132206
v -0.02190756 -0.005764544 -0.212148
v -0.02151811 -0.007101595 -0.2123731
v -0.0215969 -0.006894588 -0.213321
v -0.02134984 -0.007598519 -0.2124704
v -0.02121102 -0.007992863 -0.2134386
v -0.02111357 -0.008238077 -0.212607
v -0.02076816 -0.009068429 -0.213573
v -0.02064073 -0.009363353 -0.2128803
v -0.02026939 -0.01011788 -0.2137234
v -0.02012765 -0.01041454 -0.2131769
v -0.0197159 -0.01113778 -0.2138893
v -0.01978909 -0.0110355 -0.2133727
v -0.01807898 -0.01357096 -0.2143612
v -0.01846051 -0.01307541 -0.2141407
v -0.01845031 -0.01307803 -0.214264
v -0.01880335 -0.01259946 -0.2139425
v -0.01910912 -0.01212537 -0.2140697
v -0.01891726 -0.01243436 -0.2138766
v -0.01954954 -0.01144611 -0.2135111
v -0.01772731 -0.01399934 -0.2145645
v -0.0175445 -0.01405835 -0.2155876
v -0.01827687 -0.01313722 -0.2154449
v -0.01526564 -0.01638817 -0.2159875
v -0.01588994 -0.01587057 -0.2156267
v -0.01592767 -0.01577788 -0.2158933
v -0.01647412 -0.01533555 -0.2152889
v -0.01676088 -0.01493942 -0.2157374
v -0.01671695 -0.01509779 -0.2151486
v -0.01769411 -0.0140385 -0.2145837
v -0.01560753 -0.01584607 -0.2168452
v 0.007908821 -0.01317334 -0.2293843
v 0.0078848 -0.01320457 -0.2293704
v 0.006966471 -0.01327151 -0.2297219
v 0.007692396 -0.0134499 -0.2292591
v 0.006544113 -0.01412731 -0.2291722
v 0.006743371 -0.01454579 -0.2287105
v 0.006096243 -0.01494747 -0.2285853
v 0.006266355 -0.01503401 -0.2284348
v 0.008556663 -0.01227504 -0.2297587
v 0.008881866 -0.01136642 -0.2302259
v 0.008911073 -0.01173233 -0.2299637
v 0.00949949 -0.01073384 -0.2303038
v 0.009260058 -0.0104264 -0.2306179
v 0.009809792 -0.01014792 -0.2304832
v 0.009605228 -0.009459853 -0.2309742
v 0.01000607 -0.009751737 -0.2305967
v 0.009916722 -0.008468866 -0.2312946
v 0.01057797 -0.008454859 -0.2309273
v 0.01086688 -0.007693946 -0.2310943
v 0.01019346 -0.007456779 -0.2315784
v 0.01120376 -0.006676018 -0.231289
v 0.0104345 -0.00642687 -0.231825
v 0.0115177 -0.005535781 -0.2314705
v 0.01063936 -0.005381405 -0.2320342
v 0.01168173 -0.004822671 -0.2315653
v 0.01080769 -0.004322052 -0.2322058
v 0.01195162 -0.003305912 -0.2317214
v 0.0109393 -0.003251314 -0.2323396
v 0.01200383 -0.002918601 -0.2317516
v 0.01103353 -0.002172112 -0.2324354
v 0.01109015 -0.001087367 -0.2324929
v 0.01216644 -0.00098463 -0.2318455
v 0.00828123 -0.001105427 -0.23382
v 0.006813645 -0.00111401 -0.234323
v 0.005306541 -0.001122236 -0.2347173
v 0.003765583 -0.001130163 -0.235002
v 0.002219855 -0.001137673 -0.2351732
v 0.000663657 -0.001144826 -0.2352344
v -0.000893718 -0.001151561 -0.2351879
v -0.002440989 -0.001157879 -0.2350356
v -0.003974378 -0.00116378 -0.2347808
v -0.00548762 -0.001169264 -0.2344262
v -0.006974816 -0.001174211 -0.2339745
v -0.008430242 -0.001178622 -0.2334286
v -0.009847879 -0.001182556 -0.2327914
v -0.01122206 -0.001185834 -0.2320657
v -0.01254683 -0.001188516 -0.2312543
v -0.01381635 -0.001190602 -0.2303601
v -0.01502478 -0.001192092 -0.2293857
v -0.01616626 -0.001192986 -0.2283344
v -0.0172351 -0.001193344 -0.2272085
v -0.01822566 -0.001193046 -0.2260105
v -0.01912832 -0.001192212 -0.2247495
v -0.01994025 -0.001190841 -0.2234242
v -0.02065598 -0.001188993 -0.2220396
v -0.0212658 -0.001186609 -0.2206094
v -0.02176737 -0.001183748 -0.2191373
v -0.02215737 -0.00118041 -0.2176315
v 0.007362186 -0.01238244 -0.2302334
v 0.007729947 -0.0114628 -0.2307062
v 0.008068919 -0.01051467 -0.2311397
v 0.008378386 -0.009539902 -0.2315335
v 0.008657753 -0.008540511 -0.2318874
v 0.008906006 -0.007519841 -0.2322005
v 0.009122192 -0.00648123 -0.2324725
v 0.009305953 -0.005426883 -0.2327032
v 0.009456992 -0.00435853 -0.2328924
v 0.009575009 -0.003278732 -0.2330398
v 0.009659588 -0.002190411 -0.2331452
v 0.009710431 -0.001096546 -0.2332085
v -0.01895648 -0.01217877 -0.2153103
v -0.01958203 -0.01118564 -0.2151845
v -0.02015215 -0.01016032 -0.2150682
v -0.02066564 -0.009105622 -0.2149623
v -0.02112132 -0.00802505 -0.2148672
v -0.02151823 -0.006921947 -0.2147838
v -0.02185547 -0.005799174 -0.2147124
v -0.02213245 -0.004659593 -0.2146533
v -0.02234858 -0.003506302 -0.214607
v -0.02250325 -0.002342939 -0.2145738
v -0.02259618 -0.001173019 -0.2145537
v 0.005511283 -0.01424252 -0.2294464
v 0.005880177 -0.01337963 -0.2300435
v 0.006226003 -0.01248329 -0.2305989
v 0.00654757 -0.01155608 -0.2311117
v 0.006844043 -0.01060026 -0.2315816
v 0.007114768 -0.009617507 -0.2320083
v 0.007359266 -0.00860995 -0.2323913
v 0.007576584 -0.007580995 -0.2327302
v 0.007765889 -0.00653392 -0.2330245
v 0.007926821 -0.005470931 -0.2332739
v 0.008059144 -0.004393935 -0.2334783
v 0.008162558 -0.003305315 -0.2336376
v 0.008236706 -0.002208173 -0.2337515
v -0.01646292 -0.01500177 -0.2167652
v -0.01726675 -0.01411503 -0.2166864
v -0.01801741 -0.01318854 -0.2166098
v -0.01871353 -0.01222497 -0.2165362
v -0.0193538 -0.01122689 -0.2164663
v -0.01993703 -0.01019686 -0.2164006
v -0.02046203 -0.00913763 -0.2163401
v -0.02092778 -0.008052647 -0.2162854
v -0.02133321 -0.006945312 -0.2162368
v -0.02167767 -0.005818486 -0.2161949
v -0.02196043 -0.004674911 -0.2161601
v -0.02218103 -0.003517746 -0.2161326
v -0.02233886 -0.002350509 -0.2161128
v -0.02243369 -0.001176834 -0.2161009
v 0.006775736 -0.002225339 -0.2342503
v 0.006712675 -0.003331005 -0.2341291
v 0.006624758 -0.004428088 -0.2339597
v 0.006512224 -0.005513489 -0.2337422
v 0.006375491 -0.006584763 -0.2334768
v 0.006214618 -0.007640004 -0.2331635
v 0.006029963 -0.008676946 -0.2328027
v 0.00582242 -0.009692311 -0.2323947
v 0.005592584 -0.0106827 -0.23194
v 0.005341231 -0.01164603 -0.2314389
v 0.005068659 -0.01258045 -0.2308917
v 0.004775702 -0.01348382 -0.2302988
v 0.004463434 -0.01435345 -0.2296609
v 0.005275666 -0.00224179 -0.234641
v 0.005224347 -0.003355681 -0.2345138
v 0.005152761 -0.004460871 -0.234336
v 0.005061328 -0.005554378 -0.2341077
v 0.004950165 -0.006633579 -0.233829
v 0.004819452 -0.007696628 -0.2335
v 0.004669547 -0.008741259 -0.2331209
v 0.004501104 -0.009764075 -0.2326921
v 0.00431478 -0.01076179 -0.232214
v 0.00411123 -0.01173228 -0.2316869
v 0.003890693 -0.01267361 -0.231111
v 0.003654003 -0.0135836 -0.2304868
v 0.003401994 -0.01445966 -0.2298147
v 0.003135621 -0.01529932 -0.2290953
v 0.003742158 -0.002257585 -0.2349229
v 0.003703176 -0.003379285 -0.234791
v 0.003648817 -0.004492282 -0.2346065
v 0.003579437 -0.005593478 -0.2343696
v 0.003495216 -0.006680309 -0.2340804
v 0.003396272 -0.007750868 -0.2337389
v 0.003282845 -0.008802771 -0.2333453
v 0.003155529 -0.009832739 -0.2329
v 0.003015041 -0.01083743 -0.2324033
v 0.002861738 -0.01181465 -0.2318555
v 0.002696037 -0.01276254 -0.2312568
v 0.002518534 -0.01367884 -0.2306075
v 0.002330005 -0.01456099 -0.2299081
v 0.002131342 -0.01540642 -0.2291591
v 0.002203822 -0.002272605 -0.2350921
v 0.002177238 -0.003401815 -0.2349568
v 0.002140283 -0.004522264 -0.2347675
v 0.002093076 -0.005630791 -0.2345244
v 0.002035975 -0.006724894 -0.2342276
v 0.00196892 -0.007802486 -0.2338771
v 0.001892149 -0.008861362 -0.2334731
v 0.001806259 -0.009898126 -0.2330158
v 0.001711845 -0.01090943 -0.2325056
v 0.001609206 -0.01189303 -0.2319427
v 0.001498639 -0.01284712 -0.2313272
v 0.001380681 -0.01376938 -0.2306595
v 0.001256048 -0.01465719 -0.22994
v 0.001125454 -0.01550811 -0.2291691
v 0.000655255 -0.002286911 -0.235152
v 0.000641306 -0.003423213 -0.2350146
v 0.000621961 -0.004550695 -0.2348223
v 0.00059744 -0.005666196 -0.2345753
v 0.000567894 -0.006767094 -0.2342737
v 0.000533388 -0.007851481 -0.2339175
v 0.000494067 -0.008916854 -0.2335067
v 0.000450402 -0.009959995 -0.2330418
v 0.000402926 -0.0109775 -0.2325229
v 0.000351914 -0.01196718 -0.2319502
v 0.000297573 -0.01292705 -0.2313238
v 0.000240342 -0.01385486 -0.2306441
v 0.000180886 -0.01474803 -0.2299112
v 0.000119778 -0.01560401 -0.2291257
v -0.000894456 -0.002300381 -0.2351049
v -0.000895666 -0.00344336 -0.2349666
v -0.000897175 -0.004577457 -0.234773
v -0.000898809 -0.005699515 -0.2345244
v -0.000900488 -0.00680691 -0.2342206
v -0.000902159 -0.007897555 -0.2338619
v -0.000903704 -0.008969128 -0.2334481
v -0.000904715 -0.01001822 -0.2329796
v -0.000904775 -0.01104158 -0.2324566
v -0.000903648 -0.01203685 -0.2318793
v -0.000901221 -0.01300209 -0.2312477
v -0.000897081 -0.01393508 -0.230562
v -0.000890744 -0.01483309 -0.2298225
v -0.000881675 -0.01569378 -0.2290295
v -0.002434074 -0.002313017 -0.2349528
v -0.00242263 -0.003462255 -0.2348148
v -0.002406418 -0.004602551 -0.2346215
v -0.002385377 -0.005730748 -0.2343733
v -0.00235939 -0.006844162 -0.2340701
v -0.002328455 -0.007940769 -0.2337118
v -0.002292513 -0.009018063 -0.2332986
v -0.002251267 -0.0100727 -0.2328306
v -0.002204239 -0.01110148 -0.232308
v -0.00215137 -0.01210194 -0.2317309
v -0.002092599 -0.01307219 -0.2310995
v -0.002027571 -0.01400989 -0.2304137
v -0.001955926 -0.01491242 -0.2296739
v -0.001877248 -0.01577734 -0.2288803
v -0.003960013 -0.002324819 -0.2346988
v -0.003936111 -0.003479897 -0.2345621
v -0.003902435 -0.004626035 -0.2343708
v -0.003858983 -0.005759954 -0.234125
v -0.003805696 -0.006878972 -0.2338246
v -0.003742635 -0.007981002 -0.2334697
v -0.003669679 -0.009063601 -0.2330603
v -0.003586649 -0.01012343 -0.2325965
v -0.003493249 -0.01115715 -0.2320786
v -0.003389358 -0.01216238 -0.2315064
v -0.003274977 -0.01313722 -0.2308801
v -0.003149986 -0.01407921 -0.2301998
v -0.003013968 -0.01498585 -0.2294656
v -0.002866566 -0.01585459 -0.2286777
v -0.005465865 -0.002335667 -0.2343456
v -0.005429625 -0.00349617 -0.2342113
v -0.005378782 -0.004647612 -0.2340233
v -0.005313336 -0.005786776 -0.2337818
v -0.005233168 -0.006910979 -0.2334866
v -0.005138456 -0.008018016 -0.2331378
v -0.005029141 -0.009105503 -0.2327353
v -0.004905045 -0.01017004 -0.2322793
v -0.004765987 -0.01120823 -0.2317698
v -0.004611909 -0.01221781 -0.2312069
v -0.00444287 -0.0131967 -0.2305905
v -0.004258811 -0.01414263 -0.2299208
v -0.004059433 -0.01505285 -0.2291979
v -0.003844618 -0.01592493 -0.2284217
v -0.006945848 -0.002345561 -0.2338959
v -0.006897568 -0.003510951 -0.233765
v -0.006829857 -0.004667282 -0.2335818
v -0.006742835 -0.005811214 -0.2333463
v -0.006636321 -0.006940066 -0.2330584
v -0.006510615 -0.008051633 -0.2327182
v -0.006365656 -0.009143471 -0.2323255
v -0.006201267 -0.01021218 -0.2318805
v -0.006017506 -0.01125448 -0.2313833
v -0.005814254 -0.01226788 -0.2308337
v -0.00559169 -0.01325041 -0.2302318
v -0.005349814 -0.01419961 -0.2295775
v -0.005088448 -0.01511299 -0.2288709
v -0.004807531 -0.01598799 -0.2281122
v -0.008394181 -0.002354443 -0.2333527
v -0.0083341 -0.003524184 -0.2332261
v -0.008249938 -0.004684805 -0.2330488
v -0.008141756 -0.005833029 -0.2328209
v -0.008009552 -0.006965994 -0.2325424
v -0.007853448 -0.008081614 -0.2322131
v -0.007673621 -0.009177267 -0.2318331
v -0.007470011 -0.01024967 -0.2314022
v -0.007242441 -0.01129543 -0.2309206
v -0.006991147 -0.01231217 -0.2303882
v -0.00671631 -0.01329773 -0.2298049
v -0.00641793 -0.01424986 -0.2291706
v -0.006096005 -0.0151658 -0.2284855
v -0.005750536 -0.01604312 -0.2277494
v -0.009804964 -0.002362191 -0.2327185
v -0.009733438 -0.003535807 -0.2325971
v -0.009633302 -0.004700183 -0.232427
v -0.009504675 -0.005852043 -0.2322082
v -0.009347498 -0.006988644 -0.2319408
v -0.009162008 -0.008107721 -0.2316246
v -0.008948385 -0.009206652 -0.2312595
v -0.008706569 -0.01028215 -0.2308456
v -0.008436679 -0.0113309 -0.2303829
v -0.008138775 -0.01235038 -0.2298711
v -0.007813274 -0.0133385 -0.2293102
v -0.007460117 -0.01429289 -0.2287
v -0.007079541 -0.01521092 -0.2280406
v -0.006671607 -0.01609003 -0.2273319
v -0.01117253 -0.002368748 -0.2319964
v -0.01109004 -0.003545641 -0.2318807
v -0.01097452 -0.004713237 -0.2317187
v -0.01082611 -0.005868256 -0.2315104
v -0.01064497 -0.007007837 -0.2312558
v -0.01043117 -0.008129775 -0.2309545
v -0.01018506 -0.009231448 -0.2306067
v -0.009906589 -0.01030951 -0.2302123
v -0.00959593 -0.01136058 -0.2297711
v -0.009253263 -0.01238226 -0.229283
v -0.008879005 -0.01337236 -0.2287479
v -0.008473396 -0.01432847 -0.2281655
v -0.008036434 -0.01524794 -0.2275359
v -0.007568478 -0.0161283 -0.2268589
v -0.01249092 -0.002374112 -0.2311889
v -0.01239782 -0.003553628 -0.2310798
v -0.01226752 -0.004723846 -0.2309271
v -0.0121001 -0.005881369 -0.2307305
v -0.01189577 -0.007023394 -0.2304902
v -0.01165479 -0.008147537 -0.2302059
v -0.01137733 -0.009251356 -0.2298775
v -0.01106357 -0.01033133 -0.229505
v -0.01071363 -0.01138418 -0.2290881
v -0.01032787 -0.01240742 -0.2286268
v -0.009906768 -0.01339888 -0.2281208
v -0.009450495 -0.01435613 -0.2275699
v -0.008959412 -0.01527649 -0.226974
v -0.008433759 -0.01615744 -0.226333
v -0.01375436 -0.002378284 -0.230299
v -0.01365107 -0.003559827 -0.2301972
v -0.01350659 -0.004732012 -0.2300547
v -0.01332098 -0.005891442 -0.2298713
v -0.01309454 -0.007035255 -0.2296469
v -0.01282745 -0.008161067 -0.2293814
v -0.01252007 -0.009266376 -0.2290747
v -0.01217246 -0.01034772 -0.2287265
v -0.01178503 -0.01140177 -0.2283368
v -0.01135808 -0.01242595 -0.2279054
v -0.01089215 -0.01341813 -0.2274319
v -0.01038759 -0.01437586 -0.2269161
v -0.00984472 -0.01529651 -0.2263579
v -0.01495707 -0.002381265 -0.2293295
v -0.01484417 -0.003564238 -0.2292357
v -0.01468622 -0.004737794 -0.2291043
v -0.01448345 -0.005898535 -0.2289354
v -0.01423609 -0.00704354 -0.2287285
v -0.01394438 -0.008170425 -0.2284837
v -0.01360857 -0.009276628 -0.2282007
v -0.01322913 -0.01035869 -0.2278794
v -0.01280617 -0.01141327 -0.2275195
v -0.01234036 -0.01243782 -0.2271209
v -0.01183211 -0.01343017 -0.2266832
v -0.01128196 -0.01438778 -0.2262061
v -0.01069027 -0.01530808 -0.2256894
v -0.01005762 -0.01618844 -0.2251328
v -0.01609313 -0.002383053 -0.2282834
v -0.01597124 -0.003566861 -0.2281983
v -0.01580083 -0.004741191 -0.2280791
v -0.01558202 -0.005902647 -0.2279257
v -0.01531511 -0.007048249 -0.2277379
v -0.0150004 -0.008175611 -0.2275155
v -0.01463824 -0.009282112 -0.2272584
v -0.01422899 -0.01036429 -0.2269663
v -0.01377308 -0.01141887 -0.2266389
v -0.01327103 -0.01244318 -0.226276
v -0.01272344 -0.01343506 -0.2258772
v -0.01213091 -0.01439201 -0.2254422
v -0.01149392 -0.01531136 -0.2249708
v -0.01081305 -0.01619058 -0.2244625
v -0.01715701 -0.002383649 -0.2271631
v -0.0170269 -0.003567695 -0.2270874
v -0.01684498 -0.004742264 -0.2269814
v -0.01661145 -0.00590384 -0.2268448
v -0.01632654 -0.007049441 -0.2266775
v -0.01599073 -0.008176684 -0.2264794
v -0.01560437 -0.009282886 -0.2262501
v -0.01516783 -0.01036465 -0.2259895
v -0.01468169 -0.01141858 -0.2256972
v -0.0141465 -0.01244211 -0.2253729
v -0.01356291 -0.01343297 -0.2250162
v -0.01293164 -0.01438862 -0.2246268
v -0.01225316 -0.01530647 -0.2242043
v -0.01152837 -0.01618391 -0.2237482
v -0.01814311 -0.002383053 -0.2259712
v -0.0180056 -0.003566861 -0.2259055
v -0.01781332 -0.004741013 -0.2258136
v -0.0175665 -0.005902111 -0.2256951
v -0.01726549 -0.007047176 -0.2255498
v -0.01691073 -0.008173763 -0.2253777
v -0.01650255 -0.009279072 -0.2251783
v -0.01604157 -0.01035982 -0.2249515
v -0.01552826 -0.01141256 -0.2246968
v -0.01496332 -0.01243472 -0.2244139
v -0.01434749 -0.01342391 -0.2241024
v -0.01368153 -0.01437777 -0.2237619
v -0.01296603 -0.01529347 -0.223392
v -0.01220202 -0.01616859 -0.222992
v -0.01904183 -0.002381384 -0.2247165
v -0.01889789 -0.003564298 -0.2246615
v -0.01869654 -0.004737555 -0.2245845
v -0.01843822 -0.005897641 -0.224485
v -0.01812314 -0.007041573 -0.2243631
v -0.01775187 -0.008166909 -0.2242184
v -0.01732486 -0.009270846 -0.2240507
v -0.0168426 -0.01034998 -0.2238596
v -0.0163058 -0.01140093 -0.2236448
v -0.01571518 -0.01242113 -0.2234058
v -0.01507151 -0.01340818 -0.2231422
v -0.01437562 -0.01435959 -0.2228535
v -0.01362836 -0.01527267 -0.2225393
v -0.01283061 -0.01614487 -0.2221989
v -0.01985049 -0.002378642 -0.223398
v -0.019701 -0.003560125 -0.2233543
v -0.01949208 -0.004731893 -0.2232931
v -0.01922398 -0.005890488 -0.223214
v -0.01889705 -0.007032752 -0.2231169
v -0.01851189 -0.008156299 -0.2230015
v -0.01806885 -0.00925827 -0.2228675
v -0.0175687 -0.01033526 -0.2227144
v -0.01701217 -0.01138401 -0.2225421
v -0.01639997 -0.0124017 -0.2223498
v -0.015733 -0.01338601 -0.2221372
v -0.01501214 -0.01433449 -0.2219036
v -0.01423835 -0.01524436 -0.2216488
v -0.01341265 -0.0161131 -0.2213718
v -0.0205636 -0.002374887 -0.2220206
v -0.0204097 -0.003554463 -0.221989
v -0.02019464 -0.004724204 -0.2219445
v -0.01991873 -0.005880713 -0.2218868
v -0.01958233 -0.007020831 -0.2218159
v -0.01918601 -0.008142054 -0.2217314
v -0.01873034 -0.009241521 -0.221633
v -0.01821595 -0.01031589 -0.2215201
v -0.01764374 -0.01136183 -0.2213926
v -0.01701456 -0.01237648 -0.2212497
v -0.01632928 -0.01335763 -0.221091
v -0.01558887 -0.01430261 -0.2209159
v -0.0147944 -0.01520878 -0.2207238
v -0.01394701 -0.01607358 -0.2205141
v -0.02117156 -0.002370119 -0.2205978
v -0.02101457 -0.003547251 -0.2205785
v -0.02079516 -0.004714548 -0.2205513
v -0.02051371 -0.005868434 -0.2205159
v -0.02017068 -0.007005929 -0.2204721
v -0.01976656 -0.008124291 -0.2204195
v -0.01930207 -0.009220838 -0.220358
v -0.0187779 -0.01029211 -0.2202868
v -0.01819491 -0.01133465 -0.2202057
v -0.01755398 -0.01234591 -0.2201139
v -0.01685631 -0.0133233 -0.2200111
v -0.01610285 -0.01426428 -0.2198964
v -0.01529461 -0.01516628 -0.2197694
v -0.01443296 -0.01602661 -0.2196292
v -0.02167207 -0.002364397 -0.2191334
v -0.02151334 -0.003538668 -0.2191269
v -0.02129143 -0.004702985 -0.2191175
v -0.02100694 -0.005853891 -0.219105
v -0.02066016 -0.006988167 -0.2190892
v -0.02025181 -0.008103311 -0.2190697
v -0.01978248 -0.0091964 -0.2190462
v -0.01925301 -0.01026409 -0.219018
v -0.01866436 -0.01130288 -0.2189847
v -0.01801747 -0.01231014 -0.2189458
v -0.01731353 -0.01328331 -0.2189006
v -0.01655364 -0.01421993 -0.2188484
v -0.0157389 -0.01511722 -0.2187885
v -0.01487082 -0.01597261 -0.2187202
v -0.0220617 -0.002357661 -0.2176355
v -0.0219025 -0.003528475 -0.2176419
v -0.02167993 -0.004689335 -0.2176507
v -0.02139461 -0.005836725 -0.2176616
v -0.02104699 -0.006967365 -0.2176743
v -0.02063769 -0.008078694 -0.2176884
v -0.02016735 -0.00916785 -0.2177035
v -0.01963692 -0.01023137 -0.2177191
v -0.01904743 -0.01126593 -0.2177348
v -0.01839995 -0.01226866 -0.2177496
v -0.01769566 -0.01323717 -0.2177631
v -0.0169357 -0.01416879 -0.2177745
v -0.01612144 -0.0150609 -0.217783
v -0.01525431 -0.01591086 -0.2177879
v 0.01033031 -0.01137167 -0.2293769
v 0.01308703 -0.003195106 -0.2309499
v 0.01320999 -0.002099871 -0.2310199
v 0.01429486 -0.001991391 -0.2301875
v 0.008713841 -0.0146054 -0.2276714
v 0.009413063 -0.01449322 -0.2273656
v 0.01328194 -0.000998658 -0.231061
v 0.01268941 -0.005355238 -0.2307232
v 0.01379841 -0.005275607 -0.2299007
v 0.01241558 -0.006413936 -0.230567
v 0.01364898 -0.005906343 -0.2298142
v 0.01209294 -0.007454216 -0.230383
v 0.01327407 -0.007233262 -0.2295975
v 0.01435273 -0.001068532 -0.230221
v 0.01435703 -0.000966722 -0.2302234
v 0.01417946 -0.003094136 -0.2301208
v 0.01416712 -0.003189504 -0.2301137
v 0.0129134 -0.004281282 -0.2308509
v 0.01405191 -0.003966212 -0.2300472
v 0.01381731 -0.005190134 -0.2299116
v 0.007871627 -0.01475679 -0.2279706
v 0.007017254 -0.01490682 -0.2282367
v 0.007723927 -0.01413029 -0.228643
v 0.008546173 -0.01397037 -0.2283568
v 0.008390307 -0.01330763 -0.2290257
v 0.009182035 -0.01314228 -0.2287206
v 0.009777307 -0.01227509 -0.229061
v 0.01083958 -0.01043486 -0.2296677
v 0.0093562 -0.01381087 -0.2280395
v 0.01004344 -0.01367539 -0.22773
v 0.01053273 -0.01297718 -0.2280128
v 0.009961485 -0.01297867 -0.2283864
v 0.01062279 -0.01284182 -0.2280649
v 0.01152545 -0.01134413 -0.2285867
v 0.01116508 -0.01197552 -0.2283784
v 0.01130396 -0.00946772 -0.2299328
v 0.01238012 -0.009611427 -0.2290807
v 0.01213252 -0.01015365 -0.2289377
v 0.01166874 -0.01107871 -0.2286695
v 0.01172208 -0.008473217 -0.2301714
v 0.01324951 -0.007310926 -0.2295833
v 0.01309061 -0.007792055 -0.2294915
v 0.01293629 -0.00822848 -0.2294023
v 0.01255542 -0.009202778 -0.2291821
v -0.0223959 -0.002268314 -0.2104384
v -0.02247941 -0.001079022 -0.2103895
v -0.02147656 -0.006911337 -0.2109767
v -0.01907759 -0.01217228 -0.2123803
v -0.01966154 -0.01118785 -0.2120387
v -0.02228105 -0.001158177 -0.2090438
v -0.02222687 -0.002003073 -0.2090752
v -0.01642119 -0.01555591 -0.2131443
v -0.01610767 -0.01588129 -0.2126129
v -0.01609295 -0.01577776 -0.2148853
v -0.01627582 -0.01566785 -0.2140188
v -0.0168901 -0.01499003 -0.2144201
v -0.01704192 -0.01486688 -0.2135706
v -0.01764351 -0.01414662 -0.2139807
v -0.01844507 -0.01311576 -0.2127501
v -0.01835072 -0.01325172 -0.2135683
v -0.01776576 -0.01401507 -0.2131474
v -0.02110403 -0.008024215 -0.2111948
v -0.02225345 -0.003450155 -0.2105218
v -0.02205234 -0.004620552 -0.2106396
v -0.02179306 -0.00577557 -0.2107914
v -0.02158212 -0.005905985 -0.2094479
v -0.02067643 -0.009110331 -0.211445
v -0.02061092 -0.008901953 -0.2100092
v -0.0210238 -0.007789015 -0.2097706
v -0.02135473 -0.006743252 -0.2095793
v -0.02206462 -0.003454327 -0.209169
v -0.02207762 -0.003361821 -0.2091615
v -0.02164947 -0.005632102 -0.209409
v -0.02187556 -0.004584491 -0.2092784
v -0.02198374 -0.003979444 -0.2092158
v -0.01650971 -0.01545751 -0.2123801
v -0.01651102 -0.01545608 -0.2123793
v -0.01715862 -0.01474452 -0.2127143
v -0.01722073 -0.01464426 -0.2119687
v -0.01910525 -0.01196449 -0.2108799
v -0.0196678 -0.01095414 -0.2105546
v -0.02014243 -0.009989321 -0.2102802
v -0.02019512 -0.0101661 -0.2117266
v -0.01912432 -0.01193225 -0.2108688
v -0.01945424 -0.01135277 -0.2106781
v -0.01964676 -0.01099431 -0.2105668
v -0.01735055 -0.01448607 -0.2118937
v -0.01789098 -0.01379078 -0.2115815
v -0.01790124 -0.01377695 -0.2115755
v -0.01846611 -0.01297712 -0.2112492
v -0.02016377 -0.009942948 -0.2102678
v -0.02030938 -0.009619414 -0.2101836
v -0.02059054 -0.008952796 -0.210021
v 0.01741021 -0.01369655 -0.219218
v 0.01751333 -0.0132628 -0.2197158
v 0.01900374 -0.01282399 -0.217698
v -0.008132934 -0.0198633 -0.2165293
v -0.01025152 -0.01928472 -0.2128877
v -0.01111334 -0.01897615 -0.2123461
v -0.01125103 -0.01899248 -0.2131035
v -0.01195991 -0.01861494 -0.2118096
v 0.01449954 -0.01405054 -0.2230429
v 0.01600152 -0.0136733 -0.2215022
v 0.01520121 -0.01426523 -0.2217998
v 0.01154124 -0.01471173 -0.2254578
v 0.01174026 -0.01467049 -0.2253203
v 0.01102381 -0.01546144 -0.2249727
v 0.0130034 -0.01439869 -0.2243646
v 0.01309239 -0.01437884 -0.2242918
v 0.01234424 -0.01522505 -0.2239462
v 0.001961112 -0.01944291 -0.2223912
v -0.001041054 -0.0200842 -0.2199602
v 0.02411371 -0.01171386 -0.2054008
v 0.02396619 -0.01183027 -0.2053109
v 0.02265119 -0.01246398 -0.2084875
v 0.02175438 -0.01304036 -0.2079716
v 0.02128684 -0.01326841 -0.2077019
v 0.02056014 -0.01363521 -0.2092876
v 0.01518052 -0.01447921 -0.2020466
v 0.01589804 -0.01389652 -0.2003943
v 0.01394885 -0.01409363 -0.1992064
v 0.01620936 -0.01532888 -0.2167928
v 0.01714879 -0.01467663 -0.2172505
v 0.01811826 -0.01437741 -0.2158282
v 0.01426196 -0.01636624 -0.2158154
v 0.01524537 -0.01588392 -0.2163138
v 0.01620936 -0.01554989 -0.214869
v 0.01226198 -0.01715159 -0.2147734
v 0.01326644 -0.01678603 -0.2153014
v 0.01422488 -0.01641845 -0.2138371
v -0.00039132 -0.01587754 -0.1968156
v -0.001310765 -0.01637804 -0.1983717
v 0.000686943 -0.0166338 -0.1996324
v -0.000240077 -0.01714509 -0.2011883
v -0.009528279 -0.01316577 -0.195029
v -0.01043409 -0.01346009 -0.1964663
v -0.01016455 -0.01398652 -0.1967841
v 0.01018482 -0.01498192 -0.2263015
v 0.01030582 -0.01495867 -0.2262329
v 0.00963664 -0.01568335 -0.225884
v 0.02438431 -0.0108456 -0.2074095
v 0.02495473 -0.01058393 -0.2059126
v 0.02483165 -0.0108397 -0.2058381
v -0.01517808 -0.01675605 -0.2123337
v -0.01586437 -0.01582199 -0.2096346
v -0.01588356 -0.01601225 -0.2110581
v -0.01520615 -0.01668375 -0.2114762
v -0.01587295 -0.0160517 -0.2113659
v -0.01584029 -0.01612305 -0.2119372
v 0.00955379 -0.01509982 -0.2266377
v -0.01183086 -0.01392215 -0.1987457
v -0.01195788 -0.01457768 -0.199782
v -0.009793043 -0.01443409 -0.1970422
v -0.01157957 -0.01502275 -0.2000499
v -0.009381353 -0.01482272 -0.1973248
v -0.0111677 -0.01541697 -0.2003383
v -0.008941173 -0.01515823 -0.1976245
v -0.01073187 -0.01576483 -0.2006412
v -0.008021175 -0.01570576 -0.1982465
v -0.009826302 -0.01634949 -0.2012662
v -0.007077574 -0.0161494 -0.1988802
v -0.008898437 -0.01683515 -0.2019016
v -0.006116151 -0.01652157 -0.1995208
v -0.007951915 -0.01724815 -0.2025439
v -0.005144655 -0.01683408 -0.2001631
v -0.006992995 -0.01759862 -0.2031883
v -0.00416547 -0.01709556 -0.200805
v -0.006023824 -0.01789426 -0.2038328
v -0.003178179 -0.01731252 -0.2014465
v -0.006696641 -0.01224547 -0.1905331
v -0.008560776 -0.01285248 -0.193502
v -0.008481681 -0.01313853 -0.1937091
v -0.009499192 -0.01315635 -0.194983
v -0.008321106 -0.01338553 -0.193818
v -0.006485283 -0.01277762 -0.1908453
v -0.00663793 -0.01253396 -0.1907469
v -0.00659126 -0.0122109 -0.1903638
v -0.005414307 -0.01269155 -0.189454
v -0.005234062 -0.01289159 -0.1895664
v -0.00436604 -0.01257711 -0.1880454
v -0.004408121 -0.0125339 -0.1880197
v -0.004542052 -0.01238232 -0.187938
v -0.005578815 -0.01247131 -0.1893512
v -0.004668056 -0.01221531 -0.1878612
v -0.005726754 -0.01223045 -0.1892585
v -0.004843175 -0.01192867 -0.1877545
v -0.004897356 -0.0118224 -0.1877214
v -0.0048334 -0.01323384 -0.1898158
v -0.004393279 -0.01350742 -0.1900892
v -0.003534495 -0.01316368 -0.1885522
v -0.003649294 -0.01310384 -0.1884823
v -0.003971159 -0.01290619 -0.1882861
v -0.004079878 -0.01282709 -0.1882199
v -0.003280639 -0.01598322 -0.1971126
v -0.002298593 -0.01620018 -0.1977423
v -0.000469226 -0.015226 -0.1946355
v -0.001447558 -0.01506179 -0.194024
v -0.004257917 -0.0157203 -0.1964823
v -0.002424359 -0.01485759 -0.1934118
v -0.005227625 -0.0154016 -0.1958532
v -0.003396809 -0.01460254 -0.1928006
v -0.006180822 -0.01501357 -0.1952316
v -0.004354536 -0.01428145 -0.192197
v -0.007109224 -0.0145179 -0.194623
v -0.005287706 -0.01385003 -0.1916075
v -0.007550895 -0.01420241 -0.1943319
v -0.005729436 -0.01356118 -0.1913276
v -0.007959365 -0.01382738 -0.1940608
v -0.006133854 -0.0132066 -0.1910703
v -0.006316959 -0.01300173 -0.1909533
v -0.000559158 -0.01457995 -0.1924626
v -0.001533091 -0.01440775 -0.1918608
v -0.00250405 -0.01418751 -0.1912601
v -0.003461062 -0.01390308 -0.1906673
v -0.004959762 -0.01166921 -0.1876835
v -0.002181768 -0.01748931 -0.2020881
v -0.004055082 -0.01834285 -0.2051212
v -0.002118706 -0.01808339 -0.204255
v -0.003056347 -0.01850342 -0.2057642
v -0.001046538 -0.01871162 -0.2070373
v 0.000840593 -0.01780897 -0.2039994
v -0.000102592 -0.01827883 -0.205529
v 0.000984852 -0.0187878 -0.2082959
v 0.002874135 -0.01787126 -0.2052558
v 0.004712283 -0.01681607 -0.2021228
v 0.002695083 -0.01677417 -0.2008832
v 0.000512301 -0.01535761 -0.1952469
v 0.001599371 -0.01609808 -0.1980608
v -0.001177072 -0.01762932 -0.2027293
v 0.001223742 -0.01419287 -0.1914519
v 0.001391291 -0.01482158 -0.1936649
v 0.002564311 -0.01429831 -0.1922688
v 0.003359496 -0.01496428 -0.1948742
v 0.006464004 -0.01564925 -0.1989104
v 0.004477441 -0.01563286 -0.1976962
v 0.002492785 -0.01554036 -0.1964745
v 0.009194314 -0.01437354 -0.196309
v 0.006141245 -0.01441431 -0.1944485
v 0.005329072 -0.01503026 -0.19608
v 0.005599498 -0.01440924 -0.1941184
v 0.004185199 -0.01437634 -0.1932566
v -0.000654232 -0.01395678 -0.1903074
v -0.002168357 -0.01364463 -0.1893847
v -0.002605915 -0.01352196 -0.189118
v -0.00302869 -0.01338088 -0.1888604
v 0.007151961 -0.01835215 -0.2119519
v 0.008103787 -0.01792472 -0.2104548
v 0.006978809 -0.0176934 -0.2077224
v 0.00674051 -0.01677083 -0.2033526
v 0.004922986 -0.01783019 -0.2064985
v 0.008772969 -0.01664412 -0.2045686
v 0.01080262 -0.0164349 -0.2057664
v 0.009933352 -0.01696228 -0.2073576
v 0.009032785 -0.0174601 -0.2089217
v 0.01522284 -0.01601475 -0.2143602
v 0.0171765 -0.01501303 -0.2153592
v 0.0180301 -0.0138759 -0.2176681
v 0.01842695 -0.01340693 -0.2178496
v 0.01938867 -0.01311528 -0.2164383
v 0.01973956 -0.01259374 -0.2165974
v 0.02046424 -0.01235717 -0.2154382
v 0.01400953 -0.01619881 -0.2096841
v 0.01312673 -0.01665019 -0.2112353
v 0.01413846 -0.01636004 -0.2117897
v 0.01220548 -0.017075 -0.2127532
v 0.01321882 -0.01676964 -0.2133013
v 0.01124978 -0.01746946 -0.2142319
v 0.01760113 -0.01429784 -0.2174667
v 0.01899713 -0.01358503 -0.2162547
v 0.02029627 -0.01282268 -0.2149903
v 0.02186167 -0.01186847 -0.2129578
v 0.01244246 -0.01530289 -0.2025132
v 0.01045179 -0.01548296 -0.201322
v 0.008457183 -0.01559805 -0.20012
v 0.01004755 -0.01434254 -0.196829
v 0.01318168 -0.01415705 -0.1987389
v 0.01641893 -0.01471138 -0.2048668
v 0.01443302 -0.01505023 -0.2036958
v 0.01565551 -0.01522713 -0.2064962
v 0.01365017 -0.015603 -0.2053315
v 0.0148524 -0.01572358 -0.2081036
v 0.01614111 -0.01564204 -0.2128655
v 0.01514339 -0.01602625 -0.2123332
v 0.01701396 -0.01525086 -0.2113375
v 0.01601874 -0.01561254 -0.2107958
v 0.0178411 -0.01484346 -0.2097801
v 0.01685017 -0.01517969 -0.2092289
v 0.01862359 -0.0144214 -0.2081949
v 0.0176385 -0.01472973 -0.2076344
v 0.01936185 -0.01398593 -0.2065863
v 0.01838403 -0.01426422 -0.206017
v 0.02356231 -0.0114082 -0.2090045
v 0.02340734 -0.01165378 -0.2089175
v 0.0227037 -0.01194554 -0.2104745
v 0.0232377 -0.01188176 -0.2088217
v 0.01991122 -0.01329058 -0.2148042
v 0.02114945 -0.01252985 -0.2135114
v 0.0207718 -0.01299351 -0.2133224
v 0.02195078 -0.01223737 -0.2120057
v 0.02158111 -0.01269459 -0.2118135
v 0.02234214 -0.01239436 -0.2102783
v 0.02305412 -0.01209241 -0.2087175
v 0.02308708 -0.01233273 -0.2047753
v 0.02272397 -0.01248383 -0.204554
v 0.02262681 -0.01252096 -0.2044948
v 0.01809579 -0.01468402 -0.213887
v 0.0171281 -0.01519846 -0.213385
v 0.01896554 -0.01434373 -0.2123821
v 0.01799923 -0.01483196 -0.211868
v 0.01978635 -0.01399379 -0.2108486
v 0.01882308 -0.01445233 -0.2103219
v 0.01960092 -0.01406091 -0.2087479
v 0.02033305 -0.01365858 -0.2071501
v 0.0216872 -0.01283353 -0.2039221
v 0.01857042 -0.01400429 -0.2160496
v 0.01948803 -0.01370447 -0.2145948
v 0.0190373 -0.01406949 -0.214368
v 0.02035307 -0.01339977 -0.2131084
v 0.01990479 -0.01375448 -0.2128758
v 0.02116745 -0.01309126 -0.2115944
v 0.02072215 -0.01343363 -0.2113556
v 0.02193367 -0.01277935 -0.2100536
v 0.02149158 -0.01310759 -0.2098083
v 0.02221286 -0.01277637 -0.2082358
v 0.02359163 -0.01207637 -0.2050827
v 0.02435529 -0.01148939 -0.2055478
v 0.02444601 -0.01139122 -0.2056031
v 0.02473962 -0.01099711 -0.2057819
v 0.02131366 -0.01293945 -0.2036945
v 0.02220654 -0.01174062 -0.2122906
v 0.02316403 -0.01136845 -0.2103042
v 0.02370244 -0.01114517 -0.2090827
v 0.02073085 -0.01308876 -0.2033393
v 0.01976978 -0.01330143 -0.2027537
v 0.01909059 -0.01378607 -0.2043854
v 0.01932835 -0.01338791 -0.2024847
v 0.01714521 -0.01417982 -0.2032238
v 0.01784318 -0.01363897 -0.2015796
v 0.01665443 -0.01380455 -0.2008552
v 0.000296917 -0.01980799 -0.2214358
v -0.002787411 -0.02021843 -0.218946
v -0.002150952 -0.02022349 -0.2177872
v -0.001434326 -0.02014797 -0.2165368
v -0.000313516 -0.02008092 -0.2188574
v 0.000695663 -0.0198366 -0.2209607
v -0.000633517 -0.01999586 -0.2152164
v 0.000476501 -0.01999968 -0.2176531
v 0.001516997 -0.01982587 -0.2199085
v 0.002415299 -0.01946675 -0.2219414
v 0.00361061 -0.01894021 -0.2233316
v 0.005222141 -0.01828497 -0.2242429
v 0.006005346 -0.01789331 -0.2246823
v 0.008913695 -0.01578539 -0.2262873
v 0.008226633 -0.01640653 -0.225912
v 0.007509589 -0.01696038 -0.2255179
v 0.006769061 -0.01745349 -0.225108
v 0.000233441 -0.01977324 -0.2138513
v 0.001333594 -0.01984465 -0.2163696
v 0.002382516 -0.01973885 -0.218746
v 0.003333151 -0.01944684 -0.2209334
v 0.004121184 -0.01895582 -0.2229023
v 0.004961907 -0.01864206 -0.2233706
v 0.005790293 -0.01828551 -0.2238281
v 0.00660324 -0.0178821 -0.2242724
v 0.007397353 -0.01742702 -0.2247017
v 0.008168995 -0.01691442 -0.2251136
v 0.008917927 -0.0163359 -0.2255086
v 0.01231306 -0.01454949 -0.2249048
v 0.01025056 -0.01616412 -0.2245938
v 0.009445548 -0.01678043 -0.2241933
v 0.008619129 -0.01732337 -0.2237747
v 0.007771551 -0.01780283 -0.2233372
v 0.006906747 -0.01822537 -0.2228828
v 0.006027698 -0.01859658 -0.2224131
v 0.005137264 -0.01892131 -0.2219303
v 0.004276573 -0.01935261 -0.2198081
v 0.003297448 -0.0195806 -0.2174962
v 0.002240896 -0.01962143 -0.2150323
v 0.001145184 -0.0194869 -0.2124491
v 0.01437115 -0.01408153 -0.2231645
v 0.01399952 -0.01454305 -0.2229995
v 0.01360505 -0.01497399 -0.2228217
v 0.01480108 -0.01471191 -0.2216217
v 0.01276069 -0.01574307 -0.222432
v 0.01393753 -0.01550048 -0.2212262
v 0.01187711 -0.01640218 -0.2220143
v 0.01303011 -0.01616835 -0.2207992
v 0.0109722 -0.01697689 -0.2215767
v 0.01210063 -0.01674741 -0.2203515
v 0.01004761 -0.01748168 -0.2211189
v 0.01115167 -0.01725476 -0.2198835
v 0.009108185 -0.01792418 -0.220643
v 0.01018863 -0.0176987 -0.2193973
v 0.008156776 -0.01831102 -0.2201505
v 0.00921452 -0.01808631 -0.2188948
v 0.007195472 -0.01864796 -0.2196429
v 0.008231163 -0.01842361 -0.2183771
v 0.006243169 -0.01896643 -0.2173008
v 0.007238924 -0.01868677 -0.2159553
v 0.005212843 -0.01907408 -0.2148206
v 0.006185173 -0.01873713 -0.2134085
v 0.00413531 -0.01899492 -0.2122247
v 0.00509411 -0.0186035 -0.2107597
v 0.003035008 -0.01874852 -0.2095386
v 0.01670813 -0.01348555 -0.2206981
v 0.01633626 -0.01398295 -0.220537
v 0.0159344 -0.01444083 -0.2203581
v 0.01505941 -0.01524055 -0.219956
v 0.01413589 -0.01590955 -0.2195194
v 0.01318949 -0.0164864 -0.2190616
v 0.01222366 -0.01699048 -0.2185834
v 0.01124441 -0.01743078 -0.2180876
v 0.01025485 -0.01781487 -0.217576
v 0.009256482 -0.01814901 -0.2170494
v 0.008229076 -0.01835674 -0.2145571
v 0.01283055 -0.01613378 -0.2069458
v 0.01197481 -0.01664006 -0.2085341
v 0.01108342 -0.01711916 -0.2100939
v 0.01015841 -0.01756775 -0.2116214
v 0.009204804 -0.01798188 -0.2131108
v 0.01026487 -0.01782917 -0.2156658
v 0.01127237 -0.01750165 -0.2162002
v 0.01227164 -0.01712501 -0.2167203
v 0.01326131 -0.01669287 -0.2172253
v 0.01423817 -0.01619732 -0.2177135
v 0.0151956 -0.01562869 -0.2181817
v 0.01612931 -0.01496511 -0.2186285
v 0.01658016 -0.01458352 -0.2188401
v 0.01700973 -0.0141617 -0.219038
v -0.01372987 -0.01779711 -0.2123914
v -0.01448154 -0.01727831 -0.2119256
v -0.01519459 -0.01660299 -0.2106176
v -0.01584327 -0.01577645 -0.2093066
v -0.01295775 -0.01825028 -0.212868
v -0.01216417 -0.0186457 -0.2133553
v -0.01141899 -0.01896142 -0.2145857
v -0.009792804 -0.01949113 -0.21555
v -0.01135247 -0.01898849 -0.2138509
v -0.01561856 -0.01552289 -0.2075714
v -0.01567828 -0.01557469 -0.2079135
v -0.01504415 -0.01642054 -0.2089033
v -0.01514136 -0.01651519 -0.2097594
v -0.01438349 -0.0171591 -0.2102504
v -0.01490134 -0.01631879 -0.2080505
v -0.01561284 -0.01551818 -0.2075407
v -0.01471287 -0.01620984 -0.2072033
v -0.009831607 -0.01920551 -0.2113842
v -0.01072317 -0.01888805 -0.2108102
v -0.01159989 -0.01851516 -0.21024
v -0.01278853 -0.0181961 -0.2112799
v -0.01245921 -0.01808142 -0.2096756
v -0.01359599 -0.01771414 -0.21076
v -0.01329779 -0.01758074 -0.20912
v -0.01411646 -0.01700079 -0.2085748
v -0.009263336 -0.01905256 -0.2098624
v -0.01017928 -0.01873099 -0.2092625
v -0.01108098 -0.01835244 -0.2086655
v -0.0119661 -0.01791113 -0.2080733
v -0.01283085 -0.01740014 -0.2074893
v -0.01367509 -0.01680439 -0.2069154
v -0.009686648 -0.01953339 -0.2148597
v -0.004775106 -0.02019625 -0.2184962
v -0.006461977 -0.02009326 -0.2175104
v -0.006267964 -0.02014148 -0.2169019
v -0.00798434 -0.01991188 -0.2158811
v -0.01448071 -0.01609396 -0.206365
v -0.01420944 -0.01597267 -0.2055392
v -0.01480311 -0.0150451 -0.2046599
v -0.01519399 -0.01524394 -0.2058263
v -0.01520597 -0.01525068 -0.2058665
v -0.01533114 -0.01532346 -0.2063086
v -0.01390397 -0.01584672 -0.204726
v -0.01320761 -0.01558327 -0.2031334
v -0.01428216 -0.01542586 -0.2044615
v -0.01358765 -0.01515096 -0.2028647
v -0.008568823 -0.01883536 -0.2083468
v -0.009503841 -0.01851421 -0.2077276
v -0.01042544 -0.01813554 -0.2071104
v -0.01133143 -0.0176931 -0.2064971
v -0.01221734 -0.01717925 -0.2058916
v -0.01308232 -0.01657611 -0.205296
v -0.01461398 -0.01495826 -0.2041665
v -0.01406204 -0.01472568 -0.2028838
v -0.007779657 -0.0185644 -0.20684
v -0.008729338 -0.01824784 -0.2062075
v -0.009666621 -0.01787412 -0.2055763
v -0.01058924 -0.01743644 -0.2049481
v -0.01149225 -0.0169264 -0.2043272
v -0.01237392 -0.01632332 -0.2037162
v -0.01280051 -0.01597303 -0.2034189
v -0.006923496 -0.01824826 -0.2053371
v -0.007884323 -0.01794034 -0.2046964
v -0.008833765 -0.01757615 -0.2040563
v -0.009769678 -0.01714849 -0.2034187
v -0.01068651 -0.01664811 -0.2027882
v -0.01158154 -0.01605153 -0.2021676
v -0.01201349 -0.01570099 -0.2018662
v -0.01242369 -0.01530754 -0.2015779
v -0.01280367 -0.01486742 -0.2013082
v -0.01306819 -0.01435083 -0.2009111
v -0.009548485 -0.01955032 -0.214153
v -0.008491814 -0.01976001 -0.2139798
v -0.009376823 -0.01954478 -0.2134327
v -0.0080114 -0.0196914 -0.2125385
v -0.008926987 -0.019472 -0.2119607
v -0.007394492 -0.01954311 -0.211066
v -0.008334577 -0.01932191 -0.2104638
v -0.007621407 -0.01910412 -0.2089669
v -0.007807075 -0.01993417 -0.2152128
v -0.007599413 -0.01993316 -0.2145275
v -0.007087349 -0.01986676 -0.2131161
v -0.006445288 -0.01971948 -0.2116675
v -0.005694389 -0.01950025 -0.2102065
v -0.00486344 -0.01921898 -0.2087376
v -0.006818175 -0.0188291 -0.2074729
v -0.005803167 -0.02016246 -0.2156177
v -0.005225479 -0.0200963 -0.2142636
v -0.004531919 -0.01994884 -0.2128607
v -0.003742694 -0.01972818 -0.2114339
v -0.002884268 -0.01944327 -0.2099887
v -0.004533052 -0.02023983 -0.2179248
v -0.003984391 -0.02025401 -0.2167053
v -0.003338694 -0.02018398 -0.2154049
v -0.002592384 -0.02003455 -0.2140446
v -0.001764774 -0.01981276 -0.2126497
v -0.000879754 -0.01952636 -0.2112267
v -0.001979112 -0.01910197 -0.2085236
v -0.003977 -0.01888418 -0.2072577
v -0.005951702 -0.01850551 -0.2059778
v -0.005044639 -0.01814091 -0.2044771
v -0.002241373 -0.01685714 -0.1999148
v 4.26212e-05 -0.01918238 -0.2097753
v 0.002084195 -0.01914316 -0.2110111
v 0.003179788 -0.01933628 -0.2136498
v 0.004246175 -0.01935708 -0.2161844
v 0.005251348 -0.01919037 -0.2185886
v 0.006159901 -0.01881617 -0.2208359
v 0.007090449 -0.01848345 -0.2213317
v 0.008010327 -0.01810204 -0.221813
v 0.008917272 -0.01766651 -0.2222782
v 0.009808301 -0.01717072 -0.2227255
v 0.01067924 -0.01660776 -0.2231532
v 0.0115292 -0.01596552 -0.223562
v 0.01598006 -0.01291126 -0.2224918
v 0.01533901 -0.01374804 -0.2223336
v 0.01436835 -0.01374846 -0.223583
v 0.01689773 -0.001067459 -0.227747
v 0.01566791 -0.001067996 -0.2290279
v 0.02405691 -0.006272554 -0.2139825
v 0.02338254 -0.006275117 -0.2156034
v 0.02388948 -0.004218697 -0.215641
v 0.02233201 -0.00728619 -0.2171676
v 0.02195471 -0.008278965 -0.2171287
v 0.02118188 -0.008281767 -0.2186794
v 0.02630263 -0.006262362 -0.2073218
v 0.02654182 -0.005835533 -0.2068849
v 0.02625548 -0.006968855 -0.2067092
v 0.0185976 -0.01290738 -0.2183324
v 0.01051253 -0.01454782 -0.2265216
v 0.01334661 -0.01374888 -0.2247586
v 0.02372097 -0.01112133 -0.2090675
v 0.02422976 -0.01019263 -0.2090533
v 0.02509164 -0.01025938 -0.2059966
v 0.02469402 -0.009239852 -0.2090405
v 0.02552908 -0.009185671 -0.206264
v 0.0267769 -0.004688501 -0.2070285
v 0.02679938 -0.00420916 -0.2072968
v 0.0268594 -0.004209101 -0.2070785
v 0.02709919 -0.002116858 -0.2072831
v 0.02709251 -0.00236231 -0.2072185
v 0.02696061 -0.003529965 -0.2071396
v 0.02717214 -0.00118792 -0.2072654
v 0.02711349 -0.002116799 -0.207231
v 0.02660775 -0.002117812 -0.2089877
v 0.02309381 -0.01019805 -0.2123088
v 0.02258038 -0.01112616 -0.212298
v 0.02126514 -0.01113098 -0.2154464
v 0.02155935 -0.007288932 -0.2187301
v 0.02188783 -0.006280183 -0.2187742
v 0.02266025 -0.00627768 -0.2172015
v 0.02216678 -0.005257427 -0.2188117
v 0.02316802 -0.004220664 -0.217254
v 0.02305489 -0.007283449 -0.215579
v 0.02267831 -0.008276104 -0.2155511
v 0.0243591 -0.007277965 -0.2123352
v 0.02239596 -0.004222571 -0.2188425
v 0.02257484 -0.003177464 -0.2188666
v 0.02347499 -0.002122998 -0.2172857
v 0.02270311 -0.002124071 -0.2188838
v 0.02355217 -0.001063704 -0.2172937
v 0.02278035 -0.00106424 -0.2188942
v 0.02456247 -0.00421679 -0.2140063
v 0.0241959 -0.002121984 -0.2156638
v 0.02486807 -0.002120912 -0.2140206
v 0.02630591 -0.004211068 -0.2089959
v 0.02580654 -0.006264925 -0.2090097
v 0.02548378 -0.007272481 -0.2090186
v 0.02526754 -0.006267488 -0.2106838
v 0.02576929 -0.004212975 -0.210682
v 0.02607262 -0.002118825 -0.2106809
v 0.02468472 -0.006270051 -0.2123422
v 0.02518856 -0.004214882 -0.2123528
v 0.02549308 -0.002119898 -0.2123592
v 0.01417368 -0.008301734 -0.2283014
v 0.0145266 -0.007308125 -0.228473
v 0.01483362 -0.006298005 -0.2286223
v 0.01509439 -0.005273282 -0.228749
v 0.01530861 -0.004235982 -0.2288532
v 0.0154758 -0.003187954 -0.2289345
v 0.01559567 -0.002131342 -0.2289928
v 0.01175731 -0.01291644 -0.2271267
v 0.01161783 -0.01454848 -0.2255778
v 0.01227402 -0.01374936 -0.2258474
v 0.01284909 -0.01115268 -0.2276574
v 0.01377516 -0.009276986 -0.2281076
v 0.01536732 -0.008298873 -0.2271183
v 0.01572877 -0.007305383 -0.2272667
v 0.01604324 -0.006295502 -0.227396
v 0.01631033 -0.005271017 -0.2275057
v 0.01652973 -0.004234075 -0.2275958
v 0.01670098 -0.003186464 -0.2276662
v 0.01682376 -0.00213027 -0.2277167
v 0.01333332 -0.01022791 -0.2278929
v 0.01450669 -0.01022517 -0.2267646
v 0.01495921 -0.009274125 -0.2269505
v 0.01607692 -0.009271264 -0.225708
v 0.01649188 -0.008296012 -0.2258523
v 0.01754981 -0.008293211 -0.2245175
v 0.01685947 -0.007302641 -0.2259801
v 0.01792156 -0.0072999 -0.2246267
v 0.01717919 -0.006292939 -0.2260913
v 0.01824498 -0.006290376 -0.2247217
v 0.0174508 -0.005268752 -0.2261857
v 0.01851969 -0.005266487 -0.2248025
v 0.01767385 -0.004232108 -0.2262633
v 0.01874536 -0.004230201 -0.2248688
v 0.01784801 -0.003184974 -0.2263239
v 0.01892149 -0.003183484 -0.2249206
v 0.01797288 -0.002129256 -0.2263673
v 0.01904779 -0.002128243 -0.2249577
v 0.01804804 -0.001066923 -0.2263935
v 0.01912385 -0.001066386 -0.22498
v 0.02070432 -0.01203209 -0.2154048
v 0.02053898 -0.01113337 -0.2169827
v 0.01997715 -0.01203405 -0.2169248
v 0.01976519 -0.01113581 -0.2184891
v 0.01920294 -0.01203596 -0.2184137
v 0.01837992 -0.01203793 -0.2198666
v 0.01777499 -0.01290869 -0.219765
v 0.0169031 -0.01290994 -0.2211537
v 0.01232331 -0.01204961 -0.2274019
v 0.01347231 -0.01204764 -0.2263397
v 0.01401078 -0.0111503 -0.2265609
v 0.01511251 -0.01114785 -0.2253726
v 0.01561677 -0.01022249 -0.225548
v 0.01666462 -0.01021975 -0.2242575
v 0.01713001 -0.009268403 -0.2243942
v 0.01812154 -0.009265542 -0.2230203
v 0.01854455 -0.00829035 -0.2231247
v 0.01947945 -0.008287489 -0.2216827
v 0.01891911 -0.007297158 -0.2232172
v 0.01985579 -0.007294416 -0.22176
v 0.01924496 -0.006287872 -0.2232976
v 0.0201832 -0.006285309 -0.2218273
v 0.01952183 -0.005264222 -0.223366
v 0.02046132 -0.005261957 -0.2218844
v 0.01974916 -0.004228293 -0.2234221
v 0.02068972 -0.004226386 -0.2219313
v 0.01992666 -0.003181993 -0.2234659
v 0.02086806 -0.003180444 -0.221968
v 0.02005392 -0.00212717 -0.2234973
v 0.02099591 -0.002126157 -0.2219942
v 0.02013057 -0.00106585 -0.2235163
v 0.02107292 -0.001065313 -0.22201
v 0.02591794 -0.008086264 -0.2065019
v 0.0251128 -0.00826466 -0.2090288
v 0.02398478 -0.008270382 -0.2123274
v 0.02356225 -0.009245574 -0.2123185
v 0.02225309 -0.009251296 -0.2155196
v 0.02178174 -0.01020348 -0.2154846
v 0.02152878 -0.009254157 -0.2170848
v 0.02105653 -0.01020622 -0.2170361
v 0.02075564 -0.009257018 -0.2186222
v 0.02028304 -0.0102089 -0.2185587
v 0.01945936 -0.01021164 -0.2200481
v 0.01894181 -0.0111382 -0.2199611
v 0.01806712 -0.01114064 -0.2213927
v 0.01750659 -0.01203989 -0.2212776
v 0.01658076 -0.0120418 -0.22264
v 0.01500463 -0.01291257 -0.2237699
v 0.01115322 -0.01374977 -0.226833
v 0.01289266 -0.01291513 -0.2261015
v 0.01397562 -0.01291388 -0.2249773
v 0.01456505 -0.01204574 -0.2251822
v 0.0156008 -0.01204377 -0.223945
v 0.01615458 -0.01114547 -0.2241076
v 0.01713871 -0.01114302 -0.2227777
v 0.01765263 -0.01021707 -0.2229046
v 0.01858341 -0.01021432 -0.2214987
v 0.01905453 -0.00926274 -0.2215955
v 0.01993161 -0.009259879 -0.2201275
v 0.02035754 -0.008284628 -0.2201991
v 0.02073478 -0.007291674 -0.2202625
v 0.02106302 -0.006282746 -0.2203177
v 0.0213418 -0.005259692 -0.2203646
v 0.02157074 -0.004224479 -0.2204031
v 0.02174955 -0.003178954 -0.2204332
v 0.0218777 -0.002125084 -0.2204548
v 0.02195489 -0.001064777 -0.2204678
v -0.02071732 0.007737815 -0.2080762
v -0.01993179 0.009805142 -0.2085567
v -0.01693952 0.01406008 -0.2076017
v -0.01707971 0.01418244 -0.2084694
v -0.01765 0.0133363 -0.2080958
v -0.01619768 0.01474153 -0.2071286
v -0.01647669 0.01499468 -0.2088662
v -0.02171552 0.003385007 -0.2074669
v -0.01981145 0.003175258 -0.2024604
v -0.01967084 0.004216551 -0.2025607
v -0.02044886 0.004309713 -0.2042025
v -0.02034735 -0.008784234 -0.2083024
v -0.01784807 -0.01356732 -0.2098349
v -0.01722979 -0.01441818 -0.2102156
v -0.005466461 0.01042306 -0.187375
v -0.007157623 0.01090455 -0.1899826
v -0.007580101 0.009497821 -0.1894952
v -0.007157623 -0.01090455 -0.1899826
v -0.0218411 0.002264499 -0.2073901
v -0.02191662 0.001134693 -0.2073441
v -0.02194178 0 -0.2073287
v -0.02191662 -0.001134693 -0.2073441
v -0.0218411 -0.002264499 -0.2073901
v -0.01657497 0.01523232 -0.2106199
v -0.007957637 0.008024096 -0.1890726
v -0.006247639 0.008107781 -0.1868988
v -0.005881607 0.009271144 -0.187122
v -0.008727729 0.003294408 -0.1882401
v -0.007062196 0.004453778 -0.1864024
v -0.008539676 0.004906773 -0.1884408
v -0.006834149 0.00573039 -0.1865413
v -0.008280694 0.006489396 -0.1887195
v -0.006564974 0.006929576 -0.1867053
v -0.006365537 0.007692515 -0.186827
v -0.008841514 0.001656532 -0.1881191
v -0.007337391 0.001984953 -0.1862347
v -0.007226824 0.00322014 -0.1863021
v -0.008727729 -0.003294408 -0.1882401
v -0.0073511 -0.00177139 -0.1862264
v -0.008841514 -0.001656532 -0.1881191
v -0.007399857 -0.000520584 -0.1861967
v -0.008879601 0 -0.1880787
v -0.007395327 0.000734696 -0.1861994
v -0.007361233 0.001594781 -0.1862202
v -0.008539676 -0.004906773 -0.1884408
v -0.007102131 -0.004188895 -0.1863781
v -0.00724852 -0.003018856 -0.1862889
v -0.006626307 -0.006676495 -0.186668
v -0.006893634 -0.00542736 -0.1865051
v -0.007019937 -0.00471723 -0.1864281
v -0.008280694 -0.006489396 -0.1887195
v -0.007957637 -0.008024096 -0.1890726
v -0.006296813 -0.007937431 -0.1868689
v -0.007580101 -0.009497821 -0.1894952
v -0.005903244 -0.009206652 -0.1871088
v -0.005448997 -0.01046848 -0.1873856
v -0.01264667 -0.01333361 -0.1991034
v -0.01353859 -0.01362448 -0.2006222
v -0.01337468 -0.01179885 -0.198441
v -0.01371037 -0.01099514 -0.1981404
v -0.01469093 -0.01124602 -0.1996277
v -0.01301985 -0.01257824 -0.1987621
v -0.0143277 -0.01206445 -0.1999381
v -0.01436936 -0.01391267 -0.2021751
v -0.01511192 -0.01419597 -0.203772
v -0.01675361 -0.01393431 -0.2067395
v -0.01573389 -0.01447308 -0.2054226
v -0.01624715 -0.0136736 -0.2050417
v -0.01558619 -0.01340621 -0.2033997
v -0.01480764 -0.01313376 -0.2018123
v -0.01394325 -0.01285719 -0.2002696
v -0.01402562 -0.01016741 -0.1978606
v -0.01431912 -0.009316444 -0.1976023
v -0.01534873 -0.009533941 -0.1990721
v -0.01503175 -0.0104022 -0.1993389
v -0.01458925 -0.008443772 -0.1973662
v -0.01483458 -0.007551312 -0.1971532
v -0.01590502 -0.007730662 -0.1986083
v -0.01564037 -0.008642733 -0.1988283
v -0.01619768 -0.01474153 -0.2071286
v -0.01636058 -0.01487016 -0.2079947
v -0.01647669 -0.01499468 -0.2088662
v -0.01654738 -0.0151152 -0.2097417
v -0.01707971 -0.01418244 -0.2084694
v -0.01657497 -0.01523232 -0.2106199
v -0.0165618 -0.01534634 -0.2114999
v -0.01522362 -0.01232802 -0.201471
v -0.01603597 -0.0125882 -0.2030496
v -0.01673352 -0.01284438 -0.2046833
v -0.01728004 -0.01309537 -0.2063733
v -0.01765 -0.0133363 -0.2080958
v -0.01598453 -0.01063579 -0.2008541
v -0.01561629 -0.01149529 -0.2011514
v -0.01685786 -0.01086705 -0.2024162
v -0.01646035 -0.01174169 -0.2027215
v -0.01762127 -0.011096 -0.2040347
v -0.017192 -0.01198506 -0.2043474
v -0.01823943 -0.0113222 -0.2057105
v -0.01777577 -0.01222455 -0.2060301
v -0.01868772 -0.01154196 -0.2074193
v -0.0181865 -0.01245599 -0.2077456
v -0.01897078 -0.01175546 -0.2091456
v -0.01842886 -0.01267951 -0.2094781
v -0.01664125 -0.008840978 -0.2003284
v -0.01632672 -0.009750485 -0.2005794
v -0.01756638 -0.009037852 -0.2018764
v -0.01722711 -0.009965181 -0.2021342
v -0.01838552 -0.009233534 -0.2034816
v -0.01801967 -0.0101782 -0.2037458
v -0.01906412 -0.009428083 -0.2051449
v -0.01866948 -0.01038938 -0.2054151
v -0.01957792 -0.00961852 -0.2068419
v -0.0191521 -0.01059544 -0.2071178
v -0.01993179 -0.009805142 -0.2085567
v -0.01947236 -0.0107966 -0.2088381
v -0.01505368 -0.006641805 -0.1969639
v -0.01614129 -0.006800591 -0.1984129
v -0.01524531 -0.005718469 -0.1967989
v -0.01634782 -0.005855977 -0.1982426
v -0.01554244 -0.003844022 -0.1965441
v -0.01666802 -0.003937304 -0.1979795
v -0.018592 -0.005131542 -0.2011036
v -0.0175932 -0.005016386 -0.1995763
v -0.01875948 -0.004123568 -0.2009782
v -0.01774871 -0.004030525 -0.1994542
v -0.01889008 -0.003104925 -0.2008803
v -0.01787006 -0.003034591 -0.1993589
v -0.0189836 -0.002076327 -0.2008103
v -0.01802647 0 -0.1992363
v -0.01800906 -0.001016497 -0.19925
v -0.01686131 -0.001981854 -0.1978209
v -0.01949048 -0.005246639 -0.2026894
v -0.01967084 -0.004216551 -0.2025607
v -0.01981145 -0.003175258 -0.2024604
v -0.01991212 -0.002123534 -0.2023886
v -0.01997262 -0.001063883 -0.2023455
v -0.01718127 -0.00695908 -0.1999006
v -0.01692664 -0.007909536 -0.2001019
v -0.0181483 -0.007116794 -0.2014368
v -0.01787394 -0.008087337 -0.2016437
v -0.01901268 -0.007274091 -0.2030311
v -0.01871705 -0.008264422 -0.2032431
v -0.01974004 -0.007431089 -0.2046839
v -0.01942151 -0.008440792 -0.2049009
v -0.02030652 -0.007585585 -0.206371
v -0.01996326 -0.008614003 -0.2065926
v -0.02071732 -0.007737815 -0.2080762
v -0.01740384 -0.005993247 -0.1997252
v -0.01838803 -0.006130039 -0.2012566
v -0.01927089 -0.006266593 -0.2028463
v -0.02001816 -0.006403028 -0.2044948
v -0.02060616 -0.006537616 -0.2061777
v -0.0210402 -0.006670594 -0.2078791
v -0.02025473 -0.005361795 -0.2043343
v -0.02044886 -0.004309713 -0.2042025
v -0.02060031 -0.00324583 -0.2040998
v -0.02070868 -0.00217092 -0.2040263
v -0.02077376 -0.001087665 -0.2039822
v -0.02079546 0 -0.2039675
v -0.02153992 -0.004493236 -0.207574
v -0.02171552 -0.003385007 -0.2074669
v -0.02086097 -0.00547558 -0.2060136
v -0.02107006 -0.004401922 -0.205879
v -0.02123314 -0.003315687 -0.205774
v -0.02134978 -0.002217888 -0.2056989
v -0.02141988 -0.001111268 -0.2056537
v -0.0214433 0 -0.2056387
v -0.02141988 0.001111268 -0.2056537
v -0.02131468 -0.005588114 -0.2077115
v -0.01692593 0 -0.197768
v -0.01686131 0.001981854 -0.1978209
v -0.01800906 0.001016497 -0.19925
v -0.01795691 0.00202912 -0.1992909
v -0.0189836 0.002076327 -0.2008103
v -0.01889008 0.003104925 -0.2008803
v -0.018592 0.005131542 -0.2011036
v -0.01774871 0.004030525 -0.1994542
v -0.0175932 0.005016386 -0.1995763
v -0.01666802 0.003937304 -0.1979795
v -0.01634782 0.005855977 -0.1982426
v -0.01787006 0.003034591 -0.1993589
v -0.01875948 0.004123568 -0.2009782
v -0.01922959 0.00417 -0.2017616
v -0.01884418 0.006198287 -0.2020437
v -0.01838803 0.006130039 -0.2012566
v -0.0181483 0.007116794 -0.2014368
v -0.01831054 0.008175969 -0.2024356
v -0.01264667 0.01333361 -0.1991034
v -0.01301985 0.01257824 -0.1987621
v -0.01578187 0 -0.1963392
v -0.01572185 0.001934647 -0.1963905
v -0.01554244 0.003844022 -0.1965441
v -0.01524531 0.005718469 -0.1967989
v -0.01614129 0.006800591 -0.1984129
v -0.01505368 0.006641805 -0.1969639
v -0.01590502 0.007730662 -0.1986083
v -0.01483458 0.007551312 -0.1971532
v -0.01564037 0.008642733 -0.1988283
v -0.01458925 0.008443772 -0.1973662
v -0.01534873 0.009533941 -0.1990721
v -0.01431912 0.009316444 -0.1976023
v -0.01503175 0.0104022 -0.1993389
v -0.01402562 0.01016741 -0.1978606
v -0.01469093 0.01124602 -0.1996277
v -0.01371037 0.01099514 -0.1981404
v -0.0143277 0.01206445 -0.1999381
v -0.01337468 0.01179885 -0.198441
v -0.01394325 0.01285719 -0.2002696
v -0.01353859 0.01362448 -0.2006222
v -0.01787394 0.008087337 -0.2016437
v -0.01756638 0.009037852 -0.2018764
v -0.01763892 0.01007187 -0.2029324
v -0.01722711 0.009965181 -0.2021342
v -0.01685786 0.01086705 -0.2024162
v -0.0168423 0.0118637 -0.2035269
v -0.01646035 0.01174169 -0.2027215
v -0.01603597 0.0125882 -0.2030496
v -0.01593351 0.01354056 -0.2042133
v -0.01511192 0.01419597 -0.203772
v -0.01558619 0.01340621 -0.2033997
v -0.01436936 0.01391267 -0.2021751
v -0.01480764 0.01313376 -0.2018123
v -0.01522362 0.01232802 -0.201471
v -0.01561629 0.01149529 -0.2011514
v -0.01598453 0.01063579 -0.2008541
v -0.01632672 0.009750485 -0.2005794
v -0.01664125 0.008840978 -0.2003284
v -0.01692664 0.007909536 -0.2001019
v -0.01718127 0.00695908 -0.1999006
v -0.01740384 0.005993247 -0.1997252
v -0.01572185 -0.001934647 -0.1963905
v -0.01903975 0.00104016 -0.2007682
v -0.01991212 0.002123534 -0.2023886
v -0.02060031 0.00324583 -0.2040998
v -0.02107006 0.004401922 -0.205879
v -0.01927089 0.006266593 -0.2028463
v -0.01901268 0.007274091 -0.2030311
v -0.01974004 0.007431089 -0.2046839
v -0.01905852 0 -0.2007542
v -0.01997262 0.001063883 -0.2023455
v -0.02070868 0.00217092 -0.2040263
v -0.02123314 0.003315687 -0.205774
v -0.02153992 0.004493236 -0.207574
v -0.02134978 0.002217888 -0.2056989
v -0.02077376 0.001087665 -0.2039822
v -0.01999276 0 -0.2023311
v -0.01903975 -0.00104016 -0.2007682
v -0.01795691 -0.00202912 -0.1992909
v -0.02131468 0.005588114 -0.2077115
v -0.01949048 0.005246639 -0.2026894
v -0.02025473 0.005361795 -0.2043343
v -0.02086097 0.00547558 -0.2060136
v -0.02001816 0.006403028 -0.2044948
v -0.02030652 0.007585585 -0.206371
v -0.02060616 0.006537616 -0.2061777
v -0.0210402 0.006670594 -0.2078791
v -0.01871705 0.008264422 -0.2032431
v -0.01838552 0.009233534 -0.2034816
v -0.01906412 0.009428083 -0.2051449
v -0.01801967 0.0101782 -0.2037458
v -0.01836466 0.0102843 -0.2045747
v -0.017192 0.01198506 -0.2043474
v -0.01750469 0.01210558 -0.205183
v -0.01702797 0.01297086 -0.2055226
v -0.01728004 0.01309537 -0.2063733
v -0.01675361 0.01393431 -0.2067395
v -0.01652204 0.01380521 -0.205885
v -0.01636058 0.01487016 -0.2079947
v -0.01598799 0.01460891 -0.20627
v -0.01624715 0.0136736 -0.2050417
v -0.0191521 0.01059544 -0.2071178
v -0.01866948 0.01038938 -0.2054151
v -0.01868772 0.01154196 -0.2074193
v -0.01823943 0.0113222 -0.2057105
v -0.0181865 0.01245599 -0.2077456
v -0.01942151 0.008440792 -0.2049009
v -0.01957792 0.00961852 -0.2068419
v -0.01996326 0.008614003 -0.2065926
v -0.02034735 0.008784234 -0.2083024
v -0.01897078 0.01175546 -0.2091456
v -0.01947236 0.0107966 -0.2088381
v -0.01842886 0.01267951 -0.2094781
v -0.01784807 0.01356732 -0.2098349
v -0.01722979 0.01441818 -0.2102156
v -0.01777577 0.01222455 -0.2060301
v -0.01004713 0.008450746 -0.1919065
v -0.01218605 0.008882343 -0.1947354
v -0.01241737 0.008046984 -0.1945157
v -0.01042491 0.006839275 -0.1915209
v -0.01193517 0.009698271 -0.1949758
v -0.009604156 0.009993433 -0.192368
v -0.01166617 0.01049345 -0.195236
v -0.009106338 0.01146054 -0.1929005
v -0.009106338 -0.01146054 -0.1929005
v -0.01009207 -0.0117402 -0.1943562
v -0.009604156 -0.009993433 -0.192368
v -0.01166617 -0.01049345 -0.195236
v -0.01138043 -0.0112673 -0.1955155
v -0.01107913 -0.01201945 -0.1958139
v -0.01076316 -0.01275032 -0.1961309
v -0.01004713 -0.008450746 -0.1919065
v -0.01042491 -0.006839275 -0.1915209
v -0.01262784 -0.007193922 -0.1943174
v -0.01241737 -0.008046984 -0.1945157
v -0.01218605 -0.008882343 -0.1947354
v -0.01193517 -0.009698271 -0.1949758
v -0.01262784 0.007193922 -0.1943174
v -0.01281589 0.006325542 -0.1941411
v -0.01072716 0.005173802 -0.1912165
v -0.01298052 0.005444884 -0.1939876
v -0.01094639 0.003475069 -0.1909975
v -0.01323598 0.003658592 -0.1937502
v -0.01107895 0.001747906 -0.1908654
v -0.01339036 0.00184077 -0.1936071
v -0.01112329 0 -0.1908212
v -0.01344197 0 -0.1935593
v -0.01107895 -0.001747906 -0.1908654
v -0.01339036 -0.00184077 -0.1936071
v -0.01094639 -0.003475069 -0.1909975
v -0.01323598 -0.003658592 -0.1937502
v -0.01072716 -0.005173802 -0.1912165
v -0.01298052 -0.005444884 -0.1939876
v -0.01281589 -0.006325542 -0.1941411
v -0.01138043 0.0112673 -0.1955155
v -0.01107913 0.01201945 -0.1958139
v -0.01076316 0.01275032 -0.1961309
v -0.003642797 0.000880622 -0.2144692
v -0.003596544 0.001074552 -0.2144498
v -0.003531157 0.001074552 -0.214597
v -0.002832651 0.002586007 -0.2141301
v -0.00268042 0.002761483 -0.2140663
v -0.002632379 0.002761483 -0.2141746
v -0.000612772 0.003869235 -0.2132253
v -0.000450752 0.00388956 -0.2131492
v -0.000443946 0.00388956 -0.2131629
v -0.001336276 0.003681123 -0.2135036
v -0.001124382 0.003754615 -0.2134149
v -0.001105666 0.003754615 -0.213457
v -0.000287345 0.003901481 -0.2130808
v -0.000133158 0.003905355 -0.2129999
v -0.000283729 0.003901481 -0.2130873
v -0.000290734 0.003901481 -0.213074
v -0.003243744 -0.001969754 -0.2143022
v -0.003333091 -0.001793682 -0.2143396
v -0.003272712 -0.001793682 -0.2144755
v 3.17762e-05 -0.003901481 -0.2129442
v 0.000199267 -0.00388956 -0.2128875
v 0.000194143 -0.00388956 -0.2128734
v 2.74291e-05 0.003901481 -0.2129327
v 2.92192e-05 0.003901481 -0.2129372
v 0.000858066 0.003754615 -0.212585
v 0.000869138 0.003754615 -0.2126125
v 0.00069919 0.003802001 -0.2126781
v 0.001838088 0.003268778 -0.2121747
v 0.001860082 0.003268778 -0.2122293
v 0.001701831 0.003373622 -0.2122905
v 0.002414107 0.002761483 -0.2119336
v 0.002442538 0.002761483 -0.2120041
v 0.002305805 0.00290066 -0.212057
v 0.002776861 -0.00230199 -0.2117817
v 0.002809345 -0.00230199 -0.2118623
v 0.00291568 -0.002137005 -0.2118213
v 0.000231284 -0.003885328 -0.2128474
v 0.00036112 -0.003869235 -0.2128089
v -0.000133158 -0.003905355 -0.2129999
v 2.92192e-05 -0.003901481 -0.2129372
v 2.74291e-05 -0.003901481 -0.2129327
v 0.000355665 -0.003869235 -0.2127953
v 0.000529655 -0.003840148 -0.2127437
v 0.000591999 -0.003825426 -0.2126963
v 0.00069919 -0.003802001 -0.2126781
v 0.000690005 -0.003802001 -0.2126553
v 0.000869138 -0.003754615 -0.2126125
v 0.000858066 -0.003754615 -0.212585
v 0.000945272 -0.003726243 -0.2125484
v 0.001038849 -0.003697693 -0.2125468
v 0.001025855 -0.003697693 -0.2125147
v 0.001207649 -0.003631174 -0.2124816
v 0.001192867 -0.003631174 -0.2124448
v 0.0013749 -0.00355494 -0.2124169
v 0.00128746 -0.003588855 -0.2124052
v 0.001539885 -0.003469049 -0.2123531
v 0.001521408 -0.003469049 -0.2123073
v 0.001615107 -0.00341463 -0.212268
v 0.001701831 -0.003373622 -0.2122905
v 0.001681566 -0.003373622 -0.2122402
v 0.001860082 -0.003268778 -0.2122293
v 0.001838088 -0.003268778 -0.2121747
v 0.001924753 -0.003205358 -0.2121384
v 0.002013981 -0.003154754 -0.2121698
v 0.001990258 -0.003154754 -0.2121109
v 0.002162754 -0.003031909 -0.2121123
v 0.002137422 -0.003031909 -0.2120494
v 0.002213358 -0.002963185 -0.2120176
v 0.002305805 -0.00290066 -0.212057
v 0.002278864 -0.00290066 -0.2119901
v 0.002442538 -0.002761483 -0.2120041
v 0.002414107 -0.002761483 -0.2119336
v 0.002477824 -0.002690672 -0.2119069
v 0.002572357 -0.002614915 -0.2119539
v 0.002542495 -0.002614915 -0.2118798
v 0.002694785 -0.002461552 -0.2119066
v 0.002663552 -0.002461552 -0.2118291
v 0.002715528 -0.002390503 -0.2118074
v 0.002978742 -0.00196737 -0.2116972
v 0.002923965 -0.002065777 -0.2117201
v 0.002882063 -0.002137005 -0.2117376
v 0.003253698 -0.001437544 -0.2116906
v 0.003145992 -0.001616835 -0.2116271
v 0.003182649 -0.001616835 -0.211718
v 0.00310111 -0.001719892 -0.2116459
v 0.003102481 -0.001793682 -0.211749
v 0.003013491 -0.00196737 -0.2117834
v 0.003277659 -0.001256525 -0.211572
v 0.003244996 -0.001356303 -0.2115857
v 0.003216326 -0.001437544 -0.2115977
v 0.003315746 -0.001256525 -0.2116665
v 0.003368854 -0.001074552 -0.211646
v 0.003330171 -0.001074552 -0.21155
v 0.003413081 -0.0008924 -0.2116289
v 0.003354251 -0.000978894 -0.21154
v 0.003448665 -0.000710635 -0.2116152
v 0.003409087 -0.000710635 -0.211517
v 0.003475785 -0.000529942 -0.2116047
v 0.003427684 -0.000591383 -0.2115092
v 0.003494739 -0.000350916 -0.2115974
v 0.003454685 -0.000350916 -0.2114979
v 0.003464639 -0.000197804 -0.2114937
v 0.003505825 -0.000174103 -0.2115931
v 0.003465652 -0.000174103 -0.2114933
v 0.003509461 0 -0.2115917
v 0.003469228 0 -0.2114918
v 0.003505825 0.000174103 -0.2115931
v 0.003465652 0.000174103 -0.2114933
v 0.003464639 0.000197804 -0.2114937
v 0.003494739 0.000350916 -0.2115974
v 0.003454685 0.000350916 -0.2114979
v 0.003475785 0.000529942 -0.2116047
v 0.003427684 0.000591383 -0.2115092
v 0.003448665 0.000710635 -0.2116152
v 0.003409087 0.000710635 -0.211517
v 0.003413081 0.0008924 -0.2116289
v 0.003354251 0.000978894 -0.21154
v 0.003368854 0.001074552 -0.211646
v 0.003330171 0.001074552 -0.21155
v 0.003315746 0.001256525 -0.2116665
v 0.003277659 0.001256525 -0.211572
v 0.003244996 0.001356303 -0.2115857
v 0.003253698 0.001437544 -0.2116906
v 0.003216326 0.001437544 -0.2115977
v 0.003182649 0.001616835 -0.211718
v 0.003145992 0.001616835 -0.2116271
v 0.003102481 0.001793682 -0.211749
v 0.00310111 0.001719892 -0.2116459
v 0.003013491 0.00196737 -0.2117834
v 0.002978742 0.00196737 -0.2116972
v 0.002923965 0.002065777 -0.2117201
v 0.00291568 0.002137005 -0.2118213
v 0.002882063 0.002137005 -0.2117376
v 0.002809345 0.00230199 -0.2118623
v 0.002776861 0.00230199 -0.2117817
v 0.002715528 0.002390503 -0.2118074
v 0.002694785 0.002461552 -0.2119066
v 0.002663552 0.002461552 -0.2118291
v 0.002572357 0.002614915 -0.2119539
v 0.002542495 0.002614915 -0.2118798
v 0.002477824 0.002690672 -0.2119069
v 0.002137422 0.003031909 -0.2120494
v 0.002213358 0.002963185 -0.2120176
v 0.002278864 0.00290066 -0.2119901
v 0.002162754 0.003031909 -0.2121123
v 0.002013981 0.003154754 -0.2121698
v 0.001990258 0.003154754 -0.2121109
v 0.001924753 0.003205358 -0.2121384
v 0.001521408 0.003469049 -0.2123073
v 0.001615107 0.00341463 -0.212268
v 0.001681566 0.003373622 -0.2122402
v 0.001539885 0.003469049 -0.2123531
v 0.0013749 0.00355494 -0.2124169
v 0.00128746 0.003588855 -0.2124052
v 0.001207649 0.003631174 -0.2124816
v 0.001192867 0.003631174 -0.2124448
v 0.001038849 0.003697693 -0.2125468
v 0.001025855 0.003697693 -0.2125147
v 0.000945272 0.003726243 -0.2125484
v 0.000194143 0.00388956 -0.2128734
v 0.000231284 0.003885328 -0.2128474
v 0.00036112 0.003869235 -0.2128089
v 0.000355665 0.003869235 -0.2127953
v 0.000529655 0.003840148 -0.2127437
v 0.000591999 0.003825426 -0.2126963
v 0.000690005 0.003802001 -0.2126553
v 3.98855e-05 -0.003901481 -0.2129809
v 3.89128e-05 -0.003901481 -0.2129734
v 0.000213661 -0.00388956 -0.2129465
v 0.000211039 -0.00388956 -0.2129316
v 0.000386648 -0.003869235 -0.2128968
v 4.08917e-05 -0.003901481 -0.212996
v 4.055e-05 -0.003901481 -0.2129884
v 0.000216979 -0.00388956 -0.2129766
v 0.000215645 -0.00388956 -0.2129616
v 0.000393607 -0.003869235 -0.2129421
v 0.000390584 -0.003869235 -0.2129192
v 0.000569171 -0.003840148 -0.2128917
v 0.000563873 -0.003840148 -0.2128616
v 0.000742162 -0.003802001 -0.2128263
v 3.76e-05 -0.003901481 -0.212966
v 4.058e-05 -0.003901481 -0.213011
v 4.09029e-05 -0.003901481 -0.2130035
v 0.00021768 -0.00388956 -0.213007
v 0.00021765 -0.00388956 -0.2129919
v 0.000396644 -0.003869235 -0.2129878
v 0.000395607 -0.003869235 -0.2129648
v 0.000575906 -0.003840148 -0.2129528
v 0.000573215 -0.003840148 -0.2129223
v 0.000753893 -0.003802001 -0.2129025
v 0.000748813 -0.003802001 -0.212864
v 0.000928885 -0.003754615 -0.2128363
v 0.000920878 -0.003754615 -0.2127907
v 0.001099348 -0.003697693 -0.2127553
v 3.89763e-05 -0.003901481 -0.213026
v 3.99465e-05 -0.003901481 -0.2130185
v 0.000215749 -0.00388956 -0.2130373
v 0.000217031 -0.00388956 -0.2130222
v 0.000395696 -0.003869235 -0.2130336
v 0.000396667 -0.003869235 -0.2130106
v 0.000577333 -0.003840148 -0.2130143
v 0.000577292 -0.003840148 -0.2129837
v 0.000759005 -0.003802001 -0.2129795
v 0.000757277 -0.003802001 -0.2129408
v 0.000939061 -0.003754615 -0.2129287
v 0.000934999 -0.003754615 -0.2128826
v 0.001115858 -0.003697693 -0.2128627
v 0.001108705 -0.003697693 -0.2128086
v 0.001287579 -0.003631174 -0.212781
v 0.00127685 -0.003631174 -0.2127201
v 0.001452744 -0.00355494 -0.2126852
v 3.60926e-05 -0.003901481 -0.2130407
v 3.76929e-05 -0.003901481 -0.2130334
v 0.000211215 -0.00388956 -0.2130673
v 0.000213814 -0.00388956 -0.2130524
v 0.000390817 -0.003869235 -0.2130792
v 0.000393763 -0.003869235 -0.2130564
v 0.000573432 -0.003840148 -0.2130756
v 0.000576026 -0.003840148 -0.2130451
v 0.000757435 -0.003802001 -0.2130566
v 0.000759047 -0.003802001 -0.213018
v 0.000941204 -0.003754615 -0.2130216
v 0.00094115 -0.003754615 -0.2129753
v 0.001123011 -0.003697693 -0.2129712
v 0.001120567 -0.003697693 -0.2129166
v 0.001301169 -0.003631174 -0.2129046
v 0.001295745 -0.003631174 -0.212843
v 0.001474022 -0.00355494 -0.2128234
v 0.001464784 -0.00355494 -0.2127537
v 0.001639604 -0.003469049 -0.2127267
v 0.001626193 -0.003469049 -0.2126508
v 0.001796543 -0.003373622 -0.212617
v 3.19239e-05 -0.003901481 -0.2130552
v 3.41791e-05 -0.003901481 -0.213048
v 0.000204117 -0.00388956 -0.2130968
v 0.000207978 -0.00388956 -0.2130822
v 0.000382008 -0.003869235 -0.2131242
v 0.000386906 -0.003869235 -0.2131017
v 0.000564231 -0.003840148 -0.2131364
v 0.000569481 -0.003840148 -0.2131062
v 0.00074919 -0.003802001 -0.2131334
v 0.000754155 -0.003802001 -0.213095
v 0.000935324 -0.003754615 -0.2131144
v 0.000939259 -0.003754615 -0.2130683
v 0.001120805 -0.003697693 -0.2130798
v 0.00112307 -0.003697693 -0.2130253
v 0.00130403 -0.003631174 -0.2130289
v 0.00130397 -0.003631174 -0.212967
v 0.001483261 -0.00355494 -0.2129629
v 0.001480102 -0.00355494 -0.2128927
v 0.001656591 -0.003469049 -0.212881
v 0.001649796 -0.003469049 -0.2128041
v 0.001822412 -0.003373622 -0.2127851
v 0.001811206 -0.003373622 -0.2127003
v 0.001978933 -0.003268778 -0.2126744
v 0.001963019 -0.003268778 -0.212584
v 0.002124786 -0.003154754 -0.2125518
v 2.65381e-05 -0.003901481 -0.2130693
v 2.93778e-05 -0.003901481 -0.2130623
v 0.000194462 -0.00388956 -0.2131256
v 0.000199603 -0.00388956 -0.2131114
v 0.000369341 -0.003869235 -0.2131682
v 0.000376161 -0.003869235 -0.2131463
v 0.000549827 -0.003840148 -0.2131962
v 0.000557664 -0.003840148 -0.2131665
v 0.00073437 -0.003802001 -0.2132091
v 0.000742624 -0.003802001 -0.2131713
v 0.000921433 -0.003754615 -0.2132063
v 0.000929355 -0.003754615 -0.2131606
v 0.001109242 -0.003697693 -0.2131878
v 0.001116216 -0.003697693 -0.2131338
v 0.001296162 -0.003631174 -0.2131531
v 0.001301467 -0.003631174 -0.2130913
v 0.0014804 -0.00355494 -0.2131027
v 0.001483321 -0.00355494 -0.2130326
v 0.001660168 -0.003469049 -0.2130361
v 0.001660048 -0.003469049 -0.2129589
v 0.001833677 -0.003373622 -0.2129549
v 0.001829862 -0.003373622 -0.2128695
v 0.001999139 -0.003268778 -0.2128582
v 0.001991093 -0.003268778 -0.2127666
v 0.002155065 -0.003154754 -0.2127486
v 0.002141952 -0.003154754 -0.2126493
v 0.002299666 -0.003031909 -0.212625
v 0.002281248 -0.003031909 -0.2125208
v 0.00243175 -0.00290066 -0.2124909
v 1.99385e-05 -0.003901481 -0.2130828
v 2.3385e-05 -0.003901481 -0.2130761
v 0.000182366 -0.00388956 -0.2131535
v 0.000188717 -0.00388956 -0.2131397
v 0.000352944 -0.003869235 -0.2132109
v 0.000361622 -0.003869235 -0.2131897
v 0.000530318 -0.003840148 -0.2132545
v 0.000540693 -0.003840148 -0.2132256
v 0.000713059 -0.003802001 -0.2132833
v 0.000724533 -0.003802001 -0.2132464
v 0.000899649 -0.003754615 -0.2132967
v 0.000911505 -0.003754615 -0.2132518
v 0.001088321 -0.003697693 -0.2132945
v 0.001099944 -0.003697693 -0.2132413
v 0.001277625 -0.003631174 -0.213276
v 0.001288175 -0.003631174 -0.2132149
v 0.001465439 -0.00355494 -0.2132417
v 0.001474499 -0.00355494 -0.2131721
v 0.001650333 -0.003469049 -0.213191
v 0.001656889 -0.003469049 -0.2131139
v 0.00183022 -0.003373622 -0.2131249
v 0.001833796 -0.003373622 -0.2130396
v 0.002003431 -0.003268778 -0.213043
v 0.002003312 -0.003268778 -0.212951
v 0.002168238 -0.003154754 -0.2129472
v 0.002163767 -0.003154754 -0.2128473
v 0.002322912 -0.003031909 -0.2128367
v 0.002313673 -0.003031909 -0.2127312
v 0.002466082 -0.00290066 -0.2127144
v 0.002451241 -0.00290066 -0.2126017
v 0.00259608 -0.002761483 -0.2125793
v 0.002575516 -0.002761483 -0.2124624
v 0.00271207 -0.002614915 -0.2124353
v 1.22241e-05 -0.003901481 -0.2130957
v 1.62182e-05 -0.003901481 -0.2130894
v 0.000167919 -0.00388956 -0.2131802
v 0.000175436 -0.00388956 -0.213167
v 0.000332875 -0.003869235 -0.2132522
v 0.000343357 -0.003869235 -0.2132318
v 0.000505818 -0.003840148 -0.2133109
v 0.00051868 -0.003840148 -0.213283
v 0.000685412 -0.003802001 -0.2133553
v 0.000700029 -0.003802001 -0.2133196
v 0.000870139 -0.003754615 -0.2133849
v 0.000885824 -0.003754615 -0.2133411
v 0.00105834 -0.003697693 -0.2133989
v 0.001074492 -0.003697693 -0.213347
v 0.001248419 -0.003631174 -0.2133969
v 0.001264274 -0.003631174 -0.2133369
v 0.001438617 -0.00355494 -0.2133789
v 0.001453578 -0.00355494 -0.2133105
v 0.001627147 -0.003469049 -0.2133445
v 0.001640379 -0.003469049 -0.2132682
v 0.00181204 -0.003373622 -0.2132942
v 0.001823008 -0.003373622 -0.2132095
v 0.001991689 -0.003268778 -0.2132276
v 0.001999557 -0.003268778 -0.2131358
v 0.002164185 -0.003154754 -0.2131463
v 0.002168357 -0.003154754 -0.2130464
v 0.002327859 -0.003031909 -0.2130496
v 0.00232774 -0.003031909 -0.2129436
v 0.002481043 -0.00290066 -0.21294
v 0.002475976 -0.00290066 -0.2128265
v 0.002622246 -0.002761483 -0.2128168
v 0.002611815 -0.002761483 -0.2126984
v 0.002750158 -0.002614915 -0.2126832
v 0.002733647 -0.002614915 -0.2125581
v 0.002863407 -0.002461552 -0.2125381
v 0.002840757 -0.002461552 -0.2124097
v 0.002961277 -0.00230199 -0.2123858
v 3.40082e-06 -0.003901481 -0.213108
v 7.92527e-06 -0.003901481 -0.2131019
v 0.000151214 -0.00388956 -0.2132055
v 0.000159871 -0.00388956 -0.213193
v 0.000309356 -0.003869235 -0.2132915
v 0.000321533 -0.003869235 -0.2132721
v 0.000476552 -0.003840148 -0.213365
v 0.000491799 -0.003840148 -0.2133382
v 0.00065165 -0.003802001 -0.2134247
v 0.000669278 -0.003802001 -0.2133904
v 0.000833109 -0.003754615 -0.2134701
v 0.000852536 -0.003754615 -0.2134279
v 0.001019418 -0.003697693 -0.2135003
v 0.001039981 -0.003697693 -0.21345
v 0.001208961 -0.003631174 -0.2135149
v 0.001229941 -0.003631174 -0.2134563
v 0.001399993 -0.00355494 -0.2135133
v 0.001420795 -0.00355494 -0.2134464
v 0.001590788 -0.003469049 -0.2134953
v 0.001610577 -0.003469049 -0.2134204
v 0.001779377 -0.003373622 -0.2134611
v 0.001797556 -0.003373622 -0.2133778
v 0.001964092 -0.003268778 -0.2134104
v 0.001979827 -0.003268778 -0.2133195
v 0.002142965 -0.003154754 -0.2133442
v 0.002155721 -0.003154754 -0.2132452
v 0.002314329 -0.003031909 -0.2132622
v 0.002323389 -0.003031909 -0.2131564
v 0.002476453 -0.00290066 -0.2131661
v 0.002481222 -0.00290066 -0.2130527
v 0.00262773 -0.002761483 -0.2130557
v 0.002627611 -0.002761483 -0.2129367
v 0.002766728 -0.002614915 -0.2129335
v 0.002761125 -0.002614915 -0.2128075
v 0.002892076 -0.002461552 -0.2127988
v 0.002880632 -0.002461552 -0.2126689
v 0.003002762 -0.00230199 -0.2126555
v 0.002984762 -0.00230199 -0.2125194
v 0.003097414 -0.002137005 -0.2125021
v 0.003073036 -0.002137005 -0.2123637
v 0.003175914 -0.00196737 -0.2123432
v -6.44361e-06 -0.003901481 -0.2131193
v -1.40856e-06 -0.003901481 -0.2131137
v 0.000132391 -0.00388956 -0.2132293
v 0.000142078 -0.00388956 -0.2132176
v 0.000282505 -0.003869235 -0.2133287
v 0.000296304 -0.003869235 -0.2133104
v 0.00044273 -0.003840148 -0.2134163
v 0.000460225 -0.003840148 -0.213391
v 0.000612017 -0.003802001 -0.2134909
v 0.000632502 -0.003802001 -0.2134583
v 0.000788835 -0.003754615 -0.2135519
v 0.000811884 -0.003754615 -0.2135114
v 0.000971901 -0.003697693 -0.2135981
v 0.000996722 -0.003697693 -0.2135497
v 0.001159429 -0.003631174 -0.213629
v 0.001185417 -0.003631174 -0.2135725
v 0.001349925 -0.00355494 -0.2136439
v 0.00137639 -0.00355494 -0.2135791
v 0.001541495 -0.003469049 -0.2136424
v 0.001567721 -0.003469049 -0.2135695
v 0.001732349 -0.003373622 -0.2136246
v 0.001757681 -0.003373622 -0.2135432
v 0.001920759 -0.003268778 -0.2135901
v 0.001944303 -0.003268778 -0.2135009
v 0.002104699 -0.003154754 -0.2135396
v 0.002125978 -0.003154754 -0.213442
v 0.002282559 -0.003031909 -0.2134727
v 0.002300679 -0.003031909 -0.213368
v 0.002452373 -0.00290066 -0.213391
v 0.002466857 -0.00290066 -0.2132785
v 0.00261259 -0.002761483 -0.2132941
v 0.002622723 -0.002761483 -0.2131755
v 0.002761662 -0.002614915 -0.2131843
v 0.002766907 -0.002614915 -0.2130584
v 0.002898156 -0.002461552 -0.2130611
v 0.002897977 -0.002461552 -0.2129305
v 0.003020763 -0.00230199 -0.2129277
v 0.003014624 -0.00230199 -0.2127907
v 0.003128409 -0.002137005 -0.2127832
v 0.003116011 -0.002137005 -0.212643
v 0.00322026 -0.00196737 -0.2126316
v 0.003201067 -0.00196737 -0.2124861
v 0.003295421 -0.001793682 -0.2124716
v 0.003269553 -0.001793682 -0.2123247
v 0.003353774 -0.001616835 -0.2123079
v -1.72388e-05 -0.003901481 -0.2131298
v -1.17636e-05 -0.003901481 -0.2131247
v 0.000111574 -0.00388956 -0.2132514
v 0.000122242 -0.00388956 -0.2132406
v 0.00025255 -0.003869235 -0.2133634
v 0.000267862 -0.003869235 -0.2133464
v 0.000404581 -0.003840148 -0.2134645
v 0.000424251 -0.003840148 -0.2134407
v 0.000566809 -0.003802001 -0.2135535
v 0.000590028 -0.003802001 -0.2135227
v 0.00073768 -0.003754615 -0.2136296
v 0.000764152 -0.003754615 -0.2135912
v 0.000916097 -0.003697693 -0.2136913
v 0.000944958 -0.003697693 -0.2136453
v 0.001100242 -0.003631174 -0.2137383
v 0.001131057 -0.003631174 -0.2136842
v 0.001288712 -0.00355494 -0.2137696
v 0.00132066 -0.00355494 -0.2137074
v 0.001479685 -0.003469049 -0.2137848
v 0.00151211 -0.003469049 -0.2137143
v 0.001671433 -0.003373622 -0.2137835
v 0.001703619 -0.003373622 -0.2137047
v 0.001862049 -0.003268778 -0.2137655
v 0.001893281 -0.003268778 -0.2136784
v 0.002049744 -0.003154754 -0.2137308
v 0.002079308 -0.003154754 -0.2136357
v 0.002232611 -0.003031909 -0.2136797
v 0.00225979 -0.003031909 -0.2135769
v 0.002408862 -0.00290066 -0.2136129
v 0.002433061 -0.00290066 -0.2135021
v 0.002576947 -0.002761483 -0.2135303
v 0.002597272 -0.002761483 -0.2134129
v 0.002734899 -0.002614915 -0.2134337
v 0.002750992 -0.002614915 -0.2133089
v 0.002881526 -0.002461552 -0.2133229
v 0.002892613 -0.002461552 -0.2131927
v 0.00301522 -0.00230199 -0.2132005
v 0.003020942 -0.00230199 -0.2130635
v 0.003134906 -0.002137005 -0.2130659
v 0.003134727 -0.002137005 -0.2129251
v 0.003239572 -0.00196737 -0.2129227
v 0.003233015 -0.00196737 -0.2127762
v 0.003328263 -0.001793682 -0.2127699
v 0.00331515 -0.001793682 -0.2126212
v 0.003400504 -0.001616835 -0.2126118
v 0.003380298 -0.001616835 -0.2124584
v 0.003455638 -0.001437544 -0.2124468
v 0.003428518 -0.001437544 -0.2122931
v 0.003493785 -0.001256525 -0.2122802
v -2.88945e-05 -0.003901481 -0.2131394
v -2.29792e-05 -0.003901481 -0.2131347
v 8.89115e-05 -0.00388956 -0.2132716
v 0.000100513 -0.00388956 -0.2132617
v 0.000219716 -0.003869235 -0.2133953
v 0.000236413 -0.003869235 -0.2133798
v 0.000362411 -0.003840148 -0.2135093
v 0.000384077 -0.003840148 -0.2134872
v 0.000516367 -0.003802001 -0.2136119
v 0.000542124 -0.003802001 -0.2135834
v 0.00068001 -0.003754615 -0.2137024
v 0.000709731 -0.003754615 -0.2136665
v 0.000852454 -0.003697693 -0.2137793
v 0.000885142 -0.003697693 -0.2137361
v 0.001031756 -0.003631174 -0.2138422
v 0.001067221 -0.003631174 -0.2137908
v 0.001216948 -0.00355494 -0.2138895
v 0.001254081 -0.00355494 -0.2138304
v 0.001405835 -0.003469049 -0.2139213
v 0.00144428 -0.003469049 -0.2138537
v 0.001596987 -0.003373622 -0.2139364
v 0.001635849 -0.003373622 -0.2138608
v 0.001788437 -0.003268778 -0.213935
v 0.001827061 -0.003268778 -0.213851
v 0.001978397 -0.003154754 -0.2139167
v 0.002016067 -0.003154754 -0.2138245
v 0.002165019 -0.003031909 -0.2138817
v 0.002200961 -0.003031909 -0.2137815
v 0.002346456 -0.00290066 -0.2138302
v 0.002380073 -0.00290066 -0.2137221
v 0.002520918 -0.002761483 -0.2137626
v 0.002551376 -0.002761483 -0.2136473
v 0.002686679 -0.002614915 -0.2136799
v 0.002713501 -0.002614915 -0.2135571
v 0.002842307 -0.002461552 -0.2135822
v 0.002864658 -0.002461552 -0.2134533
v 0.002986133 -0.00230199 -0.2134717
v 0.003003656 -0.00230199 -0.2133359
v 0.003116965 -0.002137005 -0.2133481
v 0.003128945 -0.002137005 -0.2132077
v 0.003233611 -0.00196737 -0.2132143
v 0.00323975 -0.00196737 -0.213068
v 0.003335177 -0.001793682 -0.2130699
v 0.003334999 -0.001793682 -0.2129205
v 0.003420829 -0.001616835 -0.2129185
v 0.003413975 -0.001616835 -0.2127642
v 0.003489971 -0.001437544 -0.2127591
v 0.003476262 -0.001437544 -0.2126035
v 0.003542423 -0.001256525 -0.2125962
v 0.003521382 -0.001256525 -0.2124367
v 0.003577589 -0.001074552 -0.212428
v 0.003549635 -0.001074552 -0.2122691
v 0.003596127 -0.0008924 -0.2122598
v -4.1312e-05 -0.003901481 -0.2131478
v -3.50467e-05 -0.003901481 -0.2131438
v 6.45849e-05 -0.00388956 -0.2132898
v 7.70189e-05 -0.00388956 -0.2132809
v 0.000184245 -0.003869235 -0.2134243
v 0.000202194 -0.003869235 -0.2134103
v 0.000316556 -0.003840148 -0.2135502
v 0.00034003 -0.003840148 -0.2135301
v 0.000461077 -0.003802001 -0.2136657
v 0.000489183 -0.003802001 -0.2136395
v 0.000616249 -0.003754615 -0.2137701
v 0.000648992 -0.003754615 -0.2137368
v 0.000781428 -0.003697693 -0.2138616
v 0.000817698 -0.003697693 -0.2138214
v 0.000954672 -0.003631174 -0.2139397
v 0.000994413 -0.003631174 -0.2138916
v 0.001135051 -0.00355494 -0.2140029
v 0.001177132 -0.00355494 -0.2139472
v 0.001320421 -0.003469049 -0.2140508
v 0.001364648 -0.003469049 -0.2139868
v 0.001509606 -0.003373622 -0.2140824
v 0.001554846 -0.003373622 -0.2140104
v 0.001700401 -0.003268778 -0.2140976
v 0.001746237 -0.003268778 -0.2140172
v 0.001891314 -0.003154754 -0.2140957
v 0.001936793 -0.003154754 -0.2140072
v 0.002080202 -0.003031909 -0.214077
v 0.002124726 -0.003031909 -0.2139803
v 0.002265453 -0.00290066 -0.2140413
v 0.002308189 -0.00290066 -0.2139366
v 0.002445101 -0.002761483 -0.2139891
v 0.002485454 -0.002761483 -0.2138767
v 0.002617418 -0.002614915 -0.213921
v 0.002654731 -0.002614915 -0.213801
v 0.002780854 -0.002461552 -0.2138373
v 0.002814292 -0.002461552 -0.2137106
v 0.002933681 -0.00230199 -0.2137394
v 0.002962827 -0.00230199 -0.2136058
v 0.003074705 -0.002137005 -0.2136278
v 0.003098845 -0.002137005 -0.2134888
v 0.003202497 -0.00196737 -0.2135044
v 0.003221273 -0.00196737 -0.2133593
v 0.003316164 -0.001793682 -0.2133694
v 0.003328859 -0.001793682 -0.2132204
v 0.003414571 -0.001616835 -0.2132259
v 0.003421068 -0.001616835 -0.2130717
v 0.003497242 -0.001437544 -0.2130732
v 0.003497064 -0.001437544 -0.2129168
v 0.003563582 -0.001256525 -0.2129153
v 0.00355637 -0.001256525 -0.2127547
v 0.003613173 -0.001074552 -0.2127509
v 0.003598988 -0.001074552 -0.21259
v 0.003646135 -0.0008924 -0.2125848
v 0.003624498 -0.0008924 -0.2124208
v 0.003662168 -0.000710635 -0.212415
v 0.003633558 -0.000710635 -0.2122524
v 0.003662049 -0.000529942 -0.2122468
v -5.44492e-05 -0.003901481 -0.2131552
v -4.78648e-05 -0.003901481 -0.2131517
v 3.87854e-05 -0.00388956 -0.2133058
v 5.19417e-05 -0.00388956 -0.213298
v 0.000146396 -0.003869235 -0.2134501
v 0.000165487 -0.003869235 -0.2134377
v 0.000267297 -0.003840148 -0.213587
v 0.00029247 -0.003840148 -0.213569
v 0.000401337 -0.003802001 -0.2137145
v 0.000431561 -0.003802001 -0.2136909
v 0.000546881 -0.003754615 -0.213832
v 0.000582388 -0.003754615 -0.2138016
v 0.00070356 -0.003697693 -0.2139374
v 0.000743136 -0.003697693 -0.2139005
v 0.000869359 -0.003631174 -0.2140302
v 0.000913158 -0.003631174 -0.2139857
v 0.001043677 -0.00355494 -0.2141087
v 0.001090347 -0.00355494 -0.2140569
v 0.00122416 -0.003469049 -0.2141726
v 0.001273751 -0.003469049 -0.2141126
v 0.001409947 -0.003373622 -0.2142202
v 0.001461148 -0.003373622 -0.2141526
v 0.001598656 -0.003268778 -0.214252
v 0.001651287 -0.003268778 -0.2141758
v 0.001789093 -0.003154754 -0.2142665
v 0.001841962 -0.003154754 -0.2141824
v 0.001978814 -0.003031909 -0.2142643
v 0.002031624 -0.003031909 -0.2141717
v 0.002166509 -0.00290066 -0.2142447
v 0.002218127 -0.00290066 -0.2141441
v 0.002349913 -0.002761483 -0.2142083
v 0.002399861 -0.002761483 -0.2140997
v 0.002527594 -0.002614915 -0.2141551
v 0.002575039 -0.002614915 -0.214039
v 0.002697587 -0.002461552 -0.214086
v 0.002741873 -0.002461552 -0.2139626
v 0.00285834 -0.00230199 -0.2140016
v 0.002898931 -0.00230199 -0.2138712
v 0.003008484 -0.002137005 -0.2139027
v 0.003044545 -0.002137005 -0.2137661
v 0.003146469 -0.00196737 -0.2137907
v 0.003177642 -0.00196737 -0.2136479
v 0.003271281 -0.001793682 -0.2136662
v 0.003296852 -0.001793682 -0.2135187
v 0.003381788 -0.001616835 -0.2135316
v 0.003401517 -0.001616835 -0.2133786
v 0.003477334 -0.001437544 -0.2133867
v 0.003490626 -0.001437544 -0.2132307
v 0.003557026 -0.001256525 -0.213235
v 0.003563761 -0.001256525 -0.2130745
v 0.003620684 -0.001074552 -0.2130756
v 0.003620445 -0.001074552 -0.212914
v 0.003667831 -0.0008924 -0.2129129
v 0.0036605 -0.0008924 -0.2127478
v 0.003698527 -0.000710635 -0.2127453
v 0.003684043 -0.000710635 -0.2125806
v 0.003712952 -0.000529942 -0.2125775
v 0.003690898 -0.000529942 -0.2124106
v 0.003710985 -0.000350916 -0.2124075
v 0.003682017 -0.000350916 -0.2122428
v 0.003693699 -0.000174103 -0.2122405
v -6.81541e-05 -0.003901481 -0.2131614
v -6.12816e-05 -0.003901481 -0.2131585
v 1.17072e-05 -0.00388956 -0.2133195
v 2.5493e-05 -0.00388956 -0.2133129
v 0.000106452 -0.003869235 -0.2134726
v 0.000126523 -0.003869235 -0.2134619
v 0.000215057 -0.003840148 -0.2136194
v 0.000241716 -0.003840148 -0.2136036
v 0.000337599 -0.003802001 -0.2137581
v 0.000369731 -0.003802001 -0.2137371
v 0.000472417 -0.003754615 -0.2138876
v 0.000510459 -0.003754615 -0.2138605
v 0.000619452 -0.003697693 -0.2140061
v 0.000662011 -0.003697693 -0.2139729
v 0.000776557 -0.003631174 -0.214113
v 0.000824078 -0.003631174 -0.2140724
v 0.000943484 -0.00355494 -0.2142062
v 0.00099441 -0.00355494 -0.2141587
v 0.001117706 -0.003469049 -0.2142855
v 0.001172363 -0.003469049 -0.21423
v 0.001298785 -0.003373622 -0.214349
v 0.001355588 -0.003373622 -0.214286
v 0.001483976 -0.003268778 -0.214397
v 0.001543045 -0.003268778 -0.2143255
v 0.001672446 -0.003154754 -0.2144278
v 0.001732349 -0.003154754 -0.2143486
v 0.001861631 -0.003031909 -0.2144421
v 0.001922309 -0.003031909 -0.2143543
v 0.00205034 -0.00290066 -0.2144387
v 0.002110421 -0.00290066 -0.2143431
v 0.002236187 -0.002761483 -0.2144184
v 0.002295434 -0.002761483 -0.2143144
v 0.002417802 -0.002614915 -0.2143807
v 0.002475082 -0.002614915 -0.2142692
v 0.0025931 -0.002461552 -0.2143266
v 0.002647936 -0.002461552 -0.2142074
v 0.002760589 -0.00230199 -0.2142563
v 0.002812266 -0.00230199 -0.21413
v 0.00291872 -0.002137005 -0.2141708
v 0.002966463 -0.002137005 -0.2140378
v 0.003065884 -0.00196737 -0.2140711
v 0.003109276 -0.00196737 -0.2139316
v 0.003200948 -0.001793682 -0.213958
v 0.003239274 -0.001793682 -0.2138131
v 0.00332272 -0.001616835 -0.2138332
v 0.003355622 -0.001616835 -0.2136827
v 0.003430366 -0.001437544 -0.2136973
v 0.003457129 -0.001437544 -0.2135429
v 0.003522932 -0.001256525 -0.2135529
v 0.003543496 -0.001256525 -0.2133938
v 0.00360006 -0.001074552 -0.2133999
v 0.003613829 -0.001074552 -0.2132386
v 0.003661215 -0.0008924 -0.2132416
v 0.003668069 -0.0008924 -0.2130767
v 0.003706216 -0.000710635 -0.2130774
v 0.003705978 -0.000710635 -0.212912
v 0.003735065 -0.000529942 -0.2129113
v 0.003727555 -0.000529942 -0.2127434
v 0.00374782 -0.000350916 -0.212742
v 0.003733158 -0.000350916 -0.2125753
v 0.003744959 -0.000174103 -0.212574
v 0.003722786 -0.000174103 -0.2124057
v 0.003726601 0 -0.2124051
v 0.003697514 0 -0.2122398
v -0.003671944 -0.000730922 -0.2144814
v -0.003702282 -0.000529942 -0.2144941
v -0.003634929 -0.000529942 -0.2146458
v -0.002690434 -0.002750635 -0.2140705
v -0.002808809 -0.002614915 -0.2141201
v -0.002758383 -0.002614915 -0.2142338
v -0.002425849 -0.003012299 -0.2139598
v -0.002545237 -0.00290066 -0.2140097
v -0.002499759 -0.00290066 -0.2141122
v -0.002104401 -0.003268778 -0.2138252
v -0.002186238 -0.003209054 -0.2138594
v -0.002216517 -0.003154754 -0.2139791
v -0.001292228 -0.003697693 -0.2134852
v -0.001396 -0.003657519 -0.2135286
v -0.001434147 -0.003631174 -0.2136114
v -0.000290734 -0.003901481 -0.213074
v -0.000249118 -0.003903329 -0.2130485
v 3.40317e-05 -0.003901481 -0.2129514
v 0.000203856 -0.00388956 -0.2129021
v 0.000368857 -0.003869235 -0.2128302
v 0.000375787 -0.003869235 -0.2128522
v 0.000540039 -0.003840148 -0.2127724
v 0.000549316 -0.003840148 -0.2128019
v 0.000712235 -0.003802001 -0.2127141
v 0.000723892 -0.003802001 -0.2127513
v 0.000884845 -0.003754615 -0.2126558
v 0.000898861 -0.003754615 -0.2127005
v 0.001057207 -0.003697693 -0.2125975
v 0.001073598 -0.003697693 -0.2126498
v 0.00122863 -0.003631174 -0.2125396
v 0.001247406 -0.003631174 -0.2125993
v 0.001398503 -0.00355494 -0.2124821
v 0.001419603 -0.00355494 -0.2125494
v 0.001566052 -0.003469049 -0.2124255
v 0.001589477 -0.003469049 -0.2125001
v 0.001730561 -0.003373622 -0.2123699
v 0.00175625 -0.003373622 -0.2124517
v 0.001891314 -0.003268778 -0.2123155
v 0.001919209 -0.003268778 -0.2124044
v 0.002047598 -0.003154754 -0.2122627
v 0.002077639 -0.003154754 -0.2123584
v 0.002198696 -0.003031909 -0.2122116
v 0.002230823 -0.003031909 -0.212314
v 0.002344012 -0.00290066 -0.2121624
v 0.002378165 -0.00290066 -0.2122712
v 0.002482891 -0.002761483 -0.2121155
v 0.002518951 -0.002761483 -0.2122304
v 0.002614736 -0.002614915 -0.212071
v 0.002652585 -0.002614915 -0.2121916
v 0.002739071 -0.002461552 -0.2120289
v 0.002778649 -0.002461552 -0.2121551
v 0.00285542 -0.00230199 -0.2119896
v 0.002896606 -0.00230199 -0.2121208
v 0.002963423 -0.002137005 -0.2119531
v 0.0030061 -0.002137005 -0.2120891
v 0.003062784 -0.00196737 -0.2119195
v 0.003106832 -0.00196737 -0.2120598
v 0.003153204 -0.001793682 -0.2118889
v 0.003198504 -0.001793682 -0.2120332
v 0.003234505 -0.001616835 -0.2118614
v 0.003280937 -0.001616835 -0.2120093
v 0.003306746 -0.001437544 -0.211837
v 0.003354132 -0.001437544 -0.211988
v 0.003369748 -0.001256525 -0.2118157
v 0.003418028 -0.001256525 -0.2119695
v 0.00342369 -0.001074552 -0.2117975
v 0.003472685 -0.001074552 -0.2119536
v 0.003468632 -0.0008924 -0.2117823
v 0.003518283 -0.0008924 -0.2119405
v 0.003504693 -0.000710635 -0.2117701
v 0.00355488 -0.000710635 -0.2119298
v 0.00353229 -0.000529942 -0.2117608
v 0.003582775 -0.000529942 -0.2119217
v 0.003551542 -0.000350916 -0.2117543
v 0.003602325 -0.000350916 -0.211916
v 0.003562808 -0.000174103 -0.2117505
v 0.00361377 -0.000174103 -0.2119128
v 0.003566503 0 -0.2117492
v 0.003617465 0 -0.2119116
v 0.003562808 0.000174103 -0.2117505
v 0.00361377 0.000174103 -0.2119128
v 0.003551542 0.000350916 -0.2117543
v 0.003602325 0.000350916 -0.211916
v 0.00353229 0.000529942 -0.2117608
v 0.003582775 0.000529942 -0.2119217
v 0.003504693 0.000710635 -0.2117701
v 0.00355488 0.000710635 -0.2119298
v 0.003468632 0.0008924 -0.2117823
v 0.003518283 0.0008924 -0.2119405
v 0.00342369 0.001074552 -0.2117975
v 0.003472685 0.001074552 -0.2119536
v 0.003369748 0.001256525 -0.2118157
v 0.003418028 0.001256525 -0.2119695
v 0.003306746 0.001437544 -0.211837
v 0.003354132 0.001437544 -0.211988
v 0.003234505 0.001616835 -0.2118614
v 0.003280937 0.001616835 -0.2120093
v 0.003153204 0.001793682 -0.2118889
v 0.003198504 0.001793682 -0.2120332
v 0.003062784 0.00196737 -0.2119195
v 0.003106832 0.00196737 -0.2120598
v 0.002963423 0.002137005 -0.2119531
v 0.0030061 0.002137005 -0.2120891
v 0.00285542 0.00230199 -0.2119896
v 0.002896606 0.00230199 -0.2121208
v 0.002739071 0.002461552 -0.2120289
v 0.002778649 0.002461552 -0.2121551
v 0.002614736 0.002614915 -0.212071
v 0.002652585 0.002614915 -0.2121916
v 0.002482891 0.002761483 -0.2121155
v 0.002518951 0.002761483 -0.2122304
v 0.002344012 0.00290066 -0.2121624
v 0.002378165 0.00290066 -0.2122712
v 0.002198696 0.003031909 -0.2122116
v 0.002230823 0.003031909 -0.212314
v 0.002047598 0.003154754 -0.2122627
v 0.002077639 0.003154754 -0.2123584
v 0.001891314 0.003268778 -0.2123155
v 0.001919209 0.003268778 -0.2124044
v 0.001730561 0.003373622 -0.2123699
v 0.00175625 0.003373622 -0.2124517
v 0.001566052 0.003469049 -0.2124255
v 0.001589477 0.003469049 -0.2125001
v 0.001398503 0.00355494 -0.2124821
v 0.001419603 0.00355494 -0.2125494
v 0.00122863 0.003631174 -0.2125396
v 0.001247406 0.003631174 -0.2125993
v 0.001057207 0.003697693 -0.2125975
v 0.001073598 0.003697693 -0.2126498
v 0.000884845 0.003754615 -0.2126558
v 0.000898861 0.003754615 -0.2127005
v 0.000712235 0.003802001 -0.2127141
v 0.000723892 0.003802001 -0.2127513
v 0.000540039 0.003840148 -0.2127724
v 0.000549316 0.003840148 -0.2128019
v 0.000368857 0.003869235 -0.2128302
v 0.000375787 0.003869235 -0.2128522
v 0.000199267 0.00388956 -0.2128875
v 0.000203856 0.00388956 -0.2129021
v 3.17762e-05 0.003901481 -0.2129442
v 3.40317e-05 0.003901481 -0.2129514
v 3.76e-05 0.003901481 -0.212966
v 3.5979e-05 0.003901481 -0.2129586
v 0.000211039 0.00388956 -0.2129316
v 0.000207728 0.00388956 -0.2129167
v 0.000386648 0.003869235 -0.2128968
v 0.00038166 0.003869235 -0.2128742
v 0.000563873 0.003840148 -0.2128616
v 0.000557205 0.003840148 -0.2128314
v 0.000742162 0.003802001 -0.2128263
v 0.00073378 0.003802001 -0.2127883
v 0.000920878 0.003754615 -0.2127907
v 0.00091077 0.003754615 -0.2127451
v 0.001099348 0.003697693 -0.2127553
v 0.001087486 0.003697693 -0.2127019
v 0.00127685 0.003631174 -0.2127201
v 0.00126332 0.003631174 -0.212659
v 0.001452744 0.00355494 -0.2126852
v 0.001437544 0.00355494 -0.2126165
v 0.001626193 0.003469049 -0.2126508
v 0.001609325 0.003469049 -0.2125745
v 0.001796543 0.003373622 -0.212617
v 0.001778066 0.003373622 -0.2125334
v 0.001963019 0.003268778 -0.212584
v 0.001942932 0.003268778 -0.2124931
v 0.002124786 0.003154754 -0.2125518
v 0.002103149 0.003154754 -0.212454
v 0.002281248 0.003031909 -0.2125208
v 0.002258121 0.003031909 -0.2124161
v 0.00243175 0.00290066 -0.2124909
v 0.002407133 0.00290066 -0.2123798
v 0.002575516 0.002761483 -0.2124624
v 0.002549529 0.002761483 -0.212345
v 0.00271207 0.002614915 -0.2124353
v 0.002684772 0.002614915 -0.2123119
v 0.002840757 0.002461552 -0.2124097
v 0.002812266 0.002461552 -0.2122808
v 0.002961277 0.00230199 -0.2123858
v 0.002931594 0.00230199 -0.2122517
v 0.003073036 0.002137005 -0.2123637
v 0.00304234 0.002137005 -0.2122247
v 0.003175914 0.00196737 -0.2123432
v 0.003144204 0.00196737 -0.2121998
v 0.003269553 0.001793682 -0.2123247
v 0.003236889 0.001793682 -0.2121772
v 0.003353774 0.001616835 -0.2123079
v 0.003320336 0.001616835 -0.2121568
v 0.003428518 0.001437544 -0.2122931
v 0.003394365 0.001437544 -0.2121387
v 0.003493785 0.001256525 -0.2122802
v 0.003459036 0.001256525 -0.2121229
v 0.003549635 0.001074552 -0.2122691
v 0.003514289 0.001074552 -0.2121095
v 0.003596127 0.0008924 -0.2122598
v 0.003560364 0.0008924 -0.2120982
v 0.003633558 0.000710635 -0.2122524
v 0.003597438 0.000710635 -0.2120891
v 0.003662049 0.000529942 -0.2122468
v 0.003625631 0.000529942 -0.2120823
v 0.003682017 0.000350916 -0.2122428
v 0.00364542 0.000350916 -0.2120774
v 0.003693699 0.000174103 -0.2122405
v 0.003656983 0.000174103 -0.2120746
v 0.003660738 0 -0.2120737
v 0.003656983 -0.000174103 -0.2120746
v 0.00364542 -0.000350916 -0.2120774
v 0.003625631 -0.000529942 -0.2120823
v 0.003597438 -0.000710635 -0.2120891
v 0.003560364 -0.0008924 -0.2120982
v 0.003514289 -0.001074552 -0.2121095
v 0.003459036 -0.001256525 -0.2121229
v 0.003394365 -0.001437544 -0.2121387
v 0.003320336 -0.001616835 -0.2121568
v 0.003236889 -0.001793682 -0.2121772
v 0.003144204 -0.00196737 -0.2121998
v 0.00304234 -0.002137005 -0.2122247
v 0.002931594 -0.00230199 -0.2122517
v 0.002812266 -0.002461552 -0.2122808
v 0.002684772 -0.002614915 -0.2123119
v 0.002549529 -0.002761483 -0.212345
v 0.002407133 -0.00290066 -0.2123798
v 0.002258121 -0.003031909 -0.2124161
v 0.002103149 -0.003154754 -0.212454
v 0.001942932 -0.003268778 -0.2124931
v 0.001778066 -0.003373622 -0.2125334
v 0.001609325 -0.003469049 -0.2125745
v 0.001437544 -0.00355494 -0.2126165
v 0.00126332 -0.003631174 -0.212659
v 0.001087486 -0.003697693 -0.2127019
v 0.00091077 -0.003754615 -0.2127451
v 0.00073378 -0.003802001 -0.2127883
v 0.000557205 -0.003840148 -0.2128314
v 0.00038166 -0.003869235 -0.2128742
v 0.000207728 -0.00388956 -0.2129167
v 3.5979e-05 -0.003901481 -0.2129586
v 0.003710985 0.000350916 -0.2124075
v 0.003722786 0.000174103 -0.2124057
v 0.003744959 0.000174103 -0.212574
v 0.003748834 0 -0.2125735
v 0.003763616 0 -0.2127409
v 0.003759682 -0.000174103 -0.2127412
v 0.003767251 -0.000174103 -0.2129106
v 0.003755331 -0.000350916 -0.2129109
v 0.003755569 -0.000350916 -0.2130784
v 0.003735244 -0.000529942 -0.213078
v 0.00372821 -0.000529942 -0.2132459
v 0.003699243 -0.000710635 -0.213244
v 0.003685116 -0.000710635 -0.213409
v 0.003647208 -0.0008924 -0.2134049
v 0.003626108 -0.0008924 -0.2135685
v 0.003579199 -0.001074552 -0.2135614
v 0.003551542 -0.001074552 -0.213721
v 0.003495693 -0.001256525 -0.2137101
v 0.00346148 -0.001256525 -0.2138667
v 0.003396809 -0.001437544 -0.2138511
v 0.003356754 -0.001437544 -0.2140027
v 0.0032835 -0.001616835 -0.2139817
v 0.003237783 -0.001616835 -0.2141287
v 0.003156363 -0.001793682 -0.2141014
v 0.0031057 -0.001793682 -0.2142426
v 0.003016591 -0.00196737 -0.2142084
v 0.002961397 -0.00196737 -0.2143434
v 0.002865195 -0.002137005 -0.2143017
v 0.002806067 -0.002137005 -0.2144302
v 0.002703547 -0.00230199 -0.2143803
v 0.00264126 -0.00230199 -0.2145016
v 0.002533257 -0.002461552 -0.2144432
v 0.002468228 -0.002461552 -0.2145573
v 0.002355635 -0.002614915 -0.2144899
v 0.002288997 -0.002614915 -0.2145959
v 0.002172768 -0.002761483 -0.2145193
v 0.002104759 -0.002761483 -0.2146179
v 0.001985907 -0.00290066 -0.214532
v 0.001917898 -0.00290066 -0.2146219
v 0.001797616 -0.003031909 -0.2145268
v 0.001729547 -0.003031909 -0.2146091
v 0.001608788 -0.003154754 -0.2145048
v 0.001542329 -0.003154754 -0.2145785
v 0.001422286 -0.003268778 -0.2144654
v 0.001357197 -0.003268778 -0.2145316
v 0.001238822 -0.003373622 -0.21441
v 0.001176893 -0.003373622 -0.2144677
v 0.001061201 -0.003469049 -0.2143381
v 0.001001954 -0.003469049 -0.2143888
v 0.000890031 -0.00355494 -0.2142518
v 0.000835247 -0.00355494 -0.2142947
v 0.00072786 -0.003631174 -0.2141511
v 0.000676938 -0.003631174 -0.2141875
v 0.000574944 -0.003697693 -0.214038
v 0.000529703 -0.003697693 -0.2140674
v 0.000433716 -0.003754615 -0.2139129
v 0.000393412 -0.003754615 -0.2139367
v 0.000304123 -0.003802001 -0.2137778
v 0.000270341 -0.003802001 -0.2137959
v 0.000188146 -0.003840148 -0.2136338
v 0.000160245 -0.003840148 -0.2136471
v 8.56289e-05 -0.003869235 -0.2134826
v 6.4722e-05 -0.003869235 -0.2134916
v -2.12198e-06 -0.00388956 -0.2133255
v -1.62084e-05 -0.00388956 -0.2133308
v -7.51398e-05 -0.003901481 -0.2131641
v -8.23536e-05 -0.003901481 -0.2131665
v 0.003662168 0.000710635 -0.212415
v 0.003690898 0.000529942 -0.2124106
v 0.003712952 0.000529942 -0.2125775
v 0.003733158 0.000350916 -0.2125753
v 0.00374782 0.000350916 -0.212742
v 0.003759682 0.000174103 -0.2127412
v 0.003767251 0.000174103 -0.2129106
v 0.003771185 0 -0.2129105
v 0.003771364 0 -0.2130787
v 0.00376749 -0.000174103 -0.2130786
v 0.003760457 -0.000174103 -0.2132479
v 0.003748536 -0.000350916 -0.2132471
v 0.00373429 -0.000350916 -0.2134142
v 0.003714025 -0.000529942 -0.2134121
v 0.003692567 -0.000529942 -0.2135785
v 0.003663778 -0.000710635 -0.2135742
v 0.003635525 -0.000710635 -0.2137375
v 0.003598093 -0.0008924 -0.2137302
v 0.003562927 -0.0008924 -0.2138912
v 0.003516852 -0.001074552 -0.21388
v 0.003475427 -0.001074552 -0.2140368
v 0.00342071 -0.001256525 -0.2140211
v 0.003373205 -0.001256525 -0.214174
v 0.003310084 -0.001437544 -0.2141529
v 0.003257036 -0.001437544 -0.2143006
v 0.003185868 -0.001616835 -0.2142733
v 0.003127694 -0.001616835 -0.2144157
v 0.003048896 -0.001793682 -0.2143815
v 0.002986133 -0.001793682 -0.2145179
v 0.002900362 -0.00196737 -0.2144761
v 0.002833724 -0.00196737 -0.2146058
v 0.002741515 -0.002137005 -0.2145559
v 0.00267142 -0.002137005 -0.2146789
v 0.002573609 -0.00230199 -0.2146204
v 0.00250113 -0.00230199 -0.2147357
v 0.00239855 -0.002461552 -0.2146681
v 0.002323865 -0.002461552 -0.2147763
v 0.002217531 -0.002614915 -0.2146994
v 0.002142071 -0.002614915 -0.2147992
v 0.002032876 -0.002761483 -0.2147129
v 0.001956522 -0.002761483 -0.2148052
v 0.001845598 -0.00290066 -0.2147094
v 0.001770079 -0.00290066 -0.2147931
v 0.001658439 -0.003031909 -0.2146879
v 0.001583456 -0.003031909 -0.2147641
v 0.001472234 -0.003154754 -0.2146498
v 0.001399695 -0.003154754 -0.2147173
v 0.001289844 -0.003268778 -0.2145943
v 0.001219213 -0.003268778 -0.2146546
v 0.001111805 -0.003373622 -0.2145233
v 0.001045167 -0.003373622 -0.2145754
v 0.000941174 -0.003469049 -0.2144363
v 0.000877667 -0.003469049 -0.2144817
v 0.000777982 -0.00355494 -0.2143356
v 0.000719773 -0.00355494 -0.2143735
v 0.000625178 -0.003631174 -0.2142212
v 0.000571259 -0.003631174 -0.2142531
v 0.000482561 -0.003697693 -0.2140953
v 0.000435005 -0.003697693 -0.2141207
v 0.000352727 -0.003754615 -0.2139584
v 0.000310507 -0.003754615 -0.2139787
v 0.00023529 -0.003802001 -0.2138127
v 0.000200071 -0.003802001 -0.2138278
v 0.000132207 -0.003840148 -0.2136592
v 0.000103683 -0.003840148 -0.2136699
v 4.34533e-05 -0.003869235 -0.2134996
v 2.15222e-05 -0.003869235 -0.2135068
v -3.07487e-05 -0.00388956 -0.2133356
v -4.52482e-05 -0.00388956 -0.2133396
v -8.95459e-05 -0.003901481 -0.2131685
v -9.69354e-05 -0.003901481 -0.2131702
v 0.003577589 0.001074552 -0.212428
v 0.003624498 0.0008924 -0.2124208
v 0.003646135 0.0008924 -0.2125848
v 0.003684043 0.000710635 -0.2125806
v 0.003698527 0.000710635 -0.2127453
v 0.003727555 0.000529942 -0.2127434
v 0.003735065 0.000529942 -0.2129113
v 0.003755331 0.000350916 -0.2129109
v 0.003755569 0.000350916 -0.2130784
v 0.00376749 0.000174103 -0.2130786
v 0.003760457 0.000174103 -0.2132479
v 0.003764271 0 -0.2132481
v 0.003749966 0 -0.2134159
v 0.003746092 -0.000174103 -0.2134155
v 0.003724455 -0.000174103 -0.2135834
v 0.003712654 -0.000350916 -0.2135816
v 0.003683984 -0.000350916 -0.213747
v 0.003664016 -0.000529942 -0.2137431
v 0.003628253 -0.000529942 -0.2139069
v 0.003600001 -0.000710635 -0.2139001
v 0.003557682 -0.000710635 -0.2140604
v 0.003521025 -0.0008924 -0.2140499
v 0.003472149 -0.0008924 -0.2142071
v 0.003427147 -0.001074552 -0.214192
v 0.003372311 -0.001074552 -0.2143449
v 0.003319144 -0.001256525 -0.2143245
v 0.003258645 -0.001256525 -0.2144725
v 0.00319761 -0.001437544 -0.214446
v 0.003131926 -0.001437544 -0.2145888
v 0.00306338 -0.001616835 -0.2145555
v 0.002993226 -0.001616835 -0.2146921
v 0.002917706 -0.001793682 -0.2146512
v 0.00284332 -0.001793682 -0.2147818
v 0.002761423 -0.00196737 -0.2147328
v 0.002683877 -0.00196737 -0.2148561
v 0.002596378 -0.002137005 -0.2147984
v 0.002515792 -0.002137005 -0.214915
v 0.002423405 -0.00230199 -0.2148483
v 0.00234133 -0.00230199 -0.2149568
v 0.002245008 -0.002461552 -0.2148806
v 0.002161145 -0.002461552 -0.214982
v 0.002061843 -0.002614915 -0.2148962
v 0.001978099 -0.002614915 -0.214989
v 0.001876831 -0.002761483 -0.2148936
v 0.001792669 -0.002761483 -0.2149791
v 0.001690447 -0.00290066 -0.214874
v 0.001608073 -0.00290066 -0.2149508
v 0.00150597 -0.003031909 -0.2148364
v 0.001424551 -0.003031909 -0.2149059
v 0.00132358 -0.003154754 -0.2147824
v 0.001245617 -0.003154754 -0.2148434
v 0.001146793 -0.003268778 -0.2147113
v 0.001071095 -0.003268778 -0.2147654
v 0.000975514 -0.003373622 -0.2146252
v 0.000904682 -0.003373622 -0.2146713
v 0.000813061 -0.003469049 -0.2145238
v 0.000745802 -0.003469049 -0.2145636
v 0.000659118 -0.00355494 -0.2144094
v 0.000597913 -0.00355494 -0.2144421
v 0.000516843 -0.003631174 -0.2142822
v 0.000460364 -0.003631174 -0.2143092
v 0.000385626 -0.003697693 -0.2141444
v 0.000336043 -0.003697693 -0.2141656
v 0.000268105 -0.003754615 -0.2139968
v 0.000225 -0.003754615 -0.2140131
v 0.000164271 -0.003802001 -0.2138413
v 0.000127303 -0.003802001 -0.2138535
v 7.42601e-05 -0.003840148 -0.2136796
v 4.48789e-05 -0.003840148 -0.2136879
v -3.97071e-07 -0.003869235 -0.213513
v -2.28662e-05 -0.003869235 -0.2135183
v -6.012e-05 -0.00388956 -0.2133432
v -7.49484e-05 -0.00388956 -0.213346
v -0.000104272 -0.003901481 -0.2131716
v -0.000111784 -0.003901481 -0.2131727
v 0.003455638 0.001437544 -0.2124468
v 0.003521382 0.001256525 -0.2124367
v 0.003542423 0.001256525 -0.2125962
v 0.003598988 0.001074552 -0.21259
v 0.003613173 0.001074552 -0.2127509
v 0.0036605 0.0008924 -0.2127478
v 0.003667831 0.0008924 -0.2129129
v 0.003705978 0.000710635 -0.212912
v 0.003706216 0.000710635 -0.2130774
v 0.003735244 0.000529942 -0.213078
v 0.00372821 0.000529942 -0.2132459
v 0.003748536 0.000350916 -0.2132471
v 0.00373429 0.000350916 -0.2134142
v 0.003746092 0.000174103 -0.2134155
v 0.003724455 0.000174103 -0.2135834
v 0.00372827 0 -0.213584
v 0.003699481 0 -0.21375
v 0.003695666 -0.000174103 -0.2137492
v 0.003659605 -0.000174103 -0.2139145
v 0.003648042 -0.000350916 -0.2139117
v 0.003605127 -0.000350916 -0.2140741
v 0.003585577 -0.000529942 -0.2140685
v 0.003535866 -0.000529942 -0.2142285
v 0.003508269 -0.000710635 -0.2142192
v 0.003452181 -0.000710635 -0.2143755
v 0.003416597 -0.0008924 -0.2143619
v 0.00335437 -0.0008924 -0.2145141
v 0.003310859 -0.001074552 -0.2144952
v 0.003242909 -0.001074552 -0.2146428
v 0.003191769 -0.001256525 -0.2146179
v 0.003118753 -0.001256525 -0.2147601
v 0.003060221 -0.001437544 -0.2147284
v 0.002982378 -0.001437544 -0.214865
v 0.002916991 -0.001616835 -0.2148259
v 0.002835333 -0.001616835 -0.2149559
v 0.002763569 -0.001793682 -0.2149086
v 0.002678155 -0.001793682 -0.2150324
v 0.002600789 -0.00196737 -0.2149765
v 0.002512991 -0.00196737 -0.2150925
v 0.002430796 -0.002137005 -0.2150275
v 0.002340376 -0.002137005 -0.2151368
v 0.002254128 -0.00230199 -0.2150623
v 0.002162992 -0.00230199 -0.2151632
v 0.002073645 -0.002461552 -0.215079
v 0.001981258 -0.002461552 -0.2151729
v 0.001889705 -0.002614915 -0.2150788
v 0.001798391 -0.002614915 -0.215164
v 0.001705706 -0.002761483 -0.2150601
v 0.001614391 -0.002761483 -0.2151381
v 0.001521587 -0.00290066 -0.2150247
v 0.001433014 -0.00290066 -0.2150939
v 0.001341164 -0.003031909 -0.2149711
v 0.001253962 -0.003031909 -0.2150334
v 0.001164078 -0.003154754 -0.2149016
v 0.001081168 -0.003154754 -0.2149556
v 0.00099419 -0.003268778 -0.2148154
v 0.000914031 -0.003268778 -0.2148628
v 0.000830882 -0.003373622 -0.2147149
v 0.000756415 -0.003373622 -0.2147547
v 0.000677888 -0.003469049 -0.2145998
v 0.000607399 -0.003469049 -0.2146337
v 0.000534388 -0.00355494 -0.2144725
v 0.000470594 -0.00355494 -0.2144998
v 0.00040363 -0.003631174 -0.2143335
v 0.000345964 -0.003631174 -0.2143553
v 0.000285621 -0.003697693 -0.2141847
v 0.000233584 -0.003697693 -0.2142018
v 0.000180478 -0.003754615 -0.2140278
v 0.000136067 -0.003754615 -0.2140402
v 9.04179e-05 -0.003802001 -0.2138639
v 5.25971e-05 -0.003802001 -0.2138728
v 1.47593e-05 -0.003840148 -0.213695
v -1.52428e-05 -0.003840148 -0.2137007
v -4.52308e-05 -0.003869235 -0.2135225
v -6.80611e-05 -0.003869235 -0.2135258
v -9.00478e-05 -0.00388956 -0.2133482
v -0.00010507 -0.00388956 -0.2133497
v -0.000119213 -0.003901481 -0.2131735
v -0.000126785 -0.003901481 -0.2131739
v 0.003295421 0.001793682 -0.2124716
v 0.003380298 0.001616835 -0.2124584
v 0.003400504 0.001616835 -0.2126118
v 0.003476262 0.001437544 -0.2126035
v 0.003489971 0.001437544 -0.2127591
v 0.00355637 0.001256525 -0.2127547
v 0.003563582 0.001256525 -0.2129153
v 0.003620445 0.001074552 -0.212914
v 0.003620684 0.001074552 -0.2130756
v 0.003668069 0.0008924 -0.2130767
v 0.003661215 0.0008924 -0.2132416
v 0.003699243 0.000710635 -0.213244
v 0.003685116 0.000710635 -0.213409
v 0.003714025 0.000529942 -0.2134121
v 0.003692567 0.000529942 -0.2135785
v 0.003712654 0.000350916 -0.2135816
v 0.003683984 0.000350916 -0.213747
v 0.003695666 0.000174103 -0.2137492
v 0.003659605 0.000174103 -0.2139145
v 0.003663361 0 -0.2139154
v 0.003620326 0 -0.2140785
v 0.003616571 -0.000174103 -0.2140774
v 0.003566443 -0.000174103 -0.2142387
v 0.003555119 -0.000350916 -0.2142349
v 0.003498256 -0.000350916 -0.2143932
v 0.003479301 -0.000529942 -0.2143859
v 0.003416001 -0.000529942 -0.2145408
v 0.003389298 -0.000710635 -0.2145293
v 0.003319859 -0.000710635 -0.2146803
v 0.003285586 -0.0008924 -0.2146636
v 0.003210484 -0.0008924 -0.2148097
v 0.003168761 -0.001074552 -0.2147871
v 0.003088295 -0.001074552 -0.2149285
v 0.003039479 -0.001256525 -0.2148993
v 0.002954542 -0.001256525 -0.2150344
v 0.002898931 -0.001437544 -0.2149978
v 0.002809524 -0.001437544 -0.2151274
v 0.002747714 -0.001616835 -0.2150827
v 0.002655208 -0.001616835 -0.215205
v 0.002587854 -0.001793682 -0.2151517
v 0.00249195 -0.001793682 -0.2152678
v 0.00241971 -0.00196737 -0.2152054
v 0.002322316 -0.00196737 -0.2153133
v 0.002246022 -0.002137005 -0.2152414
v 0.002146422 -0.002137005 -0.2153427
v 0.00206691 -0.00230199 -0.2152609
v 0.001967549 -0.00230199 -0.2153536
v 0.001885771 -0.002461552 -0.2152619
v 0.001785516 -0.002461552 -0.2153475
v 0.001702487 -0.002614915 -0.2152459
v 0.001604199 -0.002614915 -0.2153228
v 0.001520812 -0.002761483 -0.2152113
v 0.001423001 -0.002761483 -0.2152812
v 0.001340389 -0.00290066 -0.2151601
v 0.001246273 -0.00290066 -0.2152214
v 0.00116533 -0.003031909 -0.2150911
v 0.001073002 -0.003031909 -0.2151457
v 0.000994861 -0.003154754 -0.2150067
v 0.000907715 -0.003154754 -0.2150532
v 0.000833132 -0.003268778 -0.214906
v 0.000749174 -0.003268778 -0.2149463
v 0.000679104 -0.003373622 -0.2147918
v 0.000601492 -0.003373622 -0.214825
v 0.000536639 -0.003469049 -0.2146639
v 0.000464662 -0.003469049 -0.2146911
v 0.000405725 -0.00355494 -0.2145243
v 0.000338744 -0.00355494 -0.2145464
v 0.000286413 -0.003631174 -0.2143749
v 0.000227016 -0.003631174 -0.2143916
v 0.000181649 -0.003697693 -0.2142164
v 0.000128384 -0.003697693 -0.2142289
v 9.05136e-05 -0.003754615 -0.214051
v 4.513e-05 -0.003754615 -0.2140597
v 1.49042e-05 -0.003802001 -0.21388
v -2.35166e-05 -0.003802001 -0.2138856
v -4.58486e-05 -0.003840148 -0.2137052
v -7.62725e-05 -0.003840148 -0.2137083
v -9.07225e-05 -0.003869235 -0.2135282
v -0.000113737 -0.003869235 -0.2135295
v -0.000120302 -0.00388956 -0.2133506
v -0.000135415 -0.00388956 -0.2133508
v -0.000134274 -0.003901481 -0.213174
v -0.000141834 -0.003901481 -0.2131738
v 0.003097414 0.002137005 -0.2125021
v 0.003201067 0.00196737 -0.2124861
v 0.00322026 0.00196737 -0.2126316
v 0.00331515 0.001793682 -0.2126212
v 0.003328263 0.001793682 -0.2127699
v 0.003413975 0.001616835 -0.2127642
v 0.003420829 0.001616835 -0.2129185
v 0.003497064 0.001437544 -0.2129168
v 0.003497242 0.001437544 -0.2130732
v 0.003563761 0.001256525 -0.2130745
v 0.003557026 0.001256525 -0.213235
v 0.003613829 0.001074552 -0.2132386
v 0.00360006 0.001074552 -0.2133999
v 0.003647208 0.0008924 -0.2134049
v 0.003626108 0.0008924 -0.2135685
v 0.003663778 0.000710635 -0.2135742
v 0.003635525 0.000710635 -0.2137375
v 0.003664016 0.000529942 -0.2137431
v 0.003628253 0.000529942 -0.2139069
v 0.003648042 0.000350916 -0.2139117
v 0.003605127 0.000350916 -0.2140741
v 0.003616571 0.000174103 -0.2140774
v 0.003566443 0.000174103 -0.2142387
v 0.003570079 0 -0.21424
v 0.003513038 0 -0.2143989
v 0.003509402 -0.000174103 -0.2143974
v 0.003445565 -0.000174103 -0.2145537
v 0.003434658 -0.000350916 -0.214549
v 0.003364264 -0.000350916 -0.2147018
v 0.003345966 -0.000529942 -0.214693
v 0.003269612 -0.000529942 -0.2148417
v 0.003244042 -0.000710635 -0.2148278
v 0.003161668 -0.000710635 -0.2149724
v 0.003128945 -0.0008924 -0.2149528
v 0.003041625 -0.0008924 -0.2150918
v 0.003002047 -0.001074552 -0.2150657
v 0.002909541 -0.001074552 -0.2151997
v 0.002863407 -0.001256525 -0.2151663
v 0.002767205 -0.001256525 -0.2152936
v 0.002715051 -0.001437544 -0.2152523
v 0.002614617 -0.001437544 -0.2153738
v 0.00255692 -0.001616835 -0.2153239
v 0.00245428 -0.001616835 -0.2154377
v 0.002391815 -0.001793682 -0.2153788
v 0.002286076 -0.001793682 -0.2154862
v 0.002219557 -0.00196737 -0.2154178
v 0.002113282 -0.00196737 -0.2155168
v 0.002043485 -0.002137005 -0.2154386
v 0.001935362 -0.002137005 -0.2155309
v 0.001863241 -0.00230199 -0.2154427
v 0.00175637 -0.00230199 -0.2155262
v 0.001682817 -0.002461552 -0.2154279
v 0.00157541 -0.002461552 -0.2155046
v 0.001501441 -0.002614915 -0.2153962
v 0.001397013 -0.002614915 -0.2154642
v 0.00132358 -0.002761483 -0.2153459
v 0.001219987 -0.002761483 -0.2154072
v 0.001148164 -0.00290066 -0.2152794
v 0.00104916 -0.00290066 -0.2153323
v 0.00097986 -0.003031909 -0.2151955
v 0.000883132 -0.003031909 -0.2152419
v 0.000817285 -0.003154754 -0.2150966
v 0.000726442 -0.003154754 -0.2151355
v 0.000664844 -0.003268778 -0.2149824
v 0.000579109 -0.003268778 -0.2150148
v 0.000522537 -0.003373622 -0.2148548
v 0.000441066 -0.003373622 -0.2148817
v 0.000390362 -0.003469049 -0.2147156
v 0.000316258 -0.003469049 -0.2147364
v 0.000271936 -0.00355494 -0.2145652
v 0.000203383 -0.00355494 -0.2145814
v 0.000166061 -0.003631174 -0.214406
v 0.000105358 -0.003631174 -0.2144176
v 7.53405e-05 -0.003697693 -0.2142391
v 2.12339e-05 -0.003697693 -0.2142469
v -1.13927e-06 -0.003754615 -0.2140664
v -4.71327e-05 -0.003754615 -0.2140711
v -6.17055e-05 -0.003802001 -0.2138895
v -0.000100445 -0.003802001 -0.2138918
v -0.000107103 -0.003840148 -0.2137101
v -0.000137708 -0.003840148 -0.2137106
v -0.000136549 -0.003869235 -0.2135298
v -0.000159558 -0.003869235 -0.2135292
v -0.000150642 -0.00388956 -0.2133504
v -0.000165719 -0.00388956 -0.2133494
v -0.00014932 -0.003901481 -0.2131733
v -0.000156814 -0.003901481 -0.2131724
v 0.002863407 0.002461552 -0.2125381
v 0.002984762 0.00230199 -0.2125194
v 0.003002762 0.00230199 -0.2126555
v 0.003116011 0.002137005 -0.212643
v 0.003128409 0.002137005 -0.2127832
v 0.003233015 0.00196737 -0.2127762
v 0.003239572 0.00196737 -0.2129227
v 0.003334999 0.001793682 -0.2129205
v 0.003335177 0.001793682 -0.2130699
v 0.003421068 0.001616835 -0.2130717
v 0.003414571 0.001616835 -0.2132259
v 0.003490626 0.001437544 -0.2132307
v 0.003477334 0.001437544 -0.2133867
v 0.003543496 0.001256525 -0.2133938
v 0.003522932 0.001256525 -0.2135529
v 0.003579199 0.001074552 -0.2135614
v 0.003551542 0.001074552 -0.213721
v 0.003598093 0.0008924 -0.2137302
v 0.003562927 0.0008924 -0.2138912
v 0.003600001 0.000710635 -0.2139001
v 0.003557682 0.000710635 -0.2140604
v 0.003585577 0.000529942 -0.2140685
v 0.003535866 0.000529942 -0.2142285
v 0.003555119 0.000350916 -0.2142349
v 0.003498256 0.000350916 -0.2143932
v 0.003509402 0.000174103 -0.2143974
v 0.003445565 0.000174103 -0.2145537
v 0.003449141 0 -0.2145552
v 0.00337851 0 -0.2147088
v 0.003374993 -0.000174103 -0.2147071
v 0.003297924 -0.000174103 -0.2148571
v 0.003287494 -0.000350916 -0.2148514
v 0.003204107 -0.000350916 -0.2149978
v 0.003186643 -0.000529942 -0.2149873
v 0.003097772 -0.000529942 -0.2151288
v 0.003073453 -0.000710635 -0.2151128
v 0.002978861 -0.000710635 -0.2152498
v 0.002947986 -0.0008924 -0.2152275
v 0.002849042 -0.0008924 -0.2153583
v 0.002811849 -0.001074552 -0.2153289
v 0.002708017 -0.001074552 -0.2154545
v 0.002664923 -0.001256525 -0.2154173
v 0.002558231 -0.001256525 -0.2155356
v 0.002509772 -0.001437544 -0.2154899
v 0.002399146 -0.001437544 -0.2156023
v 0.002345979 -0.001616835 -0.2155478
v 0.002234041 -0.001616835 -0.2156521
v 0.00217688 -0.001793682 -0.215588
v 0.002062141 -0.001793682 -0.215686
v 0.002001702 -0.00196737 -0.2156121
v 0.00188744 -0.00196737 -0.2157015
v 0.001824617 -0.002137005 -0.2156175
v 0.001708865 -0.002137005 -0.2157003
v 0.00164467 -0.00230199 -0.215606
v 0.001531064 -0.00230199 -0.21568
v 0.001466214 -0.002461552 -0.2155757
v 0.001352488 -0.002461552 -0.2156429
v 0.001288235 -0.002614915 -0.2155285
v 0.001178383 -0.002614915 -0.2155872
v 0.001115441 -0.002761483 -0.2154631
v 0.00100696 -0.002761483 -0.2155151
v 0.000946464 -0.00290066 -0.2153816
v 0.000843285 -0.00290066 -0.2154257
v 0.000786013 -0.003031909 -0.2152835
v 0.000687253 -0.003031909 -0.2153207
v 0.000634081 -0.003154754 -0.2151703
v 0.000538733 -0.003154754 -0.2152017
v 0.000490589 -0.003268778 -0.2150439
v 0.000402278 -0.003268778 -0.2150688
v 0.00035975 -0.003373622 -0.2149046
v 0.000276345 -0.003373622 -0.2149242
v 0.000240212 -0.003469049 -0.2147544
v 0.000164462 -0.003469049 -0.2147688
v 0.000135124 -0.00355494 -0.2145944
v 6.55109e-05 -0.00355494 -0.2146045
v 4.34556e-05 -0.003631174 -0.2144266
v -1.80541e-05 -0.003631174 -0.2144328
v -3.25443e-05 -0.003697693 -0.2142524
v -8.70827e-05 -0.003697693 -0.2142556
v -9.3762e-05 -0.003754615 -0.2140738
v -0.00014004 -0.003754615 -0.2140745
v -0.000138856 -0.003802001 -0.2138923
v -0.000177609 -0.003802001 -0.2138912
v -0.000168553 -0.003840148 -0.2137097
v -0.000199108 -0.003840148 -0.2137075
v -0.000182352 -0.003869235 -0.2135276
v -0.000205186 -0.003869235 -0.2135249
v -0.000180845 -0.00388956 -0.2133476
v -0.00019581 -0.00388956 -0.2133452
v -0.000164254 -0.003901481 -0.2131713
v -0.000171629 -0.003901481 -0.2131697
v 0.00259608 0.002761483 -0.2125793
v 0.002733647 0.002614915 -0.2125581
v 0.002750158 0.002614915 -0.2126832
v 0.002880632 0.002461552 -0.2126689
v 0.002892076 0.002461552 -0.2127988
v 0.003014624 0.00230199 -0.2127907
v 0.003020763 0.00230199 -0.2129277
v 0.003134727 0.002137005 -0.2129251
v 0.003134906 0.002137005 -0.2130659
v 0.00323975 0.00196737 -0.213068
v 0.003233611 0.00196737 -0.2132143
v 0.003328859 0.001793682 -0.2132204
v 0.003316164 0.001793682 -0.2133694
v 0.003401517 0.001616835 -0.2133786
v 0.003381788 0.001616835 -0.2135316
v 0.003457129 0.001437544 -0.2135429
v 0.003430366 0.001437544 -0.2136973
v 0.003495693 0.001256525 -0.2137101
v 0.00346148 0.001256525 -0.2138667
v 0.003516852 0.001074552 -0.21388
v 0.003475427 0.001074552 -0.2140368
v 0.003521025 0.0008924 -0.2140499
v 0.003472149 0.0008924 -0.2142071
v 0.003508269 0.000710635 -0.2142192
v 0.003452181 0.000710635 -0.2143755
v 0.003479301 0.000529942 -0.2143859
v 0.003416001 0.000529942 -0.2145408
v 0.003434658 0.000350916 -0.214549
v 0.003364264 0.000350916 -0.2147018
v 0.003374993 0.000174103 -0.2147071
v 0.003297924 0.000174103 -0.2148571
v 0.003301382 0 -0.2148589
v 0.003217637 0 -0.2150059
v 0.003214299 -0.000174103 -0.2150039
v 0.003124713 -0.000174103 -0.2151466
v 0.0031147 -0.000350916 -0.21514
v 0.003018915 -0.000350916 -0.2152788
v 0.003002464 -0.000529942 -0.2152669
v 0.002901792 -0.000529942 -0.2154
v 0.002878963 -0.000710635 -0.2153819
v 0.002772748 -0.000710635 -0.2155104
v 0.002743899 -0.0008924 -0.2154855
v 0.002634167 -0.0008924 -0.2156071
v 0.002599656 -0.001074552 -0.2155746
v 0.002485215 -0.001074552 -0.2156909
v 0.002445518 -0.001256525 -0.2156501
v 0.002329111 -0.001256525 -0.2157586
v 0.002284765 -0.001437544 -0.215709
v 0.002164721 -0.001437544 -0.2158115
v 0.002116501 -0.001616835 -0.2157526
v 0.00199604 -0.001616835 -0.2158467
v 0.001944601 -0.001793682 -0.2157779
v 0.001821756 -0.001793682 -0.2158657
v 0.001767992 -0.00196737 -0.2157869
v 0.001646518 -0.00196737 -0.215866
v 0.001591205 -0.002137005 -0.2157769
v 0.001468539 -0.002137005 -0.2158494
v 0.001412689 -0.00230199 -0.21575
v 0.001293241 -0.00230199 -0.2158138
v 0.00123775 -0.002461552 -0.2157042
v 0.0011186 -0.002461552 -0.2157614
v 0.001064419 -0.002614915 -0.2156419
v 0.000949997 -0.002614915 -0.2156908
v 0.000898021 -0.002761483 -0.2155617
v 0.000787229 -0.002761483 -0.2156035
v 0.000738366 -0.00290066 -0.2154654
v 0.000630078 -0.00290066 -0.215501
v 0.0005853 -0.003031909 -0.2153543
v 0.000483559 -0.003031909 -0.215383
v 0.000443611 -0.003154754 -0.2152285
v 0.000346011 -0.003154754 -0.2152515
v 0.000311672 -0.003268778 -0.2150902
v 0.000221446 -0.003268778 -0.2151074
v 0.000193288 -0.003373622 -0.21494
v 0.000108576 -0.003373622 -0.2149524
v 8.72301e-05 -0.003469049 -0.21478
v 1.04566e-05 -0.003469049 -0.2147879
v -3.69944e-06 -0.00355494 -0.2146116
v -7.38593e-05 -0.00355494 -0.2146157
v -8.04509e-05 -0.003631174 -0.2144365
v -0.000142338 -0.003631174 -0.2144374
v -0.000141186 -0.003697693 -0.2142565
v -0.000195738 -0.003697693 -0.2142549
v -0.000186681 -0.003754615 -0.2140732
v -0.000232876 -0.003754615 -0.2140699
v -0.000215969 -0.003802001 -0.2138885
v -0.000254439 -0.003802001 -0.2138841
v -0.000229745 -0.003840148 -0.213704
v -0.000260017 -0.003840148 -0.2136991
v -0.000227773 -0.003869235 -0.2135214
v -0.000250272 -0.003869235 -0.2135168
v -0.00021071 -0.00388956 -0.2133421
v -0.000225416 -0.00388956 -0.2133385
v -0.000178939 -0.003901481 -0.2131679
v -0.000186162 -0.003901481 -0.2131658
v 0.002299666 0.003031909 -0.212625
v 0.002451241 0.00290066 -0.2126017
v 0.002466082 0.00290066 -0.2127144
v 0.002611815 0.002761483 -0.2126984
v 0.002622246 0.002761483 -0.2128168
v 0.002761125 0.002614915 -0.2128075
v 0.002766728 0.002614915 -0.2129335
v 0.002897977 0.002461552 -0.2129305
v 0.002898156 0.002461552 -0.2130611
v 0.003020942 0.00230199 -0.2130635
v 0.00301522 0.00230199 -0.2132005
v 0.003128945 0.002137005 -0.2132077
v 0.003116965 0.002137005 -0.2133481
v 0.003221273 0.00196737 -0.2133593
v 0.003202497 0.00196737 -0.2135044
v 0.003296852 0.001793682 -0.2135187
v 0.003271281 0.001793682 -0.2136662
v 0.003355622 0.001616835 -0.2136827
v 0.00332272 0.001616835 -0.2138332
v 0.003396809 0.001437544 -0.2138511
v 0.003356754 0.001437544 -0.2140027
v 0.00342071 0.001256525 -0.2140211
v 0.003373205 0.001256525 -0.214174
v 0.003427147 0.001074552 -0.214192
v 0.003372311 0.001074552 -0.2143449
v 0.003416597 0.0008924 -0.2143619
v 0.00335437 0.0008924 -0.2145141
v 0.003389298 0.000710635 -0.2145293
v 0.003319859 0.000710635 -0.2146803
v 0.003345966 0.000529942 -0.214693
v 0.003269612 0.000529942 -0.2148417
v 0.003287494 0.000350916 -0.2148514
v 0.003204107 0.000350916 -0.2149978
v 0.003214299 0.000174103 -0.2150039
v 0.003124713 0.000174103 -0.2151466
v 0.003127932 0 -0.2151487
v 0.00303173 0 -0.215288
v 0.003028571 -0.000174103 -0.2152857
v 0.002927064 -0.000174103 -0.21542
v 0.002917706 -0.000350916 -0.2154126
v 0.00281018 -0.000350916 -0.2155427
v 0.002794742 -0.000529942 -0.2155294
v 0.002683043 -0.000529942 -0.2156532
v 0.002661883 -0.000710635 -0.2156332
v 0.002544879 -0.000710635 -0.2157521
v 0.002518296 -0.0008924 -0.2157248
v 0.00239855 -0.0008924 -0.2158365
v 0.00236696 -0.001074552 -0.2158011
v 0.002242863 -0.001074552 -0.2159071
v 0.002206802 -0.001256525 -0.2158631
v 0.002081573 -0.001256525 -0.215961
v 0.002041697 -0.001437544 -0.2159078
v 0.00191307 -0.001437544 -0.2159996
v 0.001870155 -0.001616835 -0.2159367
v 0.001742124 -0.001616835 -0.21602
v 0.001696825 -0.001793682 -0.215947
v 0.001566708 -0.001793682 -0.216024
v 0.001519918 -0.00196737 -0.2159408
v 0.001392245 -0.00196737 -0.216009
v 0.001344799 -0.002137005 -0.2159155
v 0.001216411 -0.002137005 -0.2159771
v 0.001169323 -0.00230199 -0.2158733
v 0.001044809 -0.00230199 -0.2159265
v 0.000999015 -0.002461552 -0.2158126
v 0.000877357 -0.002461552 -0.2158585
v 0.000833613 -0.002614915 -0.2157348
v 0.000713466 -0.002614915 -0.2157743
v 0.000672857 -0.002761483 -0.2156412
v 0.000558734 -0.002761483 -0.2156733
v 0.000521996 -0.00290066 -0.2155315
v 0.000411147 -0.00290066 -0.2155576
v 0.000379215 -0.003031909 -0.2154076
v 0.000275287 -0.003031909 -0.2154273
v 0.000248805 -0.003154754 -0.2152701
v 0.000149694 -0.003154754 -0.2152845
v 0.00012941 -0.003268778 -0.2151208
v 3.79477e-05 -0.003268778 -0.2151302
v 2.4374e-05 -0.003373622 -0.214961
v -6.10064e-05 -0.003373622 -0.214966
v -6.73823e-05 -0.003469049 -0.2147924
v -0.000144615 -0.003469049 -0.2147936
v -0.000143496 -0.00355494 -0.2146168
v -0.000213687 -0.00355494 -0.2146148
v -0.000204747 -0.003631174 -0.2144357
v -0.000266577 -0.003631174 -0.2144313
v -0.000249766 -0.003697693 -0.2142511
v -0.000303928 -0.003697693 -0.2142448
v -0.000279202 -0.003754615 -0.2140645
v -0.000324984 -0.003754615 -0.2140573
v -0.00029247 -0.003802001 -0.213878
v -0.00033037 -0.003802001 -0.2138703
v -0.000290201 -0.003840148 -0.213693
v -0.000319975 -0.003840148 -0.2136856
v -0.00027248 -0.003869235 -0.2135112
v -0.000294483 -0.003869235 -0.2135047
v -0.00023998 -0.00388956 -0.2133342
v -0.00025435 -0.00388956 -0.2133293
v -0.000193277 -0.003901481 -0.2131633
v -0.000200295 -0.003901481 -0.2131606
v 0.001978933 0.003268778 -0.2126744
v 0.002141952 0.003154754 -0.2126493
v 0.002155065 0.003154754 -0.2127486
v 0.002313673 0.003031909 -0.2127312
v 0.002322912 0.003031909 -0.2128367
v 0.002475976 0.00290066 -0.2128265
v 0.002481043 0.00290066 -0.21294
v 0.002627611 0.002761483 -0.2129367
v 0.00262773 0.002761483 -0.2130557
v 0.002766907 0.002614915 -0.2130584
v 0.002761662 0.002614915 -0.2131843
v 0.002892613 0.002461552 -0.2131927
v 0.002881526 0.002461552 -0.2133229
v 0.003003656 0.00230199 -0.2133359
v 0.002986133 0.00230199 -0.2134717
v 0.003098845 0.002137005 -0.2134888
v 0.003074705 0.002137005 -0.2136278
v 0.003177642 0.00196737 -0.2136479
v 0.003146469 0.00196737 -0.2137907
v 0.003239274 0.001793682 -0.2138131
v 0.003200948 0.001793682 -0.213958
v 0.0032835 0.001616835 -0.2139817
v 0.003237783 0.001616835 -0.2141287
v 0.003310084 0.001437544 -0.2141529
v 0.003257036 0.001437544 -0.2143006
v 0.003319144 0.001256525 -0.2143245
v 0.003258645 0.001256525 -0.2144725
v 0.003310859 0.001074552 -0.2144952
v 0.003242909 0.001074552 -0.2146428
v 0.003285586 0.0008924 -0.2146636
v 0.003210484 0.0008924 -0.2148097
v 0.003244042 0.000710635 -0.2148278
v 0.003161668 0.000710635 -0.2149724
v 0.003186643 0.000529942 -0.2149873
v 0.003097772 0.000529942 -0.2151288
v 0.0031147 0.000350916 -0.21514
v 0.003018915 0.000350916 -0.2152788
v 0.003028571 0.000174103 -0.2152857
v 0.002927064 0.000174103 -0.21542
v 0.002930104 0 -0.2154224
v 0.002822101 0 -0.215553
v 0.00281918 -0.000174103 -0.2155505
v 0.002706527 -0.000174103 -0.2156753
v 0.002697825 -0.000350916 -0.2156671
v 0.002579331 -0.000350916 -0.2157876
v 0.002565145 -0.000529942 -0.215773
v 0.002443313 -0.000529942 -0.2158866
v 0.002423942 -0.000710635 -0.2158649
v 0.002296984 -0.000710635 -0.2159734
v 0.002272844 -0.0008924 -0.2159438
v 0.002144038 -0.0008924 -0.2160446
v 0.002115607 -0.001074552 -0.2160066
v 0.001982688 -0.001074552 -0.2161016
v 0.001950621 -0.001256525 -0.2160546
v 0.001817464 -0.001256525 -0.2161413
v 0.001782357 -0.001437544 -0.2160848
v 0.001646161 -0.001437544 -0.2161653
v 0.001608788 -0.001616835 -0.2160988
v 0.001474201 -0.001616835 -0.2161707
v 0.001435399 -0.001793682 -0.2160941
v 0.001299083 -0.001793682 -0.2161595
v 0.001259684 -0.00196737 -0.2160726
v 0.001126587 -0.00196737 -0.2161296
v 0.001087427 -0.002137005 -0.2160323
v 0.000956284 -0.002137005 -0.2160818
v 0.000918297 -0.00230199 -0.2159743
v 0.000787635 -0.00230199 -0.2160173
v 0.000751777 -0.002461552 -0.2158999
v 0.000626496 -0.002461552 -0.2159352
v 0.000593602 -0.002614915 -0.2158081
v 0.00047063 -0.002614915 -0.2158371
v 0.000441652 -0.002761483 -0.215701
v 0.000325045 -0.002761483 -0.2157232
v 0.000300729 -0.00290066 -0.2155786
v 0.000188141 -0.00290066 -0.215595
v 0.000169294 -0.003031909 -0.2154428
v 6.39309e-05 -0.003031909 -0.2154536
v 5.11515e-05 -0.003154754 -0.2152945
v -4.87455e-05 -0.003154754 -0.2153004
v -5.47863e-05 -0.003268778 -0.2151355
v -0.000146824 -0.003268778 -0.215137
v -0.000145725 -0.003373622 -0.2149673
v -0.000231143 -0.003373622 -0.2149649
v -0.000222492 -0.003469049 -0.2147914
v -0.000299612 -0.003469049 -0.2147859
v -0.000283195 -0.00355494 -0.2146098
v -0.000352887 -0.00355494 -0.2146018
v -0.00032853 -0.003631174 -0.2144241
v -0.000389787 -0.003631174 -0.2144144
v -0.000357468 -0.003697693 -0.2142363
v -0.000410834 -0.003697693 -0.2142254
v -0.000370632 -0.003754615 -0.214048
v -0.00041567 -0.003754615 -0.2140367
v -0.000367757 -0.003802001 -0.2138609
v -0.000404808 -0.003802001 -0.21385
v -0.000349482 -0.003840148 -0.2136768
v -0.000378546 -0.003840148 -0.2136669
v -0.000316153 -0.003869235 -0.2134973
v -0.000337489 -0.003869235 -0.2134889
v -0.000268452 -0.00388956 -0.2133237
v -0.000282358 -0.00388956 -0.2133176
v -0.000207173 -0.003901481 -0.2131575
v -0.000213921 -0.003901481 -0.2131541
v 0.001639604 0.003469049 -0.2127267
v 0.001811206 0.003373622 -0.2127003
v 0.001822412 0.003373622 -0.2127851
v 0.001991093 0.003268778 -0.2127666
v 0.001999139 0.003268778 -0.2128582
v 0.002163767 0.003154754 -0.2128473
v 0.002168238 0.003154754 -0.2129472
v 0.00232774 0.003031909 -0.2129436
v 0.002327859 0.003031909 -0.2130496
v 0.002481222 0.00290066 -0.2130527
v 0.002476453 0.00290066 -0.2131661
v 0.002622723 0.002761483 -0.2131755
v 0.00261259 0.002761483 -0.2132941
v 0.002750992 0.002614915 -0.2133089
v 0.002734899 0.002614915 -0.2134337
v 0.002864658 0.002461552 -0.2134533
v 0.002842307 0.002461552 -0.2135822
v 0.002962827 0.00230199 -0.2136058
v 0.002933681 0.00230199 -0.2137394
v 0.003044545 0.002137005 -0.2137661
v 0.003008484 0.002137005 -0.2139027
v 0.003109276 0.00196737 -0.2139316
v 0.003065884 0.00196737 -0.2140711
v 0.003156363 0.001793682 -0.2141014
v 0.0031057 0.001793682 -0.2142426
v 0.003185868 0.001616835 -0.2142733
v 0.003127694 0.001616835 -0.2144157
v 0.00319761 0.001437544 -0.214446
v 0.003131926 0.001437544 -0.2145888
v 0.003191769 0.001256525 -0.2146179
v 0.003118753 0.001256525 -0.2147601
v 0.003168761 0.001074552 -0.2147871
v 0.003088295 0.001074552 -0.2149285
v 0.003128945 0.0008924 -0.2149528
v 0.003041625 0.0008924 -0.2150918
v 0.003073453 0.000710635 -0.2151128
v 0.002978861 0.000710635 -0.2152498
v 0.003002464 0.000529942 -0.2152669
v 0.002901792 0.000529942 -0.2154
v 0.002917706 0.000350916 -0.2154126
v 0.00281018 0.000350916 -0.2155427
v 0.00281918 0.000174103 -0.2155505
v 0.002706527 0.000174103 -0.2156753
v 0.002709329 0 -0.215678
v 0.002590358 0 -0.2157989
v 0.002587676 -0.000174103 -0.2157961
v 0.002464771 -0.000174103 -0.2159106
v 0.002456843 -0.000350916 -0.2159017
v 0.002328217 -0.000350916 -0.2160116
v 0.002315402 -0.000529942 -0.2159959
v 0.002184271 -0.000529942 -0.2160984
v 0.002166867 -0.000710635 -0.2160751
v 0.002030849 -0.000710635 -0.2161723
v 0.002009391 -0.0008924 -0.2161408
v 0.001872479 -0.0008924 -0.2162299
v 0.001847505 -0.001074552 -0.2161896
v 0.001706659 -0.001074552 -0.2162729
v 0.001678764 -0.001256525 -0.2162232
v 0.001538753 -0.001256525 -0.2162981
v 0.001508712 -0.001437544 -0.2162387
v 0.001366019 -0.001437544 -0.2163072
v 0.001334547 -0.001616835 -0.2162377
v 0.001194298 -0.001616835 -0.2162978
v 0.00116223 -0.001793682 -0.2162181
v 0.001023054 -0.001793682 -0.2162706
v 0.000991236 -0.00196737 -0.2161807
v 0.000851517 -0.00196737 -0.2162266
v 0.000820913 -0.002137005 -0.2161264
v 0.000685814 -0.002137005 -0.2161645
v 0.000657248 -0.00230199 -0.2160541
v 0.000523514 -0.00230199 -0.2160856
v 0.000497945 -0.002461552 -0.2159655
v 0.000369931 -0.002461552 -0.2159898
v 0.000348149 -0.002614915 -0.2158604
v 0.000223256 -0.002614915 -0.2158787
v 0.000206149 -0.002761483 -0.2157405
v 8.79551e-05 -0.002761483 -0.2157526
v 7.62115e-05 -0.00290066 -0.2156065
v -3.72542e-05 -0.00290066 -0.2156131
v -4.28878e-05 -0.003031909 -0.2154598
v -0.000148888 -0.003031909 -0.2154614
v -0.000147871 -0.003154754 -0.2153019
v -0.000247786 -0.003154754 -0.2152991
v -0.000239591 -0.003268778 -0.2151343
v -0.000331468 -0.003268778 -0.2151278
v -0.000315737 -0.003373622 -0.2149588
v -0.000400524 -0.003373622 -0.2149491
v -0.000376916 -0.003469049 -0.214777
v -0.000453362 -0.003469049 -0.2147648
v -0.000421776 -0.00355494 -0.2145908
v -0.000490448 -0.00355494 -0.2145768
v -0.000450829 -0.003631174 -0.214402
v -0.000511075 -0.003631174 -0.2143869
v -0.000463503 -0.003697693 -0.2142123
v -0.000515678 -0.003697693 -0.2141969
v -0.000460289 -0.003754615 -0.2140235
v -0.000504221 -0.003754615 -0.2140085
v -0.000441301 -0.003802001 -0.2138375
v -0.000477234 -0.003802001 -0.2138233
v -0.000407159 -0.003840148 -0.2136556
v -0.000435267 -0.003840148 -0.2136431
v -0.000358446 -0.003869235 -0.2134796
v -0.000378972 -0.003869235 -0.2134694
v -0.00029594 -0.00388956 -0.2133108
v -0.000309233 -0.00388956 -0.2133035
v -0.000220527 -0.003901481 -0.2131506
v -0.000226941 -0.003901481 -0.2131466
v 0.001287579 0.003631174 -0.212781
v 0.001464784 0.00355494 -0.2127537
v 0.001474022 0.00355494 -0.2128234
v 0.001649796 0.003469049 -0.2128041
v 0.001656591 0.003469049 -0.212881
v 0.001829862 0.003373622 -0.2128695
v 0.001833677 0.003373622 -0.2129549
v 0.002003312 0.003268778 -0.212951
v 0.002003431 0.003268778 -0.213043
v 0.002168357 0.003154754 -0.2130464
v 0.002164185 0.003154754 -0.2131463
v 0.002323389 0.003031909 -0.2131564
v 0.002314329 0.003031909 -0.2132622
v 0.002466857 0.00290066 -0.2132785
v 0.002452373 0.00290066 -0.213391
v 0.002597272 0.002761483 -0.2134129
v 0.002576947 0.002761483 -0.2135303
v 0.002713501 0.002614915 -0.2135571
v 0.002686679 0.002614915 -0.2136799
v 0.002814292 0.002461552 -0.2137106
v 0.002780854 0.002461552 -0.2138373
v 0.002898931 0.00230199 -0.2138712
v 0.00285834 0.00230199 -0.2140016
v 0.002966463 0.002137005 -0.2140378
v 0.00291872 0.002137005 -0.2141708
v 0.003016591 0.00196737 -0.2142084
v 0.002961397 0.00196737 -0.2143434
v 0.003048896 0.001793682 -0.2143815
v 0.002986133 0.001793682 -0.2145179
v 0.00306338 0.001616835 -0.2145555
v 0.002993226 0.001616835 -0.2146921
v 0.003060221 0.001437544 -0.2147284
v 0.002982378 0.001437544 -0.214865
v 0.003039479 0.001256525 -0.2148993
v 0.002954542 0.001256525 -0.2150344
v 0.003002047 0.001074552 -0.2150657
v 0.002909541 0.001074552 -0.2151997
v 0.002947986 0.0008924 -0.2152275
v 0.002849042 0.0008924 -0.2153583
v 0.002878963 0.000710635 -0.2153819
v 0.002772748 0.000710635 -0.2155104
v 0.002794742 0.000529942 -0.2155294
v 0.002683043 0.000529942 -0.2156532
v 0.002697825 0.000350916 -0.2156671
v 0.002579331 0.000350916 -0.2157876
v 0.002587676 0.000174103 -0.2157961
v 0.002464771 0.000174103 -0.2159106
v 0.002467334 0 -0.2159135
v 0.00233823 0 -0.2160239
v 0.002335786 -0.000174103 -0.2160208
v 0.002203583 -0.000174103 -0.2161242
v 0.00219649 -0.000350916 -0.2161146
v 0.002058744 -0.000350916 -0.2162131
v 0.0020473 -0.000529942 -0.2161963
v 0.001907944 -0.000529942 -0.216287
v 0.001892626 -0.000710635 -0.2162623
v 0.001748561 -0.000710635 -0.2163475
v 0.001729905 -0.0008924 -0.2163142
v 0.00158596 -0.0008924 -0.2163911
v 0.001564502 -0.001074552 -0.2163488
v 0.001416981 -0.001074552 -0.2164196
v 0.001393496 -0.001256525 -0.2163678
v 0.001247584 -0.001256525 -0.2164301
v 0.001222729 -0.001437544 -0.2163684
v 0.001077055 -0.001437544 -0.2164235
v 0.001051604 -0.001616835 -0.2163516
v 0.00090445 -0.001616835 -0.2164001
v 0.00087937 -0.001793682 -0.216318
v 0.000736009 -0.001793682 -0.2163584
v 0.00071209 -0.00196737 -0.216266
v 0.000569063 -0.00196737 -0.2162997
v 0.000547241 -0.002137005 -0.2161971
v 0.000409221 -0.002137005 -0.2162234
v 0.000390294 -0.00230199 -0.216111
v 0.000254458 -0.00230199 -0.2161308
v 0.00023939 -0.002461552 -0.2160089
v 0.000109604 -0.002461552 -0.2160221
v 9.91037e-05 -0.002614915 -0.2158913
v -2.67837e-05 -0.002614915 -0.2158987
v -3.18742e-05 -0.002761483 -0.2157596
v -0.000150795 -0.002761483 -0.2157614
v -0.000149858 -0.00290066 -0.2156148
v -0.000263371 -0.00290066 -0.2156116
v -0.00025573 -0.003031909 -0.2154584
v -0.000361591 -0.003031909 -0.2154508
v -0.000346787 -0.003154754 -0.215292
v -0.000446 -0.003154754 -0.2152806
v -0.00042359 -0.003268778 -0.2151172
v -0.00051466 -0.003268778 -0.2151027
v -0.000484367 -0.003373622 -0.2149357
v -0.000567917 -0.003373622 -0.2149187
v -0.000529547 -0.003469049 -0.2147493
v -0.000604703 -0.003469049 -0.2147306
v -0.000558209 -0.00355494 -0.2145599
v -0.000625357 -0.00355494 -0.2145401
v -0.000570765 -0.003631174 -0.2143692
v -0.000629531 -0.003631174 -0.214349
v -0.000567038 -0.003697693 -0.2141792
v -0.000617656 -0.003697693 -0.2141593
v -0.000547496 -0.003754615 -0.2139915
v -0.000589998 -0.003754615 -0.2139726
v -0.000512533 -0.003802001 -0.2138077
v -0.000547089 -0.003802001 -0.2137905
v -0.000462789 -0.003840148 -0.2136295
v -0.000489744 -0.003840148 -0.2136147
v -0.000399078 -0.003869235 -0.2134584
v -0.000418612 -0.003869235 -0.2134464
v -0.000322178 -0.00388956 -0.2132956
v -0.000334811 -0.00388956 -0.2132871
v -0.000233212 -0.003901481 -0.2131424
v -0.000239267 -0.003901481 -0.213138
v 0.000928885 0.003754615 -0.2128363
v 0.001108705 0.003697693 -0.2128086
v 0.001115858 0.003697693 -0.2128627
v 0.001295745 0.003631174 -0.212843
v 0.001301169 0.003631174 -0.2129046
v 0.001480102 0.00355494 -0.2128927
v 0.001483261 0.00355494 -0.2129629
v 0.001660048 0.003469049 -0.2129589
v 0.001660168 0.003469049 -0.2130361
v 0.001833796 0.003373622 -0.2130396
v 0.00183022 0.003373622 -0.2131249
v 0.001999557 0.003268778 -0.2131358
v 0.001991689 0.003268778 -0.2132276
v 0.002155721 0.003154754 -0.2132452
v 0.002142965 0.003154754 -0.2133442
v 0.002300679 0.003031909 -0.213368
v 0.002282559 0.003031909 -0.2134727
v 0.002433061 0.00290066 -0.2135021
v 0.002408862 0.00290066 -0.2136129
v 0.002551376 0.002761483 -0.2136473
v 0.002520918 0.002761483 -0.2137626
v 0.002654731 0.002614915 -0.213801
v 0.002617418 0.002614915 -0.213921
v 0.002741873 0.002461552 -0.2139626
v 0.002697587 0.002461552 -0.214086
v 0.002812266 0.00230199 -0.21413
v 0.002760589 0.00230199 -0.2142563
v 0.002865195 0.002137005 -0.2143017
v 0.002806067 0.002137005 -0.2144302
v 0.002900362 0.00196737 -0.2144761
v 0.002833724 0.00196737 -0.2146058
v 0.002917706 0.001793682 -0.2146512
v 0.00284332 0.001793682 -0.2147818
v 0.002916991 0.001616835 -0.2148259
v 0.002835333 0.001616835 -0.2149559
v 0.002898931 0.001437544 -0.2149978
v 0.002809524 0.001437544 -0.2151274
v 0.002863407 0.001256525 -0.2151663
v 0.002767205 0.001256525 -0.2152936
v 0.002811849 0.001074552 -0.2153289
v 0.002708017 0.001074552 -0.2154545
v 0.002743899 0.0008924 -0.2154855
v 0.002634167 0.0008924 -0.2156071
v 0.002661883 0.000710635 -0.2156332
v 0.002544879 0.000710635 -0.2157521
v 0.002565145 0.000529942 -0.215773
v 0.002443313 0.000529942 -0.2158866
v 0.002456843 0.000350916 -0.2159017
v 0.002328217 0.000350916 -0.2160116
v 0.002335786 0.000174103 -0.2160208
v 0.002203583 0.000174103 -0.2161242
v 0.002205908 0 -0.2161273
v 0.002067625 0 -0.2162261
v 0.00206542 -0.000174103 -0.216223
v 0.001924932 -0.000174103 -0.2163144
v 0.001918673 -0.000350916 -0.2163043
v 0.001772761 -0.000350916 -0.2163905
v 0.001762807 -0.000529942 -0.2163728
v 0.001616299 -0.000529942 -0.2164511
v 0.001603186 -0.000710635 -0.2164251
v 0.001452326 -0.000710635 -0.2164976
v 0.001436531 -0.0008924 -0.2164628
v 0.001286566 -0.0008924 -0.2165269
v 0.001268804 -0.001074552 -0.2164829
v 0.001118183 -0.001074552 -0.2165399
v 0.001099228 -0.001256525 -0.2164862
v 0.00094611 -0.001256525 -0.2165367
v 0.000926669 -0.001437544 -0.216473
v 0.000776624 -0.001437544 -0.2165153
v 0.00075752 -0.001616835 -0.2164415
v 0.000606811 -0.001616835 -0.216477
v 0.000588923 -0.001793682 -0.216393
v 0.00044246 -0.001793682 -0.2164209
v 0.000426617 -0.00196737 -0.2163268
v 0.000281364 -0.00196737 -0.216348
v 0.000268477 -0.002137005 -0.2162439
v 0.000128567 -0.002137005 -0.2162582
v 0.000119437 -0.00230199 -0.2161446
v -1.74549e-05 -0.00230199 -0.2161526
v -2.1965e-05 -0.002461552 -0.2160298
v -0.000152519 -0.002461552 -0.2160318
v -0.000151685 -0.002614915 -0.2159006
v -0.000277602 -0.002614915 -0.215897
v -0.000270674 -0.002761483 -0.215758
v -0.000389427 -0.002761483 -0.2157496
v -0.000375826 -0.00290066 -0.2156036
v -0.000488519 -0.00290066 -0.2155906
v -0.000467672 -0.003031909 -0.2154387
v -0.000572567 -0.003031909 -0.2154219
v -0.000544095 -0.003154754 -0.215265
v -0.000641861 -0.003154754 -0.215245
v -0.000605414 -0.003268778 -0.2150841
v -0.000694965 -0.003268778 -0.2150618
v -0.000650352 -0.003373622 -0.2148981
v -0.000732064 -0.003373622 -0.2148739
v -0.000679184 -0.003469049 -0.2147085
v -0.000752524 -0.003469049 -0.2146833
v -0.000691454 -0.00355494 -0.2145174
v -0.000756563 -0.00355494 -0.2144918
v -0.000687427 -0.003631174 -0.2143263
v -0.000744301 -0.003631174 -0.2143011
v -0.00066735 -0.003697693 -0.2141373
v -0.000715991 -0.003697693 -0.2141131
v -0.000631607 -0.003754615 -0.213952
v -0.000672365 -0.003754615 -0.2139295
v -0.000580934 -0.003802001 -0.2137718
v -0.000613849 -0.003802001 -0.2137518
v -0.000515952 -0.003840148 -0.2135987
v -0.000541536 -0.003840148 -0.2135815
v -0.000437692 -0.003869235 -0.2134336
v -0.000456121 -0.003869235 -0.2134201
v -0.000347028 -0.00388956 -0.2132782
v -0.000358892 -0.00388956 -0.2132686
v -0.000245148 -0.003901481 -0.2131332
v -0.00025079 -0.003901481 -0.2131283
v 0.000569171 0.003840148 -0.2128917
v 0.000748813 0.003802001 -0.212864
v 0.000753893 0.003802001 -0.2129025
v 0.000934999 0.003754615 -0.2128826
v 0.000939061 0.003754615 -0.2129287
v 0.001120567 0.003697693 -0.2129166
v 0.001123011 0.003697693 -0.2129712
v 0.00130397 0.003631174 -0.212967
v 0.00130403 0.003631174 -0.2130289
v 0.001483321 0.00355494 -0.2130326
v 0.0014804 0.00355494 -0.2131027
v 0.001656889 0.003469049 -0.2131139
v 0.001650333 0.003469049 -0.213191
v 0.001823008 0.003373622 -0.2132095
v 0.00181204 0.003373622 -0.2132942
v 0.001979827 0.003268778 -0.2133195
v 0.001964092 0.003268778 -0.2134104
v 0.002125978 0.003154754 -0.213442
v 0.002104699 0.003154754 -0.2135396
v 0.00225979 0.003031909 -0.2135769
v 0.002232611 0.003031909 -0.2136797
v 0.002380073 0.00290066 -0.2137221
v 0.002346456 0.00290066 -0.2138302
v 0.002485454 0.002761483 -0.2138767
v 0.002445101 0.002761483 -0.2139891
v 0.002575039 0.002614915 -0.214039
v 0.002527594 0.002614915 -0.2141551
v 0.002647936 0.002461552 -0.2142074
v 0.0025931 0.002461552 -0.2143266
v 0.002703547 0.00230199 -0.2143803
v 0.00264126 0.00230199 -0.2145016
v 0.002741515 0.002137005 -0.2145559
v 0.00267142 0.002137005 -0.2146789
v 0.002761423 0.00196737 -0.2147328
v 0.002683877 0.00196737 -0.2148561
v 0.002763569 0.001793682 -0.2149086
v 0.002678155 0.001793682 -0.2150324
v 0.002747714 0.001616835 -0.2150827
v 0.002655208 0.001616835 -0.215205
v 0.002715051 0.001437544 -0.2152523
v 0.002614617 0.001437544 -0.2153738
v 0.002664923 0.001256525 -0.2154173
v 0.002558231 0.001256525 -0.2155356
v 0.002599656 0.001074552 -0.2155746
v 0.002485215 0.001074552 -0.2156909
v 0.002518296 0.0008924 -0.2157248
v 0.00239855 0.0008924 -0.2158365
v 0.002423942 0.000710635 -0.2158649
v 0.002296984 0.000710635 -0.2159734
v 0.002315402 0.000529942 -0.2159959
v 0.002184271 0.000529942 -0.2160984
v 0.00219649 0.000350916 -0.2161146
v 0.002058744 0.000350916 -0.2162131
v 0.00206542 0.000174103 -0.216223
v 0.001924932 0.000174103 -0.2163144
v 0.001927018 0 -0.2163177
v 0.001780509 0 -0.2164043
v 0.001778602 -0.000174103 -0.2164009
v 0.001630902 -0.000174103 -0.2164798
v 0.001625537 -0.000350916 -0.2164692
v 0.001472711 -0.000350916 -0.2165425
v 0.001464307 -0.000529942 -0.216524
v 0.001311659 -0.000529942 -0.2165893
v 0.001300752 -0.000710635 -0.2165623
v 0.001146674 -0.000710635 -0.2166206
v 0.001133978 -0.0008924 -0.2165846
v 0.000976548 -0.0008924 -0.2166364
v 0.000962712 -0.001074552 -0.2165911
v 0.000807561 -0.001074552 -0.2166348
v 0.000793284 -0.001256525 -0.2165797
v 0.000636529 -0.001256525 -0.2166166
v 0.000622659 -0.001437544 -0.2165516
v 0.000469351 -0.001437544 -0.2165808
v 0.000456717 -0.001616835 -0.2165056
v 0.000303637 -0.001616835 -0.2165279
v 0.000293085 -0.001793682 -0.2164427
v 0.000144613 -0.001793682 -0.2164579
v 0.000136954 -0.00196737 -0.2163627
v -9.44622e-06 -0.00196737 -0.2163713
v -1.32789e-05 -0.002137005 -0.2162665
v -0.000154042 -0.002137005 -0.2162687
v -0.000153303 -0.00230199 -0.2161546
v -0.000290259 -0.00230199 -0.2161508
v -0.000284155 -0.002461552 -0.2160281
v -0.000414517 -0.002461552 -0.2160188
v -0.000402335 -0.002614915 -0.2158881
v -0.000527357 -0.002614915 -0.2158737
v -0.000508434 -0.002761483 -0.2157358
v -0.000626129 -0.002761483 -0.2157171
v -0.000599948 -0.00290066 -0.2155728
v -0.00071101 -0.00290066 -0.2155502
v -0.000677129 -0.003031909 -0.2154006
v -0.000780271 -0.003031909 -0.2153749
v -0.000738335 -0.003154754 -0.215221
v -0.000833926 -0.003154754 -0.2151927
v -0.000783708 -0.003268778 -0.2150356
v -0.000871096 -0.003268778 -0.2150056
v -0.000812489 -0.003373622 -0.2148463
v -0.00089172 -0.003373622 -0.2148152
v -0.000824749 -0.003469049 -0.2146549
v -0.000895705 -0.003469049 -0.2146235
v -0.000820512 -0.00355494 -0.2144634
v -0.000883135 -0.00355494 -0.2144324
v -0.00079995 -0.003631174 -0.2142735
v -0.00085448 -0.003631174 -0.2142434
v -0.000763641 -0.003697693 -0.2140868
v -0.000809995 -0.003697693 -0.2140586
v -0.00071199 -0.003754615 -0.2139053
v -0.000750679 -0.003754615 -0.2138794
v -0.00064597 -0.003802001 -0.2137303
v -0.000677004 -0.003802001 -0.2137075
v -0.000566239 -0.003840148 -0.2135634
v -0.000590265 -0.003840148 -0.213544
v -0.000474042 -0.003869235 -0.2134057
v -0.000491222 -0.003869235 -0.2133907
v -0.000370254 -0.00388956 -0.2132586
v -0.000381279 -0.00388956 -0.2132481
v -0.000256268 -0.003901481 -0.2131231
v -0.000261442 -0.003901481 -0.2131177
v 0.000213661 0.00388956 -0.2129465
v 0.000390584 0.003869235 -0.2129192
v 0.000393607 0.003869235 -0.2129421
v 0.000573215 0.003840148 -0.2129223
v 0.000575906 0.003840148 -0.2129528
v 0.000757277 0.003802001 -0.2129408
v 0.000759005 0.003802001 -0.2129795
v 0.00094115 0.003754615 -0.2129753
v 0.000941204 0.003754615 -0.2130216
v 0.00112307 0.003697693 -0.2130253
v 0.001120805 0.003697693 -0.2130798
v 0.001301467 0.003631174 -0.2130913
v 0.001296162 0.003631174 -0.2131531
v 0.001474499 0.00355494 -0.2131721
v 0.001465439 0.00355494 -0.2132417
v 0.001640379 0.003469049 -0.2132682
v 0.001627147 0.003469049 -0.2133445
v 0.001797556 0.003373622 -0.2133778
v 0.001779377 0.003373622 -0.2134611
v 0.001944303 0.003268778 -0.2135009
v 0.001920759 0.003268778 -0.2135901
v 0.002079308 0.003154754 -0.2136357
v 0.002049744 0.003154754 -0.2137308
v 0.002200961 0.003031909 -0.2137815
v 0.002165019 0.003031909 -0.2138817
v 0.002308189 0.00290066 -0.2139366
v 0.002265453 0.00290066 -0.2140413
v 0.002399861 0.002761483 -0.2140997
v 0.002349913 0.002761483 -0.2142083
v 0.002475082 0.002614915 -0.2142692
v 0.002417802 0.002614915 -0.2143807
v 0.002533257 0.002461552 -0.2144432
v 0.002468228 0.002461552 -0.2145573
v 0.002573609 0.00230199 -0.2146204
v 0.00250113 0.00230199 -0.2147357
v 0.002596378 0.002137005 -0.2147984
v 0.002515792 0.002137005 -0.214915
v 0.002600789 0.00196737 -0.2149765
v 0.002512991 0.00196737 -0.2150925
v 0.002587854 0.001793682 -0.2151517
v 0.00249195 0.001793682 -0.2152678
v 0.00255692 0.001616835 -0.2153239
v 0.00245428 0.001616835 -0.2154377
v 0.002509772 0.001437544 -0.2154899
v 0.002399146 0.001437544 -0.2156023
v 0.002445518 0.001256525 -0.2156501
v 0.002329111 0.001256525 -0.2157586
v 0.00236696 0.001074552 -0.2158011
v 0.002242863 0.001074552 -0.2159071
v 0.002272844 0.0008924 -0.2159438
v 0.002144038 0.0008924 -0.2160446
v 0.002166867 0.000710635 -0.2160751
v 0.002030849 0.000710635 -0.2161723
v 0.0020473 0.000529942 -0.2161963
v 0.001907944 0.000529942 -0.216287
v 0.001918673 0.000350916 -0.2163043
v 0.001772761 0.000350916 -0.2163905
v 0.001778602 0.000174103 -0.2164009
v 0.001630902 0.000174103 -0.2164798
v 0.00163269 0 -0.2164833
v 0.001479208 0 -0.2165569
v 0.001477658 -0.000174103 -0.2165533
v 0.001323699 -0.000174103 -0.2166192
v 0.001319229 -0.000350916 -0.2166082
v 0.001163184 -0.000350916 -0.2166671
v 0.001156389 -0.000529942 -0.216648
v 0.000996164 -0.000529942 -0.2167007
v 0.000987689 -0.000710635 -0.2166729
v 0.000828989 -0.000710635 -0.2167176
v 0.000819445 -0.0008924 -0.2166807
v 0.000658237 -0.0008924 -0.2167187
v 0.000648371 -0.001074552 -0.2166723
v 0.000489845 -0.001074552 -0.2167025
v 0.000480402 -0.001256525 -0.2166464
v 0.000321191 -0.001256525 -0.2166696
v 0.000313016 -0.001437544 -0.2166036
v 0.00015759 -0.001437544 -0.2166194
v 0.000151484 -0.001616835 -0.2165435
v -2.77426e-06 -0.001616835 -0.2165525
v -5.94127e-06 -0.001793682 -0.2164667
v -0.00015532 -0.001793682 -0.2164689
v -0.000154712 -0.00196737 -0.2163735
v -0.000301154 -0.00196737 -0.2163694
v -0.000295945 -0.002137005 -0.2162647
v -0.000436486 -0.002137005 -0.2162546
v -0.000425901 -0.00230199 -0.2161411
v -0.000561884 -0.00230199 -0.2161254
v -0.000545196 -0.002461552 -0.2160038
v -0.000674404 -0.002461552 -0.2159832
v -0.00065096 -0.002614915 -0.2158541
v -0.000774163 -0.002614915 -0.2158289
v -0.000743402 -0.002761483 -0.2156932
v -0.000859136 -0.002761483 -0.2156643
v -0.000820602 -0.00290066 -0.2155229
v -0.000929179 -0.00290066 -0.2154908
v -0.000882492 -0.003031909 -0.2153447
v -0.000983131 -0.003031909 -0.2153101
v -0.000928052 -0.003154754 -0.2151604
v -0.001020729 -0.003154754 -0.215124
v -0.000957141 -0.003268778 -0.2149717
v -0.00104165 -0.003268778 -0.2149342
v -0.000969532 -0.003373622 -0.2147807
v -0.001045703 -0.003373622 -0.2147428
v -0.000965143 -0.003469049 -0.214589
v -0.001033127 -0.003469049 -0.2145515
v -0.000944438 -0.00355494 -0.2143985
v -0.00100404 -0.00355494 -0.2143622
v -0.000907488 -0.003631174 -0.2142111
v -0.000959259 -0.003631174 -0.2141764
v -0.00085524 -0.003697693 -0.2140283
v -0.000898916 -0.003697693 -0.2139962
v -0.000788044 -0.003754615 -0.2138519
v -0.000824377 -0.003754615 -0.2138227
v -0.000707188 -0.003802001 -0.2136832
v -0.000736099 -0.003802001 -0.2136579
v -0.000613299 -0.003840148 -0.2135238
v -0.0006356 -0.003840148 -0.2135025
v -0.000507842 -0.003869235 -0.2133747
v -0.000523631 -0.003869235 -0.2133582
v -0.000391716 -0.00388956 -0.2132372
v -0.000401786 -0.00388956 -0.2132257
v -0.000266432 -0.003901481 -0.2131119
v -0.000271135 -0.003901481 -0.2131061
v 3.89128e-05 0.003901481 -0.2129734
v 3.98855e-05 0.003901481 -0.2129809
v 0.000215645 0.00388956 -0.2129616
v 0.000216979 0.00388956 -0.2129766
v 0.000395607 0.003869235 -0.2129648
v 0.000396644 0.003869235 -0.2129878
v 0.000577292 0.003840148 -0.2129837
v 0.000577333 0.003840148 -0.2130143
v 0.000759047 0.003802001 -0.213018
v 0.000757435 0.003802001 -0.2130566
v 0.000939259 0.003754615 -0.2130683
v 0.000935324 0.003754615 -0.2131144
v 0.001116216 0.003697693 -0.2131338
v 0.001109242 0.003697693 -0.2131878
v 0.001288175 0.003631174 -0.2132149
v 0.001277625 0.003631174 -0.213276
v 0.001453578 0.00355494 -0.2133105
v 0.001438617 0.00355494 -0.2133789
v 0.001610577 0.003469049 -0.2134204
v 0.001590788 0.003469049 -0.2134953
v 0.001757681 0.003373622 -0.2135432
v 0.001732349 0.003373622 -0.2136246
v 0.001893281 0.003268778 -0.2136784
v 0.001862049 0.003268778 -0.2137655
v 0.002016067 0.003154754 -0.2138245
v 0.001978397 0.003154754 -0.2139167
v 0.002124726 0.003031909 -0.2139803
v 0.002080202 0.003031909 -0.214077
v 0.002218127 0.00290066 -0.2141441
v 0.002166509 0.00290066 -0.2142447
v 0.002295434 0.002761483 -0.2143144
v 0.002236187 0.002761483 -0.2144184
v 0.002355635 0.002614915 -0.2144899
v 0.002288997 0.002614915 -0.2145959
v 0.00239855 0.002461552 -0.2146681
v 0.002323865 0.002461552 -0.2147763
v 0.002423405 0.00230199 -0.2148483
v 0.00234133 0.00230199 -0.2149568
v 0.002430796 0.002137005 -0.2150275
v 0.002340376 0.002137005 -0.2151368
v 0.00241971 0.00196737 -0.2152054
v 0.002322316 0.00196737 -0.2153133
v 0.002391815 0.001793682 -0.2153788
v 0.002286076 0.001793682 -0.2154862
v 0.002345979 0.001616835 -0.2155478
v 0.002234041 0.001616835 -0.2156521
v 0.002284765 0.001437544 -0.215709
v 0.002164721 0.001437544 -0.2158115
v 0.002206802 0.001256525 -0.2158631
v 0.002081573 0.001256525 -0.215961
v 0.002115607 0.001074552 -0.2160066
v 0.001982688 0.001074552 -0.2161016
v 0.002009391 0.0008924 -0.2161408
v 0.001872479 0.0008924 -0.2162299
v 0.001892626 0.000710635 -0.2162623
v 0.001748561 0.000710635 -0.2163475
v 0.001762807 0.000529942 -0.2163728
v 0.001616299 0.000529942 -0.2164511
v 0.001625537 0.000350916 -0.2164692
v 0.001472711 0.000350916 -0.2165425
v 0.001477658 0.000174103 -0.2165533
v 0.001323699 0.000174103 -0.2166192
v 0.00132513 0 -0.2166228
v 0.001168429 0 -0.216682
v 0.001167178 -0.000174103 -0.2166783
v 0.00100553 -0.000174103 -0.2167316
v 0.001002073 -0.000350916 -0.2167202
v 0.000841369 -0.000350916 -0.2167655
v 0.00083627 -0.000529942 -0.2167457
v 0.00067222 -0.000529942 -0.2167844
v 0.000666177 -0.000710635 -0.216756
v 0.00050403 -0.000710635 -0.2167869
v 0.000497706 -0.0008924 -0.2167493
v 0.000334006 -0.0008924 -0.2167732
v 0.000328184 -0.001074552 -0.2167261
v 0.000167481 -0.001074552 -0.2167425
v 0.000162912 -0.001256525 -0.2166858
v 2.45764e-06 -0.001256525 -0.2166951
v 0 -0.001437544 -0.2166287
v -0.000156342 -0.001437544 -0.216631
v -0.000155866 -0.001616835 -0.2165548
v -0.000310184 -0.001616835 -0.2165505
v -0.000305917 -0.001793682 -0.2164647
v -0.000455067 -0.001793682 -0.216454
v -0.000446221 -0.00196737 -0.216359
v -0.000591623 -0.00196737 -0.2163423
v -0.00057738 -0.002137005 -0.2162384
v -0.000716683 -0.002137005 -0.2162162
v -0.000696315 -0.00230199 -0.216104
v -0.000830313 -0.00230199 -0.2160767
v -0.000803165 -0.002461552 -0.2159569
v -0.00093022 -0.002461552 -0.2159252
v -0.000895717 -0.002614915 -0.2157986
v -0.001016139 -0.002614915 -0.215763
v -0.000973797 -0.002761483 -0.2156304
v -0.001086711 -0.002761483 -0.2155916
v -0.001036047 -0.00290066 -0.2154541
v -0.001141369 -0.00290066 -0.2154127
v -0.001082241 -0.003031909 -0.2152711
v -0.001179575 -0.003031909 -0.215228
v -0.001111745 -0.003154754 -0.2150836
v -0.001200914 -0.003154754 -0.2150394
v -0.001124382 -0.003268778 -0.2148932
v -0.001205444 -0.003268778 -0.2148485
v -0.001120269 -0.003373622 -0.2147017
v -0.001192867 -0.003373622 -0.2146575
v -0.001099288 -0.003469049 -0.2145112
v -0.001163899 -0.003469049 -0.2144679
v -0.001062273 -0.00355494 -0.2143232
v -0.001118481 -0.00355494 -0.2142819
v -0.001009225 -0.003631174 -0.2141397
v -0.001057803 -0.003631174 -0.2141006
v -0.000941427 -0.003697693 -0.213962
v -0.000982135 -0.003697693 -0.2139263
v -0.000859206 -0.003754615 -0.2137922
v -0.000892916 -0.003754615 -0.2137599
v -0.000764114 -0.003802001 -0.213631
v -0.000790689 -0.003802001 -0.2136033
v -0.000656764 -0.003840148 -0.2134804
v -0.000677153 -0.003840148 -0.2134572
v -0.000538827 -0.003869235 -0.2133409
v -0.00055312 -0.003869235 -0.2133231
v -0.00041125 -0.00388956 -0.2132139
v -0.000420294 -0.00388956 -0.2132017
v -0.000275632 -0.003901481 -0.2131
v -0.000279789 -0.003901481 -0.2130938
v 4.055e-05 0.003901481 -0.2129884
v 4.08917e-05 0.003901481 -0.212996
v 0.00021765 0.00388956 -0.2129919
v 0.00021768 0.00388956 -0.213007
v 0.000396667 0.003869235 -0.2130106
v 0.000395696 0.003869235 -0.2130336
v 0.000576026 0.003840148 -0.2130451
v 0.000573432 0.003840148 -0.2130756
v 0.000754155 0.003802001 -0.213095
v 0.00074919 0.003802001 -0.2131334
v 0.000929355 0.003754615 -0.2131606
v 0.000921433 0.003754615 -0.2132063
v 0.001099944 0.003697693 -0.2132413
v 0.001088321 0.003697693 -0.2132945
v 0.001264274 0.003631174 -0.2133369
v 0.001248419 0.003631174 -0.2133969
v 0.001420795 0.00355494 -0.2134464
v 0.001399993 0.00355494 -0.2135133
v 0.001567721 0.003469049 -0.2135695
v 0.001541495 0.003469049 -0.2136424
v 0.001703619 0.003373622 -0.2137047
v 0.001671433 0.003373622 -0.2137835
v 0.001827061 0.003268778 -0.213851
v 0.001788437 0.003268778 -0.213935
v 0.001936793 0.003154754 -0.2140072
v 0.001891314 0.003154754 -0.2140957
v 0.002031624 0.003031909 -0.2141717
v 0.001978814 0.003031909 -0.2142643
v 0.002110421 0.00290066 -0.2143431
v 0.00205034 0.00290066 -0.2144387
v 0.002172768 0.002761483 -0.2145193
v 0.002104759 0.002761483 -0.2146179
v 0.002217531 0.002614915 -0.2146994
v 0.002142071 0.002614915 -0.2147992
v 0.002245008 0.002461552 -0.2148806
v 0.002161145 0.002461552 -0.214982
v 0.002254128 0.00230199 -0.2150623
v 0.002162992 0.00230199 -0.2151632
v 0.002246022 0.002137005 -0.2152414
v 0.002146422 0.002137005 -0.2153427
v 0.002219557 0.00196737 -0.2154178
v 0.002113282 0.00196737 -0.2155168
v 0.00217688 0.001793682 -0.215588
v 0.002062141 0.001793682 -0.215686
v 0.002116501 0.001616835 -0.2157526
v 0.00199604 0.001616835 -0.2158467
v 0.002041697 0.001437544 -0.2159078
v 0.00191307 0.001437544 -0.2159996
v 0.001950621 0.001256525 -0.2160546
v 0.001817464 0.001256525 -0.2161413
v 0.001847505 0.001074552 -0.2161896
v 0.001706659 0.001074552 -0.2162729
v 0.001729905 0.0008924 -0.2163142
v 0.00158596 0.0008924 -0.2163911
v 0.001603186 0.000710635 -0.2164251
v 0.001452326 0.000710635 -0.2164976
v 0.001464307 0.000529942 -0.216524
v 0.001311659 0.000529942 -0.2165893
v 0.001319229 0.000350916 -0.2166082
v 0.001163184 0.000350916 -0.2166671
v 0.001167178 0.000174103 -0.2166783
v 0.00100553 0.000174103 -0.2167316
v 0.001006662 0 -0.2167353
v 0.000845326 0 -0.2167807
v 0.000844359 -0.000174103 -0.216777
v 0.000678925 -0.000174103 -0.216816
v 0.000676455 -0.000350916 -0.2168043
v 0.00051223 -0.000350916 -0.2168356
v 0.000508852 -0.000529942 -0.2168155
v 0.000342252 -0.000529942 -0.2168399
v 0.000338697 -0.000710635 -0.216811
v 0.000174332 -0.000710635 -0.2168278
v 0.000171277 -0.0008924 -0.2167898
v 6.27946e-06 -0.0008924 -0.2167994
v 4.52509e-06 -0.001074552 -0.2167521
v -0.000157141 -0.001074552 -0.2167545
v -0.000156771 -0.001256525 -0.2166976
v -0.000317296 -0.001256525 -0.2166931
v -0.000313991 -0.001437544 -0.2166266
v -0.000470116 -0.001437544 -0.2166154
v -0.000463034 -0.001616835 -0.2165396
v -0.000616269 -0.001616835 -0.2165219
v -0.000604593 -0.001793682 -0.2164368
v -0.000752432 -0.001793682 -0.2164133
v -0.000735381 -0.00196737 -0.2163194
v -0.000878667 -0.00196737 -0.2162902
v -0.000855502 -0.002137005 -0.2161879
v -0.000992481 -0.002137005 -0.2161538
v -0.000962502 -0.00230199 -0.2160437
v -0.001093506 -0.00230199 -0.216005
v -0.001056075 -0.002461552 -0.215888
v -0.001180052 -0.002461552 -0.2158454
v -0.001134753 -0.002614915 -0.2157222
v -0.001251578 -0.002614915 -0.2156764
v -0.001197874 -0.002761483 -0.2155479
v -0.001307129 -0.002761483 -0.2154995
v -0.001244783 -0.00290066 -0.2153668
v -0.001346051 -0.00290066 -0.2153165
v -0.001274883 -0.003031909 -0.2151807
v -0.001368224 -0.003031909 -0.2151292
v -0.001288235 -0.003154754 -0.2149912
v -0.001373112 -0.003154754 -0.2149395
v -0.001284241 -0.003268778 -0.2148005
v -0.001361191 -0.003268778 -0.2147489
v -0.001263678 -0.003373622 -0.21461
v -0.001332104 -0.003373622 -0.2145597
v -0.001226246 -0.003469049 -0.2144221
v -0.001286923 -0.003469049 -0.2143733
v -0.001173138 -0.00355494 -0.2142379
v -0.001225531 -0.00355494 -0.2141919
v -0.001104354 -0.003631174 -0.2140597
v -0.001149475 -0.003631174 -0.2140166
v -0.001021504 -0.003697693 -0.2138885
v -0.001058936 -0.003697693 -0.2138495
v -0.000924933 -0.003754615 -0.2137265
v -0.000955764 -0.003754615 -0.2136914
v -0.000816282 -0.003802001 -0.2135741
v -0.000840349 -0.003802001 -0.2135442
v -0.00069631 -0.003840148 -0.2134334
v -0.000714637 -0.003840148 -0.2134085
v -0.000566797 -0.003869235 -0.2133046
v -0.000579482 -0.003869235 -0.2132857
v -0.000428705 -0.00388956 -0.2131891
v -0.000436665 -0.00388956 -0.2131761
v -0.000283729 -0.003901481 -0.2130873
v -0.000287345 -0.003901481 -0.2130808
v 4.09029e-05 0.003901481 -0.2130035
v 4.058e-05 0.003901481 -0.213011
v 0.000217031 0.00388956 -0.2130222
v 0.000215749 0.00388956 -0.2130373
v 0.000393763 0.003869235 -0.2130564
v 0.000390817 0.003869235 -0.2130792
v 0.000569481 0.003840148 -0.2131062
v 0.000564231 0.003840148 -0.2131364
v 0.000742624 0.003802001 -0.2131713
v 0.00073437 0.003802001 -0.2132091
v 0.000911505 0.003754615 -0.2132518
v 0.000899649 0.003754615 -0.2132967
v 0.001074492 0.003697693 -0.213347
v 0.00105834 0.003697693 -0.2133989
v 0.001229941 0.003631174 -0.2134563
v 0.001208961 0.003631174 -0.2135149
v 0.00137639 0.00355494 -0.2135791
v 0.001349925 0.00355494 -0.2136439
v 0.00151211 0.003469049 -0.2137143
v 0.001479685 0.003469049 -0.2137848
v 0.001635849 0.003373622 -0.2138608
v 0.001596987 0.003373622 -0.2139364
v 0.001746237 0.003268778 -0.2140172
v 0.001700401 0.003268778 -0.2140976
v 0.001841962 0.003154754 -0.2141824
v 0.001789093 0.003154754 -0.2142665
v 0.001922309 0.003031909 -0.2143543
v 0.001861631 0.003031909 -0.2144421
v 0.001985907 0.00290066 -0.214532
v 0.001917898 0.00290066 -0.2146219
v 0.002032876 0.002761483 -0.2147129
v 0.001956522 0.002761483 -0.2148052
v 0.002061843 0.002614915 -0.2148962
v 0.001978099 0.002614915 -0.214989
v 0.002073645 0.002461552 -0.215079
v 0.001981258 0.002461552 -0.2151729
v 0.00206691 0.00230199 -0.2152609
v 0.001967549 0.00230199 -0.2153536
v 0.002043485 0.002137005 -0.2154386
v 0.001935362 0.002137005 -0.2155309
v 0.002001702 0.00196737 -0.2156121
v 0.00188744 0.00196737 -0.2157015
v 0.001944601 0.001793682 -0.2157779
v 0.001821756 0.001793682 -0.2158657
v 0.001870155 0.001616835 -0.2159367
v 0.001742124 0.001616835 -0.21602
v 0.001782357 0.001437544 -0.2160848
v 0.001646161 0.001437544 -0.2161653
v 0.001678764 0.001256525 -0.2162232
v 0.001538753 0.001256525 -0.2162981
v 0.001564502 0.001074552 -0.2163488
v 0.001416981 0.001074552 -0.2164196
v 0.001436531 0.0008924 -0.2164628
v 0.001286566 0.0008924 -0.2165269
v 0.001300752 0.000710635 -0.2165623
v 0.001146674 0.000710635 -0.2166206
v 0.001156389 0.000529942 -0.216648
v 0.000996164 0.000529942 -0.2167007
v 0.001002073 0.000350916 -0.2167202
v 0.000841369 0.000350916 -0.2167655
v 0.000844359 0.000174103 -0.216777
v 0.000678925 0.000174103 -0.216816
v 0.000679746 0 -0.2168198
v 0.000514854 0 -0.2168512
v 0.00051421 -0.000174103 -0.2168473
v 0.00034623 -0.000174103 -0.2168719
v 0.000344753 -0.000350916 -0.2168601
v 0.000178279 -0.000350916 -0.216877
v 0.000176659 -0.000529942 -0.2168567
v 8.72823e-06 -0.000529942 -0.2168666
v 7.68284e-06 -0.000710635 -0.2168375
v -0.000157684 -0.000710635 -0.21684
v -0.000157442 -0.0008924 -0.2168019
v -0.000322493 -0.0008924 -0.2167972
v -0.000320141 -0.001074552 -0.2167499
v -0.000481568 -0.001074552 -0.2167384
v -0.000476286 -0.001256525 -0.2166817
v -0.000635665 -0.001256525 -0.2166634
v -0.000626627 -0.001437544 -0.2165974
v -0.000781373 -0.001437544 -0.2165728
v -0.000767755 -0.001616835 -0.2164978
v -0.000918748 -0.001616835 -0.216467
v -0.00089977 -0.001793682 -0.2163833
v -0.001045107 -0.001793682 -0.216347
v -0.001020014 -0.00196737 -0.2162549
v -0.001160085 -0.00196737 -0.2162135
v -0.001128196 -0.002137005 -0.2161136
v -0.00126183 -0.002137005 -0.2160677
v -0.001222431 -0.00230199 -0.2159607
v -0.001349508 -0.00230199 -0.2159108
v -0.001302123 -0.002461552 -0.2157974
v -0.001422107 -0.002461552 -0.2157443
v -0.001366257 -0.002614915 -0.2156255
v -0.001478612 -0.002614915 -0.2155697
v -0.001414 -0.002761483 -0.2154464
v -0.001518726 -0.002761483 -0.2153887
v -0.001445233 -0.00290066 -0.2152619
v -0.001541614 -0.00290066 -0.2152031
v -0.001459002 -0.003031909 -0.2150739
v -0.001547694 -0.003031909 -0.2150145
v -0.001456022 -0.003154754 -0.2148839
v -0.001536011 -0.003154754 -0.2148251
v -0.001435518 -0.003268778 -0.2146943
v -0.001507759 -0.003268778 -0.2146362
v -0.001398622 -0.003373622 -0.2145063
v -0.00146234 -0.003373622 -0.2144504
v -0.001345038 -0.003469049 -0.2143223
v -0.001401305 -0.003469049 -0.2142685
v -0.001276254 -0.00355494 -0.2141434
v -0.001324474 -0.00355494 -0.2140931
v -0.001192331 -0.003631174 -0.2139719
v -0.001233577 -0.003631174 -0.2139249
v -0.001094996 -0.003697693 -0.2138085
v -0.001128911 -0.003697693 -0.2137663
v -0.000984739 -0.003754615 -0.2136554
v -0.001012384 -0.003754615 -0.2136177
v -0.000863359 -0.003802001 -0.2135129
v -0.000884733 -0.003802001 -0.2134811
v -0.00073164 -0.003840148 -0.2133831
v -0.000747768 -0.003840148 -0.2133567
v -0.000591498 -0.003869235 -0.213266
v -0.000602481 -0.003869235 -0.2132461
v -0.000443946 -0.00388956 -0.2131629
v -0.000450752 -0.00388956 -0.2131492
v -0.000293765 -0.003901481 -0.2130672
v 3.99465e-05 0.003901481 -0.2130185
v 3.89763e-05 0.003901481 -0.213026
v 0.000213814 0.00388956 -0.2130524
v 0.000211215 0.00388956 -0.2130673
v 0.000386906 0.003869235 -0.2131017
v 0.000382008 0.003869235 -0.2131242
v 0.000557664 0.003840148 -0.2131665
v 0.000549827 0.003840148 -0.2131962
v 0.000724533 0.003802001 -0.2132464
v 0.000713059 0.003802001 -0.2132833
v 0.000885824 0.003754615 -0.2133411
v 0.000870139 0.003754615 -0.2133849
v 0.001039981 0.003697693 -0.21345
v 0.001019418 0.003697693 -0.2135003
v 0.001185417 0.003631174 -0.2135725
v 0.001159429 0.003631174 -0.213629
v 0.00132066 0.00355494 -0.2137074
v 0.001288712 0.00355494 -0.2137696
v 0.00144428 0.003469049 -0.2138537
v 0.001405835 0.003469049 -0.2139213
v 0.001554846 0.003373622 -0.2140104
v 0.001509606 0.003373622 -0.2140824
v 0.001651287 0.003268778 -0.2141758
v 0.001598656 0.003268778 -0.214252
v 0.001732349 0.003154754 -0.2143486
v 0.001672446 0.003154754 -0.2144278
v 0.001797616 0.003031909 -0.2145268
v 0.001729547 0.003031909 -0.2146091
v 0.001845598 0.00290066 -0.2147094
v 0.001770079 0.00290066 -0.2147931
v 0.001876831 0.002761483 -0.2148936
v 0.001792669 0.002761483 -0.2149791
v 0.001889705 0.002614915 -0.2150788
v 0.001798391 0.002614915 -0.215164
v 0.001885771 0.002461552 -0.2152619
v 0.001785516 0.002461552 -0.2153475
v 0.001863241 0.00230199 -0.2154427
v 0.00175637 0.00230199 -0.2155262
v 0.001824617 0.002137005 -0.2156175
v 0.001708865 0.002137005 -0.2157003
v 0.001767992 0.00196737 -0.2157869
v 0.001646518 0.00196737 -0.215866
v 0.001696825 0.001793682 -0.215947
v 0.001566708 0.001793682 -0.216024
v 0.001608788 0.001616835 -0.2160988
v 0.001474201 0.001616835 -0.2161707
v 0.001508712 0.001437544 -0.2162387
v 0.001366019 0.001437544 -0.2163072
v 0.001393496 0.001256525 -0.2163678
v 0.001247584 0.001256525 -0.2164301
v 0.001268804 0.001074552 -0.2164829
v 0.001118183 0.001074552 -0.2165399
v 0.001133978 0.0008924 -0.2165846
v 0.000976548 0.0008924 -0.2166364
v 0.000987689 0.000710635 -0.2166729
v 0.000828989 0.000710635 -0.2167176
v 0.00083627 0.000529942 -0.2167457
v 0.00067222 0.000529942 -0.2167844
v 0.000676455 0.000350916 -0.2168043
v 0.00051223 0.000350916 -0.2168356
v 0.00051421 0.000174103 -0.2168473
v 0.00034623 0.000174103 -0.2168719
v 0.000346686 0 -0.2168757
v 0.00017953 0 -0.2168928
v 0.000179242 -0.000174103 -0.2168889
v 9.91176e-06 -0.000174103 -0.2168988
v 9.48416e-06 -0.000350916 -0.2168869
v -0.000158002 -0.000350916 -0.2168895
v -0.000157883 -0.000529942 -0.2168691
v -0.000325842 -0.000529942 -0.2168644
v -0.000324395 -0.000710635 -0.2168353
v -0.000489511 -0.000710635 -0.2168235
v -0.000485986 -0.0008924 -0.2167856
v -0.000649843 -0.0008924 -0.2167667
v -0.000643413 -0.001074552 -0.2167198
v -0.000803395 -0.001074552 -0.2166942
v -0.000793227 -0.001256525 -0.2166383
v -0.00095029 -0.001256525 -0.2166063
v -0.000935594 -0.001437544 -0.2165414
v -0.001087725 -0.001437544 -0.2165034
v -0.001067698 -0.001616835 -0.2164298
v -0.001215338 -0.001616835 -0.2163862
v -0.001189172 -0.001793682 -0.2163044
v -0.001330971 -0.001793682 -0.2162557
v -0.00129801 -0.00196737 -0.2161661
v -0.001433908 -0.00196737 -0.2161127
v -0.001393496 -0.002137005 -0.216016
v -0.001522779 -0.002137005 -0.2159587
v -0.001474261 -0.00230199 -0.2158554
v -0.00159645 -0.00230199 -0.2157948
v -0.001539468 -0.002461552 -0.215686
v -0.001654446 -0.002461552 -0.2156226
v -0.001588582 -0.002614915 -0.2155091
v -0.001695573 -0.002614915 -0.2154439
v -0.00162059 -0.002761483 -0.2153266
v -0.00172007 -0.002761483 -0.2152599
v -0.001635789 -0.00290066 -0.21514
v -0.001726686 -0.00290066 -0.2150732
v -0.001633226 -0.003031909 -0.2149516
v -0.001716494 -0.003031909 -0.2148846
v -0.001613855 -0.003154754 -0.2147625
v -0.00168842 -0.003154754 -0.2146971
v -0.001577019 -0.003268778 -0.2145755
v -0.001644074 -0.003268778 -0.2145113
v -0.00152409 -0.003373622 -0.2143912
v -0.001582682 -0.003373622 -0.2143301
v -0.00145471 -0.003469049 -0.2142127
v -0.001506209 -0.003469049 -0.2141541
v -0.001370847 -0.00355494 -0.2140403
v -0.001414418 -0.00355494 -0.2139861
v -0.00127232 -0.003631174 -0.2138767
v -0.001309394 -0.003631174 -0.2138263
v -0.001161336 -0.003697693 -0.2137223
v -0.001191377 -0.003697693 -0.2136775
v -0.001038134 -0.003754615 -0.2135794
v -0.001062512 -0.003754615 -0.2135394
v -0.000904967 -0.003802001 -0.2134479
v -0.000923489 -0.003802001 -0.2134144
v -0.000762509 -0.003840148 -0.21333
v -0.000776311 -0.003840148 -0.2133022
v -0.000612772 -0.003869235 -0.2132253
v -0.000622001 -0.003869235 -0.2132046
v -0.000539932 -0.003880381 -0.2131702
v 3.76929e-05 0.003901481 -0.2130334
v 3.60926e-05 0.003901481 -0.2130407
v 0.000207978 0.00388956 -0.2130822
v 0.000204117 0.00388956 -0.2130968
v 0.000376161 0.003869235 -0.2131463
v 0.000369341 0.003869235 -0.2131682
v 0.000540693 0.003840148 -0.2132256
v 0.000530318 0.003840148 -0.2132545
v 0.000700029 0.003802001 -0.2133196
v 0.000685412 0.003802001 -0.2133553
v 0.000852536 0.003754615 -0.2134279
v 0.000833109 0.003754615 -0.2134701
v 0.000996722 0.003697693 -0.2135497
v 0.000971901 0.003697693 -0.2135981
v 0.001131057 0.003631174 -0.2136842
v 0.001100242 0.003631174 -0.2137383
v 0.001254081 0.00355494 -0.2138304
v 0.001216948 0.00355494 -0.2138895
v 0.001364648 0.003469049 -0.2139868
v 0.001320421 0.003469049 -0.2140508
v 0.001461148 0.003373622 -0.2141526
v 0.001409947 0.003373622 -0.2142202
v 0.001543045 0.003268778 -0.2143255
v 0.001483976 0.003268778 -0.214397
v 0.001608788 0.003154754 -0.2145048
v 0.001542329 0.003154754 -0.2145785
v 0.001658439 0.003031909 -0.2146879
v 0.001583456 0.003031909 -0.2147641
v 0.001690447 0.00290066 -0.214874
v 0.001608073 0.00290066 -0.2149508
v 0.001705706 0.002761483 -0.2150601
v 0.001614391 0.002761483 -0.2151381
v 0.001702487 0.002614915 -0.2152459
v 0.001604199 0.002614915 -0.2153228
v 0.001682817 0.002461552 -0.2154279
v 0.00157541 0.002461552 -0.2155046
v 0.00164467 0.00230199 -0.215606
v 0.001531064 0.00230199 -0.21568
v 0.001591205 0.002137005 -0.2157769
v 0.001468539 0.002137005 -0.2158494
v 0.001519918 0.00196737 -0.2159408
v 0.001392245 0.00196737 -0.216009
v 0.001435399 0.001793682 -0.2160941
v 0.001299083 0.001793682 -0.2161595
v 0.001334547 0.001616835 -0.2162377
v 0.001194298 0.001616835 -0.2162978
v 0.001222729 0.001437544 -0.2163684
v 0.001077055 0.001437544 -0.2164235
v 0.001099228 0.001256525 -0.2164862
v 0.00094611 0.001256525 -0.2165367
v 0.000962712 0.001074552 -0.2165911
v 0.000807561 0.001074552 -0.2166348
v 0.000819445 0.0008924 -0.2166807
v 0.000658237 0.0008924 -0.2167187
v 0.000666177 0.000710635 -0.216756
v 0.00050403 0.000710635 -0.2167869
v 0.000508852 0.000529942 -0.2168155
v 0.000342252 0.000529942 -0.2168399
v 0.000344753 0.000350916 -0.2168601
v 0.000178279 0.000350916 -0.216877
v 0.000179242 0.000174103 -0.2168889
v 9.91176e-06 0.000174103 -0.2168988
v 1.00624e-05 0 -0.2169027
v -0.0001581 0 -0.2169052
v -0.000158082 -0.000174103 -0.2169014
v -0.000327437 -0.000174103 -0.2168966
v -0.00032685 -0.000350916 -0.2168847
v -0.000494087 -0.000350916 -0.2168727
v -0.00049221 -0.000529942 -0.2168525
v -0.000658989 -0.000529942 -0.2168333
v -0.000655026 -0.000710635 -0.2168045
v -0.000818663 -0.000710635 -0.2167784
v -0.000811869 -0.0008924 -0.2167409
v -0.000973348 -0.0008924 -0.216708
v -0.000962863 -0.001074552 -0.2166618
v -0.00112015 -0.001074552 -0.2166225
v -0.001105189 -0.001256525 -0.2165676
v -0.00125879 -0.001256525 -0.2165222
v -0.001238524 -0.001437544 -0.2164587
v -0.00138694 -0.001437544 -0.2164078
v -0.001360654 -0.001616835 -0.2163363
v -0.001503825 -0.001616835 -0.21628
v -0.001470685 -0.001793682 -0.2162008
v -0.001607894 -0.001793682 -0.2161399
v -0.001567304 -0.00196737 -0.2160536
v -0.001697957 -0.00196737 -0.2159887
v -0.00164932 -0.002137005 -0.2158958
v -0.001773297 -0.002137005 -0.2158275
v -0.001716077 -0.00230199 -0.2157288
v -0.001832425 -0.00230199 -0.215658
v -0.001766264 -0.002461552 -0.2155545
v -0.00187546 -0.002461552 -0.2154813
v -0.00180006 -0.002614915 -0.2153739
v -0.001900851 -0.002614915 -0.2152998
v -0.001816034 -0.002761483 -0.2151894
v -0.001909434 -0.002761483 -0.2151144
v -0.00181514 -0.00290066 -0.2150021
v -0.001899838 -0.00290066 -0.2149277
v -0.001796245 -0.003031909 -0.2148147
v -0.001873493 -0.003031909 -0.2147408
v -0.001760721 -0.003154754 -0.2146279
v -0.001829266 -0.003154754 -0.2145563
v -0.001707732 -0.003268778 -0.2144448
v -0.001769065 -0.003268778 -0.214375
v -0.001639127 -0.003373622 -0.2142658
v -0.001692175 -0.003373622 -0.2141999
v -0.001554548 -0.003469049 -0.214094
v -0.001600861 -0.003469049 -0.2140311
v -0.001456081 -0.00355494 -0.2139294
v -0.001494824 -0.00355494 -0.2138717
v -0.001343786 -0.003631174 -0.213775
v -0.00137645 -0.003631174 -0.2137216
v -0.001219868 -0.003697693 -0.2136307
v -0.001245975 -0.003697693 -0.2135835
v -0.001084804 -0.003754615 -0.213499
v -0.001105666 -0.003754615 -0.213457
v -0.000940814 -0.003802001 -0.2133795
v -0.000956352 -0.003802001 -0.2133445
v -0.000829327 -0.003831744 -0.2132914
v 3.41791e-05 0.003901481 -0.213048
v 3.19239e-05 0.003901481 -0.2130552
v 0.000199603 0.00388956 -0.2131114
v 0.000194462 0.00388956 -0.2131256
v 0.000361622 0.003869235 -0.2131897
v 0.000352944 0.003869235 -0.2132109
v 0.00051868 0.003840148 -0.213283
v 0.000505818 0.003840148 -0.2133109
v 0.000669278 0.003802001 -0.2133904
v 0.00065165 0.003802001 -0.2134247
v 0.000811884 0.003754615 -0.2135114
v 0.000788835 0.003754615 -0.2135519
v 0.000944958 0.003697693 -0.2136453
v 0.000916097 0.003697693 -0.2136913
v 0.001067221 0.003631174 -0.2137908
v 0.001031756 0.003631174 -0.2138422
v 0.001177132 0.00355494 -0.2139472
v 0.001135051 0.00355494 -0.2140029
v 0.001273751 0.003469049 -0.2141126
v 0.00122416 0.003469049 -0.2141726
v 0.001355588 0.003373622 -0.214286
v 0.001298785 0.003373622 -0.214349
v 0.001422286 0.003268778 -0.2144654
v 0.001357197 0.003268778 -0.2145316
v 0.001472234 0.003154754 -0.2146498
v 0.001399695 0.003154754 -0.2147173
v 0.00150597 0.003031909 -0.2148364
v 0.001424551 0.003031909 -0.2149059
v 0.001521587 0.00290066 -0.2150247
v 0.001433014 0.00290066 -0.2150939
v 0.001520812 0.002761483 -0.2152113
v 0.001423001 0.002761483 -0.2152812
v 0.001501441 0.002614915 -0.2153962
v 0.001397013 0.002614915 -0.2154642
v 0.001466214 0.002461552 -0.2155757
v 0.001352488 0.002461552 -0.2156429
v 0.001412689 0.00230199 -0.21575
v 0.001293241 0.00230199 -0.2158138
v 0.001344799 0.002137005 -0.2159155
v 0.001216411 0.002137005 -0.2159771
v 0.001259684 0.00196737 -0.2160726
v 0.001126587 0.00196737 -0.2161296
v 0.00116223 0.001793682 -0.2162181
v 0.001023054 0.001793682 -0.2162706
v 0.001051604 0.001616835 -0.2163516
v 0.00090445 0.001616835 -0.2164001
v 0.000926669 0.001437544 -0.216473
v 0.000776624 0.001437544 -0.2165153
v 0.000793284 0.001256525 -0.2165797
v 0.000636529 0.001256525 -0.2166166
v 0.000648371 0.001074552 -0.2166723
v 0.000489845 0.001074552 -0.2167025
v 0.000497706 0.0008924 -0.2167493
v 0.000334006 0.0008924 -0.2167732
v 0.000338697 0.000710635 -0.216811
v 0.000174332 0.000710635 -0.2168278
v 0.000176659 0.000529942 -0.2168567
v 8.72823e-06 0.000529942 -0.2168666
v 9.48416e-06 0.000350916 -0.2168869
v -0.000158002 0.000350916 -0.2168895
v -0.000158082 0.000174103 -0.2169014
v -0.000327437 0.000174103 -0.2168966
v -0.000327645 0 -0.2169005
v -0.00049556 0 -0.2168884
v -0.000495204 -0.000174103 -0.2168846
v -0.000663375 -0.000174103 -0.2168653
v -0.000661737 -0.000350916 -0.2168534
v -0.000827474 -0.000350916 -0.216827
v -0.000823853 -0.000529942 -0.216807
v -0.000988205 -0.000529942 -0.2167735
v -0.000981755 -0.000710635 -0.2167451
v -0.00114268 -0.000710635 -0.216705
v -0.001132607 -0.0008924 -0.2166683
v -0.0012905 -0.0008924 -0.2166215
v -0.001276075 -0.001074552 -0.2165763
v -0.001429557 -0.001074552 -0.2165237
v -0.001409947 -0.001256525 -0.2164702
v -0.00155884 -0.001256525 -0.2164117
v -0.00153321 -0.001437544 -0.2163503
v -0.001676797 -0.001437544 -0.2162866
v -0.001644432 -0.001616835 -0.2162176
v -0.001782059 -0.001616835 -0.2161493
v -0.001742243 -0.001793682 -0.2160733
v -0.001873791 -0.001793682 -0.2160007
v -0.001825928 -0.00196737 -0.2159181
v -0.001950323 -0.00196737 -0.2158423
v -0.001893818 -0.002137005 -0.215754
v -0.002011537 -0.002137005 -0.2156751
v -0.001946032 -0.00230199 -0.2155818
v -0.002055704 -0.00230199 -0.2155012
v -0.001980841 -0.002461552 -0.2154038
v -0.00208342 -0.002461552 -0.2153214
v -0.00199896 -0.002614915 -0.2152209
v -0.002092957 -0.002614915 -0.2151384
v -0.001998901 -0.002761483 -0.2150358
v -0.002085566 -0.002761483 -0.2149529
v -0.001981914 -0.00290066 -0.2148492
v -0.002059817 -0.00290066 -0.2147679
v -0.001946806 -0.003031909 -0.2146642
v -0.002017438 -0.003031909 -0.2145838
v -0.001895308 -0.003154754 -0.2144812
v -0.001957416 -0.003154754 -0.214404
v -0.001826643 -0.003268778 -0.2143034
v -0.001881778 -0.003268778 -0.2142285
v -0.001742959 -0.003373622 -0.2141309
v -0.001790046 -0.003373622 -0.2140607
v -0.001643776 -0.003469049 -0.2139671
v -0.001684486 -0.003469049 -0.2139004
v -0.001531541 -0.00355494 -0.2138116
v -0.001565039 -0.00355494 -0.2137508
v -0.001406252 -0.003631174 -0.2136675
v -0.001270353 -0.003697693 -0.2135344
v -0.001115322 -0.003757417 -0.2134111
v 2.93778e-05 0.003901481 -0.2130623
v 2.65381e-05 0.003901481 -0.2130693
v 0.000188717 0.00388956 -0.2131397
v 0.000182366 0.00388956 -0.2131535
v 0.000343357 0.003869235 -0.2132318
v 0.000332875 0.003869235 -0.2132522
v 0.000491799 0.003840148 -0.2133382
v 0.000476552 0.003840148 -0.213365
v 0.000632502 0.003802001 -0.2134583
v 0.000612017 0.003802001 -0.2134909
v 0.000764152 0.003754615 -0.2135912
v 0.00073768 0.003754615 -0.2136296
v 0.000885142 0.003697693 -0.2137361
v 0.000852454 0.003697693 -0.2137793
v 0.000994413 0.003631174 -0.2138916
v 0.000954672 0.003631174 -0.2139397
v 0.001090347 0.00355494 -0.2140569
v 0.001043677 0.00355494 -0.2141087
v 0.001172363 0.003469049 -0.21423
v 0.001117706 0.003469049 -0.2142855
v 0.001238822 0.003373622 -0.21441
v 0.001176893 0.003373622 -0.2144677
v 0.001289844 0.003268778 -0.2145943
v 0.001219213 0.003268778 -0.2146546
v 0.00132358 0.003154754 -0.2147824
v 0.001245617 0.003154754 -0.2148434
v 0.001341164 0.003031909 -0.2149711
v 0.001253962 0.003031909 -0.2150334
v 0.001340389 0.00290066 -0.2151601
v 0.001246273 0.00290066 -0.2152214
v 0.00132358 0.002761483 -0.2153459
v 0.001219987 0.002761483 -0.2154072
v 0.001288235 0.002614915 -0.2155285
v 0.001178383 0.002614915 -0.2155872
v 0.00123775 0.002461552 -0.2157042
v 0.0011186 0.002461552 -0.2157614
v 0.001169323 0.00230199 -0.2158733
v 0.001044809 0.00230199 -0.2159265
v 0.001087427 0.002137005 -0.2160323
v 0.000956284 0.002137005 -0.2160818
v 0.000991236 0.00196737 -0.2161807
v 0.000851517 0.00196737 -0.2162266
v 0.00087937 0.001793682 -0.216318
v 0.000736009 0.001793682 -0.2163584
v 0.00075752 0.001616835 -0.2164415
v 0.000606811 0.001616835 -0.216477
v 0.000622659 0.001437544 -0.2165516
v 0.000469351 0.001437544 -0.2165808
v 0.000480402 0.001256525 -0.2166464
v 0.000321191 0.001256525 -0.2166696
v 0.000328184 0.001074552 -0.2167261
v 0.000167481 0.001074552 -0.2167425
v 0.000171277 0.0008924 -0.2167898
v 6.27946e-06 0.0008924 -0.2167994
v 7.68284e-06 0.000710635 -0.2168375
v -0.000157684 0.000710635 -0.21684
v -0.000157883 0.000529942 -0.2168691
v -0.000325842 0.000529942 -0.2168644
v -0.00032685 0.000350916 -0.2168847
v -0.000494087 0.000350916 -0.2168727
v -0.000495204 0.000174103 -0.2168846
v -0.000663375 0.000174103 -0.2168653
v -0.000663891 0 -0.2168691
v -0.000830309 0 -0.2168426
v -0.000829613 -0.000174103 -0.2168387
v -0.000995312 -0.000174103 -0.216805
v -0.000992672 -0.000350916 -0.2167934
v -0.001155674 -0.000350916 -0.2167527
v -0.00115031 -0.000529942 -0.2167331
v -0.001311004 -0.000529942 -0.2166855
v -0.001302123 -0.000710635 -0.2166579
v -0.001459121 -0.000710635 -0.2166039
v -0.001445949 -0.0008924 -0.2165681
v -0.001599073 -0.0008924 -0.216508
v -0.001580774 -0.001074552 -0.2164643
v -0.001729309 -0.001074552 -0.2163984
v -0.00170511 -0.001256525 -0.2163469
v -0.00184828 -0.001256525 -0.2162758
v -0.001817405 -0.001437544 -0.2162169
v -0.001955091 -0.001437544 -0.2161409
v -0.001916885 -0.001616835 -0.216075
v -0.002048015 -0.001616835 -0.2159951
v -0.002001702 -0.001793682 -0.2159228
v -0.002126634 -0.001793682 -0.215839
v -0.002071797 -0.00196737 -0.2157609
v -0.002189099 -0.00196737 -0.2156748
v -0.002125203 -0.002137005 -0.2155916
v -0.00223571 -0.002137005 -0.2155027
v -0.002162396 -0.00230199 -0.2154154
v -0.002264618 -0.00230199 -0.2153258
v -0.002181649 -0.002461552 -0.2152352
v -0.002276778 -0.002461552 -0.2151442
v -0.002183973 -0.002614915 -0.2150513
v -0.0022704 -0.002614915 -0.2149611
v -0.00216782 -0.002761483 -0.2148671
v -0.002247035 -0.002761483 -0.2147768
v -0.002134859 -0.00290066 -0.2146825
v -0.002205371 -0.00290066 -0.2145949
v -0.002083837 -0.003031909 -0.2145013
v -0.002147257 -0.003031909 -0.214415
v -0.002016782 -0.003154754 -0.2143233
v -0.002071857 -0.003154754 -0.2142412
v -0.001932919 -0.003268778 -0.2141522
v -0.001981437 -0.003268778 -0.2140727
v -0.00183469 -0.003373622 -0.2139875
v -0.00187546 -0.003373622 -0.2139136
v -0.00172168 -0.003469049 -0.2138329
v -0.001756489 -0.003469049 -0.2137629
v -0.00159645 -0.00355494 -0.2136877
v -0.001669406 -0.003532409 -0.2136431
v -0.001459181 -0.003631174 -0.213555
v 2.3385e-05 0.003901481 -0.2130761
v 1.99385e-05 0.003901481 -0.2130828
v 0.000175436 0.00388956 -0.213167
v 0.000167919 0.00388956 -0.2131802
v 0.000321533 0.003869235 -0.2132721
v 0.000309356 0.003869235 -0.2132915
v 0.000460225 0.003840148 -0.213391
v 0.00044273 0.003840148 -0.2134163
v 0.000590028 0.003802001 -0.2135227
v 0.000566809 0.003802001 -0.2135535
v 0.000709731 0.003754615 -0.2136665
v 0.00068001 0.003754615 -0.2137024
v 0.000817698 0.003697693 -0.2138214
v 0.000781428 0.003697693 -0.2138616
v 0.000913158 0.003631174 -0.2139857
v 0.000869359 0.003631174 -0.2140302
v 0.00099441 0.00355494 -0.2141587
v 0.000943484 0.00355494 -0.2142062
v 0.001061201 0.003469049 -0.2143381
v 0.001001954 0.003469049 -0.2143888
v 0.001111805 0.003373622 -0.2145233
v 0.001045167 0.003373622 -0.2145754
v 0.001146793 0.003268778 -0.2147113
v 0.001071095 0.003268778 -0.2147654
v 0.001164078 0.003154754 -0.2149016
v 0.001081168 0.003154754 -0.2149556
v 0.00116533 0.003031909 -0.2150911
v 0.001073002 0.003031909 -0.2151457
v 0.001148164 0.00290066 -0.2152794
v 0.00104916 0.00290066 -0.2153323
v 0.001115441 0.002761483 -0.2154631
v 0.00100696 0.002761483 -0.2155151
v 0.001064419 0.002614915 -0.2156419
v 0.000949997 0.002614915 -0.2156908
v 0.000999015 0.002461552 -0.2158126
v 0.000877357 0.002461552 -0.2158585
v 0.000918297 0.00230199 -0.2159743
v 0.000787635 0.00230199 -0.2160173
v 0.000820913 0.002137005 -0.2161264
v 0.000685814 0.002137005 -0.2161645
v 0.00071209 0.00196737 -0.216266
v 0.000569063 0.00196737 -0.2162997
v 0.000588923 0.001793682 -0.216393
v 0.00044246 0.001793682 -0.2164209
v 0.000456717 0.001616835 -0.2165056
v 0.000303637 0.001616835 -0.2165279
v 0.000313016 0.001437544 -0.2166036
v 0.00015759 0.001437544 -0.2166194
v 0.000162912 0.001256525 -0.2166858
v 2.45764e-06 0.001256525 -0.2166951
v 4.52509e-06 0.001074552 -0.2167521
v -0.000157141 0.001074552 -0.2167545
v -0.000157442 0.0008924 -0.2168019
v -0.000322493 0.0008924 -0.2167972
v -0.000324395 0.000710635 -0.2168353
v -0.000489511 0.000710635 -0.2168235
v -0.00049221 0.000529942 -0.2168525
v -0.000658989 0.000529942 -0.2168333
v -0.000661737 0.000350916 -0.2168534
v -0.000827474 0.000350916 -0.216827
v -0.000829613 0.000174103 -0.2168387
v -0.000995312 0.000174103 -0.216805
v -0.00099617 0 -0.2168087
v -0.001159787 0 -0.216768
v -0.001158773 -0.000174103 -0.2167642
v -0.001320779 -0.000174103 -0.2167162
v -0.001317143 -0.000350916 -0.2167049
v -0.001476168 -0.000350916 -0.2166503
v -0.001469135 -0.000529942 -0.2166312
v -0.001625001 -0.000529942 -0.21657
v -0.001613736 -0.000710635 -0.2165432
v -0.001765668 -0.000710635 -0.2164758
v -0.001749455 -0.0008924 -0.2164413
v -0.001896679 -0.0008924 -0.2163683
v -0.001874685 -0.001074552 -0.2163262
v -0.00201708 -0.001074552 -0.2162477
v -0.00198853 -0.001256525 -0.2161985
v -0.002124845 -0.001256525 -0.2161154
v -0.002089023 -0.001437544 -0.2160593
v -0.002219796 -0.001437544 -0.2159717
v -0.002175986 -0.001616835 -0.2159093
v -0.002299606 -0.001616835 -0.2158185
v -0.002247273 -0.001793682 -0.2157504
v -0.002364575 -0.001793682 -0.2156561
v -0.002303183 -0.00196737 -0.215583
v -0.002412438 -0.00196737 -0.2154871
v -0.002341628 -0.002137005 -0.2154098
v -0.002444207 -0.002137005 -0.2153117
v -0.002363622 -0.00230199 -0.215231
v -0.002457559 -0.00230199 -0.2151329
v -0.002367079 -0.002461552 -0.2150499
v -0.002454042 -0.002461552 -0.2149508
v -0.002353608 -0.002614915 -0.2148663
v -0.002431809 -0.002614915 -0.2147691
v -0.002321541 -0.002761483 -0.2146843
v -0.002392709 -0.002761483 -0.2145875
v -0.002272784 -0.00290066 -0.2145032
v -0.002335369 -0.00290066 -0.2144099
v -0.002206206 -0.003031909 -0.2143272
v -0.002262055 -0.003031909 -0.2142356
v -0.00212413 -0.003154754 -0.2141556
v -0.002171874 -0.003154754 -0.214069
v -0.002025783 -0.003268778 -0.2139924
v -0.002067208 -0.003268778 -0.2139089
v -0.001913666 -0.003373622 -0.2138368
v -0.001933455 -0.003382682 -0.2137536
v -0.001787722 -0.003469049 -0.2136926
v 1.62182e-05 0.003901481 -0.2130894
v 1.22241e-05 0.003901481 -0.2130957
v 0.000159871 0.00388956 -0.213193
v 0.000151214 0.00388956 -0.2132055
v 0.000296304 0.003869235 -0.2133104
v 0.000282505 0.003869235 -0.2133287
v 0.000424251 0.003840148 -0.2134407
v 0.000404581 0.003840148 -0.2134645
v 0.000542124 0.003802001 -0.2135834
v 0.000516367 0.003802001 -0.2136119
v 0.000648992 0.003754615 -0.2137368
v 0.000616249 0.003754615 -0.2137701
v 0.000743136 0.003697693 -0.2139005
v 0.00070356 0.003697693 -0.2139374
v 0.000824078 0.003631174 -0.2140724
v 0.000776557 0.003631174 -0.214113
v 0.000890031 0.00355494 -0.2142518
v 0.000835247 0.00355494 -0.2142947
v 0.000941174 0.003469049 -0.2144363
v 0.000877667 0.003469049 -0.2144817
v 0.000975514 0.003373622 -0.2146252
v 0.000904682 0.003373622 -0.2146713
v 0.00099419 0.003268778 -0.2148154
v 0.000914031 0.003268778 -0.2148628
v 0.000994861 0.003154754 -0.2150067
v 0.000907715 0.003154754 -0.2150532
v 0.00097986 0.003031909 -0.2151955
v 0.000883132 0.003031909 -0.2152419
v 0.000946464 0.00290066 -0.2153816
v 0.000843285 0.00290066 -0.2154257
v 0.000898021 0.002761483 -0.2155617
v 0.000787229 0.002761483 -0.2156035
v 0.000833613 0.002614915 -0.2157348
v 0.000713466 0.002614915 -0.2157743
v 0.000751777 0.002461552 -0.2158999
v 0.000626496 0.002461552 -0.2159352
v 0.000657248 0.00230199 -0.2160541
v 0.000523514 0.00230199 -0.2160856
v 0.000547241 0.002137005 -0.2161971
v 0.000409221 0.002137005 -0.2162234
v 0.000426617 0.00196737 -0.2163268
v 0.000281364 0.00196737 -0.216348
v 0.000293085 0.001793682 -0.2164427
v 0.000144613 0.001793682 -0.2164579
v 0.000151484 0.001616835 -0.2165435
v -2.77426e-06 0.001616835 -0.2165525
v 0 0.001437544 -0.2166287
v -0.000156342 0.001437544 -0.216631
v -0.000156771 0.001256525 -0.2166976
v -0.000317296 0.001256525 -0.2166931
v -0.000320141 0.001074552 -0.2167499
v -0.000481568 0.001074552 -0.2167384
v -0.000485986 0.0008924 -0.2167856
v -0.000649843 0.0008924 -0.2167667
v -0.000655026 0.000710635 -0.2168045
v -0.000818663 0.000710635 -0.2167784
v -0.000823853 0.000529942 -0.216807
v -0.000988205 0.000529942 -0.2167735
v -0.000992672 0.000350916 -0.2167934
v -0.001155674 0.000350916 -0.2167527
v -0.001158773 0.000174103 -0.2167642
v -0.001320779 0.000174103 -0.2167162
v -0.001321971 0 -0.21672
v -0.001481652 0 -0.2166651
v -0.001480281 -0.000174103 -0.2166615
v -0.001637399 -0.000174103 -0.2165998
v -0.001632809 -0.000350916 -0.2165888
v -0.001786708 -0.000350916 -0.2165206
v -0.001778006 -0.000529942 -0.2165021
v -0.001927852 -0.000529942 -0.2164278
v -0.001914322 -0.000710635 -0.216402
v -0.002059996 -0.000710635 -0.2163217
v -0.002040863 -0.0008924 -0.2162888
v -0.002181053 -0.0008924 -0.2162033
v -0.002155542 -0.001074552 -0.2161633
v -0.002290725 -0.001074552 -0.2160727
v -0.002258002 -0.001256525 -0.2160261
v -0.002386569 -0.001256525 -0.2159317
v -0.002346038 -0.001437544 -0.2158789
v -0.002468824 -0.001437544 -0.2157802
v -0.002419829 -0.001616835 -0.2157219
v -0.002534985 -0.001616835 -0.2156208
v -0.00247699 -0.001793682 -0.2155575
v -0.002585828 -0.001793682 -0.2154533
v -0.002518296 -0.00196737 -0.2153858
v -0.002618849 -0.00196737 -0.2152809
v -0.002541601 -0.002137005 -0.21521
v -0.002635359 -0.002137005 -0.2151032
v -0.002548098 -0.00230199 -0.2150298
v -0.002633154 -0.00230199 -0.2149241
v -0.00253582 -0.002461552 -0.2148492
v -0.002614021 -0.002461552 -0.2147429
v -0.002506613 -0.002614915 -0.2146674
v -0.002576053 -0.002614915 -0.214564
v -0.00245887 -0.002761483 -0.2144889
v -0.002521514 -0.002761483 -0.2143862
v -0.002394735 -0.00290066 -0.2143126
v -0.002448976 -0.00290066 -0.2142143
v -0.002313137 -0.003031909 -0.2141431
v -0.002360939 -0.003031909 -0.214047
v -0.002256572 -0.003154754 -0.2138889
v 7.92527e-06 0.003901481 -0.2131019
v 3.40082e-06 0.003901481 -0.213108
v 0.000142078 0.00388956 -0.2132176
v 0.000132391 0.00388956 -0.2132293
v 0.000267862 0.003869235 -0.2133464
v 0.00025255 0.003869235 -0.2133634
v 0.000384077 0.003840148 -0.2134872
v 0.000362411 0.003840148 -0.2135093
v 0.000489183 0.003802001 -0.2136395
v 0.000461077 0.003802001 -0.2136657
v 0.000582388 0.003754615 -0.2138016
v 0.000546881 0.003754615 -0.213832
v 0.000662011 0.003697693 -0.2139729
v 0.000619452 0.003697693 -0.2140061
v 0.00072786 0.003631174 -0.2141511
v 0.000676938 0.003631174 -0.2141875
v 0.000777982 0.00355494 -0.2143356
v 0.000719773 0.00355494 -0.2143735
v 0.000813061 0.003469049 -0.2145238
v 0.000745802 0.003469049 -0.2145636
v 0.000830882 0.003373622 -0.2147149
v 0.000756415 0.003373622 -0.2147547
v 0.000833132 0.003268778 -0.214906
v 0.000749174 0.003268778 -0.2149463
v 0.000817285 0.003154754 -0.2150966
v 0.000726442 0.003154754 -0.2151355
v 0.000786013 0.003031909 -0.2152835
v 0.000687253 0.003031909 -0.2153207
v 0.000738366 0.00290066 -0.2154654
v 0.000630078 0.00290066 -0.215501
v 0.000672857 0.002761483 -0.2156412
v 0.000558734 0.002761483 -0.2156733
v 0.000593602 0.002614915 -0.2158081
v 0.00047063 0.002614915 -0.2158371
v 0.000497945 0.002461552 -0.2159655
v 0.000369931 0.002461552 -0.2159898
v 0.000390294 0.00230199 -0.216111
v 0.000254458 0.00230199 -0.2161308
v 0.000268477 0.002137005 -0.2162439
v 0.000128567 0.002137005 -0.2162582
v 0.000136954 0.00196737 -0.2163627
v -9.44622e-06 0.00196737 -0.2163713
v -5.94127e-06 0.001793682 -0.2164667
v -0.00015532 0.001793682 -0.2164689
v -0.000155866 0.001616835 -0.2165548
v -0.000310184 0.001616835 -0.2165505
v -0.000313991 0.001437544 -0.2166266
v -0.000470116 0.001437544 -0.2166154
v -0.000476286 0.001256525 -0.2166817
v -0.000635665 0.001256525 -0.2166634
v -0.000643413 0.001074552 -0.2167198
v -0.000803395 0.001074552 -0.2166942
v -0.000811869 0.0008924 -0.2167409
v -0.000973348 0.0008924 -0.216708
v -0.000981755 0.000710635 -0.2167451
v -0.00114268 0.000710635 -0.216705
v -0.00115031 0.000529942 -0.2167331
v -0.001311004 0.000529942 -0.2166855
v -0.001317143 0.000350916 -0.2167049
v -0.001476168 0.000350916 -0.2166503
v -0.001480281 0.000174103 -0.2166615
v -0.001637399 0.000174103 -0.2165998
v -0.001638948 0 -0.2166033
v -0.001793384 0 -0.2165348
v -0.001791715 -0.000174103 -0.2165313
v -0.001942813 -0.000174103 -0.2164564
v -0.00193727 -0.000350916 -0.2164458
v -0.002084791 -0.000350916 -0.2163645
v -0.002074599 -0.000529942 -0.2163469
v -0.002217233 -0.000529942 -0.2162599
v -0.002201616 -0.000710635 -0.2162354
v -0.002339899 -0.000710635 -0.2161427
v -0.002317965 -0.0008924 -0.2161116
v -0.002450168 -0.0008924 -0.2160144
v -0.002421259 -0.001074552 -0.2159768
v -0.002548277 -0.001074552 -0.2158747
v -0.00251162 -0.001256525 -0.2158312
v -0.002631425 -0.001256525 -0.215726
v -0.002586483 -0.001437544 -0.215677
v -0.002700388 -0.001437544 -0.2155679
v -0.002646505 -0.001616835 -0.215514
v -0.002752423 -0.001616835 -0.2154035
v -0.002689182 -0.001793682 -0.2153455
v -0.002788662 -0.001793682 -0.2152321
v -0.002715587 -0.00196737 -0.2151707
v -0.002806603 -0.00196737 -0.2150576
v -0.002723515 -0.002137005 -0.2149937
v -0.002807796 -0.002137005 -0.214879
v -0.002714514 -0.00230199 -0.2148135
v -0.002790033 -0.00230199 -0.2147009
v -0.002686619 -0.002461552 -0.2146347
v -0.002755403 -0.002461552 -0.214522
v -0.002641856 -0.002614915 -0.2144561
v -0.002702057 -0.002614915 -0.2143471
v -0.002578794 -0.002761483 -0.2142824
v -0.002632379 -0.002761483 -0.2141746
v -0.00265026 -0.002793848 -0.2140537
v -1.40856e-06 0.003901481 -0.2131137
v -6.44361e-06 0.003901481 -0.2131193
v 0.000122242 0.00388956 -0.2132406
v 0.000111574 0.00388956 -0.2132514
v 0.000236413 0.003869235 -0.2133798
v 0.000219716 0.003869235 -0.2133953
v 0.00034003 0.003840148 -0.2135301
v 0.000316556 0.003840148 -0.2135502
v 0.000431561 0.003802001 -0.2136909
v 0.000401337 0.003802001 -0.2137145
v 0.000510459 0.003754615 -0.2138605
v 0.000472417 0.003754615 -0.2138876
v 0.000574944 0.003697693 -0.214038
v 0.000529703 0.003697693 -0.2140674
v 0.000625178 0.003631174 -0.2142212
v 0.000571259 0.003631174 -0.2142531
v 0.000659118 0.00355494 -0.2144094
v 0.000597913 0.00355494 -0.2144421
v 0.000677888 0.003469049 -0.2145998
v 0.000607399 0.003469049 -0.2146337
v 0.000679104 0.003373622 -0.2147918
v 0.000601492 0.003373622 -0.214825
v 0.000664844 0.003268778 -0.2149824
v 0.000579109 0.003268778 -0.2150148
v 0.000634081 0.003154754 -0.2151703
v 0.000538733 0.003154754 -0.2152017
v 0.0005853 0.003031909 -0.2153543
v 0.000483559 0.003031909 -0.215383
v 0.000521996 0.00290066 -0.2155315
v 0.000411147 0.00290066 -0.2155576
v 0.000441652 0.002761483 -0.215701
v 0.000325045 0.002761483 -0.2157232
v 0.000348149 0.002614915 -0.2158604
v 0.000223256 0.002614915 -0.2158787
v 0.00023939 0.002461552 -0.2160089
v 0.000109604 0.002461552 -0.2160221
v 0.000119437 0.00230199 -0.2161446
v -1.74549e-05 0.00230199 -0.2161526
v -1.32789e-05 0.002137005 -0.2162665
v -0.000154042 0.002137005 -0.2162687
v -0.000154712 0.00196737 -0.2163735
v -0.000301154 0.00196737 -0.2163694
v -0.000305917 0.001793682 -0.2164647
v -0.000455067 0.001793682 -0.216454
v -0.000463034 0.001616835 -0.2165396
v -0.000616269 0.001616835 -0.2165219
v -0.000626627 0.001437544 -0.2165974
v -0.000781373 0.001437544 -0.2165728
v -0.000793227 0.001256525 -0.2166383
v -0.00095029 0.001256525 -0.2166063
v -0.000962863 0.001074552 -0.2166618
v -0.00112015 0.001074552 -0.2166225
v -0.001132607 0.0008924 -0.2166683
v -0.0012905 0.0008924 -0.2166215
v -0.001302123 0.000710635 -0.2166579
v -0.001459121 0.000710635 -0.2166039
v -0.001469135 0.000529942 -0.2166312
v -0.001625001 0.000529942 -0.21657
v -0.001632809 0.000350916 -0.2165888
v -0.001786708 0.000350916 -0.2165206
v -0.001791715 0.000174103 -0.2165313
v -0.001942813 0.000174103 -0.2164564
v -0.001944601 0 -0.2164598
v -0.002092719 0 -0.2163781
v -0.002090752 -0.000174103 -0.2163748
v -0.002234637 -0.000174103 -0.2162871
v -0.0022282 -0.000350916 -0.2162771
v -0.002368271 -0.000350916 -0.2161832
v -0.002356588 -0.000529942 -0.2161665
v -0.002491116 -0.000529942 -0.2160677
v -0.002473413 -0.000710635 -0.2160446
v -0.002603292 -0.000710635 -0.2159402
v -0.002578794 -0.0008924 -0.215911
v -0.002701938 -0.0008924 -0.215803
v -0.00266987 -0.001074552 -0.215768
v -0.002787709 -0.001074552 -0.2156552
v -0.002747476 -0.001256525 -0.215615
v -0.002857625 -0.001256525 -0.2155
v -0.00280857 -0.001437544 -0.215455
v -0.002912759 -0.001437544 -0.2153364
v -0.002854406 -0.001616835 -0.2152873
v -0.00295031 -0.001616835 -0.2151682
v -0.002882242 -0.001793682 -0.2151159
v -0.002971708 -0.001793682 -0.2149942
v -0.002893567 -0.00196737 -0.2149394
v -0.00297439 -0.00196737 -0.214819
v -0.002886056 -0.002137005 -0.2147624
v -0.002960205 -0.002137005 -0.2146409
v -0.002861618 -0.00230199 -0.2145836
v -0.002927064 -0.00230199 -0.214465
v -0.002818286 -0.002461552 -0.214408
v -0.002877116 -0.002461552 -0.2142896
v -0.002894401 -0.002508223 -0.2141559
v -1.17636e-05 0.003901481 -0.2131247
v -1.72388e-05 0.003901481 -0.2131298
v 0.000100513 0.00388956 -0.2132617
v 8.89115e-05 0.00388956 -0.2132716
v 0.000202194 0.003869235 -0.2134103
v 0.000184245 0.003869235 -0.2134243
v 0.00029247 0.003840148 -0.213569
v 0.000267297 0.003840148 -0.213587
v 0.000369731 0.003802001 -0.2137371
v 0.000337599 0.003802001 -0.2137581
v 0.000433716 0.003754615 -0.2139129
v 0.000393412 0.003754615 -0.2139367
v 0.000482561 0.003697693 -0.2140953
v 0.000435005 0.003697693 -0.2141207
v 0.000516843 0.003631174 -0.2142822
v 0.000460364 0.003631174 -0.2143092
v 0.000534388 0.00355494 -0.2144725
v 0.000470594 0.00355494 -0.2144998
v 0.000536639 0.003469049 -0.2146639
v 0.000464662 0.003469049 -0.2146911
v 0.000522537 0.003373622 -0.2148548
v 0.000441066 0.003373622 -0.2148817
v 0.000490589 0.003268778 -0.2150439
v 0.000402278 0.003268778 -0.2150688
v 0.000443611 0.003154754 -0.2152285
v 0.000346011 0.003154754 -0.2152515
v 0.000379215 0.003031909 -0.2154076
v 0.000275287 0.003031909 -0.2154273
v 0.000300729 0.00290066 -0.2155786
v 0.000188141 0.00290066 -0.215595
v 0.000206149 0.002761483 -0.2157405
v 8.79551e-05 0.002761483 -0.2157526
v 9.91037e-05 0.002614915 -0.2158913
v -2.67837e-05 0.002614915 -0.2158987
v -2.1965e-05 0.002461552 -0.2160298
v -0.000152519 0.002461552 -0.2160318
v -0.000153303 0.00230199 -0.2161546
v -0.000290259 0.00230199 -0.2161508
v -0.000295945 0.002137005 -0.2162647
v -0.000436486 0.002137005 -0.2162546
v -0.000446221 0.00196737 -0.216359
v -0.000591623 0.00196737 -0.2163423
v -0.000604593 0.001793682 -0.2164368
v -0.000752432 0.001793682 -0.2164133
v -0.000767755 0.001616835 -0.2164978
v -0.000918748 0.001616835 -0.216467
v -0.000935594 0.001437544 -0.2165414
v -0.001087725 0.001437544 -0.2165034
v -0.001105189 0.001256525 -0.2165676
v -0.00125879 0.001256525 -0.2165222
v -0.001276075 0.001074552 -0.2165763
v -0.001429557 0.001074552 -0.2165237
v -0.001445949 0.0008924 -0.2165681
v -0.001599073 0.0008924 -0.216508
v -0.001613736 0.000710635 -0.2165432
v -0.001765668 0.000710635 -0.2164758
v -0.001778006 0.000529942 -0.2165021
v -0.001927852 0.000529942 -0.2164278
v -0.00193727 0.000350916 -0.2164458
v -0.002084791 0.000350916 -0.2163645
v -0.002090752 0.000174103 -0.2163748
v -0.002234637 0.000174103 -0.2162871
v -0.002236723 0 -0.2162904
v -0.00237739 0 -0.2161961
v -0.002375125 -0.000174103 -0.2161929
v -0.002510786 -0.000174103 -0.2160933
v -0.002503514 -0.000350916 -0.2160838
v -0.002635061 -0.000350916 -0.2159781
v -0.002622008 -0.000529942 -0.2159625
v -0.002747297 -0.000529942 -0.2158525
v -0.002727687 -0.000710635 -0.2158311
v -0.002848148 -0.000710635 -0.2157157
v -0.002821207 -0.0008924 -0.2156888
v -0.002934455 -0.0008924 -0.2155705
v -0.002899527 -0.001074552 -0.2155385
v -0.003007292 -0.001074552 -0.2154158
v -0.002963721 -0.001256525 -0.2153792
v -0.00306338 -0.001256525 -0.2152553
v -0.00301069 -0.001437544 -0.2152147
v -0.003104329 -0.001437544 -0.2150874
v -0.003041923 -0.001616835 -0.2150436
v -0.003127098 -0.001616835 -0.2149167
v -0.003054738 -0.001793682 -0.2148704
v -0.003133475 -0.001793682 -0.2147414
v -0.003050923 -0.00196737 -0.2146935
v -0.003120899 -0.00196737 -0.2145667
v -0.003028035 -0.002137005 -0.214518
v -0.003091454 -0.002137005 -0.2143903
v -0.002988278 -0.00230199 -0.2143418
v -0.003079295 -0.002247333 -0.2142333
v -0.002929925 -0.002461552 -0.2141708
v -2.29792e-05 0.003901481 -0.2131347
v -2.88945e-05 0.003901481 -0.2131394
v 7.70189e-05 0.00388956 -0.2132809
v 6.45849e-05 0.00388956 -0.2132898
v 0.000165487 0.003869235 -0.2134377
v 0.000146396 0.003869235 -0.2134501
v 0.000241716 0.003840148 -0.2136036
v 0.000215057 0.003840148 -0.2136194
v 0.000304123 0.003802001 -0.2137778
v 0.000270341 0.003802001 -0.2137959
v 0.000352727 0.003754615 -0.2139584
v 0.000310507 0.003754615 -0.2139787
v 0.000385626 0.003697693 -0.2141444
v 0.000336043 0.003697693 -0.2141656
v 0.00040363 0.003631174 -0.2143335
v 0.000345964 0.003631174 -0.2143553
v 0.000405725 0.00355494 -0.2145243
v 0.000338744 0.00355494 -0.2145464
v 0.000390362 0.003469049 -0.2147156
v 0.000316258 0.003469049 -0.2147364
v 0.00035975 0.003373622 -0.2149046
v 0.000276345 0.003373622 -0.2149242
v 0.000311672 0.003268778 -0.2150902
v 0.000221446 0.003268778 -0.2151074
v 0.000248805 0.003154754 -0.2152701
v 0.000149694 0.003154754 -0.2152845
v 0.000169294 0.003031909 -0.2154428
v 6.39309e-05 0.003031909 -0.2154536
v 7.62115e-05 0.00290066 -0.2156065
v -3.72542e-05 0.00290066 -0.2156131
v -3.18742e-05 0.002761483 -0.2157596
v -0.000150795 0.002761483 -0.2157614
v -0.000151685 0.002614915 -0.2159006
v -0.000277602 0.002614915 -0.215897
v -0.000284155 0.002461552 -0.2160281
v -0.000414517 0.002461552 -0.2160188
v -0.000425901 0.00230199 -0.2161411
v -0.000561884 0.00230199 -0.2161254
v -0.00057738 0.002137005 -0.2162384
v -0.000716683 0.002137005 -0.2162162
v -0.000735381 0.00196737 -0.2163194
v -0.000878667 0.00196737 -0.2162902
v -0.00089977 0.001793682 -0.2163833
v -0.001045107 0.001793682 -0.216347
v -0.001067698 0.001616835 -0.2164298
v -0.001215338 0.001616835 -0.2163862
v -0.001238524 0.001437544 -0.2164587
v -0.00138694 0.001437544 -0.2164078
v -0.001409947 0.001256525 -0.2164702
v -0.00155884 0.001256525 -0.2164117
v -0.001580774 0.001074552 -0.2164643
v -0.001729309 0.001074552 -0.2163984
v -0.001749455 0.0008924 -0.2164413
v -0.001896679 0.0008924 -0.2163683
v -0.001914322 0.000710635 -0.216402
v -0.002059996 0.000710635 -0.2163217
v -0.002074599 0.000529942 -0.2163469
v -0.002217233 0.000529942 -0.2162599
v -0.0022282 0.000350916 -0.2162771
v -0.002368271 0.000350916 -0.2161832
v -0.002375125 0.000174103 -0.2161929
v -0.002510786 0.000174103 -0.2160933
v -0.00251311 0 -0.2160964
v -0.002645194 0 -0.2159901
v -0.002642691 -0.000174103 -0.2159872
v -0.002769112 -0.000174103 -0.2158763
v -0.002761065 -0.000350916 -0.2158675
v -0.002883136 -0.000350916 -0.2157506
v -0.002868711 -0.000529942 -0.2157363
v -0.002983987 -0.000529942 -0.215616
v -0.002962589 -0.000710635 -0.2155963
v -0.003072738 -0.000710635 -0.2154709
v -0.003043591 -0.0008924 -0.2154464
v -0.003146111 -0.0008924 -0.2153189
v -0.003108501 -0.001074552 -0.21529
v -0.003205358 -0.001074552 -0.2151584
v -0.003158748 -0.001256525 -0.2151256
v -0.00324732 -0.001256525 -0.2149937
v -0.003191232 -0.001437544 -0.2149578
v -0.003273606 -0.001437544 -0.2148228
v -0.003207743 -0.001616835 -0.2147845
v -0.003281474 -0.001616835 -0.2146509
v -0.003205418 -0.001793682 -0.214611
v -0.003186345 -0.00196737 -0.2144349
v -0.003148376 -0.002137005 -0.2142622
v -3.50467e-05 0.003901481 -0.2131438
v -4.1312e-05 0.003901481 -0.2131478
v 5.19417e-05 0.00388956 -0.213298
v 3.87854e-05 0.00388956 -0.2133058
v 0.000126523 0.003869235 -0.2134619
v 0.000106452 0.003869235 -0.2134726
v 0.000188146 0.003840148 -0.2136338
v 0.000160245 0.003840148 -0.2136471
v 0.00023529 0.003802001 -0.2138127
v 0.000200071 0.003802001 -0.2138278
v 0.000268105 0.003754615 -0.2139968
v 0.000225 0.003754615 -0.2140131
v 0.000285621 0.003697693 -0.2141847
v 0.000233584 0.003697693 -0.2142018
v 0.000286413 0.003631174 -0.2143749
v 0.000227016 0.003631174 -0.2143916
v 0.000271936 0.00355494 -0.2145652
v 0.000203383 0.00355494 -0.2145814
v 0.000240212 0.003469049 -0.2147544
v 0.000164462 0.003469049 -0.2147688
v 0.000193288 0.003373622 -0.21494
v 0.000108576 0.003373622 -0.2149524
v 0.00012941 0.003268778 -0.2151208
v 3.79477e-05 0.003268778 -0.2151302
v 5.11515e-05 0.003154754 -0.2152945
v -4.87455e-05 0.003154754 -0.2153004
v -4.28878e-05 0.003031909 -0.2154598
v -0.000148888 0.003031909 -0.2154614
v -0.000149858 0.00290066 -0.2156148
v -0.000263371 0.00290066 -0.2156116
v -0.000270674 0.002761483 -0.215758
v -0.000389427 0.002761483 -0.2157496
v -0.000402335 0.002614915 -0.2158881
v -0.000527357 0.002614915 -0.2158737
v -0.000545196 0.002461552 -0.2160038
v -0.000674404 0.002461552 -0.2159832
v -0.000696315 0.00230199 -0.216104
v -0.000830313 0.00230199 -0.2160767
v -0.000855502 0.002137005 -0.2161879
v -0.000992481 0.002137005 -0.2161538
v -0.001020014 0.00196737 -0.2162549
v -0.001160085 0.00196737 -0.2162135
v -0.001189172 0.001793682 -0.2163044
v -0.001330971 0.001793682 -0.2162557
v -0.001360654 0.001616835 -0.2163363
v -0.001503825 0.001616835 -0.21628
v -0.00153321 0.001437544 -0.2163503
v -0.001676797 0.001437544 -0.2162866
v -0.00170511 0.001256525 -0.2163469
v -0.00184828 0.001256525 -0.2162758
v -0.001874685 0.001074552 -0.2163262
v -0.00201708 0.001074552 -0.2162477
v -0.002040863 0.0008924 -0.2162888
v -0.002181053 0.0008924 -0.2162033
v -0.002201616 0.000710635 -0.2162354
v -0.002339899 0.000710635 -0.2161427
v -0.002356588 0.000529942 -0.2161665
v -0.002491116 0.000529942 -0.2160677
v -0.002503514 0.000350916 -0.2160838
v -0.002635061 0.000350916 -0.2159781
v -0.002642691 0.000174103 -0.2159872
v -0.002769112 0.000174103 -0.2158763
v -0.002771735 0 -0.2158791
v -0.002894282 0 -0.2157618
v -0.00289154 -0.000174103 -0.2157591
v -0.003007769 -0.000174103 -0.2156378
v -0.002999007 -0.000350916 -0.2156298
v -0.003110587 -0.000350916 -0.2155027
v -0.00309503 -0.000529942 -0.2154896
v -0.003199338 -0.000529942 -0.2153599
v -0.003176331 -0.000710635 -0.2153422
v -0.003275334 -0.000710635 -0.2152075
v -0.003244161 -0.0008924 -0.2151856
v -0.003335177 -0.0008924 -0.2150499
v -0.003295242 -0.001074552 -0.2150244
v -0.003380417 -0.001074552 -0.2148847
v -0.003331184 -0.001256525 -0.2148562
v -0.003407895 -0.001256525 -0.2147172
v -0.003348946 -0.001437544 -0.2146863
v -0.003419458 -0.001437544 -0.2145445
v -0.003350496 -0.001616835 -0.2145121
v -0.003412365 -0.001616835 -0.2143728
v -0.003386378 -0.001677334 -0.2143619
v -4.78648e-05 0.003901481 -0.2131517
v -5.44492e-05 0.003901481 -0.2131552
v 2.5493e-05 0.00388956 -0.2133129
v 1.17072e-05 0.00388956 -0.2133195
v 8.56289e-05 0.003869235 -0.2134826
v 6.4722e-05 0.003869235 -0.2134916
v 0.000132207 0.003840148 -0.2136592
v 0.000103683 0.003840148 -0.2136699
v 0.000164271 0.003802001 -0.2138413
v 0.000127303 0.003802001 -0.2138535
v 0.000180478 0.003754615 -0.2140278
v 0.000136067 0.003754615 -0.2140402
v 0.000181649 0.003697693 -0.2142164
v 0.000128384 0.003697693 -0.2142289
v 0.000166061 0.003631174 -0.214406
v 0.000105358 0.003631174 -0.2144176
v 0.000135124 0.00355494 -0.2145944
v 6.55109e-05 0.00355494 -0.2146045
v 8.72301e-05 0.003469049 -0.21478
v 1.04566e-05 0.003469049 -0.2147879
v 2.4374e-05 0.003373622 -0.214961
v -6.10064e-05 0.003373622 -0.214966
v -5.47863e-05 0.003268778 -0.2151355
v -0.000146824 0.003268778 -0.215137
v -0.000147871 0.003154754 -0.2153019
v -0.000247786 0.003154754 -0.2152991
v -0.00025573 0.003031909 -0.2154584
v -0.000361591 0.003031909 -0.2154508
v -0.000375826 0.00290066 -0.2156036
v -0.000488519 0.00290066 -0.2155906
v -0.000508434 0.002761483 -0.2157358
v -0.000626129 0.002761483 -0.2157171
v -0.00065096 0.002614915 -0.2158541
v -0.000774163 0.002614915 -0.2158289
v -0.000803165 0.002461552 -0.2159569
v -0.00093022 0.002461552 -0.2159252
v -0.000962502 0.00230199 -0.2160437
v -0.001093506 0.00230199 -0.216005
v -0.001128196 0.002137005 -0.2161136
v -0.00126183 0.002137005 -0.2160677
v -0.00129801 0.00196737 -0.2161661
v -0.001433908 0.00196737 -0.2161127
v -0.001470685 0.001793682 -0.2162008
v -0.001607894 0.001793682 -0.2161399
v -0.001644432 0.001616835 -0.2162176
v -0.001782059 0.001616835 -0.2161493
v -0.001817405 0.001437544 -0.2162169
v -0.001955091 0.001437544 -0.2161409
v -0.00198853 0.001256525 -0.2161985
v -0.002124845 0.001256525 -0.2161154
v -0.002155542 0.001074552 -0.2161633
v -0.002290725 0.001074552 -0.2160727
v -0.002317965 0.0008924 -0.2161116
v -0.002450168 0.0008924 -0.2160144
v -0.002473413 0.000710635 -0.2160446
v -0.002603292 0.000710635 -0.2159402
v -0.002622008 0.000529942 -0.2159625
v -0.002747297 0.000529942 -0.2158525
v -0.002761065 0.000350916 -0.2158675
v -0.002883136 0.000350916 -0.2157506
v -0.00289154 0.000174103 -0.2157591
v -0.003007769 0.000174103 -0.2156378
v -0.00301063 0 -0.2156404
v -0.003122687 0 -0.2155128
v -0.003119707 -0.000174103 -0.2155103
v -0.003224909 -0.000174103 -0.2153795
v -0.003215432 -0.000350916 -0.2153723
v -0.003315746 -0.000350916 -0.215236
v -0.003299117 -0.000529942 -0.2152243
v -0.003391802 -0.000529942 -0.2150862
v -0.003367304 -0.000710635 -0.2150705
v -0.003454387 -0.000710635 -0.2149277
v -0.003421425 -0.0008924 -0.2149085
v -0.003500342 -0.0008924 -0.2147657
v -0.003458321 -0.001074552 -0.2147436
v -0.003531157 -0.001074552 -0.214597
v -0.003479659 -0.001256525 -0.2145728
v -0.003544032 -0.001256525 -0.2144278
v -0.003505945 -0.00137192 -0.2144119
v -6.12816e-05 0.003901481 -0.2131585
v -6.81541e-05 0.003901481 -0.2131614
v -2.12198e-06 0.00388956 -0.2133255
v -1.62084e-05 0.00388956 -0.2133308
v 4.34533e-05 0.003869235 -0.2134996
v 2.15222e-05 0.003869235 -0.2135068
v 7.42601e-05 0.003840148 -0.2136796
v 4.48789e-05 0.003840148 -0.2136879
v 9.04179e-05 0.003802001 -0.2138639
v 5.25971e-05 0.003802001 -0.2138728
v 9.05136e-05 0.003754615 -0.214051
v 4.513e-05 0.003754615 -0.2140597
v 7.53405e-05 0.003697693 -0.2142391
v 2.12339e-05 0.003697693 -0.2142469
v 4.34556e-05 0.003631174 -0.2144266
v -1.80541e-05 0.003631174 -0.2144328
v -3.69944e-06 0.00355494 -0.2146116
v -7.38593e-05 0.00355494 -0.2146157
v -6.73823e-05 0.003469049 -0.2147924
v -0.000144615 0.003469049 -0.2147936
v -0.000145725 0.003373622 -0.2149673
v -0.000231143 0.003373622 -0.2149649
v -0.000239591 0.003268778 -0.2151343
v -0.000331468 0.003268778 -0.2151278
v -0.000346787 0.003154754 -0.215292
v -0.000446 0.003154754 -0.2152806
v -0.000467672 0.003031909 -0.2154387
v -0.000572567 0.003031909 -0.2154219
v -0.000599948 0.00290066 -0.2155728
v -0.00071101 0.00290066 -0.2155502
v -0.000743402 0.002761483 -0.2156932
v -0.000859136 0.002761483 -0.2156643
v -0.000895717 0.002614915 -0.2157986
v -0.001016139 0.002614915 -0.215763
v -0.001056075 0.002461552 -0.215888
v -0.001180052 0.002461552 -0.2158454
v -0.001222431 0.00230199 -0.2159607
v -0.001349508 0.00230199 -0.2159108
v -0.001393496 0.002137005 -0.216016
v -0.001522779 0.002137005 -0.2159587
v -0.001567304 0.00196737 -0.2160536
v -0.001697957 0.00196737 -0.2159887
v -0.001742243 0.001793682 -0.2160733
v -0.001873791 0.001793682 -0.2160007
v -0.001916885 0.001616835 -0.216075
v -0.002048015 0.001616835 -0.2159951
v -0.002089023 0.001437544 -0.2160593
v -0.002219796 0.001437544 -0.2159717
v -0.002258002 0.001256525 -0.2160261
v -0.002386569 0.001256525 -0.2159317
v -0.002421259 0.001074552 -0.2159768
v -0.002548277 0.001074552 -0.2158747
v -0.002578794 0.0008924 -0.215911
v -0.002701938 0.0008924 -0.215803
v -0.002727687 0.000710635 -0.2158311
v -0.002848148 0.000710635 -0.2157157
v -0.002868711 0.000529942 -0.2157363
v -0.002983987 0.000529942 -0.215616
v -0.002999007 0.000350916 -0.2156298
v -0.003110587 0.000350916 -0.2155027
v -0.003119707 0.000174103 -0.2155103
v -0.003224909 0.000174103 -0.2153795
v -0.003228008 0 -0.2153819
v -0.00332868 0 -0.215245
v -0.003325521 -0.000174103 -0.2152428
v -0.003418922 -0.000174103 -0.2151036
v -0.003408908 -0.000350916 -0.2150971
v -0.003497123 -0.000350916 -0.2149525
v -0.00347954 -0.000529942 -0.2149423
v -0.003559827 -0.000529942 -0.2147969
v -0.003534078 -0.000710635 -0.2147834
v -0.003608584 -0.000710635 -0.2146334
v -0.003574073 -0.0008924 -0.2146171
v -0.003640234 -0.0008924 -0.2144681
v -0.003601431 -0.001055717 -0.2144519
v -7.51398e-05 0.003901481 -0.2131641
v -8.23536e-05 0.003901481 -0.2131665
v -3.07487e-05 0.00388956 -0.2133356
v -4.52482e-05 0.00388956 -0.2133396
v -3.97071e-07 0.003869235 -0.213513
v -2.28662e-05 0.003869235 -0.2135183
v 1.47593e-05 0.003840148 -0.213695
v -1.52428e-05 0.003840148 -0.2137007
v 1.49042e-05 0.003802001 -0.21388
v -2.35166e-05 0.003802001 -0.2138856
v -1.13927e-06 0.003754615 -0.2140664
v -4.71327e-05 0.003754615 -0.2140711
v -3.25443e-05 0.003697693 -0.2142524
v -8.70827e-05 0.003697693 -0.2142556
v -8.04509e-05 0.003631174 -0.2144365
v -0.000142338 0.003631174 -0.2144374
v -0.000143496 0.00355494 -0.2146168
v -0.000213687 0.00355494 -0.2146148
v -0.000222492 0.003469049 -0.2147914
v -0.000299612 0.003469049 -0.2147859
v -0.000315737 0.003373622 -0.2149588
v -0.000400524 0.003373622 -0.2149491
v -0.00042359 0.003268778 -0.2151172
v -0.00051466 0.003268778 -0.2151027
v -0.000544095 0.003154754 -0.215265
v -0.000641861 0.003154754 -0.215245
v -0.000677129 0.003031909 -0.2154006
v -0.000780271 0.003031909 -0.2153749
v -0.000820602 0.00290066 -0.2155229
v -0.000929179 0.00290066 -0.2154908
v -0.000973797 0.002761483 -0.2156304
v -0.001086711 0.002761483 -0.2155916
v -0.001134753 0.002614915 -0.2157222
v -0.001251578 0.002614915 -0.2156764
v -0.001302123 0.002461552 -0.2157974
v -0.001422107 0.002461552 -0.2157443
v -0.001474261 0.00230199 -0.2158554
v -0.00159645 0.00230199 -0.2157948
v -0.00164932 0.002137005 -0.2158958
v -0.001773297 0.002137005 -0.2158275
v -0.001825928 0.00196737 -0.2159181
v -0.001950323 0.00196737 -0.2158423
v -0.002001702 0.001793682 -0.2159228
v -0.002126634 0.001793682 -0.215839
v -0.002175986 0.001616835 -0.2159093
v -0.002299606 0.001616835 -0.2158185
v -0.002346038 0.001437544 -0.2158789
v -0.002468824 0.001437544 -0.2157802
v -0.00251162 0.001256525 -0.2158312
v -0.002631425 0.001256525 -0.215726
v -0.00266987 0.001074552 -0.215768
v -0.002787709 0.001074552 -0.2156552
v -0.002821207 0.0008924 -0.2156888
v -0.002934455 0.0008924 -0.2155705
v -0.002962589 0.000710635 -0.2155963
v -0.003072738 0.000710635 -0.2154709
v -0.00309503 0.000529942 -0.2154896
v -0.003199338 0.000529942 -0.2153599
v -0.003215432 0.000350916 -0.2153723
v -0.003315746 0.000350916 -0.215236
v -0.003325521 0.000174103 -0.2152428
v -0.003418922 0.000174103 -0.2151036
v -0.0034222 0 -0.2151057
v -0.003510773 0 -0.2149604
v -0.003507435 -0.000174103 -0.2149584
v -0.003588378 -0.000174103 -0.2148118
v -0.003577828 -0.000350916 -0.2148063
v -0.003653287 -0.000350916 -0.2146544
v -0.003716647 -0.000399756 -0.2145001
v -8.95459e-05 0.003901481 -0.2131685
v -9.69354e-05 0.003901481 -0.2131702
v -6.012e-05 0.00388956 -0.2133432
v -7.49484e-05 0.00388956 -0.213346
v -4.52308e-05 0.003869235 -0.2135225
v -6.80611e-05 0.003869235 -0.2135258
v -4.58486e-05 0.003840148 -0.2137052
v -7.62725e-05 0.003840148 -0.2137083
v -6.17055e-05 0.003802001 -0.2138895
v -0.000100445 0.003802001 -0.2138918
v -9.3762e-05 0.003754615 -0.2140738
v -0.00014004 0.003754615 -0.2140745
v -0.000141186 0.003697693 -0.2142565
v -0.000195738 0.003697693 -0.2142549
v -0.000204747 0.003631174 -0.2144357
v -0.000266577 0.003631174 -0.2144313
v -0.000283195 0.00355494 -0.2146098
v -0.000352887 0.00355494 -0.2146018
v -0.000376916 0.003469049 -0.214777
v -0.000453362 0.003469049 -0.2147648
v -0.000484367 0.003373622 -0.2149357
v -0.000567917 0.003373622 -0.2149187
v -0.000605414 0.003268778 -0.2150841
v -0.000694965 0.003268778 -0.2150618
v -0.000738335 0.003154754 -0.215221
v -0.000833926 0.003154754 -0.2151927
v -0.000882492 0.003031909 -0.2153447
v -0.000983131 0.003031909 -0.2153101
v -0.001036047 0.00290066 -0.2154541
v -0.001141369 0.00290066 -0.2154127
v -0.001197874 0.002761483 -0.2155479
v -0.001307129 0.002761483 -0.2154995
v -0.001366257 0.002614915 -0.2156255
v -0.001478612 0.002614915 -0.2155697
v -0.001539468 0.002461552 -0.215686
v -0.001654446 0.002461552 -0.2156226
v -0.001716077 0.00230199 -0.2157288
v -0.001832425 0.00230199 -0.215658
v -0.001893818 0.002137005 -0.215754
v -0.002011537 0.002137005 -0.2156751
v -0.002071797 0.00196737 -0.2157609
v -0.002189099 0.00196737 -0.2156748
v -0.002247273 0.001793682 -0.2157504
v -0.002364575 0.001793682 -0.2156561
v -0.002419829 0.001616835 -0.2157219
v -0.002534985 0.001616835 -0.2156208
v -0.002586483 0.001437544 -0.215677
v -0.002700388 0.001437544 -0.2155679
v -0.002747476 0.001256525 -0.215615
v -0.002857625 0.001256525 -0.2155
v -0.002899527 0.001074552 -0.2155385
v -0.003007292 0.001074552 -0.2154158
v -0.003043591 0.0008924 -0.2154464
v -0.003146111 0.0008924 -0.2153189
v -0.003176331 0.000710635 -0.2153422
v -0.003275334 0.000710635 -0.2152075
v -0.003299117 0.000529942 -0.2152243
v -0.003391802 0.000529942 -0.2150862
v -0.003408908 0.000350916 -0.2150971
v -0.003497123 0.000350916 -0.2149525
v -0.003507435 0.000174103 -0.2149584
v -0.003588378 0.000174103 -0.2148118
v -0.003591835 0 -0.2148137
v -0.003667593 0 -0.2146611
v -0.003664076 -0.000174103 -0.2146595
v -0.003734946 -7.12728e-05 -0.2145078
v -0.003720998 -0.000350916 -0.2145019
v -0.001042664 0.003778815 -0.2133807
v -0.000956352 0.003802001 -0.2133445
v -0.000940814 0.003802001 -0.2133795
v -0.000776311 0.003840148 -0.2133022
v -0.000762509 0.003840148 -0.21333
v -0.000602481 0.003869235 -0.2132461
v -0.000591498 0.003869235 -0.213266
v -0.000436665 0.00388956 -0.2131761
v -0.000428705 0.00388956 -0.2131891
v -0.000279789 0.003901481 -0.2130938
v -0.000275632 0.003901481 -0.2131
v -0.000435142 0.003891587 -0.2131264
v -0.000622001 0.003869235 -0.2132046
v -0.000741595 0.003849267 -0.2132546
v -0.000256268 0.003901481 -0.2131231
v -0.000261442 0.003901481 -0.2131177
v -0.000391716 0.00388956 -0.2132372
v -0.000401786 0.00388956 -0.2132257
v -0.000538827 0.003869235 -0.2133409
v -0.00055312 0.003869235 -0.2133231
v -0.00069631 0.003840148 -0.2134334
v -0.000714637 0.003840148 -0.2134085
v -0.000863359 0.003802001 -0.2135129
v -0.000884733 0.003802001 -0.2134811
v -0.001038134 0.003754615 -0.2135794
v -0.001062512 0.003754615 -0.2135394
v -0.001219868 0.003697693 -0.2136307
v -0.001245975 0.003697693 -0.2135835
v -0.001406252 0.003631174 -0.2136675
v -0.001434147 0.003631174 -0.2136114
v -0.00159645 0.00355494 -0.2136877
v -0.001620292 0.003557026 -0.2136225
v -0.001787722 0.003469049 -0.2136926
v -0.002256572 0.003154754 -0.2138889
v -0.002151966 0.003234505 -0.2138451
v -0.002067208 0.003268778 -0.2139089
v -0.002623438 0.002821922 -0.2140425
v -0.002545237 0.00290066 -0.2140097
v -0.002499759 0.00290066 -0.2141122
v -0.002360939 0.003031909 -0.214047
v -0.002313137 0.003031909 -0.2141431
v -0.002171874 0.003154754 -0.214069
v -0.00212413 0.003154754 -0.2141556
v -0.001981437 0.003268778 -0.2140727
v -0.001932919 0.003268778 -0.2141522
v -0.001790046 0.003373622 -0.2140607
v -0.001742959 0.003373622 -0.2141309
v -0.001600861 0.003469049 -0.2140311
v -0.001554548 0.003469049 -0.214094
v -0.001414418 0.00355494 -0.2139861
v -0.001370847 0.00355494 -0.2140403
v -0.001233577 0.003631174 -0.2139249
v -0.001192331 0.003631174 -0.2139719
v -0.001058936 0.003697693 -0.2138495
v -0.001021504 0.003697693 -0.2138885
v -0.000892916 0.003754615 -0.2137599
v -0.000859206 0.003754615 -0.2137922
v -0.000736099 0.003802001 -0.2136579
v -0.000707188 0.003802001 -0.2136832
v -0.000590265 0.003840148 -0.213544
v -0.000566239 0.003840148 -0.2135634
v -0.000456121 0.003869235 -0.2134201
v -0.000437692 0.003869235 -0.2134336
v -0.000334811 0.00388956 -0.2132871
v -0.000322178 0.00388956 -0.2132956
v -0.000226941 0.003901481 -0.2131466
v -0.000220527 0.003901481 -0.2131506
v -0.000233212 0.003901481 -0.2131424
v -0.000239267 0.003901481 -0.213138
v -0.000347028 0.00388956 -0.2132782
v -0.000358892 0.00388956 -0.2132686
v -0.000474042 0.003869235 -0.2134057
v -0.000491222 0.003869235 -0.2133907
v -0.000613299 0.003840148 -0.2135238
v -0.0006356 0.003840148 -0.2135025
v -0.000764114 0.003802001 -0.213631
v -0.000790689 0.003802001 -0.2136033
v -0.000924933 0.003754615 -0.2137265
v -0.000955764 0.003754615 -0.2136914
v -0.001094996 0.003697693 -0.2138085
v -0.001128911 0.003697693 -0.2137663
v -0.00127232 0.003631174 -0.2138767
v -0.001309394 0.003631174 -0.2138263
v -0.001456081 0.00355494 -0.2139294
v -0.001494824 0.00355494 -0.2138717
v -0.001643776 0.003469049 -0.2139671
v -0.001684486 0.003469049 -0.2139004
v -0.00183469 0.003373622 -0.2139875
v -0.00187546 0.003373622 -0.2139136
v -0.002025783 0.003268778 -0.2139924
v -0.002216517 0.003154754 -0.2139791
v -0.002396047 0.003038704 -0.2139472
v -0.000245148 0.003901481 -0.2131332
v -0.00025079 0.003901481 -0.2131283
v -0.000370254 0.00388956 -0.2132586
v -0.000381279 0.00388956 -0.2132481
v -0.000507842 0.003869235 -0.2133747
v -0.000523631 0.003869235 -0.2133582
v -0.000656764 0.003840148 -0.2134804
v -0.000677153 0.003840148 -0.2134572
v -0.000816282 0.003802001 -0.2135741
v -0.000840349 0.003802001 -0.2135442
v -0.000984739 0.003754615 -0.2136554
v -0.001012384 0.003754615 -0.2136177
v -0.001161336 0.003697693 -0.2137223
v -0.001191377 0.003697693 -0.2136775
v -0.001343786 0.003631174 -0.213775
v -0.00137645 0.003631174 -0.2137216
v -0.001531541 0.00355494 -0.2138116
v -0.001565039 0.00355494 -0.2137508
v -0.00172168 0.003469049 -0.2138329
v -0.001756489 0.003469049 -0.2137629
v -0.001913666 0.003373622 -0.2138368
v -0.001892805 0.003407776 -0.2137366
v -0.002104401 0.003268778 -0.2138252
v -0.000266432 0.003901481 -0.2131119
v -0.000271135 0.003901481 -0.2131061
v -0.00041125 0.00388956 -0.2132139
v -0.000420294 0.00388956 -0.2132017
v -0.000566797 0.003869235 -0.2133046
v -0.000579482 0.003869235 -0.2132857
v -0.00073164 0.003840148 -0.2133831
v -0.000747768 0.003840148 -0.2133567
v -0.000904967 0.003802001 -0.2134479
v -0.000923489 0.003802001 -0.2134144
v -0.001084804 0.003754615 -0.213499
v -0.001270353 0.003697693 -0.2135344
v -0.001459181 0.003631174 -0.213555
v -0.000293765 0.003901481 -0.2130672
v -0.000207173 0.003901481 -0.2131575
v -0.000213921 0.003901481 -0.2131541
v -0.00029594 0.00388956 -0.2133108
v -0.000309233 0.00388956 -0.2133035
v -0.000399078 0.003869235 -0.2134584
v -0.000418612 0.003869235 -0.2134464
v -0.000515952 0.003840148 -0.2135987
v -0.000541536 0.003840148 -0.2135815
v -0.00064597 0.003802001 -0.2137303
v -0.000677004 0.003802001 -0.2137075
v -0.000788044 0.003754615 -0.2138519
v -0.000824377 0.003754615 -0.2138227
v -0.000941427 0.003697693 -0.213962
v -0.000982135 0.003697693 -0.2139263
v -0.001104354 0.003631174 -0.2140597
v -0.001149475 0.003631174 -0.2140166
v -0.001276254 0.00355494 -0.2141434
v -0.001324474 0.00355494 -0.2140931
v -0.00145471 0.003469049 -0.2142127
v -0.001506209 0.003469049 -0.2141541
v -0.001639127 0.003373622 -0.2142658
v -0.001692175 0.003373622 -0.2141999
v -0.001826643 0.003268778 -0.2143034
v -0.001881778 0.003268778 -0.2142285
v -0.002016782 0.003154754 -0.2143233
v -0.002071857 0.003154754 -0.2142412
v -0.002206206 0.003031909 -0.2143272
v -0.002262055 0.003031909 -0.2142356
v -0.002394735 0.00290066 -0.2143126
v -0.002448976 0.00290066 -0.2142143
v -0.002578794 0.002761483 -0.2142824
v -0.002758383 0.002614915 -0.2142338
v -0.002929925 0.002461552 -0.2141708
v -0.003245115 0.00196737 -0.2143027
v -0.003191351 0.002064049 -0.2142802
v -0.003091454 0.002137005 -0.2143903
v -0.000178939 0.003901481 -0.2131679
v -0.000186162 0.003901481 -0.2131658
v -0.00023998 0.00388956 -0.2133342
v -0.00025435 0.00388956 -0.2133293
v -0.000316153 0.003869235 -0.2134973
v -0.000337489 0.003869235 -0.2134889
v -0.000407159 0.003840148 -0.2136556
v -0.000435267 0.003840148 -0.2136431
v -0.000512533 0.003802001 -0.2138077
v -0.000547089 0.003802001 -0.2137905
v -0.000631607 0.003754615 -0.213952
v -0.000672365 0.003754615 -0.2139295
v -0.000763641 0.003697693 -0.2140868
v -0.000809995 0.003697693 -0.2140586
v -0.000907488 0.003631174 -0.2142111
v -0.000959259 0.003631174 -0.2141764
v -0.001062273 0.00355494 -0.2143232
v -0.001118481 0.00355494 -0.2142819
v -0.001226246 0.003469049 -0.2144221
v -0.001286923 0.003469049 -0.2143733
v -0.001398622 0.003373622 -0.2145063
v -0.00146234 0.003373622 -0.2144504
v -0.001577019 0.003268778 -0.2145755
v -0.001644074 0.003268778 -0.2145113
v -0.001760721 0.003154754 -0.2146279
v -0.001829266 0.003154754 -0.2145563
v -0.001946806 0.003031909 -0.2146642
v -0.002017438 0.003031909 -0.2145838
v -0.002134859 0.00290066 -0.2146825
v -0.002205371 0.00290066 -0.2145949
v -0.002321541 0.002761483 -0.2146843
v -0.002392709 0.002761483 -0.2145875
v -0.002506613 0.002614915 -0.2146674
v -0.002576053 0.002614915 -0.214564
v -0.002686619 0.002461552 -0.2146347
v -0.002755403 0.002461552 -0.214522
v -0.002861618 0.00230199 -0.2145836
v -0.002927064 0.00230199 -0.214465
v -0.003028035 0.002137005 -0.214518
v -0.003186345 0.00196737 -0.2144349
v -0.003338456 0.001782476 -0.2143418
v -0.000193277 0.003901481 -0.2131633
v -0.000200295 0.003901481 -0.2131606
v -0.000268452 0.00388956 -0.2133237
v -0.000282358 0.00388956 -0.2133176
v -0.000358446 0.003869235 -0.2134796
v -0.000378972 0.003869235 -0.2134694
v -0.000462789 0.003840148 -0.2136295
v -0.000489744 0.003840148 -0.2136147
v -0.000580934 0.003802001 -0.2137718
v -0.000613849 0.003802001 -0.2137518
v -0.00071199 0.003754615 -0.2139053
v -0.000750679 0.003754615 -0.2138794
v -0.00085524 0.003697693 -0.2140283
v -0.000898916 0.003697693 -0.2139962
v -0.001009225 0.003631174 -0.2141397
v -0.001057803 0.003631174 -0.2141006
v -0.001173138 0.00355494 -0.2142379
v -0.001225531 0.00355494 -0.2141919
v -0.001345038 0.003469049 -0.2143223
v -0.001401305 0.003469049 -0.2142685
v -0.00152409 0.003373622 -0.2143912
v -0.001582682 0.003373622 -0.2143301
v -0.001707732 0.003268778 -0.2144448
v -0.001769065 0.003268778 -0.214375
v -0.001895308 0.003154754 -0.2144812
v -0.001957416 0.003154754 -0.214404
v -0.002083837 0.003031909 -0.2145013
v -0.002147257 0.003031909 -0.214415
v -0.002272784 0.00290066 -0.2145032
v -0.002335369 0.00290066 -0.2144099
v -0.00245887 0.002761483 -0.2144889
v -0.002521514 0.002761483 -0.2143862
v -0.002641856 0.002614915 -0.2144561
v -0.002702057 0.002614915 -0.2143471
v -0.002818286 0.002461552 -0.214408
v -0.002877116 0.002461552 -0.2142896
v -0.002988278 0.00230199 -0.2143418
v -0.003022432 0.002332568 -0.2142095
v -0.003148376 0.002137005 -0.2142622
v -0.003564655 0.001188576 -0.2144365
v -0.003544032 0.001256525 -0.2144278
v -0.003479659 0.001256525 -0.2145728
v -0.003419458 0.001437544 -0.2145445
v -0.003348946 0.001437544 -0.2146863
v -0.003281474 0.001616835 -0.2146509
v -0.003207743 0.001616835 -0.2147845
v -0.003133475 0.001793682 -0.2147414
v -0.003054738 0.001793682 -0.2148704
v -0.00297439 0.00196737 -0.214819
v -0.002893567 0.00196737 -0.2149394
v -0.002807796 0.002137005 -0.214879
v -0.002723515 0.002137005 -0.2149937
v -0.002633154 0.00230199 -0.2149241
v -0.002548098 0.00230199 -0.2150298
v -0.002454042 0.002461552 -0.2149508
v -0.002367079 0.002461552 -0.2150499
v -0.0022704 0.002614915 -0.2149611
v -0.002183973 0.002614915 -0.2150513
v -0.002085566 0.002761483 -0.2149529
v -0.001998901 0.002761483 -0.2150358
v -0.001899838 0.00290066 -0.2149277
v -0.00181514 0.00290066 -0.2150021
v -0.001716494 0.003031909 -0.2148846
v -0.001633226 0.003031909 -0.2149516
v -0.001536011 0.003154754 -0.2148251
v -0.001456022 0.003154754 -0.2148839
v -0.001361191 0.003268778 -0.2147489
v -0.001284241 0.003268778 -0.2148005
v -0.001192867 0.003373622 -0.2146575
v -0.001120269 0.003373622 -0.2147017
v -0.001033127 0.003469049 -0.2145515
v -0.000965143 0.003469049 -0.214589
v -0.000883135 0.00355494 -0.2144324
v -0.000820512 0.00355494 -0.2144634
v -0.000744301 0.003631174 -0.2143011
v -0.000687427 0.003631174 -0.2143263
v -0.000617656 0.003697693 -0.2141593
v -0.000567038 0.003697693 -0.2141792
v -0.000504221 0.003754615 -0.2140085
v -0.000460289 0.003754615 -0.2140235
v -0.000404808 0.003802001 -0.21385
v -0.000367757 0.003802001 -0.2138609
v -0.000319975 0.003840148 -0.2136856
v -0.000290201 0.003840148 -0.213693
v -0.000250272 0.003869235 -0.2135168
v -0.000227773 0.003869235 -0.2135214
v -0.00019581 0.00388956 -0.2133452
v -0.000180845 0.00388956 -0.2133476
v -0.000156814 0.003901481 -0.2131724
v -0.00014932 0.003901481 -0.2131733
v -0.000119213 0.003901481 -0.2131735
v -0.000126785 0.003901481 -0.2131739
v -0.000120302 0.00388956 -0.2133506
v -0.000135415 0.00388956 -0.2133508
v -0.000136549 0.003869235 -0.2135298
v -0.000159558 0.003869235 -0.2135292
v -0.000168553 0.003840148 -0.2137097
v -0.000199108 0.003840148 -0.2137075
v -0.000215969 0.003802001 -0.2138885
v -0.000254439 0.003802001 -0.2138841
v -0.000279202 0.003754615 -0.2140645
v -0.000324984 0.003754615 -0.2140573
v -0.000357468 0.003697693 -0.2142363
v -0.000410834 0.003697693 -0.2142254
v -0.000450829 0.003631174 -0.214402
v -0.000511075 0.003631174 -0.2143869
v -0.000558209 0.00355494 -0.2145599
v -0.000625357 0.00355494 -0.2145401
v -0.000679184 0.003469049 -0.2147085
v -0.000752524 0.003469049 -0.2146833
v -0.000812489 0.003373622 -0.2148463
v -0.00089172 0.003373622 -0.2148152
v -0.000957141 0.003268778 -0.2149717
v -0.00104165 0.003268778 -0.2149342
v -0.001111745 0.003154754 -0.2150836
v -0.001200914 0.003154754 -0.2150394
v -0.001274883 0.003031909 -0.2151807
v -0.001368224 0.003031909 -0.2151292
v -0.001445233 0.00290066 -0.2152619
v -0.001541614 0.00290066 -0.2152031
v -0.00162059 0.002761483 -0.2153266
v -0.00172007 0.002761483 -0.2152599
v -0.00180006 0.002614915 -0.2153739
v -0.001900851 0.002614915 -0.2152998
v -0.001980841 0.002461552 -0.2154038
v -0.00208342 0.002461552 -0.2153214
v -0.002162396 0.00230199 -0.2154154
v -0.002264618 0.00230199 -0.2153258
v -0.002341628 0.002137005 -0.2154098
v -0.002444207 0.002137005 -0.2153117
v -0.002518296 0.00196737 -0.2153858
v -0.002618849 0.00196737 -0.2152809
v -0.002689182 0.001793682 -0.2153455
v -0.002788662 0.001793682 -0.2152321
v -0.002854406 0.001616835 -0.2152873
v -0.00295031 0.001616835 -0.2151682
v -0.00301069 0.001437544 -0.2152147
v -0.003104329 0.001437544 -0.2150874
v -0.003158748 0.001256525 -0.2151256
v -0.00324732 0.001256525 -0.2149937
v -0.003295242 0.001074552 -0.2150244
v -0.003380417 0.001074552 -0.2148847
v -0.003421425 0.0008924 -0.2149085
v -0.003500342 0.0008924 -0.2147657
v -0.003534078 0.000710635 -0.2147834
v -0.003608584 0.000710635 -0.2146334
v -0.003634929 0.000529942 -0.2146458
v -0.003697276 0.000568095 -0.214492
v -0.003720998 0.000350916 -0.2145019
v -0.000134274 0.003901481 -0.213174
v -0.000141834 0.003901481 -0.2131738
v -0.000150642 0.00388956 -0.2133504
v -0.000165719 0.00388956 -0.2133494
v -0.000182352 0.003869235 -0.2135276
v -0.000205186 0.003869235 -0.2135249
v -0.000229745 0.003840148 -0.213704
v -0.000260017 0.003840148 -0.2136991
v -0.00029247 0.003802001 -0.213878
v -0.00033037 0.003802001 -0.2138703
v -0.000370632 0.003754615 -0.214048
v -0.00041567 0.003754615 -0.2140367
v -0.000463503 0.003697693 -0.2142123
v -0.000515678 0.003697693 -0.2141969
v -0.000570765 0.003631174 -0.2143692
v -0.000629531 0.003631174 -0.214349
v -0.000691454 0.00355494 -0.2145174
v -0.000756563 0.00355494 -0.2144918
v -0.000824749 0.003469049 -0.2146549
v -0.000895705 0.003469049 -0.2146235
v -0.000969532 0.003373622 -0.2147807
v -0.001045703 0.003373622 -0.2147428
v -0.001124382 0.003268778 -0.2148932
v -0.001205444 0.003268778 -0.2148485
v -0.001288235 0.003154754 -0.2149912
v -0.001373112 0.003154754 -0.2149395
v -0.001459002 0.003031909 -0.2150739
v -0.001547694 0.003031909 -0.2150145
v -0.001635789 0.00290066 -0.21514
v -0.001726686 0.00290066 -0.2150732
v -0.001816034 0.002761483 -0.2151894
v -0.001909434 0.002761483 -0.2151144
v -0.00199896 0.002614915 -0.2152209
v -0.002092957 0.002614915 -0.2151384
v -0.002181649 0.002461552 -0.2152352
v -0.002276778 0.002461552 -0.2151442
v -0.002363622 0.00230199 -0.215231
v -0.002457559 0.00230199 -0.2151329
v -0.002541601 0.002137005 -0.21521
v -0.002635359 0.002137005 -0.2151032
v -0.002715587 0.00196737 -0.2151707
v -0.002806603 0.00196737 -0.2150576
v -0.002882242 0.001793682 -0.2151159
v -0.002971708 0.001793682 -0.2149942
v -0.003041923 0.001616835 -0.2150436
v -0.003127098 0.001616835 -0.2149167
v -0.003191232 0.001437544 -0.2149578
v -0.003273606 0.001437544 -0.2148228
v -0.003331184 0.001256525 -0.2148562
v -0.003407895 0.001256525 -0.2147172
v -0.003458321 0.001074552 -0.2147436
v -0.003574073 0.0008924 -0.2146171
v -0.003675401 0.000710635 -0.2144829
v -0.000164254 0.003901481 -0.2131713
v -0.000171629 0.003901481 -0.2131697
v -0.00021071 0.00388956 -0.2133421
v -0.000225416 0.00388956 -0.2133385
v -0.00027248 0.003869235 -0.2135112
v -0.000294483 0.003869235 -0.2135047
v -0.000349482 0.003840148 -0.2136768
v -0.000378546 0.003840148 -0.2136669
v -0.000441301 0.003802001 -0.2138375
v -0.000477234 0.003802001 -0.2138233
v -0.000547496 0.003754615 -0.2139915
v -0.000589998 0.003754615 -0.2139726
v -0.00066735 0.003697693 -0.2141373
v -0.000715991 0.003697693 -0.2141131
v -0.00079995 0.003631174 -0.2142735
v -0.00085448 0.003631174 -0.2142434
v -0.000944438 0.00355494 -0.2143985
v -0.00100404 0.00355494 -0.2143622
v -0.001099288 0.003469049 -0.2145112
v -0.001163899 0.003469049 -0.2144679
v -0.001263678 0.003373622 -0.21461
v -0.001332104 0.003373622 -0.2145597
v -0.001435518 0.003268778 -0.2146943
v -0.001507759 0.003268778 -0.2146362
v -0.001613855 0.003154754 -0.2147625
v -0.00168842 0.003154754 -0.2146971
v -0.001796245 0.003031909 -0.2148147
v -0.001873493 0.003031909 -0.2147408
v -0.001981914 0.00290066 -0.2148492
v -0.002059817 0.00290066 -0.2147679
v -0.00216782 0.002761483 -0.2148671
v -0.002247035 0.002761483 -0.2147768
v -0.002353608 0.002614915 -0.2148663
v -0.002431809 0.002614915 -0.2147691
v -0.00253582 0.002461552 -0.2148492
v -0.002614021 0.002461552 -0.2147429
v -0.002714514 0.00230199 -0.2148135
v -0.002790033 0.00230199 -0.2147009
v -0.002886056 0.002137005 -0.2147624
v -0.002960205 0.002137005 -0.2146409
v -0.003050923 0.00196737 -0.2146935
v -0.003120899 0.00196737 -0.2145667
v -0.003205418 0.001793682 -0.214611
v -0.003272712 0.001793682 -0.2144755
v -0.003350496 0.001616835 -0.2145121
v -0.003412365 0.001616835 -0.2143728
v -0.003463089 0.001489937 -0.214394
v -0.000111784 0.003901481 -0.2131727
v -0.00010507 0.00388956 -0.2133497
v -0.000113737 0.003869235 -0.2135295
v -0.000137708 0.003840148 -0.2137106
v -0.000177609 0.003802001 -0.2138912
v -0.000232876 0.003754615 -0.2140699
v -0.000303928 0.003697693 -0.2142448
v -0.000389787 0.003631174 -0.2144144
v -0.000490448 0.00355494 -0.2145768
v -0.000604703 0.003469049 -0.2147306
v -0.000732064 0.003373622 -0.2148739
v -0.000871096 0.003268778 -0.2150056
v -0.001020729 0.003154754 -0.215124
v -0.001179575 0.003031909 -0.215228
v -0.001346051 0.00290066 -0.2153165
v -0.001518726 0.002761483 -0.2153887
v -0.001695573 0.002614915 -0.2154439
v -0.00187546 0.002461552 -0.2154813
v -0.002055704 0.00230199 -0.2155012
v -0.00223571 0.002137005 -0.2155027
v -0.002412438 0.00196737 -0.2154871
v -0.002585828 0.001793682 -0.2154533
v -0.002752423 0.001616835 -0.2154035
v -0.002912759 0.001437544 -0.2153364
v -0.00306338 0.001256525 -0.2152553
v -0.003205358 0.001074552 -0.2151584
v -0.003335177 0.0008924 -0.2150499
v -0.003454387 0.000710635 -0.2149277
v -0.003559827 0.000529942 -0.2147969
v -0.003653287 0.000350916 -0.2146544
v -0.003727972 0.000253196 -0.2145048
v -0.000104272 0.003901481 -0.2131716
v -9.00478e-05 0.00388956 -0.2133482
v -9.07225e-05 0.003869235 -0.2135282
v -0.000107103 0.003840148 -0.2137101
v -0.000138856 0.003802001 -0.2138923
v -0.000186681 0.003754615 -0.2140732
v -0.000249766 0.003697693 -0.2142511
v -0.00032853 0.003631174 -0.2144241
v -0.000421776 0.00355494 -0.2145908
v -0.000529547 0.003469049 -0.2147493
v -0.000650352 0.003373622 -0.2148981
v -0.000783708 0.003268778 -0.2150356
v -0.000928052 0.003154754 -0.2151604
v -0.001082241 0.003031909 -0.2152711
v -0.001244783 0.00290066 -0.2153668
v -0.001414 0.002761483 -0.2154464
v -0.001588582 0.002614915 -0.2155091
v -0.001766264 0.002461552 -0.2155545
v -0.001946032 0.00230199 -0.2155818
v -0.002125203 0.002137005 -0.2155916
v -0.002303183 0.00196737 -0.215583
v -0.00247699 0.001793682 -0.2155575
v -0.002646505 0.001616835 -0.215514
v -0.00280857 0.001437544 -0.215455
v -0.002963721 0.001256525 -0.2153792
v -0.003108501 0.001074552 -0.21529
v -0.003244161 0.0008924 -0.2151856
v -0.003367304 0.000710635 -0.2150705
v -0.00347954 0.000529942 -0.2149423
v -0.003577828 0.000350916 -0.2148063
v -0.003664076 0.000174103 -0.2146595
v -0.003735601 0 -0.2145081
v 0.000340053 0.003869235 -0.2127614
v 0.000180192 0.00388956 -0.2128419
v 0.000172998 0.00388956 -0.2128285
v 1.87355e-05 0.003901481 -0.2129148
v 1.49557e-05 0.003901481 -0.2129084
v 2.22981e-05 0.003901481 -0.2129216
v 0.000680201 -0.003802001 -0.2126327
v 0.001012086 -0.003697693 -0.2124829
v 0.001659929 -0.003373622 -0.2121905
v 0.001964986 -0.003154754 -0.2120528
v 0.002250134 -0.00290066 -0.211924
v 0.002510607 -0.002614915 -0.2118064
v 0.002742171 -0.00230199 -0.2117019
v 0.002941668 -0.00196737 -0.2116119
v 0.003237009 -0.001256525 -0.2114785
v 0.003422737 -0.000174103 -0.2113947
v 0.002630233 0.002461552 -0.2117524
v 0.002383768 0.002761483 -0.2118637
v 0.002110362 0.003031909 -0.2119871
v 0.001814603 0.003268778 -0.2121207
v 0.001501679 0.003469049 -0.2122619
v 0.002846062 0.002137005 -0.211655
v 0.003176391 0.001437544 -0.2115059
v -0.003468215 -0.001616835 -0.2142309
v -0.003387629 -0.001793682 -0.2142012
v -0.003298103 -0.00196737 -0.2141681
v -0.003199696 -0.002137005 -0.2141318
v -0.003092765 -0.00230199 -0.2140923
v -0.00297755 -0.002461552 -0.2140498
v -0.003782093 -0.000350916 -0.2143468
v -0.00376302 -0.000529942 -0.2143397
v -0.003735721 -0.000710635 -0.2143297
v -0.003700017 -0.0008924 -0.2143164
v -0.003655493 -0.001074552 -0.2143
v -0.003602087 -0.001256525 -0.2142803
v -0.003539681 -0.001437544 -0.2142572
v -0.002723813 -0.002761483 -0.2139561
v -0.002586305 -0.00290066 -0.2139054
v -0.002442419 -0.003031909 -0.2138523
v -0.002292752 -0.003154754 -0.213797
v -0.000630324 -0.003869235 -0.2131834
v -0.000462369 -0.00388956 -0.2131214
v -0.000296499 -0.003901481 -0.2130602
v -0.001481771 -0.003631174 -0.2134977
v -0.001311957 -0.003697693 -0.213435
v -0.00114125 -0.003754615 -0.213372
v -0.000970356 -0.003802001 -0.2133089
v -0.00079985 -0.003840148 -0.213246
v -0.002138018 -0.003268778 -0.2137399
v -0.001978814 -0.003373622 -0.2136812
v -0.001815915 -0.003469049 -0.213621
v -0.001649975 -0.00355494 -0.2135598
v -0.002854406 -0.002614915 -0.2140043
v -0.000305628 -0.003901481 -0.2130237
v -0.000304445 -0.003901481 -0.2130312
v -0.000478395 -0.00388956 -0.213063
v -0.000475346 -0.00388956 -0.2130777
v -0.000649932 -0.003869235 -0.2131174
v -0.000307044 -0.003901481 -0.2130087
v -0.000306511 -0.003901481 -0.2130163
v -0.000482521 -0.00388956 -0.2130329
v -0.000480788 -0.00388956 -0.2130478
v -0.000658146 -0.003869235 -0.2130723
v -0.000654506 -0.003869235 -0.2130951
v -0.000832256 -0.003840148 -0.2131275
v -0.000826124 -0.003840148 -0.2131574
v -0.001003324 -0.003802001 -0.2131977
v -0.000302935 -0.003901481 -0.2130385
v -0.000307144 -0.003901481 -0.2129936
v -0.000307265 -0.003901481 -0.2130012
v -0.000484075 -0.00388956 -0.2130025
v -0.000483644 -0.00388956 -0.2130177
v -0.000662434 -0.003869235 -0.2130267
v -0.000660766 -0.003869235 -0.2130496
v -0.000840658 -0.003840148 -0.2130666
v -0.000837148 -0.003840148 -0.213097
v -0.001017153 -0.003802001 -0.2131218
v -0.001011013 -0.003802001 -0.2131602
v -0.001190304 -0.003754615 -0.2131928
v -0.001181006 -0.003754615 -0.2132381
v -0.001358449 -0.003697693 -0.2132784
v -0.000305964 -0.003901481 -0.2129787
v -0.000306732 -0.003901481 -0.2129862
v -0.00048299 -0.00388956 -0.2129722
v -0.000483849 -0.00388956 -0.2129873
v -0.000662754 -0.003869235 -0.2129808
v -0.000663099 -0.003869235 -0.2130038
v -0.00084378 -0.003840148 -0.2130052
v -0.000842896 -0.003840148 -0.2130358
v -0.001024425 -0.003802001 -0.213045
v -0.001021623 -0.003802001 -0.2130836
v -0.001203 -0.003754615 -0.2131007
v -0.001197695 -0.003754615 -0.2131466
v -0.00137794 -0.003697693 -0.2131715
v -0.001369237 -0.003697693 -0.2132255
v -0.001547336 -0.003631174 -0.213258
v -0.001534938 -0.003631174 -0.2133185
v -0.001709759 -0.00355494 -0.2133582
v -0.000303486 -0.003901481 -0.2129638
v -0.000304884 -0.003901481 -0.2129712
v -0.000479266 -0.00388956 -0.2129421
v -0.00048145 -0.00388956 -0.212957
v -0.000659127 -0.003869235 -0.2129352
v -0.000661445 -0.003869235 -0.212958
v -0.000841584 -0.003840148 -0.2129437
v -0.00084334 -0.003840148 -0.2129743
v -0.001024961 -0.003802001 -0.2129678
v -0.001025497 -0.003802001 -0.2130066
v -0.001207709 -0.003754615 -0.2130079
v -0.001206398 -0.003754615 -0.2130541
v -0.001388072 -0.003697693 -0.2130633
v -0.001384139 -0.003697693 -0.2131178
v -0.001564323 -0.003631174 -0.2131348
v -0.00155723 -0.003631174 -0.2131962
v -0.001734852 -0.00355494 -0.2132207
v -0.001723766 -0.00355494 -0.2132902
v -0.001897752 -0.003469049 -0.2133219
v -0.001882255 -0.003469049 -0.2133975
v -0.002051591 -0.003373622 -0.213436
v -0.000299726 -0.003901481 -0.2129492
v -0.000301766 -0.003901481 -0.2129565
v -0.00047297 -0.00388956 -0.2129123
v -0.000476445 -0.00388956 -0.2129271
v -0.000651575 -0.003869235 -0.21289
v -0.000655854 -0.003869235 -0.2129125
v -0.000834064 -0.003840148 -0.2128827
v -0.000838474 -0.003840148 -0.212913
v -0.001018822 -0.003802001 -0.2128909
v -0.001022756 -0.003802001 -0.2129294
v -0.001204371 -0.003754615 -0.212915
v -0.001207053 -0.003754615 -0.2129612
v -0.001388847 -0.003697693 -0.2129546
v -0.001389622 -0.003697693 -0.2130092
v -0.001570641 -0.003631174 -0.2130106
v -0.001568853 -0.003631174 -0.2130724
v -0.001747965 -0.00355494 -0.2130815
v -0.001742839 -0.00355494 -0.2131516
v -0.001918911 -0.003469049 -0.2131682
v -0.00191009 -0.003469049 -0.2132449
v -0.002082109 -0.003373622 -0.2132686
v -0.002068579 -0.003373622 -0.2133531
v -0.002235472 -0.003268778 -0.2133836
v -0.002217054 -0.003268778 -0.2134735
v -0.002377927 -0.003154754 -0.2135101
v -0.000294718 -0.003901481 -0.212935
v -0.000297373 -0.003901481 -0.2129421
v -0.000464144 -0.00388956 -0.2128833
v -0.000468865 -0.00388956 -0.2128977
v -0.000640123 -0.003869235 -0.2128456
v -0.00064635 -0.003869235 -0.2128677
v -0.000821329 -0.003840148 -0.2128226
v -0.000828331 -0.003840148 -0.2128525
v -0.001006126 -0.003802001 -0.2128148
v -0.001013338 -0.003802001 -0.2128527
v -0.001192986 -0.003754615 -0.2128227
v -0.001199662 -0.003754615 -0.2128686
v -0.001380264 -0.003697693 -0.2128463
v -0.001385748 -0.003697693 -0.2129006
v -0.001566171 -0.003631174 -0.2128863
v -0.001569747 -0.003631174 -0.2129482
v -0.001748919 -0.00355494 -0.2129417
v -0.001749932 -0.00355494 -0.2130119
v -0.001926779 -0.003469049 -0.2130132
v -0.001924574 -0.003469049 -0.2130904
v -0.002098023 -0.003373622 -0.2130992
v -0.002091825 -0.003373622 -0.2131845
v -0.002260744 -0.003268778 -0.2132004
v -0.002250194 -0.003268778 -0.2132917
v -0.00241363 -0.003154754 -0.2133142
v -0.002397775 -0.003154754 -0.2134132
v -0.002554714 -0.003031909 -0.2134418
v -0.002533495 -0.003031909 -0.2135455
v -0.002683043 -0.00290066 -0.2135794
v -0.000288498 -0.003901481 -0.2129213
v -0.00029176 -0.003901481 -0.2129281
v -0.000452826 -0.00388956 -0.2128552
v -0.000458788 -0.00388956 -0.2128691
v -0.000624904 -0.003869235 -0.2128024
v -0.000632997 -0.003869235 -0.2128238
v -0.000803414 -0.003840148 -0.2127638
v -0.000812992 -0.003840148 -0.2127929
v -0.000986884 -0.003802001 -0.21274
v -0.000997337 -0.003802001 -0.2127772
v -0.001173734 -0.003754615 -0.2127318
v -0.001184344 -0.003754615 -0.212777
v -0.001362323 -0.003697693 -0.2127392
v -0.001372456 -0.003697693 -0.2127927
v -0.001551032 -0.003631174 -0.2127628
v -0.001559913 -0.003631174 -0.2128242
v -0.001737892 -0.00355494 -0.2128023
v -0.001744925 -0.00355494 -0.2128721
v -0.001921236 -0.003469049 -0.2128582
v -0.001925706 -0.003469049 -0.2129353
v -0.002099215 -0.003373622 -0.2129291
v -0.002100467 -0.003373622 -0.2130145
v -0.002270162 -0.003268778 -0.2130157
v -0.002267479 -0.003268778 -0.2131077
v -0.002432227 -0.003154754 -0.2131161
v -0.002425014 -0.003154754 -0.2132159
v -0.002583861 -0.003031909 -0.2132309
v -0.002571642 -0.003031909 -0.213336
v -0.002723574 -0.00290066 -0.213357
v -0.002705574 -0.00290066 -0.2134693
v -0.002849757 -0.002761483 -0.2134957
v -0.002825975 -0.002761483 -0.2136119
v -0.002961695 -0.002614915 -0.2136428
v -0.000281125 -0.003901481 -0.2129082
v -0.000284954 -0.003901481 -0.2129147
v -0.00043911 -0.00388956 -0.212828
v -0.000446267 -0.00388956 -0.2128415
v -0.000605995 -0.003869235 -0.2127606
v -0.000615901 -0.003869235 -0.2127813
v -0.000780495 -0.003840148 -0.2127068
v -0.000792577 -0.003840148 -0.212735
v -0.000961235 -0.003802001 -0.2126672
v -0.000974835 -0.003802001 -0.2127034
v -0.001146674 -0.003754615 -0.2126428
v -0.001161158 -0.003754615 -0.212687
v -0.001335203 -0.003697693 -0.212634
v -0.001349925 -0.003697693 -0.2126864
v -0.001525223 -0.003631174 -0.2126412
v -0.001539409 -0.003631174 -0.2127016
v -0.001714825 -0.00355494 -0.2126644
v -0.001727819 -0.00355494 -0.2127333
v -0.001902282 -0.003469049 -0.2127041
v -0.001913428 -0.003469049 -0.2127807
v -0.002085745 -0.003373622 -0.2127594
v -0.002094388 -0.003373622 -0.2128444
v -0.002263486 -0.003268778 -0.212831
v -0.002268791 -0.003268778 -0.2129229
v -0.002433657 -0.003154754 -0.212917
v -0.002435088 -0.003154754 -0.213017
v -0.00259459 -0.003031909 -0.2130182
v -0.00259155 -0.003031909 -0.2131241
v -0.002744734 -0.00290066 -0.2131319
v -0.002736508 -0.00290066 -0.2132452
v -0.00288248 -0.002761483 -0.213259
v -0.002868771 -0.002761483 -0.213377
v -0.003006696 -0.002614915 -0.213396
v -0.002986729 -0.002614915 -0.2135207
v -0.003115832 -0.002461552 -0.2135442
v -0.003089725 -0.002461552 -0.2136719
v -0.003209471 -0.00230199 -0.2136991
v -0.000272653 -0.003901481 -0.2128958
v -0.000277021 -0.003901481 -0.2129018
v -0.00042311 -0.00388956 -0.2128022
v -0.000431404 -0.00388956 -0.212815
v -0.00058356 -0.003869235 -0.2127206
v -0.00059519 -0.003869235 -0.2127404
v -0.000752724 -0.003840148 -0.2126519
v -0.000767216 -0.003840148 -0.212679
v -0.000929396 -0.003802001 -0.212597
v -0.000946076 -0.003802001 -0.2126317
v -0.001111984 -0.003754615 -0.2125566
v -0.001130282 -0.003754615 -0.2125993
v -0.001299083 -0.003697693 -0.2125315
v -0.001318275 -0.003697693 -0.2125824
v -0.001488983 -0.003631174 -0.2125222
v -0.001508355 -0.003631174 -0.2125812
v -0.001679897 -0.00355494 -0.212529
v -0.001698851 -0.00355494 -0.2125964
v -0.001870095 -0.003469049 -0.2125523
v -0.001887798 -0.003469049 -0.2126277
v -0.002057671 -0.003373622 -0.2125917
v -0.002073585 -0.003373622 -0.2126755
v -0.002240896 -0.003268778 -0.2126474
v -0.002254188 -0.003268778 -0.2127387
v -0.002417922 -0.003154754 -0.2127186
v -0.002427935 -0.003154754 -0.2128179
v -0.00258696 -0.003031909 -0.2128053
v -0.0025931 -0.003031909 -0.2129113
v -0.002746403 -0.00290066 -0.2129057
v -0.002748012 -0.00290066 -0.2130193
v -0.00289458 -0.002761483 -0.2130204
v -0.002891123 -0.002761483 -0.2131392
v -0.003030121 -0.002614915 -0.2131463
v -0.003021061 -0.002614915 -0.213272
v -0.003151714 -0.002461552 -0.2132844
v -0.003136694 -0.002461552 -0.2134139
v -0.003258407 -0.00230199 -0.2134307
v -0.003236651 -0.00230199 -0.2135663
v -0.003348827 -0.002137005 -0.2135867
v -0.003320634 -0.002137005 -0.2137243
v -0.003422915 -0.00196737 -0.2137476
v -0.000263121 -0.003901481 -0.2128841
v -0.000268 -0.003901481 -0.2128898
v -0.00040494 -0.00388956 -0.2127779
v -0.000414314 -0.00388956 -0.21279
v -0.000557756 -0.003869235 -0.2126828
v -0.000571036 -0.003869235 -0.2127014
v -0.000720318 -0.003840148 -0.2125996
v -0.00073711 -0.003840148 -0.2126255
v -0.000891601 -0.003802001 -0.2125297
v -0.000911207 -0.003802001 -0.2125629
v -0.001070022 -0.003754615 -0.2124736
v -0.001091897 -0.003754615 -0.2125146
v -0.00125426 -0.003697693 -0.2124325
v -0.001277744 -0.003697693 -0.2124815
v -0.001442611 -0.003631174 -0.2124068
v -0.001467049 -0.003631174 -0.212464
v -0.001633405 -0.00355494 -0.2123972
v -0.001658141 -0.00355494 -0.2124626
v -0.001824915 -0.003469049 -0.2124038
v -0.001849114 -0.003469049 -0.2124775
v -0.002015233 -0.003373622 -0.2124269
v -0.00203824 -0.003373622 -0.2125089
v -0.00220257 -0.003268778 -0.2124666
v -0.00222367 -0.003268778 -0.2125564
v -0.002385079 -0.003154754 -0.2125222
v -0.002403676 -0.003154754 -0.2126203
v -0.002560973 -0.003031909 -0.212594
v -0.002576231 -0.003031909 -0.2126991
v -0.002728462 -0.00290066 -0.2126803
v -0.002739906 -0.00290066 -0.2127932
v -0.002885997 -0.002761483 -0.2127816
v -0.002892851 -0.002761483 -0.2129005
v -0.003031969 -0.002614915 -0.2128955
v -0.003033757 -0.002614915 -0.2130214
v -0.003165006 -0.002461552 -0.2130224
v -0.003161251 -0.002461552 -0.2131529
v -0.003283917 -0.00230199 -0.2131591
v -0.003274023 -0.00230199 -0.2132959
v -0.00338751 -0.002137005 -0.2133066
v -0.003371298 -0.002137005 -0.2134463
v -0.003475189 -0.00196737 -0.2134606
v -0.003451943 -0.00196737 -0.2136055
v -0.00354588 -0.001793682 -0.2136227
v -0.003515958 -0.001793682 -0.2137687
v -0.003599703 -0.001616835 -0.2137877
v -0.000252638 -0.003901481 -0.2128733
v -0.000257977 -0.003901481 -0.2128785
v -0.000384727 -0.00388956 -0.2127553
v -0.000395114 -0.00388956 -0.2127664
v -0.000528758 -0.003869235 -0.2126473
v -0.000543581 -0.003869235 -0.2126647
v -0.00068352 -0.003840148 -0.2125504
v -0.000702514 -0.003840148 -0.2125747
v -0.000848136 -0.003802001 -0.2124659
v -0.000870503 -0.003802001 -0.2124972
v -0.001021027 -0.003754615 -0.2123946
v -0.001046419 -0.003754615 -0.2124336
v -0.001201033 -0.003697693 -0.2123378
v -0.00122863 -0.003697693 -0.2123845
v -0.001386463 -0.003631174 -0.2122958
v -0.001415789 -0.003631174 -0.2123508
v -0.001575767 -0.00355494 -0.2122698
v -0.001605927 -0.00355494 -0.2123328
v -0.001767039 -0.003469049 -0.2122598
v -0.001797556 -0.003469049 -0.2123312
v -0.001958668 -0.003373622 -0.2122665
v -0.001988708 -0.003373622 -0.2123461
v -0.002148747 -0.003268778 -0.2122898
v -0.002177536 -0.003268778 -0.2123775
v -0.002335369 -0.003154754 -0.2123295
v -0.00236231 -0.003154754 -0.2124255
v -0.002516806 -0.003031909 -0.2123856
v -0.002541124 -0.003031909 -0.2124891
v -0.002691149 -0.00290066 -0.2124573
v -0.002712249 -0.00290066 -0.2125687
v -0.00285685 -0.002761483 -0.2125445
v -0.002873957 -0.002761483 -0.2126624
v -0.00301212 -0.002614915 -0.2126454
v -0.003024756 -0.002614915 -0.2127706
v -0.003155589 -0.002461552 -0.2127602
v -0.003163099 -0.002461552 -0.2128907
v -0.003285884 -0.00230199 -0.2128863
v -0.003287851 -0.00230199 -0.2130233
v -0.003401815 -0.002137005 -0.2130241
v -0.003397762 -0.002137005 -0.2131648
v -0.003502488 -0.00196737 -0.2131701
v -0.003491878 -0.00196737 -0.2133164
v -0.003586947 -0.001793682 -0.2133253
v -0.003569722 -0.001793682 -0.2134736
v -0.003654837 -0.001616835 -0.2134853
v -0.00363034 -0.001616835 -0.2136381
v -0.003705322 -0.001437544 -0.2136518
v -0.00367403 -0.001437544 -0.2138047
v -0.00373888 -0.001256525 -0.2138194
v -0.000241244 -0.003901481 -0.2128635
v -0.000247014 -0.003901481 -0.2128682
v -0.00036265 -0.00388956 -0.2127345
v -0.000373959 -0.00388956 -0.2127447
v -0.000496813 -0.003869235 -0.2126144
v -0.000513069 -0.003869235 -0.2126305
v -0.000642601 -0.003840148 -0.2125045
v -0.000663651 -0.003840148 -0.2125271
v -0.000799328 -0.003802001 -0.2124061
v -0.000824313 -0.003802001 -0.2124354
v -0.000965398 -0.003754615 -0.2123201
v -0.000994109 -0.003754615 -0.2123569
v -0.001139879 -0.003697693 -0.212248
v -0.00117135 -0.003697693 -0.2122921
v -0.001320898 -0.003631174 -0.2121902
v -0.001354873 -0.003631174 -0.2122424
v -0.001507282 -0.00355494 -0.2121479
v -0.001542806 -0.00355494 -0.212208
v -0.001697003 -0.003469049 -0.2121214
v -0.001733541 -0.003469049 -0.2121899
v -0.001888453 -0.003373622 -0.2121115
v -0.00192523 -0.003373622 -0.2121882
v -0.002079784 -0.003268778 -0.2121182
v -0.002116143 -0.003268778 -0.2122032
v -0.002269208 -0.003154754 -0.2121417
v -0.002304375 -0.003154754 -0.2122349
v -0.002454817 -0.003031909 -0.2121819
v -0.002487957 -0.003031909 -0.212283
v -0.002634704 -0.00290066 -0.2122383
v -0.00266534 -0.00290066 -0.2123473
v -0.002807259 -0.002761483 -0.2123108
v -0.002834558 -0.002761483 -0.2124269
v -0.002970695 -0.002614915 -0.212398
v -0.00299412 -0.002614915 -0.2125216
v -0.003123581 -0.002461552 -0.2124999
v -0.003142356 -0.002461552 -0.2126293
v -0.003264248 -0.00230199 -0.2126143
v -0.003278076 -0.00230199 -0.2127505
v -0.003391683 -0.002137005 -0.2127415
v -0.003399789 -0.002137005 -0.2128822
v -0.003504574 -0.00196737 -0.2128784
v -0.00350666 -0.00196737 -0.2130249
v -0.003602147 -0.001793682 -0.2130256
v -0.003597795 -0.001793682 -0.2131749
v -0.003683567 -0.001616835 -0.2131792
v -0.00367242 -0.001616835 -0.2133334
v -0.003748297 -0.001437544 -0.2133406
v -0.003730297 -0.001437544 -0.2134957
v -0.003796219 -0.001256525 -0.2135048
v -0.003770768 -0.001256525 -0.2136637
v -0.003826737 -0.001074552 -0.213674
v -0.003794431 -0.001074552 -0.213832
v -0.003840625 -0.0008924 -0.2138425
v -0.000229049 -0.003901481 -0.2128546
v -0.000235209 -0.003901481 -0.2128589
v -0.000338849 -0.00388956 -0.2127156
v -0.000351011 -0.00388956 -0.2127248
v -0.000462149 -0.003869235 -0.2125844
v -0.000479719 -0.003869235 -0.212599
v -0.000597889 -0.003840148 -0.2124623
v -0.000620806 -0.003840148 -0.212483
v -0.000745523 -0.003802001 -0.2123508
v -0.000772917 -0.003802001 -0.2123777
v -0.000903536 -0.003754615 -0.2122507
v -0.000935329 -0.003754615 -0.2122849
v -0.001071155 -0.003697693 -0.2121638
v -0.001106321 -0.003697693 -0.212205
v -0.001246452 -0.003631174 -0.2120905
v -0.001284837 -0.003631174 -0.2121397
v -0.001428544 -0.00355494 -0.2120323
v -0.001469075 -0.00355494 -0.2120891
v -0.001615166 -0.003469049 -0.2119895
v -0.001657605 -0.003469049 -0.2120547
v -0.001805186 -0.003373622 -0.2119632
v -0.001848399 -0.003373622 -0.2120363
v -0.001996338 -0.003268778 -0.2119532
v -0.002039909 -0.003268778 -0.2120349
v -0.002187073 -0.003154754 -0.2119604
v -0.002230107 -0.003154754 -0.2120501
v -0.002375423 -0.003031909 -0.2119843
v -0.002417266 -0.003031909 -0.2120822
v -0.002559542 -0.00290066 -0.2120251
v -0.002599477 -0.00290066 -0.2121309
v -0.0027377 -0.002761483 -0.2120822
v -0.002774953 -0.002761483 -0.2121956
v -0.00290811 -0.002614915 -0.2121551
v -0.002942085 -0.002614915 -0.2122761
v -0.003069162 -0.002461552 -0.2122433
v -0.003099083 -0.002461552 -0.2123708
v -0.003219246 -0.00230199 -0.2123453
v -0.003244698 -0.00230199 -0.2124797
v -0.003357172 -0.002137005 -0.2124608
v -0.003377437 -0.002137005 -0.2126004
v -0.003481507 -0.00196737 -0.2125876
v -0.003496229 -0.00196737 -0.2127332
v -0.003591358 -0.001793682 -0.2127256
v -0.003600001 -0.001793682 -0.212875
v -0.003685772 -0.001616835 -0.2128719
v -0.003687977 -0.001616835 -0.2130262
v -0.003764212 -0.001437544 -0.2130268
v -0.003759682 -0.001437544 -0.2131831
v -0.003826141 -0.001256525 -0.2131865
v -0.003814578 -0.001256525 -0.2133468
v -0.003871202 -0.001074552 -0.2133522
v -0.003852605 -0.001074552 -0.2135126
v -0.003899574 -0.0008924 -0.2135191
v -0.003873407 -0.0008924 -0.2136825
v -0.003910899 -0.000710635 -0.2136893
v -0.003877818 -0.000710635 -0.213851
v -0.00390619 -0.000529942 -0.2138574
v -0.000216134 -0.003901481 -0.2128469
v -0.000222632 -0.003901481 -0.2128506
v -0.000313494 -0.00388956 -0.2126989
v -0.000326428 -0.00388956 -0.212707
v -0.000425028 -0.003869235 -0.2125576
v -0.000443761 -0.003869235 -0.2125706
v -0.000549671 -0.003840148 -0.2124242
v -0.000574328 -0.003840148 -0.2124428
v -0.000687169 -0.003802001 -0.2123003
v -0.000716751 -0.003802001 -0.2123248
v -0.000835898 -0.003754615 -0.2121869
v -0.000870564 -0.003754615 -0.2122183
v -0.000995426 -0.003697693 -0.2120859
v -0.001033961 -0.003697693 -0.2121239
v -0.001163721 -0.003631174 -0.2119977
v -0.001206219 -0.003631174 -0.2120434
v -0.001340091 -0.00355494 -0.2119241
v -0.001385331 -0.00355494 -0.2119771
v -0.001522302 -0.003469049 -0.2118652
v -0.001570224 -0.003469049 -0.2119265
v -0.001709342 -0.003373622 -0.2118226
v -0.001758694 -0.003373622 -0.2118917
v -0.001898884 -0.003268778 -0.2117961
v -0.001949369 -0.003268778 -0.2118738
v -0.002089619 -0.003154754 -0.2117868
v -0.002140164 -0.003154754 -0.2118724
v -0.002279222 -0.003031909 -0.2117943
v -0.002329409 -0.003031909 -0.2118883
v -0.002466261 -0.00290066 -0.2118191
v -0.002515137 -0.00290066 -0.211921
v -0.002648651 -0.002761483 -0.2118605
v -0.00269556 -0.002761483 -0.2119704
v -0.002824723 -0.002614915 -0.2119185
v -0.002869009 -0.002614915 -0.212036
v -0.002992808 -0.002461552 -0.2119923
v -0.003033638 -0.002461552 -0.2121168
v -0.003151118 -0.00230199 -0.2120811
v -0.003188133 -0.00230199 -0.2122126
v -0.003298521 -0.002137005 -0.2121842
v -0.003330767 -0.002137005 -0.2123216
v -0.003433346 -0.00196737 -0.2122998
v -0.003460586 -0.00196737 -0.2124435
v -0.003554761 -0.001793682 -0.2124278
v -0.003576219 -0.001793682 -0.2125759
v -0.003661453 -0.001616835 -0.2125654
v -0.00367695 -0.001616835 -0.2127189
v -0.003752946 -0.001437544 -0.2127129
v -0.003761947 -0.001437544 -0.2128691
v -0.003828465 -0.001256525 -0.2128667
v -0.00383073 -0.001256525 -0.2130273
v -0.003887653 -0.001074552 -0.2130277
v -0.003883004 -0.001074552 -0.2131894
v -0.00393033 -0.0008924 -0.2131918
v -0.003918409 -0.0008924 -0.2133566
v -0.003956377 -0.000710635 -0.2133602
v -0.003937363 -0.000710635 -0.2135243
v -0.003966152 -0.000529942 -0.2135282
v -0.003939568 -0.000529942 -0.2136945
v -0.003959536 -0.000350916 -0.2136982
v -0.003926038 -0.000350916 -0.213862
v -0.003937602 -0.000174103 -0.2138646
v -0.000202609 -0.003901481 -0.2128403
v -0.000209387 -0.003901481 -0.2128434
v -0.000286799 -0.00388956 -0.2126845
v -0.000300393 -0.00388956 -0.2126914
v -0.00038572 -0.003869235 -0.212534
v -0.000405494 -0.003869235 -0.2125453
v -0.000498352 -0.003840148 -0.2123903
v -0.000524555 -0.003840148 -0.2124068
v -0.000624655 -0.003802001 -0.2122551
v -0.000656195 -0.003802001 -0.2122769
v -0.000762992 -0.003754615 -0.2121292
v -0.000800264 -0.003754615 -0.2121575
v -0.00091323 -0.003697693 -0.2120149
v -0.000954874 -0.003697693 -0.2120493
v -0.001073241 -0.003631174 -0.2119123
v -0.001119613 -0.003631174 -0.2119542
v -0.001242637 -0.00355494 -0.2118238
v -0.001292228 -0.00355494 -0.2118726
v -0.001419067 -0.003469049 -0.2117494
v -0.001472115 -0.003469049 -0.2118064
v -0.001601755 -0.003373622 -0.2116909
v -0.00165683 -0.003373622 -0.2117553
v -0.001788198 -0.003268778 -0.211648
v -0.0018453 -0.003268778 -0.2117211
v -0.001977443 -0.003154754 -0.2116223
v -0.0020352 -0.003154754 -0.2117032
v -0.002166986 -0.003031909 -0.2116133
v -0.00222516 -0.003031909 -0.2117028
v -0.002355515 -0.00290066 -0.2116219
v -0.002412974 -0.00290066 -0.2117192
v -0.002540767 -0.002761483 -0.2116473
v -0.002597033 -0.002761483 -0.2117529
v -0.00272125 -0.002614915 -0.21169
v -0.00277543 -0.002614915 -0.2118031
v -0.002894997 -0.002461552 -0.211749
v -0.002946496 -0.002461552 -0.2118696
v -0.00306046 -0.00230199 -0.2118238
v -0.00310862 -0.00230199 -0.2119516
v -0.003216147 -0.002137005 -0.2119137
v -0.003260195 -0.002137005 -0.2120479
v -0.003360509 -0.00196737 -0.2120174
v -0.003400027 -0.00196737 -0.212158
v -0.003492474 -0.001793682 -0.2121342
v -0.003526747 -0.001793682 -0.21228
v -0.00361073 -0.001616835 -0.2122622
v -0.0036394 -0.001616835 -0.2124136
v -0.003714621 -0.001437544 -0.2124011
v -0.003737092 -0.001437544 -0.2125561
v -0.003803133 -0.001256525 -0.212548
v -0.003819286 -0.001256525 -0.2127076
v -0.00387603 -0.001074552 -0.2127031
v -0.003885328 -0.001074552 -0.2128646
v -0.003932714 -0.0008924 -0.212863
v -0.003935098 -0.0008924 -0.2130281
v -0.003973245 -0.000710635 -0.2130284
v -0.003968417 -0.000710635 -0.2131937
v -0.003997445 -0.000529942 -0.2131952
v -0.003985345 -0.000529942 -0.2133629
v -0.004005551 -0.000350916 -0.2133648
v -0.003986299 -0.000350916 -0.213531
v -0.0039981 -0.000174103 -0.2135326
v -0.003971278 -0.000174103 -0.2137003
v -0.003975093 0 -0.213701
v -0.003941416 0 -0.2138654
v -0.00114125 0.003754615 -0.213372
v -0.000970356 0.003802001 -0.2133089
v -0.00079985 0.003840148 -0.213246
v -0.000630324 0.003869235 -0.2131834
v -0.000462369 0.00388956 -0.2131214
v -0.000296499 0.003901481 -0.2130602
v -0.001311957 0.003697693 -0.213435
v -0.001481771 0.003631174 -0.2134977
v -0.001649975 0.00355494 -0.2135598
v -0.001815915 0.003469049 -0.213621
v -0.001978814 0.003373622 -0.2136812
v -0.002138018 0.003268778 -0.2137399
v -0.002723813 0.002761483 -0.2139561
v -0.002854406 0.002614915 -0.2140043
v -0.00297755 0.002461552 -0.2140498
v -0.003092765 0.00230199 -0.2140923
v -0.003199696 0.002137005 -0.2141318
v -0.003298103 0.00196737 -0.2141681
v -0.003387629 0.001793682 -0.2142012
v -0.003468215 0.001616835 -0.2142309
v -0.003539681 0.001437544 -0.2142572
v -0.003602087 0.001256525 -0.2142803
v -0.000298971 -0.003901481 -0.2130531
v -0.000467363 -0.00388956 -0.213107
v -0.000637847 -0.003869235 -0.2131616
v -0.000809935 -0.003840148 -0.2132167
v -0.000983038 -0.003802001 -0.2132722
v -0.001156508 -0.003754615 -0.2133277
v -0.001329779 -0.003697693 -0.2133832
v -0.001502156 -0.003631174 -0.2134385
v -0.001672923 -0.00355494 -0.2134931
v -0.001841366 -0.003469049 -0.2135471
v -0.002006769 -0.003373622 -0.2136
v -0.002168357 -0.003268778 -0.2136518
v -0.002325475 -0.003154754 -0.2137022
v -0.002477407 -0.003031909 -0.2137508
v -0.002623438 -0.00290066 -0.2137976
v -0.002763032 -0.002761483 -0.2138423
v -0.002895593 -0.002614915 -0.2138847
v -0.003020584 -0.002461552 -0.2139248
v -0.003137588 -0.00230199 -0.2139622
v -0.003246128 -0.002137005 -0.213997
v -0.003345966 -0.00196737 -0.214029
v -0.003436923 -0.001793682 -0.2140581
v -0.0035187 -0.001616835 -0.2140843
v -0.003591239 -0.001437544 -0.2141076
v -0.003654599 -0.001256525 -0.2141278
v -0.003708839 -0.001074552 -0.2141452
v -0.00375396 -0.0008924 -0.2141597
v -0.003790318 -0.000710635 -0.2141713
v -0.003817975 -0.000529942 -0.2141802
v -0.003837347 -0.000350916 -0.2141864
v -0.003793299 -0.000174103 -0.2143509
v -0.003848731 -0.000174103 -0.21419
v -0.003796935 0 -0.2143522
v -0.003852427 0 -0.2141912
v -0.003793299 0.000174103 -0.2143509
v -0.003848731 0.000174103 -0.21419
v -0.003782093 0.000350916 -0.2143468
v -0.003837347 0.000350916 -0.2141864
v -0.00376302 0.000529942 -0.2143397
v -0.003817975 0.000529942 -0.2141802
v -0.003735721 0.000710635 -0.2143297
v -0.003790318 0.000710635 -0.2141713
v -0.003700017 0.0008924 -0.2143164
v -0.00375396 0.0008924 -0.2141597
v -0.003655493 0.001074552 -0.2143
v -0.003708839 0.001074552 -0.2141452
v -0.003654599 0.001256525 -0.2141278
v -0.003591239 0.001437544 -0.2141076
v -0.0035187 0.001616835 -0.2140843
v -0.003436923 0.001793682 -0.2140581
v -0.003345966 0.00196737 -0.214029
v -0.003246128 0.002137005 -0.213997
v -0.003137588 0.00230199 -0.2139622
v -0.003020584 0.002461552 -0.2139248
v -0.002895593 0.002614915 -0.2138847
v -0.002763032 0.002761483 -0.2138423
v -0.002586305 0.00290066 -0.2139054
v -0.002623438 0.00290066 -0.2137976
v -0.002442419 0.003031909 -0.2138523
v -0.002477407 0.003031909 -0.2137508
v -0.002292752 0.003154754 -0.213797
v -0.002325475 0.003154754 -0.2137022
v -0.002168357 0.003268778 -0.2136518
v -0.002006769 0.003373622 -0.2136
v -0.001841366 0.003469049 -0.2135471
v -0.001672923 0.00355494 -0.2134931
v -0.001502156 0.003631174 -0.2134385
v -0.001329779 0.003697693 -0.2133832
v -0.001156508 0.003754615 -0.2133277
v -0.000983038 0.003802001 -0.2132722
v -0.000809935 0.003840148 -0.2132167
v -0.000637847 0.003869235 -0.2131616
v -0.000467363 0.00388956 -0.213107
v -0.000298971 0.003901481 -0.2130531
v -0.000302935 0.003901481 -0.2130385
v -0.000301095 0.003901481 -0.2130458
v -0.000475346 0.00388956 -0.2130777
v -0.000471639 0.00388956 -0.2130925
v -0.000649932 0.003869235 -0.2131174
v -0.00064433 0.003869235 -0.2131398
v -0.000826124 0.003840148 -0.2131574
v -0.000818622 0.003840148 -0.2131875
v -0.001003324 0.003802001 -0.2131977
v -0.000993942 0.003802001 -0.2132354
v -0.001181006 0.003754615 -0.2132381
v -0.001169621 0.003754615 -0.2132835
v -0.001358449 0.003697693 -0.2132784
v -0.001345157 0.003697693 -0.2133315
v -0.001534938 0.003631174 -0.2133185
v -0.001519739 0.003631174 -0.2133793
v -0.001709759 0.00355494 -0.2133582
v -0.001692652 0.00355494 -0.2134266
v -0.001882255 0.003469049 -0.2133975
v -0.0018633 0.003469049 -0.2134733
v -0.002051591 0.003373622 -0.213436
v -0.002030789 0.003373622 -0.213519
v -0.002217054 0.003268778 -0.2134735
v -0.002194464 0.003268778 -0.2135639
v -0.002377927 0.003154754 -0.2135101
v -0.002353549 0.003154754 -0.2136074
v -0.002533495 0.003031909 -0.2135455
v -0.002507448 0.003031909 -0.2136495
v -0.002683043 0.00290066 -0.2135794
v -0.002655386 0.00290066 -0.2136899
v -0.002825975 0.002761483 -0.2136119
v -0.002796769 0.002761483 -0.2137286
v -0.002961695 0.002614915 -0.2136428
v -0.002931058 0.002614915 -0.2137653
v -0.003089725 0.002461552 -0.2136719
v -0.003057599 0.002461552 -0.2138
v -0.003209471 0.00230199 -0.2136991
v -0.003176093 0.00230199 -0.2138324
v -0.003320634 0.002137005 -0.2137243
v -0.003286063 0.002137005 -0.2138625
v -0.003422915 0.00196737 -0.2137476
v -0.003387212 0.00196737 -0.2138901
v -0.003515958 0.001793682 -0.2137687
v -0.003479301 0.001793682 -0.2139154
v -0.003599703 0.001616835 -0.2137877
v -0.003562092 0.001616835 -0.213938
v -0.00367403 0.001437544 -0.2138047
v -0.003635644 0.001437544 -0.2139581
v -0.00373888 0.001256525 -0.2138194
v -0.003699779 0.001256525 -0.2139757
v -0.003794431 0.001074552 -0.213832
v -0.003754675 0.001074552 -0.2139907
v -0.003840625 0.0008924 -0.2138425
v -0.003800451 0.0008924 -0.2140032
v -0.003877818 0.000710635 -0.213851
v -0.003837227 0.000710635 -0.2140133
v -0.00390619 0.000529942 -0.2138574
v -0.003865242 0.000529942 -0.2140209
v -0.003926038 0.000350916 -0.213862
v -0.003884851 0.000350916 -0.2140263
v -0.003937602 0.000174103 -0.2138646
v -0.003896355 0.000174103 -0.2140294
v -0.00390011 0 -0.2140305
v -0.003896355 -0.000174103 -0.2140294
v -0.003884851 -0.000350916 -0.2140263
v -0.003865242 -0.000529942 -0.2140209
v -0.003837227 -0.000710635 -0.2140133
v -0.003800451 -0.0008924 -0.2140032
v -0.003754675 -0.001074552 -0.2139907
v -0.003699779 -0.001256525 -0.2139757
v -0.003635644 -0.001437544 -0.2139581
v -0.003562092 -0.001616835 -0.213938
v -0.003479301 -0.001793682 -0.2139154
v -0.003387212 -0.00196737 -0.2138901
v -0.003286063 -0.002137005 -0.2138625
v -0.003176093 -0.00230199 -0.2138324
v -0.003057599 -0.002461552 -0.2138
v -0.002931058 -0.002614915 -0.2137653
v -0.002796769 -0.002761483 -0.2137286
v -0.002655386 -0.00290066 -0.2136899
v -0.002507448 -0.003031909 -0.2136495
v -0.002353549 -0.003154754 -0.2136074
v -0.002194464 -0.003268778 -0.2135639
v -0.002030789 -0.003373622 -0.213519
v -0.0018633 -0.003469049 -0.2134733
v -0.001692652 -0.00355494 -0.2134266
v -0.001519739 -0.003631174 -0.2133793
v -0.001345157 -0.003697693 -0.2133315
v -0.001169621 -0.003754615 -0.2132835
v -0.000993942 -0.003802001 -0.2132354
v -0.000818622 -0.003840148 -0.2131875
v -0.00064433 -0.003869235 -0.2131398
v -0.000471639 -0.00388956 -0.2130925
v -0.000301095 -0.003901481 -0.2130458
v -0.003959536 0.000350916 -0.2136982
v -0.003971278 0.000174103 -0.2137003
v -0.0039981 0.000174103 -0.2135326
v -0.004001915 0 -0.2135332
v -0.004021286 0 -0.2133663
v -0.004017412 -0.000174103 -0.2133659
v -0.004029691 -0.000174103 -0.2131968
v -0.00401777 -0.000350916 -0.2131962
v -0.004022598 -0.000350916 -0.2130287
v -0.004002273 -0.000529942 -0.2130286
v -0.003999888 -0.000529942 -0.2128605
v -0.003970801 -0.000710635 -0.2128616
v -0.003961265 -0.000710635 -0.2126963
v -0.003923296 -0.0008924 -0.2126994
v -0.003906667 -0.0008924 -0.2125352
v -0.003859639 -0.001074552 -0.212541
v -0.003836333 -0.001074552 -0.2123807
v -0.003780245 -0.001256525 -0.2123901
v -0.003750324 -0.001256525 -0.2122326
v -0.003685235 -0.001437544 -0.2122464
v -0.003649413 -0.001437544 -0.2120937
v -0.003575623 -0.001616835 -0.2121128
v -0.003533959 -0.001616835 -0.2119646
v -0.003451824 -0.001793682 -0.2119895
v -0.003405094 -0.001793682 -0.2118471
v -0.003315031 -0.00196737 -0.2118788
v -0.003263533 -0.00196737 -0.2117422
v -0.003166258 -0.002137005 -0.2117813
v -0.003110706 -0.002137005 -0.2116512
v -0.003006875 -0.00230199 -0.2116983
v -0.002947926 -0.00230199 -0.2115753
v -0.002838313 -0.002461552 -0.2116308
v -0.002776503 -0.002461552 -0.2115149
v -0.002662062 -0.002614915 -0.2115792
v -0.002598404 -0.002614915 -0.2114713
v -0.002480089 -0.002761483 -0.2115447
v -0.002414822 -0.002761483 -0.2114443
v -0.002293705 -0.00290066 -0.2115269
v -0.00222814 -0.00290066 -0.2114351
v -0.002105295 -0.003031909 -0.2115269
v -0.002039551 -0.003031909 -0.2114427
v -0.001915991 -0.003154754 -0.2115436
v -0.001851558 -0.003154754 -0.2114682
v -0.001728415 -0.003268778 -0.2115779
v -0.001665174 -0.003268778 -0.21151
v -0.001543521 -0.003373622 -0.2116283
v -0.001483142 -0.003373622 -0.2115688
v -0.001363992 -0.003469049 -0.2116951
v -0.001306116 -0.003469049 -0.2116429
v -0.001190483 -0.00355494 -0.2117767
v -0.001136839 -0.00355494 -0.2117323
v -0.001025557 -0.003631174 -0.2118729
v -0.000975714 -0.003631174 -0.2118352
v -0.00086963 -0.003697693 -0.2119818
v -0.000825205 -0.003697693 -0.2119511
v -0.000724999 -0.003754615 -0.212103
v -0.000685364 -0.003754615 -0.212078
v -0.000591751 -0.003802001 -0.2122344
v -0.000558468 -0.003802001 -0.2122154
v -0.000471835 -0.003840148 -0.2123752
v -0.000444277 -0.003840148 -0.212361
v -0.000365165 -0.003869235 -0.2125235
v -0.000344524 -0.003869235 -0.2125139
v -0.00027313 -0.00388956 -0.2126781
v -0.000259184 -0.00388956 -0.2126724
v -0.000195698 -0.003901481 -0.2128375
v -0.00018855 -0.003901481 -0.2128348
v -0.003910899 0.000710635 -0.2136893
v -0.003939568 0.000529942 -0.2136945
v -0.003966152 0.000529942 -0.2135282
v -0.003986299 0.000350916 -0.213531
v -0.004005551 0.000350916 -0.2133648
v -0.004017412 0.000174103 -0.2133659
v -0.004029691 0.000174103 -0.2131968
v -0.004033565 0 -0.2131969
v -0.004038393 0 -0.2130289
v -0.004034519 -0.000174103 -0.2130288
v -0.004032075 -0.000174103 -0.2128594
v -0.004020214 -0.000350916 -0.2128598
v -0.004010558 -0.000350916 -0.2126924
v -0.003990292 -0.000529942 -0.2126941
v -0.003973364 -0.000529942 -0.212527
v -0.003944516 -0.000710635 -0.2125306
v -0.003920733 -0.000710635 -0.2123666
v -0.003883123 -0.0008924 -0.2123729
v -0.003852427 -0.0008924 -0.212211
v -0.003806054 -0.001074552 -0.2122208
v -0.00376898 -0.001074552 -0.212063
v -0.003713846 -0.001256525 -0.2120772
v -0.003670513 -0.001256525 -0.211923
v -0.003606915 -0.001437544 -0.2119423
v -0.00355792 -0.001437544 -0.2117933
v -0.003486037 -0.001616835 -0.2118185
v -0.003431797 -0.001616835 -0.2116746
v -0.003352105 -0.001793682 -0.2117066
v -0.003293156 -0.001793682 -0.2115686
v -0.003206253 -0.00196737 -0.2116079
v -0.003143191 -0.00196737 -0.2114765
v -0.003049671 -0.002137005 -0.2115238
v -0.002982974 -0.002137005 -0.2113989
v -0.002883613 -0.00230199 -0.2114548
v -0.002814352 -0.00230199 -0.2113375
v -0.002709925 -0.002461552 -0.2114022
v -0.00263828 -0.002461552 -0.211292
v -0.002529859 -0.002614915 -0.2113659
v -0.002457141 -0.002614915 -0.2112641
v -0.002345621 -0.002761483 -0.2113474
v -0.002271831 -0.002761483 -0.2112529
v -0.002158343 -0.00290066 -0.2113457
v -0.002085149 -0.00290066 -0.2112599
v -0.001970648 -0.003031909 -0.211362
v -0.001897811 -0.003031909 -0.2112838
v -0.00178343 -0.003154754 -0.211395
v -0.001712799 -0.003154754 -0.2113254
v -0.001599609 -0.003268778 -0.2114454
v -0.001530647 -0.003268778 -0.2113832
v -0.001419663 -0.003373622 -0.2115115
v -0.001354455 -0.003373622 -0.2114576
v -0.00124669 -0.003469049 -0.2115937
v -0.001184403 -0.003469049 -0.2115466
v -0.001080811 -0.00355494 -0.2116899
v -0.00102359 -0.00355494 -0.2116504
v -0.000924885 -0.003631174 -0.2118
v -0.000871879 -0.003631174 -0.2117667
v -0.000778888 -0.003697693 -0.211922
v -0.000732014 -0.003697693 -0.2118952
v -0.000645295 -0.003754615 -0.2120552
v -0.000603611 -0.003754615 -0.2120338
v -0.000523868 -0.003802001 -0.2121976
v -0.000489097 -0.003802001 -0.2121816
v -0.000416591 -0.003840148 -0.2123483
v -0.000388379 -0.003840148 -0.2123367
v -0.000323471 -0.003869235 -0.2125054
v -0.000301766 -0.003869235 -0.2124975
v -0.000244804 -0.00388956 -0.2126672
v -0.000230414 -0.00388956 -0.2126628
v -0.000181421 -0.003901481 -0.2128326
v -0.000174086 -0.003901481 -0.2128307
v -0.003826737 0.001074552 -0.213674
v -0.003873407 0.0008924 -0.2136825
v -0.003899574 0.0008924 -0.2135191
v -0.003937363 0.000710635 -0.2135243
v -0.003956377 0.000710635 -0.2133602
v -0.003985345 0.000529942 -0.2133629
v -0.003997445 0.000529942 -0.2131952
v -0.00401777 0.000350916 -0.2131962
v -0.004022598 0.000350916 -0.2130287
v -0.004034519 0.000174103 -0.2130288
v -0.004032075 0.000174103 -0.2128594
v -0.004035949 0 -0.2128592
v -0.004026293 0 -0.2126912
v -0.004022419 -0.000174103 -0.2126915
v -0.004005372 -0.000174103 -0.2125231
v -0.00399357 -0.000350916 -0.2125245
v -0.00396943 -0.000350916 -0.2123585
v -0.003949403 -0.000529942 -0.2123618
v -0.00391817 -0.000529942 -0.212197
v -0.003889739 -0.000710635 -0.212203
v -0.00385183 -0.000710635 -0.2120416
v -0.003814876 -0.0008924 -0.2120511
v -0.003770351 -0.0008924 -0.2118926
v -0.003724992 -0.001074552 -0.2119064
v -0.003674387 -0.001074552 -0.2117522
v -0.003620684 -0.001256525 -0.2117711
v -0.003564298 -0.001256525 -0.2116214
v -0.003502547 -0.001437544 -0.2116462
v -0.003440797 -0.001437544 -0.2115017
v -0.003371417 -0.001616835 -0.2115332
v -0.003305017 -0.001616835 -0.2113946
v -0.003228366 -0.001793682 -0.2114334
v -0.003157675 -0.001793682 -0.2113008
v -0.003074407 -0.00196737 -0.2113476
v -0.003000319 -0.00196737 -0.2112221
v -0.00291121 -0.002137005 -0.2112774
v -0.002833962 -0.002137005 -0.2111586
v -0.002739787 -0.00230199 -0.2112228
v -0.002660691 -0.00230199 -0.211112
v -0.002562284 -0.002461552 -0.2111855
v -0.002481281 -0.002461552 -0.2110819
v -0.002379655 -0.002614915 -0.2111649
v -0.002298474 -0.002614915 -0.2110698
v -0.002194583 -0.002761483 -0.2111624
v -0.002112805 -0.002761483 -0.2110746
v -0.002007782 -0.00290066 -0.2111768
v -0.001927495 -0.00290066 -0.2110978
v -0.001822292 -0.003031909 -0.2112094
v -0.001742839 -0.003031909 -0.2111377
v -0.001638531 -0.003154754 -0.2112584
v -0.001562237 -0.003154754 -0.2111952
v -0.001459836 -0.003268778 -0.2113245
v -0.001385688 -0.003268778 -0.2112684
v -0.001286208 -0.003373622 -0.2114059
v -0.00121665 -0.003373622 -0.2113578
v -0.001120984 -0.003469049 -0.2115027
v -0.001054883 -0.003469049 -0.2114611
v -0.00096402 -0.00355494 -0.2116129
v -0.000903719 -0.00355494 -0.2115785
v -0.000818281 -0.003631174 -0.2117362
v -0.000762511 -0.003631174 -0.2117075
v -0.000683277 -0.003697693 -0.2118702
v -0.000634334 -0.003697693 -0.2118477
v -0.000561764 -0.003754615 -0.2120145
v -0.000519081 -0.003754615 -0.211997
v -0.000453654 -0.003802001 -0.2121671
v -0.000417063 -0.003802001 -0.2121539
v -0.000359237 -0.003840148 -0.2123262
v -0.000330114 -0.003840148 -0.2123171
v -0.000280031 -0.003869235 -0.2124907
v -0.000257715 -0.003869235 -0.2124848
v -0.000215641 -0.00388956 -0.2126588
v -0.000200911 -0.00388956 -0.2126556
v -0.000166785 -0.003901481 -0.2128291
v -0.000159305 -0.003901481 -0.2128278
v -0.003705322 0.001437544 -0.2136518
v -0.003770768 0.001256525 -0.2136637
v -0.003796219 0.001256525 -0.2135048
v -0.003852605 0.001074552 -0.2135126
v -0.003871202 0.001074552 -0.2133522
v -0.003918409 0.0008924 -0.2133566
v -0.00393033 0.0008924 -0.2131918
v -0.003968417 0.000710635 -0.2131937
v -0.003973245 0.000710635 -0.2130284
v -0.004002273 0.000529942 -0.2130286
v -0.003999888 0.000529942 -0.2128605
v -0.004020214 0.000350916 -0.2128598
v -0.004010558 0.000350916 -0.2126924
v -0.004022419 0.000174103 -0.2126915
v -0.004005372 0.000174103 -0.2125231
v -0.004009246 0 -0.2125226
v -0.003985047 0 -0.2123559
v -0.003981232 -0.000174103 -0.2123565
v -0.003949701 -0.000174103 -0.2121903
v -0.003938078 -0.000350916 -0.2121928
v -0.003899633 -0.000350916 -0.2120293
v -0.003879964 -0.000529942 -0.2120344
v -0.003834664 -0.000529942 -0.211873
v -0.003806829 -0.000710635 -0.2118815
v -0.003755092 -0.000710635 -0.2117238
v -0.003719091 -0.0008924 -0.2117365
v -0.003661096 -0.0008924 -0.2115825
v -0.003617107 -0.001074552 -0.2116001
v -0.003553271 -0.001074552 -0.2114508
v -0.003501415 -0.001256525 -0.2114742
v -0.003432333 -0.001256525 -0.2113301
v -0.003372967 -0.001437544 -0.2113602
v -0.003298938 -0.001437544 -0.2112214
v -0.003232538 -0.001616835 -0.2112588
v -0.003154456 -0.001616835 -0.2111266
v -0.00308144 -0.001793682 -0.2111718
v -0.002999484 -0.001793682 -0.2110458
v -0.002920567 -0.00196737 -0.2110995
v -0.002835988 -0.00196737 -0.210981
v -0.002752006 -0.002137005 -0.2110438
v -0.002664685 -0.002137005 -0.210932
v -0.00257641 -0.00230199 -0.2110041
v -0.002488136 -0.00230199 -0.2109007
v -0.002396404 -0.002461552 -0.2109825
v -0.002306699 -0.002461552 -0.2108861
v -0.002212643 -0.002614915 -0.2109776
v -0.002123653 -0.002614915 -0.2108899
v -0.002028107 -0.002761483 -0.2109912
v -0.001938998 -0.002761483 -0.2109107
v -0.001843154 -0.00290066 -0.2110216
v -0.001756489 -0.00290066 -0.2109499
v -0.001661241 -0.003031909 -0.2110701
v -0.001575887 -0.003031909 -0.2110055
v -0.001482367 -0.003154754 -0.2111347
v -0.001400947 -0.003154754 -0.2110785
v -0.00131011 -0.003268778 -0.2112162
v -0.001231312 -0.003268778 -0.2111666
v -0.001144111 -0.003373622 -0.2113122
v -0.001070737 -0.003373622 -0.2112703
v -0.000988003 -0.003469049 -0.211423
v -0.000918464 -0.003469049 -0.2113872
v -0.000841019 -0.00355494 -0.2115463
v -0.000778039 -0.00355494 -0.2115172
v -0.000706534 -0.003631174 -0.2116817
v -0.000649429 -0.003631174 -0.2116583
v -0.00058443 -0.003697693 -0.2118272
v -0.000532912 -0.003697693 -0.2118086
v -0.000475031 -0.003754615 -0.2119812
v -0.00043099 -0.003754615 -0.2119674
v -0.000380492 -0.003802001 -0.2121425
v -0.000342914 -0.003802001 -0.2121325
v -0.000300183 -0.003840148 -0.2123092
v -0.000270378 -0.003840148 -0.2123027
v -0.000235484 -0.003869235 -0.21248
v -0.000212754 -0.003869235 -0.212476
v -0.000185868 -0.00388956 -0.212653
v -0.000170902 -0.00388956 -0.212651
v -0.00015189 -0.003901481 -0.2128269
v -0.00014435 -0.003901481 -0.2128262
v -0.00354588 0.001793682 -0.2136227
v -0.00363034 0.001616835 -0.2136381
v -0.003654837 0.001616835 -0.2134853
v -0.003730297 0.001437544 -0.2134957
v -0.003748297 0.001437544 -0.2133406
v -0.003814578 0.001256525 -0.2133468
v -0.003826141 0.001256525 -0.2131865
v -0.003883004 0.001074552 -0.2131894
v -0.003887653 0.001074552 -0.2130277
v -0.003935098 0.0008924 -0.2130281
v -0.003932714 0.0008924 -0.212863
v -0.003970801 0.000710635 -0.2128616
v -0.003961265 0.000710635 -0.2126963
v -0.003990292 0.000529942 -0.2126941
v -0.003973364 0.000529942 -0.212527
v -0.00399357 0.000350916 -0.2125245
v -0.00396943 0.000350916 -0.2123585
v -0.003981232 0.000174103 -0.2123565
v -0.003949701 0.000174103 -0.2121903
v -0.003953516 0 -0.2121895
v -0.003914952 0 -0.2120254
v -0.003911197 -0.000174103 -0.2120263
v -0.00386548 -0.000174103 -0.2118636
v -0.003854095 -0.000350916 -0.2118671
v -0.003801643 -0.000350916 -0.2117074
v -0.00378251 -0.000529942 -0.2117141
v -0.003723442 -0.000529942 -0.2115575
v -0.003696441 -0.000710635 -0.2115682
v -0.003631234 -0.000710635 -0.2114155
v -0.003596484 -0.0008924 -0.2114312
v -0.003525435 -0.0008924 -0.211283
v -0.003483116 -0.001074552 -0.2113044
v -0.003406584 -0.001074552 -0.211161
v -0.003356933 -0.001256525 -0.2111889
v -0.003275752 -0.001256525 -0.2110514
v -0.003219187 -0.001437544 -0.2110864
v -0.003133416 -0.001437544 -0.2109545
v -0.003070414 -0.001616835 -0.2109974
v -0.002981305 -0.001616835 -0.2108725
v -0.002912521 -0.001793682 -0.2109239
v -0.002819836 -0.001793682 -0.2108053
v -0.002745926 -0.00196737 -0.2108657
v -0.002651512 -0.00196737 -0.2107551
v -0.002573251 -0.002137005 -0.2108249
v -0.002476513 -0.002137005 -0.210721
v -0.002394735 -0.00230199 -0.2108004
v -0.002297997 -0.00230199 -0.2107051
v -0.002213656 -0.002461552 -0.2107945
v -0.002115845 -0.002461552 -0.2107061
v -0.002030014 -0.002614915 -0.2108054
v -0.001933872 -0.002614915 -0.2107259
v -0.001847505 -0.002761483 -0.210835
v -0.001751661 -0.002761483 -0.2107625
v -0.001665771 -0.00290066 -0.2108812
v -0.001573324 -0.00290066 -0.2108173
v -0.001488804 -0.003031909 -0.2109454
v -0.001398086 -0.003031909 -0.2108882
v -0.00131607 -0.003154754 -0.2110251
v -0.001230239 -0.003154754 -0.2109761
v -0.001151621 -0.003268778 -0.2111212
v -0.001068711 -0.003268778 -0.2110785
v -0.000994479 -0.003373622 -0.2112311
v -0.000917841 -0.003373622 -0.2111958
v -0.000848573 -0.003469049 -0.211355
v -0.000777346 -0.003469049 -0.2113259
v -0.000713827 -0.00355494 -0.2114909
v -0.000647535 -0.00355494 -0.2114671
v -0.000590494 -0.003631174 -0.2116371
v -0.000531586 -0.003631174 -0.2116187
v -0.000481412 -0.003697693 -0.2117926
v -0.000428499 -0.003697693 -0.2117786
v -0.000385735 -0.003754615 -0.2119554
v -0.000340628 -0.003754615 -0.2119455
v -0.000305454 -0.003802001 -0.2121243
v -0.000267181 -0.003802001 -0.2121176
v -0.000239888 -0.003840148 -0.2122973
v -0.000209577 -0.003840148 -0.2122934
v -0.000190142 -0.003869235 -0.212473
v -0.000167196 -0.003869235 -0.2124711
v -0.000155695 -0.00388956 -0.2126498
v -0.000140608 -0.00388956 -0.2126491
v -0.000136853 -0.003901481 -0.2128258
v -0.000129295 -0.003901481 -0.2128259
v -0.003348827 0.002137005 -0.2135867
v -0.003451943 0.00196737 -0.2136055
v -0.003475189 0.00196737 -0.2134606
v -0.003569722 0.001793682 -0.2134736
v -0.003586947 0.001793682 -0.2133253
v -0.00367242 0.001616835 -0.2133334
v -0.003683567 0.001616835 -0.2131792
v -0.003759682 0.001437544 -0.2131831
v -0.003764212 0.001437544 -0.2130268
v -0.00383073 0.001256525 -0.2130273
v -0.003828465 0.001256525 -0.2128667
v -0.003885328 0.001074552 -0.2128646
v -0.00387603 0.001074552 -0.2127031
v -0.003923296 0.0008924 -0.2126994
v -0.003906667 0.0008924 -0.2125352
v -0.003944516 0.000710635 -0.2125306
v -0.003920733 0.000710635 -0.2123666
v -0.003949403 0.000529942 -0.2123618
v -0.00391817 0.000529942 -0.212197
v -0.003938078 0.000350916 -0.2121928
v -0.003899633 0.000350916 -0.2120293
v -0.003911197 0.000174103 -0.2120263
v -0.00386548 0.000174103 -0.2118636
v -0.003869175 0 -0.2118625
v -0.003816545 0 -0.2117021
v -0.003812909 -0.000174103 -0.2117034
v -0.003753364 -0.000174103 -0.2115454
v -0.003742337 -0.000350916 -0.2115498
v -0.003676235 -0.000350916 -0.2113951
v -0.003657698 -0.000529942 -0.2114035
v -0.003585398 -0.000529942 -0.2112526
v -0.00355947 -0.000710635 -0.2112658
v -0.003481209 -0.000710635 -0.2111191
v -0.003447949 -0.0008924 -0.2111377
v -0.003364443 -0.0008924 -0.2109963
v -0.003324151 -0.001074552 -0.2110213
v -0.003235399 -0.001074552 -0.2108849
v -0.003188371 -0.001256525 -0.2109169
v -0.003095686 -0.001256525 -0.2107871
v -0.00304234 -0.001437544 -0.2108269
v -0.002945363 -0.001437544 -0.2107028
v -0.002886354 -0.001616835 -0.210751
v -0.002786874 -0.001616835 -0.2106344
v -0.00272274 -0.001793682 -0.2106916
v -0.0026201 -0.001793682 -0.2105813
v -0.002551674 -0.00196737 -0.2106479
v -0.002448141 -0.00196737 -0.2105459
v -0.002376198 -0.002137005 -0.2106222
v -0.002270758 -0.002137005 -0.210527
v -0.002196192 -0.00230199 -0.2106132
v -0.002091646 -0.00230199 -0.2105267
v -0.002015352 -0.002461552 -0.210623
v -0.00191015 -0.002461552 -0.2105433
v -0.00183326 -0.002614915 -0.2106497
v -0.00173068 -0.002614915 -0.2105788
v -0.001654028 -0.002761483 -0.210695
v -0.001552224 -0.002761483 -0.2106309
v -0.001476883 -0.00290066 -0.2107567
v -0.00137937 -0.00290066 -0.2107011
v -0.001306235 -0.003031909 -0.2108359
v -0.001210808 -0.003031909 -0.2107868
v -0.001140952 -0.003154754 -0.2109302
v -0.001051306 -0.003154754 -0.2108889
v -0.000985516 -0.003268778 -0.2110402
v -0.000900653 -0.003268778 -0.2110055
v -0.000839714 -0.003373622 -0.2111638
v -0.000759043 -0.003373622 -0.2111347
v -0.000703814 -0.003469049 -0.2112994
v -0.000630309 -0.003469049 -0.2112765
v -0.000581283 -0.00355494 -0.2114464
v -0.000513192 -0.00355494 -0.2114284
v -0.000471038 -0.003631174 -0.2116026
v -0.000410721 -0.003631174 -0.2115894
v -0.000375756 -0.003697693 -0.211767
v -0.000321887 -0.003697693 -0.2117576
v -0.000294541 -0.003754615 -0.2119375
v -0.00024872 -0.003754615 -0.2119315
v -0.00022912 -0.003802001 -0.2121127
v -0.000190475 -0.003802001 -0.2121094
v -0.000178788 -0.003840148 -0.2122908
v -0.000148232 -0.003840148 -0.2122895
v -0.000144391 -0.003869235 -0.2124701
v -0.000121368 -0.003869235 -0.2124701
v -0.000125365 -0.00388956 -0.2126491
v -0.00011024 -0.00388956 -0.2126498
v -0.000121792 -0.003901481 -0.2128262
v -0.000114268 -0.003901481 -0.2128269
v -0.003115832 0.002461552 -0.2135442
v -0.003236651 0.00230199 -0.2135663
v -0.003258407 0.00230199 -0.2134307
v -0.003371298 0.002137005 -0.2134463
v -0.00338751 0.002137005 -0.2133066
v -0.003491878 0.00196737 -0.2133164
v -0.003502488 0.00196737 -0.2131701
v -0.003597795 0.001793682 -0.2131749
v -0.003602147 0.001793682 -0.2130256
v -0.003687977 0.001616835 -0.2130262
v -0.003685772 0.001616835 -0.2128719
v -0.003761947 0.001437544 -0.2128691
v -0.003752946 0.001437544 -0.2127129
v -0.003819286 0.001256525 -0.2127076
v -0.003803133 0.001256525 -0.212548
v -0.003859639 0.001074552 -0.212541
v -0.003836333 0.001074552 -0.2123807
v -0.003883123 0.0008924 -0.2123729
v -0.003852427 0.0008924 -0.212211
v -0.003889739 0.000710635 -0.212203
v -0.00385183 0.000710635 -0.2120416
v -0.003879964 0.000529942 -0.2120344
v -0.003834664 0.000529942 -0.211873
v -0.003854095 0.000350916 -0.2118671
v -0.003801643 0.000350916 -0.2117074
v -0.003812909 0.000174103 -0.2117034
v -0.003753364 0.000174103 -0.2115454
v -0.00375694 0 -0.211544
v -0.0036906 0 -0.2113886
v -0.003687083 -0.000174103 -0.2113901
v -0.003614187 -0.000174103 -0.2112381
v -0.003603518 -0.000350916 -0.2112435
v -0.003524243 -0.000350916 -0.2110949
v -0.003506541 -0.000529942 -0.2111048
v -0.003421545 -0.000529942 -0.2109609
v -0.003396809 -0.000710635 -0.2109763
v -0.00330609 -0.000710635 -0.2108367
v -0.003274559 -0.0008924 -0.2108582
v -0.003179252 -0.0008924 -0.2107247
v -0.003141283 -0.001074552 -0.210753
v -0.003040969 -0.001074552 -0.2106247
v -0.002996861 -0.001256525 -0.2106607
v -0.002893388 -0.001256525 -0.2105395
v -0.002843737 -0.001437544 -0.2105837
v -0.00273627 -0.001437544 -0.2104683
v -0.002681612 -0.001616835 -0.2105215
v -0.002572596 -0.001616835 -0.210414
v -0.002513647 -0.001793682 -0.2104765
v -0.002401709 -0.001793682 -0.2103754
v -0.002339303 -0.00196737 -0.2104476
v -0.002227485 -0.00196737 -0.2103551
v -0.002162396 -0.002137005 -0.2104373
v -0.002048969 -0.002137005 -0.2103515
v -0.001982152 -0.00230199 -0.2104438
v -0.001870632 -0.00230199 -0.2103667
v -0.00180298 -0.002461552 -0.2104693
v -0.001691162 -0.002461552 -0.2103989
v -0.001623749 -0.002614915 -0.2105115
v -0.001515567 -0.002614915 -0.2104498
v -0.001449227 -0.002761483 -0.2105722
v -0.001342117 -0.002761483 -0.2105171
v -0.001277923 -0.00290066 -0.2106489
v -0.001176059 -0.00290066 -0.210602
v -0.001114904 -0.003031909 -0.2107427
v -0.001017153 -0.003031909 -0.2107026
v -0.00095989 -0.003154754 -0.2108515
v -0.00086551 -0.003154754 -0.2108175
v -0.00081303 -0.003268778 -0.2109739
v -0.000725466 -0.003268778 -0.2109466
v -0.000678431 -0.003373622 -0.2111096
v -0.000595568 -0.003373622 -0.2110877
v -0.000554749 -0.003469049 -0.2112565
v -0.000479471 -0.003469049 -0.2112399
v -0.000445323 -0.00355494 -0.2114135
v -0.000375984 -0.00355494 -0.2114014
v -0.000349061 -0.003631174 -0.2115787
v -0.000287748 -0.003631174 -0.2115707
v -0.000268273 -0.003697693 -0.2117506
v -0.000213835 -0.003697693 -0.211746
v -0.000202167 -0.003754615 -0.2119275
v -0.000155946 -0.003754615 -0.2119256
v -0.000152067 -0.003802001 -0.2121077
v -0.000113324 -0.003802001 -0.2121078
v -0.000117356 -0.003840148 -0.2122895
v -8.6757e-05 -0.003840148 -0.2122908
v -9.85585e-05 -0.003869235 -0.2124711
v -7.56368e-05 -0.003869235 -0.2124731
v -9.50752e-05 -0.00388956 -0.2126511
v -8.00709e-05 -0.00388956 -0.2126531
v -0.000106819 -0.003901481 -0.2128278
v -9.93916e-05 -0.003901481 -0.2128291
v -0.002849757 0.002761483 -0.2134957
v -0.002986729 0.002614915 -0.2135207
v -0.003006696 0.002614915 -0.213396
v -0.003136694 0.002461552 -0.2134139
v -0.003151714 0.002461552 -0.2132844
v -0.003274023 0.00230199 -0.2132959
v -0.003283917 0.00230199 -0.2131591
v -0.003397762 0.002137005 -0.2131648
v -0.003401815 0.002137005 -0.2130241
v -0.00350666 0.00196737 -0.2130249
v -0.003504574 0.00196737 -0.2128784
v -0.003600001 0.001793682 -0.212875
v -0.003591358 0.001793682 -0.2127256
v -0.00367695 0.001616835 -0.2127189
v -0.003661453 0.001616835 -0.2125654
v -0.003737092 0.001437544 -0.2125561
v -0.003714621 0.001437544 -0.2124011
v -0.003780245 0.001256525 -0.2123901
v -0.003750324 0.001256525 -0.2122326
v -0.003806054 0.001074552 -0.2122208
v -0.00376898 0.001074552 -0.212063
v -0.003814876 0.0008924 -0.2120511
v -0.003770351 0.0008924 -0.2118926
v -0.003806829 0.000710635 -0.2118815
v -0.003755092 0.000710635 -0.2117238
v -0.00378251 0.000529942 -0.2117141
v -0.003723442 0.000529942 -0.2115575
v -0.003742337 0.000350916 -0.2115498
v -0.003676235 0.000350916 -0.2113951
v -0.003687083 0.000174103 -0.2113901
v -0.003614187 0.000174103 -0.2112381
v -0.003617644 0 -0.2112363
v -0.003538012 0 -0.2110871
v -0.003534615 -0.000174103 -0.211089
v -0.003448963 -0.000174103 -0.2109439
v -0.00343883 -0.000350916 -0.2109502
v -0.00334692 -0.000350916 -0.2108089
v -0.003330111 -0.000529942 -0.2108203
v -0.003233134 -0.000529942 -0.2106845
v -0.003209829 -0.000710635 -0.2107019
v -0.003107249 -0.000710635 -0.2105706
v -0.003077685 -0.0008924 -0.2105947
v -0.002971291 -0.0008924 -0.21047
v -0.002935886 -0.001074552 -0.2105016
v -0.002824783 -0.001074552 -0.2103822
v -0.002784013 -0.001256525 -0.2104219
v -0.002670526 -0.001256525 -0.2103102
v -0.002624869 -0.001437544 -0.2103586
v -0.002507746 -0.001437544 -0.2102528
v -0.002457916 -0.001616835 -0.2103105
v -0.002340018 -0.001616835 -0.210213
v -0.002286732 -0.001793682 -0.2102802
v -0.00216639 -0.001793682 -0.2101892
v -0.002110421 -0.00196737 -0.2102665
v -0.001991152 -0.00196737 -0.210184
v -0.001933395 -0.002137005 -0.2102715
v -0.001812875 -0.002137005 -0.2101958
v -0.001754283 -0.00230199 -0.2102935
v -0.001636624 -0.00230199 -0.2102265
v -0.001578092 -0.002461552 -0.2103344
v -0.001460552 -0.002461552 -0.210274
v -0.001403093 -0.002614915 -0.210392
v -0.001290082 -0.002614915 -0.2103399
v -0.001234531 -0.002761483 -0.2104675
v -0.001124858 -0.002761483 -0.2104226
v -0.001072227 -0.00290066 -0.2105594
v -0.000965058 -0.00290066 -0.2105209
v -0.000916263 -0.003031909 -0.2106662
v -0.000815397 -0.003031909 -0.2106348
v -0.000771172 -0.003154754 -0.2107881
v -0.00067422 -0.003154754 -0.2107624
v -0.000635445 -0.003268778 -0.2109227
v -0.000545749 -0.003268778 -0.2109031
v -0.000513008 -0.003373622 -0.2110696
v -0.000428637 -0.003373622 -0.2110549
v -0.00040255 -0.003469049 -0.2112265
v -0.000326041 -0.003469049 -0.2112166
v -0.000307026 -0.00355494 -0.2113925
v -0.000236984 -0.00355494 -0.2113864
v -0.000225476 -0.003631174 -0.2115653
v -0.00016364 -0.003631174 -0.2115627
v -0.000159802 -0.003697693 -0.2117437
v -0.000105204 -0.003697693 -0.2117437
v -0.000109266 -0.003754615 -0.2119256
v -6.30016e-05 -0.003754615 -0.2119277
v -7.48931e-05 -0.003802001 -0.2121095
v -3.63075e-05 -0.003802001 -0.2121128
v -5.60342e-05 -0.003840148 -0.2122935
v -2.56445e-05 -0.003840148 -0.2122974
v -5.29818e-05 -0.003869235 -0.2124761
v -3.03523e-05 -0.003869235 -0.2124801
v -6.50816e-05 -0.00388956 -0.2126557
v -5.02841e-05 -0.00388956 -0.212659
v -9.20529e-05 -0.003901481 -0.2128307
v -8.4747e-05 -0.003901481 -0.2128327
v -0.002554714 0.003031909 -0.2134418
v -0.002705574 0.00290066 -0.2134693
v -0.002723574 0.00290066 -0.213357
v -0.002868771 0.002761483 -0.213377
v -0.00288248 0.002761483 -0.213259
v -0.003021061 0.002614915 -0.213272
v -0.003030121 0.002614915 -0.2131463
v -0.003161251 0.002461552 -0.2131529
v -0.003165006 0.002461552 -0.2130224
v -0.003287851 0.00230199 -0.2130233
v -0.003285884 0.00230199 -0.2128863
v -0.003399789 0.002137005 -0.2128822
v -0.003391683 0.002137005 -0.2127415
v -0.003496229 0.00196737 -0.2127332
v -0.003481507 0.00196737 -0.2125876
v -0.003576219 0.001793682 -0.2125759
v -0.003554761 0.001793682 -0.2124278
v -0.0036394 0.001616835 -0.2124136
v -0.00361073 0.001616835 -0.2122622
v -0.003685235 0.001437544 -0.2122464
v -0.003649413 0.001437544 -0.2120937
v -0.003713846 0.001256525 -0.2120772
v -0.003670513 0.001256525 -0.211923
v -0.003724992 0.001074552 -0.2119064
v -0.003674387 0.001074552 -0.2117522
v -0.003719091 0.0008924 -0.2117365
v -0.003661096 0.0008924 -0.2115825
v -0.003696441 0.000710635 -0.2115682
v -0.003631234 0.000710635 -0.2114155
v -0.003657698 0.000529942 -0.2114035
v -0.003585398 0.000529942 -0.2112526
v -0.003603518 0.000350916 -0.2112435
v -0.003524243 0.000350916 -0.2110949
v -0.003534615 0.000174103 -0.211089
v -0.003448963 0.000174103 -0.2109439
v -0.003452241 0 -0.2109419
v -0.003359973 0 -0.2108
v -0.003356754 -0.000174103 -0.2108022
v -0.003258943 -0.000174103 -0.2106652
v -0.003249347 -0.000350916 -0.2106723
v -0.003145515 -0.000350916 -0.2105394
v -0.00312972 -0.000529942 -0.2105522
v -0.003021478 -0.000529942 -0.2104253
v -0.002999782 -0.000710635 -0.2104446
v -0.002886116 -0.000710635 -0.2103226
v -0.002858757 -0.0008924 -0.2103492
v -0.002742111 -0.0008924 -0.2102343
v -0.002709567 -0.001074552 -0.2102688
v -0.00258845 -0.001074552 -0.2101594
v -0.002551257 -0.001256525 -0.2102025
v -0.00242865 -0.001256525 -0.210101
v -0.002387344 -0.001437544 -0.2101532
v -0.0022614 -0.001437544 -0.2100578
v -0.002216696 -0.001616835 -0.2101196
v -0.00209099 -0.001616835 -0.2100327
v -0.002043724 -0.001793682 -0.2101044
v -0.001915812 -0.001793682 -0.2100239
v -0.001866757 -0.00196737 -0.2101058
v -0.001740932 -0.00196737 -0.210034
v -0.001690983 -0.002137005 -0.2101262
v -0.001564204 -0.002137005 -0.2100611
v -0.001514315 -0.00230199 -0.2101635
v -0.00139141 -0.00230199 -0.2101069
v -0.001342415 -0.002461552 -0.2102196
v -0.001222014 -0.002461552 -0.2101702
v -0.001174867 -0.002614915 -0.2102927
v -0.001055955 -0.002614915 -0.2102499
v -0.001011669 -0.002761483 -0.2103819
v -0.000898536 -0.002761483 -0.2103466
v -0.000857914 -0.00290066 -0.2104874
v -0.000747759 -0.00290066 -0.2104582
v -0.000711714 -0.003031909 -0.2106073
v -0.000608403 -0.003031909 -0.2105847
v -0.000577607 -0.003154754 -0.2107412
v -0.000478895 -0.003154754 -0.210724
v -0.00045411 -0.003268778 -0.2108871
v -0.000362969 -0.003268778 -0.2108753
v -0.000344724 -0.003373622 -0.211044
v -0.000259487 -0.003373622 -0.2110366
v -0.000248332 -0.003469049 -0.2112099
v -0.000171188 -0.003469049 -0.2112066
v -0.000167431 -0.00355494 -0.2113834
v -9.72087e-05 -0.00355494 -0.2113835
v -0.000101179 -0.003631174 -0.2115627
v -3.93025e-05 -0.003631174 -0.2115654
v -5.11084e-05 -0.003697693 -0.211746
v 3.20564e-06 -0.003697693 -0.2117508
v -1.65418e-05 -0.003754615 -0.2119317
v 2.94154e-05 -0.003754615 -0.2119377
v 1.86172e-06 -0.003802001 -0.2121178
v 3.99733e-05 -0.003802001 -0.2121245
v 4.70072e-06 -0.003840148 -0.2123028
v 3.46683e-05 -0.003840148 -0.2123094
v -8.01183e-06 -0.003869235 -0.212485
v 1.41856e-05 -0.003869235 -0.2124909
v -3.55857e-05 -0.00388956 -0.2126628
v -2.11237e-05 -0.00388956 -0.2126674
v -7.75804e-05 -0.003901481 -0.2128349
v -7.04999e-05 -0.003901481 -0.2128375
v -0.002235472 0.003268778 -0.2133836
v -0.002397775 0.003154754 -0.2134132
v -0.00241363 0.003154754 -0.2133142
v -0.002571642 0.003031909 -0.213336
v -0.002583861 0.003031909 -0.2132309
v -0.002736508 0.00290066 -0.2132452
v -0.002744734 0.00290066 -0.2131319
v -0.002891123 0.002761483 -0.2131392
v -0.00289458 0.002761483 -0.2130204
v -0.003033757 0.002614915 -0.2130214
v -0.003031969 0.002614915 -0.2128955
v -0.003163099 0.002461552 -0.2128907
v -0.003155589 0.002461552 -0.2127602
v -0.003278076 0.00230199 -0.2127505
v -0.003264248 0.00230199 -0.2126143
v -0.003377437 0.002137005 -0.2126004
v -0.003357172 0.002137005 -0.2124608
v -0.003460586 0.00196737 -0.2124435
v -0.003433346 0.00196737 -0.2122998
v -0.003526747 0.001793682 -0.21228
v -0.003492474 0.001793682 -0.2121342
v -0.003575623 0.001616835 -0.2121128
v -0.003533959 0.001616835 -0.2119646
v -0.003606915 0.001437544 -0.2119423
v -0.00355792 0.001437544 -0.2117933
v -0.003620684 0.001256525 -0.2117711
v -0.003564298 0.001256525 -0.2116214
v -0.003617107 0.001074552 -0.2116001
v -0.003553271 0.001074552 -0.2114508
v -0.003596484 0.0008924 -0.2114312
v -0.003525435 0.0008924 -0.211283
v -0.00355947 0.000710635 -0.2112658
v -0.003481209 0.000710635 -0.2111191
v -0.003506541 0.000529942 -0.2111048
v -0.003421545 0.000529942 -0.2109609
v -0.00343883 0.000350916 -0.2109502
v -0.00334692 0.000350916 -0.2108089
v -0.003356754 0.000174103 -0.2108022
v -0.003258943 0.000174103 -0.2106652
v -0.003262042 0 -0.2106629
v -0.003157734 0 -0.2105293
v -0.003154695 -0.000174103 -0.2105318
v -0.003045499 -0.000174103 -0.2104039
v -0.003036618 -0.000350916 -0.2104118
v -0.002921521 -0.000350916 -0.2102881
v -0.002906978 -0.000529942 -0.2103023
v -0.002788245 -0.000529942 -0.2101854
v -0.002768278 -0.000710635 -0.2102065
v -0.002644419 -0.000710635 -0.2100947
v -0.002619445 -0.0008924 -0.2101235
v -0.002493441 -0.0008924 -0.2100192
v -0.002463996 -0.001074552 -0.2100564
v -0.00233376 -0.001074552 -0.2099578
v -0.002300381 -0.001256525 -0.2100039
v -0.002169609 -0.001256525 -0.2099136
v -0.002133011 -0.001437544 -0.2099691
v -0.00199908 -0.001437544 -0.2098849
v -0.001959919 -0.001616835 -0.2099502
v -0.001827359 -0.001616835 -0.2098746
v -0.00178641 -0.001793682 -0.2099502
v -0.001651883 -0.001793682 -0.209881
v -0.0016101 -0.00196737 -0.2099668
v -0.001478672 -0.00196737 -0.2099062
v -0.001436889 -0.002137005 -0.2100024
v -0.00130707 -0.002137005 -0.2099492
v -0.001266121 -0.00230199 -0.2100556
v -0.001136779 -0.00230199 -0.210009
v -0.001097679 -0.002461552 -0.2101255
v -0.000973484 -0.002461552 -0.2100868
v -0.000937103 -0.002614915 -0.2102128
v -0.000814926 -0.002614915 -0.2101805
v -0.00078222 -0.002761483 -0.2103158
v -0.000666314 -0.002761483 -0.2102904
v -0.00063803 -0.00290066 -0.2104342
v -0.000525886 -0.00290066 -0.2104147
v -0.000502849 -0.003031909 -0.2105663
v -0.000397872 -0.003031909 -0.2105526
v -0.000380717 -0.003154754 -0.2107113
v -0.000280977 -0.003154754 -0.2107027
v -0.00027039 -0.003268778 -0.2108673
v -0.000178464 -0.003268778 -0.2108634
v -0.000174877 -0.003373622 -0.211033
v -8.93923e-05 -0.003373622 -0.2110331
v -9.32502e-05 -0.003469049 -0.2112066
v -1.6028e-05 -0.003469049 -0.21121
v -2.75963e-05 -0.00355494 -0.2113865
v 4.23174e-05 -0.00355494 -0.2113927
v 2.28633e-05 -0.003631174 -0.2115709
v 8.43348e-05 -0.003631174 -0.2115789
v 5.6962e-05 -0.003697693 -0.2117578
v 0.000110609 -0.003697693 -0.2117673
v 7.53156e-05 -0.003754615 -0.2119458
v 0.000120616 -0.003754615 -0.2119557
v 7.76015e-05 -0.003802001 -0.2121328
v 0.000114951 -0.003802001 -0.2121427
v 6.44094e-05 -0.003840148 -0.2123173
v 9.37307e-05 -0.003840148 -0.2123265
v 3.60296e-05 -0.003869235 -0.2124977
v 5.76044e-05 -0.003869235 -0.2125055
v -6.84498e-06 -0.00388956 -0.2126725
v 7.1973e-06 -0.00388956 -0.2126783
v -6.35276e-05 -0.003901481 -0.2128404
v -5.66861e-05 -0.003901481 -0.2128435
v -0.001897752 0.003469049 -0.2133219
v -0.002068579 0.003373622 -0.2133531
v -0.002082109 0.003373622 -0.2132686
v -0.002250194 0.003268778 -0.2132917
v -0.002260744 0.003268778 -0.2132004
v -0.002425014 0.003154754 -0.2132159
v -0.002432227 0.003154754 -0.2131161
v -0.00259155 0.003031909 -0.2131241
v -0.00259459 0.003031909 -0.2130182
v -0.002748012 0.00290066 -0.2130193
v -0.002746403 0.00290066 -0.2129057
v -0.002892851 0.002761483 -0.2129005
v -0.002885997 0.002761483 -0.2127816
v -0.003024756 0.002614915 -0.2127706
v -0.00301212 0.002614915 -0.2126454
v -0.003142356 0.002461552 -0.2126293
v -0.003123581 0.002461552 -0.2124999
v -0.003244698 0.00230199 -0.2124797
v -0.003219246 0.00230199 -0.2123453
v -0.003330767 0.002137005 -0.2123216
v -0.003298521 0.002137005 -0.2121842
v -0.003400027 0.00196737 -0.212158
v -0.003360509 0.00196737 -0.2120174
v -0.003451824 0.001793682 -0.2119895
v -0.003405094 0.001793682 -0.2118471
v -0.003486037 0.001616835 -0.2118185
v -0.003431797 0.001616835 -0.2116746
v -0.003502547 0.001437544 -0.2116462
v -0.003440797 0.001437544 -0.2115017
v -0.003501415 0.001256525 -0.2114742
v -0.003432333 0.001256525 -0.2113301
v -0.003483116 0.001074552 -0.2113044
v -0.003406584 0.001074552 -0.211161
v -0.003447949 0.0008924 -0.2111377
v -0.003364443 0.0008924 -0.2109963
v -0.003396809 0.000710635 -0.2109763
v -0.00330609 0.000710635 -0.2108367
v -0.003330111 0.000529942 -0.2108203
v -0.003233134 0.000529942 -0.2106845
v -0.003249347 0.000350916 -0.2106723
v -0.003145515 0.000350916 -0.2105394
v -0.003154695 0.000174103 -0.2105318
v -0.003045499 0.000174103 -0.2104039
v -0.003048419 0 -0.2104012
v -0.002932846 0 -0.2102771
v -0.002930104 -0.000174103 -0.2102798
v -0.002810359 -0.000174103 -0.2101619
v -0.002802193 -0.000350916 -0.2101706
v -0.002676725 -0.000350916 -0.2100573
v -0.002663433 -0.000529942 -0.2100726
v -0.002535164 -0.000529942 -0.2099665
v -0.002517104 -0.000710635 -0.2099893
v -0.002383887 -0.000710635 -0.2098885
v -0.002361536 -0.0008924 -0.2099194
v -0.002227127 -0.0008924 -0.2098265
v -0.002200961 -0.001074552 -0.2098661
v -0.002062559 -0.001074552 -0.209779
v -0.002033293 -0.001256525 -0.2098278
v -0.001895368 -0.001256525 -0.2097492
v -0.001863658 -0.001437544 -0.2098076
v -0.001722872 -0.001437544 -0.2097352
v -0.001689493 -0.001616835 -0.2098038
v -0.001551032 -0.001616835 -0.20974
v -0.001516759 -0.001793682 -0.2098187
v -0.001379013 -0.001793682 -0.2097623
v -0.00134468 -0.00196737 -0.2098513
v -0.001206398 -0.00196737 -0.2098016
v -0.001173019 -0.002137005 -0.209901
v -0.001039087 -0.002137005 -0.2098592
v -0.001007497 -0.00230199 -0.2099688
v -0.000874641 -0.00230199 -0.2099335
v -0.000845781 -0.002461552 -0.2100529
v -0.00071854 -0.002461552 -0.210025
v -0.000693196 -0.002614915 -0.2101538
v -0.00056881 -0.002614915 -0.2101321
v -0.000547912 -0.002761483 -0.2102698
v -0.000430127 -0.002761483 -0.2102544
v -0.000414352 -0.00290066 -0.2104002
v -0.000301067 -0.00290066 -0.2103904
v -0.000291213 -0.003031909 -0.2105435
v -0.000185346 -0.003031909 -0.2105389
v -0.000181965 -0.003154754 -0.2106984
v -8.19627e-05 -0.003154754 -0.2106985
v -8.56199e-05 -0.003268778 -0.2108634
v 6.36779e-06 -0.003268778 -0.2108674
v -4.68645e-06 -0.003373622 -0.2110368
v 8.03504e-05 -0.003373622 -0.2110442
v 6.15159e-05 -0.003469049 -0.2112168
v 0.000138235 -0.003469049 -0.2112269
v 0.00011147 -0.00355494 -0.2114017
v 0.000180524 -0.00355494 -0.2114138
v 0.000145737 -0.003631174 -0.2115897
v 0.000206358 -0.003631174 -0.2116031
v 0.000163611 -0.003697693 -0.2117789
v 0.000216196 -0.003697693 -0.211793
v 0.000165623 -0.003754615 -0.2119677
v 0.000209935 -0.003754615 -0.2119816
v 0.000151772 -0.003802001 -0.2121542
v 0.000188078 -0.003802001 -0.2121674
v 0.000122655 -0.003840148 -0.2123369
v 0.000151083 -0.003840148 -0.2123486
v 7.8812e-05 -0.003869235 -0.2125142
v 9.95993e-05 -0.003869235 -0.2125238
v 2.09783e-05 -0.00388956 -0.2126847
v 3.44696e-05 -0.00388956 -0.2126917
v -4.99949e-05 -0.003901481 -0.212847
v -4.34568e-05 -0.003901481 -0.2128507
v -0.001547336 0.003631174 -0.213258
v -0.001723766 0.00355494 -0.2132902
v -0.001734852 0.00355494 -0.2132207
v -0.00191009 0.003469049 -0.2132449
v -0.001918911 0.003469049 -0.2131682
v -0.002091825 0.003373622 -0.2131845
v -0.002098023 0.003373622 -0.2130992
v -0.002267479 0.003268778 -0.2131077
v -0.002270162 0.003268778 -0.2130157
v -0.002435088 0.003154754 -0.213017
v -0.002433657 0.003154754 -0.212917
v -0.0025931 0.003031909 -0.2129113
v -0.00258696 0.003031909 -0.2128053
v -0.002739906 0.00290066 -0.2127932
v -0.002728462 0.00290066 -0.2126803
v -0.002873957 0.002761483 -0.2126624
v -0.00285685 0.002761483 -0.2125445
v -0.00299412 0.002614915 -0.2125216
v -0.002970695 0.002614915 -0.212398
v -0.003099083 0.002461552 -0.2123708
v -0.003069162 0.002461552 -0.2122433
v -0.003188133 0.00230199 -0.2122126
v -0.003151118 0.00230199 -0.2120811
v -0.003260195 0.002137005 -0.2120479
v -0.003216147 0.002137005 -0.2119137
v -0.003315031 0.00196737 -0.2118788
v -0.003263533 0.00196737 -0.2117422
v -0.003352105 0.001793682 -0.2117066
v -0.003293156 0.001793682 -0.2115686
v -0.003371417 0.001616835 -0.2115332
v -0.003305017 0.001616835 -0.2113946
v -0.003372967 0.001437544 -0.2113602
v -0.003298938 0.001437544 -0.2112214
v -0.003356933 0.001256525 -0.2111889
v -0.003275752 0.001256525 -0.2110514
v -0.003324151 0.001074552 -0.2110213
v -0.003235399 0.001074552 -0.2108849
v -0.003274559 0.0008924 -0.2108582
v -0.003179252 0.0008924 -0.2107247
v -0.003209829 0.000710635 -0.2107019
v -0.003107249 0.000710635 -0.2105706
v -0.00312972 0.000529942 -0.2105522
v -0.003021478 0.000529942 -0.2104253
v -0.003036618 0.000350916 -0.2104118
v -0.002921521 0.000350916 -0.2102881
v -0.002930104 0.000174103 -0.2102798
v -0.002810359 0.000174103 -0.2101619
v -0.002813041 0 -0.2101591
v -0.002687036 0 -0.2100453
v -0.002684473 -0.000174103 -0.2100483
v -0.002555191 -0.000174103 -0.2099413
v -0.0025478 -0.000350916 -0.2099506
v -0.002412855 -0.000350916 -0.2098484
v -0.002400934 -0.000529942 -0.2098649
v -0.002264082 -0.000529942 -0.2097703
v -0.002248108 -0.000710635 -0.2097947
v -0.002106487 -0.000710635 -0.2097056
v -0.002086937 -0.0008924 -0.2097383
v -0.001945078 -0.0008924 -0.2096574
v -0.001922488 -0.001074552 -0.2096991
v -0.001776874 -0.001074552 -0.2096242
v -0.001751959 -0.001256525 -0.2096754
v -0.001607954 -0.001256525 -0.209609
v -0.00158143 -0.001437544 -0.2096701
v -0.001437187 -0.001437544 -0.209611
v -0.001409828 -0.001616835 -0.2096821
v -0.001264095 -0.001616835 -0.2096297
v -0.001236736 -0.001793682 -0.2097111
v -0.001094579 -0.001793682 -0.2096667
v -0.001068174 -0.00196737 -0.2097585
v -0.000926083 -0.00196737 -0.2097208
v -0.00090145 -0.002137005 -0.2098227
v -0.00076426 -0.002137005 -0.2097927
v -0.000742243 -0.00230199 -0.2099045
v -0.000606962 -0.00230199 -0.2098809
v -0.000588513 -0.002461552 -0.2100024
v -0.000459196 -0.002461552 -0.2099856
v -0.000445096 -0.002614915 -0.210116
v -0.000319418 -0.002614915 -0.2101052
v -0.000310477 -0.002761483 -0.2102441
v -0.000191691 -0.002761483 -0.210239
v -0.000188588 -0.00290066 -0.2103856
v -7.49998e-05 -0.00290066 -0.2103856
v -7.83997e-05 -0.003031909 -0.210539
v 2.75801e-05 -0.003031909 -0.2105436
v 1.71472e-05 -0.003154754 -0.2107028
v 0.00011668 -0.003154754 -0.2107115
v 9.87687e-05 -0.003268778 -0.2108755
v 0.000190182 -0.003268778 -0.2108874
v 0.000164497 -0.003373622 -0.2110552
v 0.000248539 -0.003373622 -0.21107
v 0.000214842 -0.003469049 -0.2112403
v 0.000290474 -0.003469049 -0.2112569
v 0.000248708 -0.00355494 -0.2114288
v 0.000316388 -0.00355494 -0.2114468
v 0.000266517 -0.003631174 -0.2116191
v 0.000325817 -0.003631174 -0.2116376
v 0.000268028 -0.003697693 -0.2118092
v 0.000319184 -0.003697693 -0.2118276
v 0.000253667 -0.003754615 -0.2119974
v 0.000296667 -0.003754615 -0.212015
v 0.000223793 -0.003802001 -0.2121821
v 0.000258808 -0.003802001 -0.2121982
v 0.000178964 -0.003840148 -0.2123615
v 0.000206315 -0.003840148 -0.2123757
v 0.000119989 -0.003869235 -0.2125344
v 0.000139868 -0.003869235 -0.2125458
v 4.76351e-05 -0.00388956 -0.2126992
v 6.04887e-05 -0.00388956 -0.2127073
v -3.70888e-05 -0.003901481 -0.2128548
v -3.09184e-05 -0.003901481 -0.212859
v -0.001190304 0.003754615 -0.2131928
v -0.001369237 0.003697693 -0.2132255
v -0.00137794 0.003697693 -0.2131715
v -0.00155723 0.003631174 -0.2131962
v -0.001564323 0.003631174 -0.2131348
v -0.001742839 0.00355494 -0.2131516
v -0.001747965 0.00355494 -0.2130815
v -0.001924574 0.003469049 -0.2130904
v -0.001926779 0.003469049 -0.2130132
v -0.002100467 0.003373622 -0.2130145
v -0.002099215 0.003373622 -0.2129291
v -0.002268791 0.003268778 -0.2129229
v -0.002263486 0.003268778 -0.212831
v -0.002427935 0.003154754 -0.2128179
v -0.002417922 0.003154754 -0.2127186
v -0.002576231 0.003031909 -0.2126991
v -0.002560973 0.003031909 -0.212594
v -0.002712249 0.00290066 -0.2125687
v -0.002691149 0.00290066 -0.2124573
v -0.002834558 0.002761483 -0.2124269
v -0.002807259 0.002761483 -0.2123108
v -0.002942085 0.002614915 -0.2122761
v -0.00290811 0.002614915 -0.2121551
v -0.003033638 0.002461552 -0.2121168
v -0.002992808 0.002461552 -0.2119923
v -0.00310862 0.00230199 -0.2119516
v -0.00306046 0.00230199 -0.2118238
v -0.003166258 0.002137005 -0.2117813
v -0.003110706 0.002137005 -0.2116512
v -0.003206253 0.00196737 -0.2116079
v -0.003143191 0.00196737 -0.2114765
v -0.003228366 0.001793682 -0.2114334
v -0.003157675 0.001793682 -0.2113008
v -0.003232538 0.001616835 -0.2112588
v -0.003154456 0.001616835 -0.2111266
v -0.003219187 0.001437544 -0.2110864
v -0.003133416 0.001437544 -0.2109545
v -0.003188371 0.001256525 -0.2109169
v -0.003095686 0.001256525 -0.2107871
v -0.003141283 0.001074552 -0.210753
v -0.003040969 0.001074552 -0.2106247
v -0.003077685 0.0008924 -0.2105947
v -0.002971291 0.0008924 -0.21047
v -0.002999782 0.000710635 -0.2104446
v -0.002886116 0.000710635 -0.2103226
v -0.002906978 0.000529942 -0.2103023
v -0.002788245 0.000529942 -0.2101854
v -0.002802193 0.000350916 -0.2101706
v -0.002676725 0.000350916 -0.2100573
v -0.002684473 0.000174103 -0.2100483
v -0.002555191 0.000174103 -0.2099413
v -0.002557575 0 -0.2099382
v -0.002422094 0 -0.2098357
v -0.002419829 -0.000174103 -0.2098388
v -0.002281844 -0.000174103 -0.2097434
v -0.002275288 -0.000350916 -0.2097534
v -0.002131879 -0.000350916 -0.2096632
v -0.002121448 -0.000529942 -0.2096806
v -0.001977145 -0.000529942 -0.2095983
v -0.001963257 -0.000710635 -0.2096239
v -0.001814365 -0.000710635 -0.2095473
v -0.001797676 -0.0008924 -0.2095816
v -0.001649558 -0.0008924 -0.2095134
v -0.001630663 -0.001074552 -0.2095569
v -0.001481533 -0.001074552 -0.2094958
v -0.001461088 -0.001256525 -0.2095489
v -0.001309514 -0.001256525 -0.2094943
v -0.001288354 -0.001437544 -0.2095574
v -0.001139521 -0.001437544 -0.209511
v -0.001118421 -0.001616835 -0.2095842
v -0.000968704 -0.001616835 -0.2095445
v -0.000948525 -0.001793682 -0.2096281
v -0.000802919 -0.001793682 -0.2095961
v -0.000784508 -0.00196737 -0.2096897
v -0.000639825 -0.00196737 -0.2096645
v -0.000624089 -0.002137005 -0.2097682
v -0.000484666 -0.002137005 -0.2097501
v -0.000472398 -0.00230199 -0.2098634
v -0.000335736 -0.00230199 -0.2098516
v -0.000327838 -0.002461552 -0.2099742
v -0.000197428 -0.002461552 -0.2099686
v -0.000194642 -0.002614915 -0.2100999
v -6.86507e-05 -0.002614915 -0.2100999
v -7.17386e-05 -0.002761483 -0.2102391
v 4.7154e-05 -0.002761483 -0.2102443
v 3.75836e-05 -0.00290066 -0.2103906
v 0.000150636 -0.00290066 -0.2104005
v 0.000134 -0.003031909 -0.2105529
v 0.000239269 -0.003031909 -0.2105667
v 0.000215127 -0.003154754 -0.2107244
v 0.000313467 -0.003154754 -0.2107416
v 0.000281439 -0.003268778 -0.2109035
v 0.000371546 -0.003268778 -0.2109233
v 0.000331479 -0.003373622 -0.2110882
v 0.000413846 -0.003373622 -0.2111101
v 0.000365547 -0.003469049 -0.211277
v 0.000439525 -0.003469049 -0.2113001
v 0.000383071 -0.00355494 -0.2114677
v 0.000448872 -0.00355494 -0.2114915
v 0.000384334 -0.003631174 -0.2116587
v 0.000441852 -0.003631174 -0.2116824
v 0.00036945 -0.003697693 -0.2118483
v 0.000418758 -0.003697693 -0.2118711
v 0.000338839 -0.003754615 -0.2120345
v 0.000380183 -0.003754615 -0.2120559
v 0.000293144 -0.003802001 -0.212216
v 0.000326617 -0.003802001 -0.2122351
v 0.000232954 -0.003840148 -0.2123908
v 0.00025901 -0.003840148 -0.2124073
v 0.000159286 -0.003869235 -0.212558
v 0.000178084 -0.003869235 -0.212571
v 7.29299e-05 -0.00388956 -0.2127159
v 8.50678e-05 -0.00388956 -0.2127251
v -2.48984e-05 -0.003901481 -0.2128636
v -1.91292e-05 -0.003901481 -0.2128684
v -0.000832256 0.003840148 -0.2131275
v -0.001011013 0.003802001 -0.2131602
v -0.001017153 0.003802001 -0.2131218
v -0.001197695 0.003754615 -0.2131466
v -0.001203 0.003754615 -0.2131007
v -0.001384139 0.003697693 -0.2131178
v -0.001388072 0.003697693 -0.2130633
v -0.001568853 0.003631174 -0.2130724
v -0.001570641 0.003631174 -0.2130106
v -0.001749932 0.00355494 -0.2130119
v -0.001748919 0.00355494 -0.2129417
v -0.001925706 0.003469049 -0.2129353
v -0.001921236 0.003469049 -0.2128582
v -0.002094388 0.003373622 -0.2128444
v -0.002085745 0.003373622 -0.2127594
v -0.002254188 0.003268778 -0.2127387
v -0.002240896 0.003268778 -0.2126474
v -0.002403676 0.003154754 -0.2126203
v -0.002385079 0.003154754 -0.2125222
v -0.002541124 0.003031909 -0.2124891
v -0.002516806 0.003031909 -0.2123856
v -0.00266534 0.00290066 -0.2123473
v -0.002634704 0.00290066 -0.2122383
v -0.002774953 0.002761483 -0.2121956
v -0.0027377 0.002761483 -0.2120822
v -0.002869009 0.002614915 -0.212036
v -0.002824723 0.002614915 -0.2119185
v -0.002946496 0.002461552 -0.2118696
v -0.002894997 0.002461552 -0.211749
v -0.003006875 0.00230199 -0.2116983
v -0.002947926 0.00230199 -0.2115753
v -0.003049671 0.002137005 -0.2115238
v -0.002982974 0.002137005 -0.2113989
v -0.003074407 0.00196737 -0.2113476
v -0.003000319 0.00196737 -0.2112221
v -0.00308144 0.001793682 -0.2111718
v -0.002999484 0.001793682 -0.2110458
v -0.003070414 0.001616835 -0.2109974
v -0.002981305 0.001616835 -0.2108725
v -0.00304234 0.001437544 -0.2108269
v -0.002945363 0.001437544 -0.2107028
v -0.002996861 0.001256525 -0.2106607
v -0.002893388 0.001256525 -0.2105395
v -0.002935886 0.001074552 -0.2105016
v -0.002824783 0.001074552 -0.2103822
v -0.002858757 0.0008924 -0.2103492
v -0.002742111 0.0008924 -0.2102343
v -0.002768278 0.000710635 -0.2102065
v -0.002644419 0.000710635 -0.2100947
v -0.002663433 0.000529942 -0.2100726
v -0.002535164 0.000529942 -0.2099665
v -0.0025478 0.000350916 -0.2099506
v -0.002412855 0.000350916 -0.2098484
v -0.002419829 0.000174103 -0.2098388
v -0.002281844 0.000174103 -0.2097434
v -0.00228399 0 -0.2097402
v -0.002139985 0 -0.2096496
v -0.002138018 -0.000174103 -0.209653
v -0.001992523 -0.000174103 -0.20957
v -0.001986801 -0.000350916 -0.2095805
v -0.001836001 -0.000350916 -0.2095029
v -0.00182712 -0.000529942 -0.2095212
v -0.00167638 -0.000529942 -0.2094517
v -0.001664757 -0.000710635 -0.2094784
v -0.001512289 -0.000710635 -0.2094159
v -0.001498579 -0.0008924 -0.2094515
v -0.001342713 -0.0008924 -0.2093954
v -0.001327574 -0.001074552 -0.2094404
v -0.001173734 -0.001074552 -0.2093924
v -0.001157999 -0.001256525 -0.2094471
v -0.001002252 -0.001256525 -0.2094058
v -0.000986624 -0.001437544 -0.2094705
v -0.000834216 -0.001437544 -0.2094371
v -0.000819493 -0.001616835 -0.2095118
v -0.00066707 -0.001616835 -0.2094853
v -0.000654172 -0.001793682 -0.2095702
v -0.000506202 -0.001793682 -0.209551
v -0.00049594 -0.00196737 -0.2096458
v -0.000349774 -0.00196737 -0.2096332
v -0.000343058 -0.002137005 -0.2097379
v -0.000202446 -0.002137005 -0.2097319
v -0.000200031 -0.00230199 -0.2098459
v -6.29766e-05 -0.00230199 -0.2098459
v -6.57254e-05 -0.002461552 -0.2099688
v 6.48189e-05 -0.002461552 -0.2099744
v 5.62428e-05 -0.002614915 -0.2101054
v 0.000181659 -0.002614915 -0.2101164
v 0.000166562 -0.002761483 -0.2102547
v 0.000284653 -0.002761483 -0.2102702
v 0.00026248 -0.00290066 -0.2104151
v 0.000374168 -0.00290066 -0.2104347
v 0.000344406 -0.003031909 -0.2105851
v 0.000448197 -0.003031909 -0.210608
v 0.000410518 -0.003154754 -0.210763
v 0.000506879 -0.003154754 -0.2107887
v 0.000461007 -0.003268778 -0.2109472
v 0.000549156 -0.003268778 -0.2109747
v 0.000494991 -0.003373622 -0.2111355
v 0.00057506 -0.003373622 -0.2111644
v 0.000512536 -0.003469049 -0.2113265
v 0.000584311 -0.003469049 -0.2113559
v 0.000513558 -0.00355494 -0.2115181
v 0.000577027 -0.00355494 -0.2115474
v 0.000498253 -0.003631174 -0.2117085
v 0.000553576 -0.003631174 -0.211737
v 0.000467108 -0.003697693 -0.211896
v 0.000514218 -0.003697693 -0.211923
v 0.00042047 -0.003754615 -0.2120789
v 0.000459852 -0.003754615 -0.2121038
v 0.000359315 -0.003802001 -0.2122557
v 0.000390974 -0.003802001 -0.2122777
v 0.000284203 -0.003840148 -0.2124248
v 0.000308757 -0.003840148 -0.2124434
v 0.000196387 -0.003869235 -0.2125849
v 0.000213982 -0.003869235 -0.2125995
v 9.67065e-05 -0.00388956 -0.2127348
v 0.000107989 -0.00388956 -0.212745
v -1.35018e-05 -0.003901481 -0.2128735
v -8.17853e-06 -0.003901481 -0.2128787
v -0.000478395 0.00388956 -0.213063
v -0.000654506 0.003869235 -0.2130951
v -0.000658146 0.003869235 -0.2130723
v -0.000837148 0.003840148 -0.213097
v -0.000840658 0.003840148 -0.2130666
v -0.001021623 0.003802001 -0.2130836
v -0.001024425 0.003802001 -0.213045
v -0.001206398 0.003754615 -0.2130541
v -0.001207709 0.003754615 -0.2130079
v -0.001389622 0.003697693 -0.2130092
v -0.001388847 0.003697693 -0.2129546
v -0.001569747 0.003631174 -0.2129482
v -0.001566171 0.003631174 -0.2128863
v -0.001744925 0.00355494 -0.2128721
v -0.001737892 0.00355494 -0.2128023
v -0.001913428 0.003469049 -0.2127807
v -0.001902282 0.003469049 -0.2127041
v -0.002073585 0.003373622 -0.2126755
v -0.002057671 0.003373622 -0.2125917
v -0.00222367 0.003268778 -0.2125564
v -0.00220257 0.003268778 -0.2124666
v -0.00236231 0.003154754 -0.2124255
v -0.002335369 0.003154754 -0.2123295
v -0.002487957 0.003031909 -0.212283
v -0.002454817 0.003031909 -0.2121819
v -0.002599477 0.00290066 -0.2121309
v -0.002559542 0.00290066 -0.2120251
v -0.00269556 0.002761483 -0.2119704
v -0.002648651 0.002761483 -0.2118605
v -0.00277543 0.002614915 -0.2118031
v -0.00272125 0.002614915 -0.21169
v -0.002838313 0.002461552 -0.2116308
v -0.002776503 0.002461552 -0.2115149
v -0.002883613 0.00230199 -0.2114548
v -0.002814352 0.00230199 -0.2113375
v -0.00291121 0.002137005 -0.2112774
v -0.002833962 0.002137005 -0.2111586
v -0.002920567 0.00196737 -0.2110995
v -0.002835988 0.00196737 -0.210981
v -0.002912521 0.001793682 -0.2109239
v -0.002819836 0.001793682 -0.2108053
v -0.002886354 0.001616835 -0.210751
v -0.002786874 0.001616835 -0.2106344
v -0.002843737 0.001437544 -0.2105837
v -0.00273627 0.001437544 -0.2104683
v -0.002784013 0.001256525 -0.2104219
v -0.002670526 0.001256525 -0.2103102
v -0.002709567 0.001074552 -0.2102688
v -0.00258845 0.001074552 -0.2101594
v -0.002619445 0.0008924 -0.2101235
v -0.002493441 0.0008924 -0.2100192
v -0.002517104 0.000710635 -0.2099893
v -0.002383887 0.000710635 -0.2098885
v -0.002400934 0.000529942 -0.2098649
v -0.002264082 0.000529942 -0.2097703
v -0.002275288 0.000350916 -0.2097534
v -0.002131879 0.000350916 -0.2096632
v -0.002138018 0.000174103 -0.209653
v -0.001992523 0.000174103 -0.20957
v -0.001994371 0 -0.2095665
v -0.001842916 0 -0.2094887
v -0.001841187 -0.000174103 -0.2094922
v -0.001689195 -0.000174103 -0.2094222
v -0.001684486 -0.000350916 -0.2094331
v -0.001529991 -0.000350916 -0.2093698
v -0.001522719 -0.000529942 -0.2093888
v -0.001364052 -0.000529942 -0.2093317
v -0.001354813 -0.000710635 -0.2093592
v -0.001197457 -0.000710635 -0.2093102
v -0.001186907 -0.0008924 -0.2093468
v -0.001026749 -0.0008924 -0.2093044
v -0.001015603 -0.001074552 -0.2093505
v -0.000858061 -0.001074552 -0.209316
v -0.000847063 -0.001256525 -0.2093718
v -0.000688507 -0.001256525 -0.2093442
v -0.000678511 -0.001437544 -0.20941
v -0.000523639 -0.001437544 -0.2093898
v -0.000515444 -0.001616835 -0.2094656
v -0.000361435 -0.001616835 -0.2094523
v -0.000355909 -0.001793682 -0.209538
v -0.000206696 -0.001793682 -0.2095316
v -0.000204666 -0.00196737 -0.209627
v -5.81218e-05 -0.00196737 -0.2096272
v -6.04517e-05 -0.002137005 -0.2097319
v 8.02754e-05 -0.002137005 -0.2097381
v 7.28398e-05 -0.00230199 -0.2098519
v 0.000209229 -0.00230199 -0.2098638
v 0.000195912 -0.002461552 -0.2099859
v 0.00032559 -0.002461552 -0.2100028
v 0.000305728 -0.002614915 -0.2101326
v 0.000429602 -0.002614915 -0.2101544
v 0.000402604 -0.002761483 -0.2102909
v 0.000519052 -0.002761483 -0.2103165
v 0.000484412 -0.00290066 -0.210459
v 0.000593882 -0.00290066 -0.2104881
v 0.000551231 -0.003031909 -0.2106354
v 0.000652764 -0.003031909 -0.2106672
v 0.000601828 -0.003154754 -0.2108184
v 0.000695518 -0.003154754 -0.2108522
v 0.000636143 -0.003268778 -0.2110062
v 0.000721656 -0.003268778 -0.2110413
v 0.000653765 -0.003373622 -0.2111968
v 0.000730984 -0.003373622 -0.2112325
v 0.0006547 -0.003469049 -0.2113885
v 0.000723722 -0.003469049 -0.2114241
v 0.000639237 -0.00355494 -0.2115795
v 0.000699854 -0.00355494 -0.2116142
v 0.000607468 -0.003631174 -0.2117679
v 0.000660153 -0.003631174 -0.2118011
v 0.000560284 -0.003697693 -0.211952
v 0.000604836 -0.003697693 -0.2119829
v 0.000497988 -0.003754615 -0.2121302
v 0.000535094 -0.003754615 -0.2121584
v 0.000421802 -0.003802001 -0.2123011
v 0.000451404 -0.003802001 -0.2123256
v 0.000332333 -0.003840148 -0.212463
v 0.000355207 -0.003840148 -0.2124837
v 0.000231028 -0.003869235 -0.212615
v 0.000247266 -0.003869235 -0.212631
v 0.000118755 -0.00388956 -0.2127556
v 0.000129135 -0.00388956 -0.2127668
v -3.02794e-06 -0.003901481 -0.2128843
v 1.82467e-06 -0.003901481 -0.21289
v -0.000304445 0.003901481 -0.2130312
v -0.000305628 0.003901481 -0.2130237
v -0.000480788 0.00388956 -0.2130478
v -0.000482521 0.00388956 -0.2130329
v -0.000660766 0.003869235 -0.2130496
v -0.000662434 0.003869235 -0.2130267
v -0.000842896 0.003840148 -0.2130358
v -0.00084378 0.003840148 -0.2130052
v -0.001025497 0.003802001 -0.2130066
v -0.001024961 0.003802001 -0.2129678
v -0.001207053 0.003754615 -0.2129612
v -0.001204371 0.003754615 -0.212915
v -0.001385748 0.003697693 -0.2129006
v -0.001380264 0.003697693 -0.2128463
v -0.001559913 0.003631174 -0.2128242
v -0.001551032 0.003631174 -0.2127628
v -0.001727819 0.00355494 -0.2127333
v -0.001714825 0.00355494 -0.2126644
v -0.001887798 0.003469049 -0.2126277
v -0.001870095 0.003469049 -0.2125523
v -0.00203824 0.003373622 -0.2125089
v -0.002015233 0.003373622 -0.2124269
v -0.002177536 0.003268778 -0.2123775
v -0.002148747 0.003268778 -0.2122898
v -0.002304375 0.003154754 -0.2122349
v -0.002269208 0.003154754 -0.2121417
v -0.002417266 0.003031909 -0.2120822
v -0.002375423 0.003031909 -0.2119843
v -0.002515137 0.00290066 -0.211921
v -0.002466261 0.00290066 -0.2118191
v -0.002597033 0.002761483 -0.2117529
v -0.002540767 0.002761483 -0.2116473
v -0.002662062 0.002614915 -0.2115792
v -0.002598404 0.002614915 -0.2114713
v -0.002709925 0.002461552 -0.2114022
v -0.00263828 0.002461552 -0.211292
v -0.002739787 0.00230199 -0.2112228
v -0.002660691 0.00230199 -0.211112
v -0.002752006 0.002137005 -0.2110438
v -0.002664685 0.002137005 -0.210932
v -0.002745926 0.00196737 -0.2108657
v -0.002651512 0.00196737 -0.2107551
v -0.00272274 0.001793682 -0.2106916
v -0.0026201 0.001793682 -0.2105813
v -0.002681612 0.001616835 -0.2105215
v -0.002572596 0.001616835 -0.210414
v -0.002624869 0.001437544 -0.2103586
v -0.002507746 0.001437544 -0.2102528
v -0.002551257 0.001256525 -0.2102025
v -0.00242865 0.001256525 -0.210101
v -0.002463996 0.001074552 -0.2100564
v -0.00233376 0.001074552 -0.2099578
v -0.002361536 0.0008924 -0.2099194
v -0.002227127 0.0008924 -0.2098265
v -0.002248108 0.000710635 -0.2097947
v -0.002106487 0.000710635 -0.2097056
v -0.002121448 0.000529942 -0.2096806
v -0.001977145 0.000529942 -0.2095983
v -0.001986801 0.000350916 -0.2095805
v -0.001836001 0.000350916 -0.2095029
v -0.001841187 0.000174103 -0.2094922
v -0.001689195 0.000174103 -0.2094222
v -0.001690745 0 -0.2094186
v -0.001535713 0 -0.2093551
v -0.001534283 -0.000174103 -0.2093587
v -0.001374304 -0.000174103 -0.2093011
v -0.001370549 -0.000350916 -0.2093124
v -0.001211166 -0.000350916 -0.2092627
v -0.001205503 -0.000529942 -0.2092822
v -0.001042544 -0.000529942 -0.2092391
v -0.001035749 -0.000710635 -0.2092673
v -0.000874573 -0.000710635 -0.209232
v -0.000867216 -0.0008924 -0.2092694
v -0.00070417 -0.0008924 -0.209241
v -0.000697041 -0.001074552 -0.2092879
v -0.000536911 -0.001074552 -0.2092671
v -0.000530788 -0.001256525 -0.2093237
v -0.000370582 -0.001256525 -0.2093098
v -0.000366312 -0.001437544 -0.2093762
v -0.000210138 -0.001437544 -0.2093695
v -0.000208515 -0.001616835 -0.2094458
v -5.4075e-05 -0.001616835 -0.2094458
v -5.59828e-05 -0.001793682 -0.2095317
v 9.33603e-05 -0.001793682 -0.2095382
v 8.71348e-05 -0.00196737 -0.2096335
v 0.00023299 -0.00196737 -0.2096462
v 0.000221599 -0.002137005 -0.2097505
v 0.000361407 -0.002137005 -0.2097688
v 0.000344173 -0.00230199 -0.2098815
v 0.000478897 -0.00230199 -0.2099051
v 0.000455065 -0.002461552 -0.2100256
v 0.000582898 -0.002461552 -0.2100538
v 0.000551902 -0.002614915 -0.2101813
v 0.000673335 -0.002614915 -0.2102136
v 0.000634649 -0.002761483 -0.2103473
v 0.000748537 -0.002761483 -0.2103829
v 0.000701734 -0.00290066 -0.2105219
v 0.000808158 -0.00290066 -0.2105603
v 0.000752942 -0.003031909 -0.2107034
v 0.000851445 -0.003031909 -0.2107439
v 0.000787634 -0.003154754 -0.2108901
v 0.000877974 -0.003154754 -0.2109318
v 0.000805501 -0.003268778 -0.2110801
v 0.000887741 -0.003268778 -0.2111225
v 0.000806686 -0.003373622 -0.2112715
v 0.000880446 -0.003373622 -0.2113137
v 0.000790974 -0.003469049 -0.2114626
v 0.000856711 -0.003469049 -0.2115041
v 0.000759114 -0.00355494 -0.2116516
v 0.000816459 -0.00355494 -0.2116913
v 0.00071115 -0.003631174 -0.2118365
v 0.000760803 -0.003631174 -0.2118742
v 0.000648257 -0.003697693 -0.2120159
v 0.000689942 -0.003697693 -0.2120505
v 0.000570752 -0.003754615 -0.212188
v 0.000605343 -0.003754615 -0.2122193
v 0.000480131 -0.003802001 -0.2123516
v 0.000507464 -0.003802001 -0.2123787
v 0.00037698 -0.003840148 -0.2125052
v 0.000397998 -0.003840148 -0.2125278
v 0.000262941 -0.003869235 -0.2126479
v 0.000277727 -0.003869235 -0.2126652
v 0.000138921 -0.00388956 -0.2127783
v 0.000148297 -0.00388956 -0.2127903
v 6.47363e-06 -0.003901481 -0.2128959
v 1.08221e-05 -0.003901481 -0.212902
v -0.000306511 0.003901481 -0.2130163
v -0.000307044 0.003901481 -0.2130087
v -0.000483644 0.00388956 -0.2130177
v -0.000484075 0.00388956 -0.2130025
v -0.000663099 0.003869235 -0.2130038
v -0.000662754 0.003869235 -0.2129808
v -0.00084334 0.003840148 -0.2129743
v -0.000841584 0.003840148 -0.2129437
v -0.001022756 0.003802001 -0.2129294
v -0.001018822 0.003802001 -0.2128909
v -0.001199662 0.003754615 -0.2128686
v -0.001192986 0.003754615 -0.2128227
v -0.001372456 0.003697693 -0.2127927
v -0.001362323 0.003697693 -0.2127392
v -0.001539409 0.003631174 -0.2127016
v -0.001525223 0.003631174 -0.2126412
v -0.001698851 0.00355494 -0.2125964
v -0.001679897 0.00355494 -0.212529
v -0.001849114 0.003469049 -0.2124775
v -0.001824915 0.003469049 -0.2124038
v -0.001988708 0.003373622 -0.2123461
v -0.001958668 0.003373622 -0.2122665
v -0.002116143 0.003268778 -0.2122032
v -0.002079784 0.003268778 -0.2121182
v -0.002230107 0.003154754 -0.2120501
v -0.002187073 0.003154754 -0.2119604
v -0.002329409 0.003031909 -0.2118883
v -0.002279222 0.003031909 -0.2117943
v -0.002412974 0.00290066 -0.2117192
v -0.002355515 0.00290066 -0.2116219
v -0.002480089 0.002761483 -0.2115447
v -0.002414822 0.002761483 -0.2114443
v -0.002529859 0.002614915 -0.2113659
v -0.002457141 0.002614915 -0.2112641
v -0.002562284 0.002461552 -0.2111855
v -0.002481281 0.002461552 -0.2110819
v -0.00257641 0.00230199 -0.2110041
v -0.002488136 0.00230199 -0.2109007
v -0.002573251 0.002137005 -0.2108249
v -0.002476513 0.002137005 -0.210721
v -0.002551674 0.00196737 -0.2106479
v -0.002448141 0.00196737 -0.2105459
v -0.002513647 0.001793682 -0.2104765
v -0.002401709 0.001793682 -0.2103754
v -0.002457916 0.001616835 -0.2103105
v -0.002340018 0.001616835 -0.210213
v -0.002387344 0.001437544 -0.2101532
v -0.0022614 0.001437544 -0.2100578
v -0.002300381 0.001256525 -0.2100039
v -0.002169609 0.001256525 -0.2099136
v -0.002200961 0.001074552 -0.2098661
v -0.002062559 0.001074552 -0.209779
v -0.002086937 0.0008924 -0.2097383
v -0.001945078 0.0008924 -0.2096574
v -0.001963257 0.000710635 -0.2096239
v -0.001814365 0.000710635 -0.2095473
v -0.00182712 0.000529942 -0.2095212
v -0.00167638 0.000529942 -0.2094517
v -0.001684486 0.000350916 -0.2094331
v -0.001529991 0.000350916 -0.2093698
v -0.001534283 0.000174103 -0.2093587
v -0.001374304 0.000174103 -0.2093011
v -0.001375555 0 -0.2092974
v -0.001215517 0 -0.2092475
v -0.001214444 -0.000174103 -0.2092513
v -0.001050114 -0.000174103 -0.2092077
v -0.001047313 -0.000350916 -0.2092193
v -0.000884101 -0.000350916 -0.2091835
v -0.000880189 -0.000529942 -0.2092035
v -0.00071426 -0.000529942 -0.2091745
v -0.000709888 -0.000710635 -0.2092033
v -0.000546113 -0.000710635 -0.209182
v -0.000542009 -0.0008924 -0.2092199
v -0.000377298 -0.0008924 -0.2092057
v -0.000374248 -0.001074552 -0.209253
v -0.000212758 -0.001074552 -0.2092462
v -0.000211534 -0.001256525 -0.209303
v -5.0907e-05 -0.001256525 -0.2093032
v -5.23933e-05 -0.001437544 -0.2093697
v 0.000103946 -0.001437544 -0.2093765
v 9.89623e-05 -0.001616835 -0.2094526
v 0.00025268 -0.001616835 -0.2094659
v 0.000243354 -0.001793682 -0.2095513
v 0.000391717 -0.001793682 -0.2095708
v 0.000377288 -0.00196737 -0.2096651
v 0.000521349 -0.00196737 -0.2096904
v 0.000501017 -0.002137005 -0.2097933
v 0.000638852 -0.002137005 -0.2098236
v 0.000611918 -0.00230199 -0.2099344
v 0.000743974 -0.00230199 -0.2099695
v 0.000709834 -0.002461552 -0.2100875
v 0.000834871 -0.002461552 -0.2101266
v 0.00079298 -0.002614915 -0.210251
v 0.000911039 -0.002614915 -0.2102937
v 0.00086094 -0.002761483 -0.2104235
v 0.000971431 -0.002761483 -0.210469
v 0.00091279 -0.00290066 -0.2106033
v 0.001015365 -0.00290066 -0.2106508
v 0.000948051 -0.003031909 -0.2107886
v 0.001042723 -0.003031909 -0.2108374
v 0.000966555 -0.003154754 -0.2109776
v 0.001052856 -0.003154754 -0.211027
v 0.000967876 -0.003268778 -0.2111684
v 0.00104618 -0.003268778 -0.2112178
v 0.000952549 -0.003373622 -0.2113593
v 0.001022279 -0.003373622 -0.2114076
v 0.000920336 -0.003469049 -0.2115482
v 0.000982294 -0.003469049 -0.2115952
v 0.000872309 -0.00355494 -0.2117338
v 0.000925953 -0.00355494 -0.2117783
v 0.000808499 -0.003631174 -0.2119138
v 0.000854774 -0.003631174 -0.2119556
v 0.000730386 -0.003697693 -0.2120871
v 0.00076889 -0.003697693 -0.2121252
v 0.000638256 -0.003754615 -0.2122519
v 0.000670057 -0.003754615 -0.2122861
v 0.000533867 -0.003802001 -0.2124071
v 0.000558759 -0.003802001 -0.2124363
v 0.00041782 -0.003840148 -0.2125511
v 0.000436823 -0.003840148 -0.2125755
v 0.000291888 -0.003869235 -0.2126834
v 0.000305111 -0.003869235 -0.212702
v 0.000157054 -0.00388956 -0.2128027
v 0.000165349 -0.00388956 -0.2128155
v 1.49557e-05 -0.003901481 -0.2129084
v 1.87355e-05 -0.003901481 -0.2129148
v -0.000307265 0.003901481 -0.2130012
v -0.000307144 0.003901481 -0.2129936
v -0.000483849 0.00388956 -0.2129873
v -0.00048299 0.00388956 -0.2129722
v -0.000661445 0.003869235 -0.212958
v -0.000659127 0.003869235 -0.2129352
v -0.000838474 0.003840148 -0.212913
v -0.000834064 0.003840148 -0.2128827
v -0.001013338 0.003802001 -0.2128527
v -0.001006126 0.003802001 -0.2128148
v -0.001184344 0.003754615 -0.212777
v -0.001173734 0.003754615 -0.2127318
v -0.001349925 0.003697693 -0.2126864
v -0.001335203 0.003697693 -0.212634
v -0.001508355 0.003631174 -0.2125812
v -0.001488983 0.003631174 -0.2125222
v -0.001658141 0.00355494 -0.2124626
v -0.001633405 0.00355494 -0.2123972
v -0.001797556 0.003469049 -0.2123312
v -0.001767039 0.003469049 -0.2122598
v -0.00192523 0.003373622 -0.2121882
v -0.001888453 0.003373622 -0.2121115
v -0.002039909 0.003268778 -0.2120349
v -0.001996338 0.003268778 -0.2119532
v -0.002140164 0.003154754 -0.2118724
v -0.002089619 0.003154754 -0.2117868
v -0.00222516 0.003031909 -0.2117028
v -0.002166986 0.003031909 -0.2116133
v -0.002293705 0.00290066 -0.2115269
v -0.00222814 0.00290066 -0.2114351
v -0.002345621 0.002761483 -0.2113474
v -0.002271831 0.002761483 -0.2112529
v -0.002379655 0.002614915 -0.2111649
v -0.002298474 0.002614915 -0.2110698
v -0.002396404 0.002461552 -0.2109825
v -0.002306699 0.002461552 -0.2108861
v -0.002394735 0.00230199 -0.2108004
v -0.002297997 0.00230199 -0.2107051
v -0.002376198 0.002137005 -0.2106222
v -0.002270758 0.002137005 -0.210527
v -0.002339303 0.00196737 -0.2104476
v -0.002227485 0.00196737 -0.2103551
v -0.002286732 0.001793682 -0.2102802
v -0.00216639 0.001793682 -0.2101892
v -0.002216696 0.001616835 -0.2101196
v -0.00209099 0.001616835 -0.2100327
v -0.002133011 0.001437544 -0.2099691
v -0.00199908 0.001437544 -0.2098849
v -0.002033293 0.001256525 -0.2098278
v -0.001895368 0.001256525 -0.2097492
v -0.001922488 0.001074552 -0.2096991
v -0.001776874 0.001074552 -0.2096242
v -0.001797676 0.0008924 -0.2095816
v -0.001649558 0.0008924 -0.2095134
v -0.001664757 0.000710635 -0.2094784
v -0.001512289 0.000710635 -0.2094159
v -0.001522719 0.000529942 -0.2093888
v -0.001364052 0.000529942 -0.2093317
v -0.001370549 0.000350916 -0.2093124
v -0.001211166 0.000350916 -0.2092627
v -0.001214444 0.000174103 -0.2092513
v -0.001050114 0.000174103 -0.2092077
v -0.001051068 0 -0.209204
v -0.000887162 0 -0.209168
v -0.000886414 -0.000174103 -0.2091718
v -0.000719116 -0.000174103 -0.2091427
v -0.000717325 -0.000350916 -0.2091545
v -0.000551415 -0.000350916 -0.2091329
v -0.000549228 -0.000529942 -0.2091531
v -0.000381609 -0.000529942 -0.2091386
v -0.000379753 -0.000710635 -0.2091677
v -0.000214547 -0.000710635 -0.2091606
v -0.000213755 -0.0008924 -0.2091987
v -4.85885e-05 -0.0008924 -0.2091988
v -4.96407e-05 -0.001074552 -0.2092462
v 0.000112013 -0.001074552 -0.2092533
v 0.0001083 -0.001256525 -0.2093101
v 0.000268162 -0.001256525 -0.2093241
v 0.000260942 -0.001437544 -0.2093902
v 0.000416233 -0.001437544 -0.2094106
v 0.000404704 -0.001616835 -0.2094859
v 0.000556532 -0.001616835 -0.2095125
v 0.000539864 -0.001793682 -0.2095968
v 0.000686152 -0.001793682 -0.209629
v 0.000663613 -0.00196737 -0.2097218
v 0.000804841 -0.00196737 -0.2097593
v 0.000775672 -0.002137005 -0.20986
v 0.000910489 -0.002137005 -0.2099022
v 0.000874098 -0.00230199 -0.2100102
v 0.00100249 -0.00230199 -0.2100567
v 0.000958282 -0.002461552 -0.2101712
v 0.001079559 -0.002461552 -0.2102211
v 0.001027047 -0.002614915 -0.2103414
v 0.001140892 -0.002614915 -0.210394
v 0.001079797 -0.002761483 -0.2105191
v 0.001186013 -0.002761483 -0.2105739
v 0.001115977 -0.00290066 -0.2107027
v 0.001214027 -0.00290066 -0.2107588
v 0.001134991 -0.003031909 -0.2108902
v 0.001225233 -0.003031909 -0.2109472
v 0.001137197 -0.003154754 -0.2110802
v 0.001218855 -0.003154754 -0.2111368
v 0.001121938 -0.003268778 -0.2112703
v 0.001195788 -0.003268778 -0.2113264
v 0.001090288 -0.003373622 -0.2114592
v 0.001155555 -0.003373622 -0.2115134
v 0.001041769 -0.003469049 -0.2116446
v 0.001099526 -0.003469049 -0.2116969
v 0.000977991 -0.00355494 -0.2118254
v 0.001027524 -0.00355494 -0.2118743
v 0.000898824 -0.003631174 -0.2119991
v 0.000941345 -0.003631174 -0.2120449
v 0.000806036 -0.003697693 -0.2121652
v 0.000841098 -0.003697693 -0.2122064
v 0.000700019 -0.003754615 -0.2123213
v 0.000728742 -0.003754615 -0.2123582
v 0.000582605 -0.003802001 -0.212467
v 0.000604853 -0.003802001 -0.2124982
v 0.000454535 -0.003840148 -0.2126004
v 0.000471364 -0.003840148 -0.2126263
v 0.000317645 -0.003869235 -0.2127214
v 0.00032921 -0.003869235 -0.212741
v 0.000172998 -0.00388956 -0.2128285
v 0.000180192 -0.00388956 -0.2128419
v 2.22981e-05 -0.003901481 -0.2129216
v 2.55154e-05 -0.003901481 -0.2129283
v -0.000306732 0.003901481 -0.2129862
v -0.000305964 0.003901481 -0.2129787
v -0.00048145 0.00388956 -0.212957
v -0.000479266 0.00388956 -0.2129421
v -0.000655854 0.003869235 -0.2129125
v -0.000651575 0.003869235 -0.21289
v -0.000828331 0.003840148 -0.2128525
v -0.000821329 0.003840148 -0.2128226
v -0.000997337 0.003802001 -0.2127772
v -0.000986884 0.003802001 -0.21274
v -0.001161158 0.003754615 -0.212687
v -0.001146674 0.003754615 -0.2126428
v -0.001318275 0.003697693 -0.2125824
v -0.001299083 0.003697693 -0.2125315
v -0.001467049 0.003631174 -0.212464
v -0.001442611 0.003631174 -0.2124068
v -0.001605927 0.00355494 -0.2123328
v -0.001575767 0.00355494 -0.2122698
v -0.001733541 0.003469049 -0.2121899
v -0.001697003 0.003469049 -0.2121214
v -0.001848399 0.003373622 -0.2120363
v -0.001805186 0.003373622 -0.2119632
v -0.001949369 0.003268778 -0.2118738
v -0.001898884 0.003268778 -0.2117961
v -0.0020352 0.003154754 -0.2117032
v -0.001977443 0.003154754 -0.2116223
v -0.002105295 0.003031909 -0.2115269
v -0.002039551 0.003031909 -0.2114427
v -0.002158343 0.00290066 -0.2113457
v -0.002085149 0.00290066 -0.2112599
v -0.002194583 0.002761483 -0.2111624
v -0.002112805 0.002761483 -0.2110746
v -0.002212643 0.002614915 -0.2109776
v -0.002123653 0.002614915 -0.2108899
v -0.002213656 0.002461552 -0.2107945
v -0.002115845 0.002461552 -0.2107061
v -0.002196192 0.00230199 -0.2106132
v -0.002091646 0.00230199 -0.2105267
v -0.002162396 0.002137005 -0.2104373
v -0.002048969 0.002137005 -0.2103515
v -0.002110421 0.00196737 -0.2102665
v -0.001991152 0.00196737 -0.210184
v -0.002043724 0.001793682 -0.2101044
v -0.001915812 0.001793682 -0.2100239
v -0.001959919 0.001616835 -0.2099502
v -0.001827359 0.001616835 -0.2098746
v -0.001863658 0.001437544 -0.2098076
v -0.001722872 0.001437544 -0.2097352
v -0.001751959 0.001256525 -0.2096754
v -0.001607954 0.001256525 -0.209609
v -0.001630663 0.001074552 -0.2095569
v -0.001481533 0.001074552 -0.2094958
v -0.001498579 0.0008924 -0.2094515
v -0.001342713 0.0008924 -0.2093954
v -0.001354813 0.000710635 -0.2093592
v -0.001197457 0.000710635 -0.2093102
v -0.001205503 0.000529942 -0.2092822
v -0.001042544 0.000529942 -0.2092391
v -0.001047313 0.000350916 -0.2092193
v -0.000884101 0.000350916 -0.2091835
v -0.000886414 0.000174103 -0.2091718
v -0.000719116 0.000174103 -0.2091427
v -0.000719687 0 -0.2091388
v -0.000553126 0 -0.2091172
v -0.000552692 -0.000174103 -0.2091211
v -0.000383676 -0.000174103 -0.2091065
v -0.000382923 -0.000350916 -0.2091184
v -0.000215611 -0.000350916 -0.2091112
v -0.00021518 -0.000529942 -0.2091315
v -4.70898e-05 -0.000529942 -0.2091316
v -4.77348e-05 -0.000710635 -0.2091607
v 0.000117602 -0.000710635 -0.209168
v 0.000115117 -0.0008924 -0.209206
v 0.00027948 -0.0008924 -0.2092204
v 0.000274327 -0.001074552 -0.2092675
v 0.000434916 -0.001074552 -0.2092885
v 0.000426305 -0.001256525 -0.2093448
v 0.000584224 -0.001256525 -0.2093725
v 0.000571315 -0.001437544 -0.2094377
v 0.000724428 -0.001437544 -0.2094715
v 0.000706426 -0.001616835 -0.2095456
v 0.00085524 -0.001616835 -0.2095851
v 0.000831372 -0.001793682 -0.2096676
v 0.000974441 -0.001793682 -0.2097124
v 0.000943973 -0.00196737 -0.2098029
v 0.001081228 -0.00196737 -0.2098525
v 0.001043498 -0.002137005 -0.2099503
v 0.00117433 -0.002137005 -0.210004
v 0.001128673 -0.00230199 -0.2101085
v 0.001252532 -0.00230199 -0.2101657
v 0.001198589 -0.002461552 -0.2102761
v 0.001315236 -0.002461552 -0.2103363
v 0.001252532 -0.002614915 -0.2104516
v 0.00136125 -0.002614915 -0.2105138
v 0.001289546 -0.002761483 -0.2106331
v 0.001390814 -0.002761483 -0.210697
v 0.001309871 -0.00290066 -0.2108193
v 0.001402616 -0.00290066 -0.2108836
v 0.001312553 -0.003031909 -0.2110077
v 0.001397609 -0.003031909 -0.2110722
v 0.001298367 -0.003154754 -0.2111971
v 0.001374781 -0.003154754 -0.2112606
v 0.001266717 -0.003268778 -0.2113852
v 0.001335501 -0.003268778 -0.2114475
v 0.001218855 -0.003373622 -0.2115707
v 0.001279175 -0.003373622 -0.2116303
v 0.001154482 -0.003469049 -0.2117512
v 0.00120753 -0.003469049 -0.2118083
v 0.001075327 -0.00355494 -0.2119258
v 0.001120388 -0.00355494 -0.2119788
v 0.000981423 -0.003631174 -0.2120921
v 0.001019835 -0.003631174 -0.2121414
v 0.000874697 -0.003697693 -0.2122495
v 0.000906004 -0.003697693 -0.2122935
v 0.000755535 -0.003754615 -0.2123958
v 0.000780992 -0.003754615 -0.2124351
v 0.000626001 -0.003802001 -0.2125309
v 0.000645442 -0.003802001 -0.2125639
v 0.000486851 -0.003840148 -0.2126527
v 0.000501389 -0.003840148 -0.2126801
v 0.000340053 -0.003869235 -0.2127614
v 0.000349838 -0.003869235 -0.2127819
v 0.000186674 -0.00388956 -0.2128555
v -0.000304884 0.003901481 -0.2129712
v -0.000303486 0.003901481 -0.2129638
v -0.000476445 0.00388956 -0.2129271
v -0.00047297 0.00388956 -0.2129123
v -0.00064635 0.003869235 -0.2128677
v -0.000640123 0.003869235 -0.2128456
v -0.000812992 0.003840148 -0.2127929
v -0.000803414 0.003840148 -0.2127638
v -0.000974835 0.003802001 -0.2127034
v -0.000961235 0.003802001 -0.2126672
v -0.001130282 0.003754615 -0.2125993
v -0.001111984 0.003754615 -0.2125566
v -0.001277744 0.003697693 -0.2124815
v -0.00125426 0.003697693 -0.2124325
v -0.001415789 0.003631174 -0.2123508
v -0.001386463 0.003631174 -0.2122958
v -0.001542806 0.00355494 -0.212208
v -0.001507282 0.00355494 -0.2121479
v -0.001657605 0.003469049 -0.2120547
v -0.001615166 0.003469049 -0.2119895
v -0.001758694 0.003373622 -0.2118917
v -0.001709342 0.003373622 -0.2118226
v -0.0018453 0.003268778 -0.2117211
v -0.001788198 0.003268778 -0.211648
v -0.001915991 0.003154754 -0.2115436
v -0.001851558 0.003154754 -0.2114682
v -0.001970648 0.003031909 -0.211362
v -0.001897811 0.003031909 -0.2112838
v -0.002007782 0.00290066 -0.2111768
v -0.001927495 0.00290066 -0.2110978
v -0.002028107 0.002761483 -0.2109912
v -0.001938998 0.002761483 -0.2109107
v -0.002030014 0.002614915 -0.2108054
v -0.001933872 0.002614915 -0.2107259
v -0.002015352 0.002461552 -0.210623
v -0.00191015 0.002461552 -0.2105433
v -0.001982152 0.00230199 -0.2104438
v -0.001870632 0.00230199 -0.2103667
v -0.001933395 0.002137005 -0.2102715
v -0.001812875 0.002137005 -0.2101958
v -0.001866757 0.00196737 -0.2101058
v -0.001740932 0.00196737 -0.210034
v -0.00178641 0.001793682 -0.2099502
v -0.001651883 0.001793682 -0.209881
v -0.001689493 0.001616835 -0.2098038
v -0.001551032 0.001616835 -0.20974
v -0.00158143 0.001437544 -0.2096701
v -0.001437187 0.001437544 -0.209611
v -0.001461088 0.001256525 -0.2095489
v -0.001309514 0.001256525 -0.2094943
v -0.001327574 0.001074552 -0.2094404
v -0.001173734 0.001074552 -0.2093924
v -0.001186907 0.0008924 -0.2093468
v -0.001026749 0.0008924 -0.2093044
v -0.001035749 0.000710635 -0.2092673
v -0.000874573 0.000710635 -0.209232
v -0.000880189 0.000529942 -0.2092035
v -0.00071426 0.000529942 -0.2091745
v -0.000717325 0.000350916 -0.2091545
v -0.000551415 0.000350916 -0.2091329
v -0.000552692 0.000174103 -0.2091211
v -0.000383676 0.000174103 -0.2091065
v -0.000383922 0 -0.2091026
v -0.000215945 0 -0.2090954
v -0.000215848 -0.000174103 -0.2090993
v -4.6375e-05 -0.000174103 -0.2090994
v -4.66343e-05 -0.000350916 -0.2091113
v 0.000120829 -0.000350916 -0.2091187
v 0.000119494 -0.000529942 -0.2091389
v 0.000286785 -0.000529942 -0.2091535
v 0.000283621 -0.000710635 -0.2091825
v 0.000447879 -0.000710635 -0.209204
v 0.000442091 -0.0008924 -0.2092416
v 0.000604479 -0.0008924 -0.2092701
v 0.000595268 -0.001074552 -0.2093166
v 0.000753581 -0.001074552 -0.2093515
v 0.000740152 -0.001256525 -0.2094068
v 0.000894942 -0.001256525 -0.209448
v 0.000876439 -0.001437544 -0.2095119
v 0.001026153 -0.001437544 -0.2095588
v 0.001001834 -0.001616835 -0.209631
v 0.001146554 -0.001616835 -0.2096833
v 0.00111562 -0.001793682 -0.2097634
v 0.001254439 -0.001793682 -0.2098205
v 0.001216232 -0.00196737 -0.2099079
v 0.001348614 -0.00196737 -0.2099692
v 0.001302599 -0.002137005 -0.2100633
v 0.001428365 -0.002137005 -0.2101283
v 0.001373887 -0.00230199 -0.2102284
v 0.001492142 -0.00230199 -0.2102961
v 0.001428902 -0.002461552 -0.2104014
v 0.001540005 -0.002461552 -0.2104715
v 0.001467585 -0.002614915 -0.2105809
v 0.001570463 -0.002614915 -0.2106522
v 0.001488745 -0.002761483 -0.2107649
v 0.001584112 -0.002761483 -0.2108373
v 0.001492977 -0.00290066 -0.2109521
v 0.001579761 -0.00290066 -0.2110241
v 0.001479268 -0.003031909 -0.21114
v 0.001558482 -0.003031909 -0.2112118
v 0.00144881 -0.003154754 -0.2113277
v 0.001519381 -0.003154754 -0.2113973
v 0.001400947 -0.003268778 -0.2115122
v 0.001464188 -0.003268778 -0.2115802
v 0.001337349 -0.003373622 -0.211693
v 0.001392185 -0.003373622 -0.2117574
v 0.001257538 -0.003469049 -0.2118671
v 0.00130552 -0.003469049 -0.2119287
v 0.001163661 -0.00355494 -0.2120343
v 0.001203954 -0.00355494 -0.2120909
v 0.001055657 -0.003631174 -0.2121918
v 0.001089692 -0.003631174 -0.2122443
v 0.000935781 -0.003697693 -0.2123394
v 0.000963155 -0.003697693 -0.2123859
v 0.000804411 -0.003754615 -0.2124748
v 0.000826396 -0.003754615 -0.2125162
v 0.000663698 -0.003802001 -0.2125982
v 0.000514522 -0.003840148 -0.2127075
v -0.000301766 0.003901481 -0.2129565
v -0.000299726 0.003901481 -0.2129492
v -0.000468865 0.00388956 -0.2128977
v -0.000464144 0.00388956 -0.2128833
v -0.000632997 0.003869235 -0.2128238
v -0.000624904 0.003869235 -0.2128024
v -0.000792577 0.003840148 -0.212735
v -0.000780495 0.003840148 -0.2127068
v -0.000946076 0.003802001 -0.2126317
v -0.000929396 0.003802001 -0.212597
v -0.001091897 0.003754615 -0.2125146
v -0.001070022 0.003754615 -0.2124736
v -0.00122863 0.003697693 -0.2123845
v -0.001201033 0.003697693 -0.2123378
v -0.001354873 0.003631174 -0.2122424
v -0.001320898 0.003631174 -0.2121902
v -0.001469075 0.00355494 -0.2120891
v -0.001428544 0.00355494 -0.2120323
v -0.001570224 0.003469049 -0.2119265
v -0.001522302 0.003469049 -0.2118652
v -0.00165683 0.003373622 -0.2117553
v -0.001601755 0.003373622 -0.2116909
v -0.001728415 0.003268778 -0.2115779
v -0.001665174 0.003268778 -0.21151
v -0.00178343 0.003154754 -0.211395
v -0.001712799 0.003154754 -0.2113254
v -0.001822292 0.003031909 -0.2112094
v -0.001742839 0.003031909 -0.2111377
v -0.001843154 0.00290066 -0.2110216
v -0.001756489 0.00290066 -0.2109499
v -0.001847505 0.002761483 -0.210835
v -0.001751661 0.002761483 -0.2107625
v -0.00183326 0.002614915 -0.2106497
v -0.00173068 0.002614915 -0.2105788
v -0.00180298 0.002461552 -0.2104693
v -0.001691162 0.002461552 -0.2103989
v -0.001754283 0.00230199 -0.2102935
v -0.001636624 0.00230199 -0.2102265
v -0.001690983 0.002137005 -0.2101262
v -0.001564204 0.002137005 -0.2100611
v -0.0016101 0.00196737 -0.2099668
v -0.001478672 0.00196737 -0.2099062
v -0.001516759 0.001793682 -0.2098187
v -0.001379013 0.001793682 -0.2097623
v -0.001409828 0.001616835 -0.2096821
v -0.001264095 0.001616835 -0.2096297
v -0.001288354 0.001437544 -0.2095574
v -0.001139521 0.001437544 -0.209511
v -0.001157999 0.001256525 -0.2094471
v -0.001002252 0.001256525 -0.2094058
v -0.001015603 0.001074552 -0.2093505
v -0.000858061 0.001074552 -0.209316
v -0.000867216 0.0008924 -0.2092694
v -0.00070417 0.0008924 -0.209241
v -0.000709888 0.000710635 -0.2092033
v -0.000546113 0.000710635 -0.209182
v -0.000549228 0.000529942 -0.2091531
v -0.000381609 0.000529942 -0.2091386
v -0.000382923 0.000350916 -0.2091184
v -0.000215611 0.000350916 -0.2091112
v -0.000215848 0.000174103 -0.2090993
v -4.6375e-05 0.000174103 -0.2090994
v -4.6293e-05 0 -0.2090955
v 0.000121858 0 -0.2091029
v 0.000121607 -0.000174103 -0.2091068
v 0.000290288 -0.000174103 -0.2091215
v 0.000288981 -0.000350916 -0.2091333
v 0.000455337 -0.000350916 -0.2091552
v 0.000452259 -0.000529942 -0.2091752
v 0.000617519 -0.000529942 -0.2092042
v 0.000611881 -0.000710635 -0.2092327
v 0.0007738 -0.000710635 -0.2092684
v 0.000764794 -0.0008924 -0.2093054
v 0.000923952 -0.0008924 -0.2093478
v 0.000910754 -0.001074552 -0.2093933
v 0.001065552 -0.001074552 -0.2094419
v 0.001047432 -0.001256525 -0.2094957
v 0.001197934 -0.001256525 -0.2095501
v 0.001173973 -0.001437544 -0.2096122
v 0.001319229 -0.001437544 -0.2096719
v 0.001288771 -0.001616835 -0.2097417
v 0.001428306 -0.001616835 -0.2098063
v 0.001390576 -0.001793682 -0.2098834
v 0.001524031 -0.001793682 -0.2099523
v 0.001478433 -0.00196737 -0.2100362
v 0.001604914 -0.00196737 -0.2101085
v 0.001550912 -0.002137005 -0.2101984
v 0.001670718 -0.002137005 -0.210274
v 0.001607835 -0.00230199 -0.2103691
v 0.001719713 -0.00230199 -0.2104466
v 0.001647531 -0.002461552 -0.210546
v 0.001752316 -0.002461552 -0.2106255
v 0.001670658 -0.002614915 -0.2107284
v 0.00176692 -0.002614915 -0.2108082
v 0.001675724 -0.002761483 -0.2109134
v 0.001764655 -0.002761483 -0.2109939
v 0.001663863 -0.00290066 -0.2111003
v 0.001744031 -0.00290066 -0.2111795
v 0.001633882 -0.003031909 -0.2112863
v 0.001706719 -0.003031909 -0.2113647
v 0.00158745 -0.003154754 -0.2114707
v 0.001651644 -0.003154754 -0.2115461
v 0.001523733 -0.003268778 -0.2116503
v 0.001580893 -0.003268778 -0.2117236
v 0.001444816 -0.003373622 -0.211825
v 0.001493811 -0.003373622 -0.2118939
v 0.001350224 -0.003469049 -0.2119915
v 0.001392722 -0.003469049 -0.2120571
v 0.00124228 -0.00355494 -0.21215
v 0.001277506 -0.00355494 -0.2122098
v 0.001121044 -0.003631174 -0.2122974
v 0.001150488 -0.003631174 -0.2123528
v 0.000988868 -0.003697693 -0.2124343
v 0.000846263 -0.003754615 -0.2125578
v -0.000297373 0.003901481 -0.2129421
v -0.000294718 0.003901481 -0.212935
v -0.000458788 0.00388956 -0.2128691
v -0.000452826 0.00388956 -0.2128552
v -0.000615901 0.003869235 -0.2127813
v -0.000605995 0.003869235 -0.2127606
v -0.000767216 0.003840148 -0.212679
v -0.000752724 0.003840148 -0.2126519
v -0.000911207 0.003802001 -0.2125629
v -0.000891601 0.003802001 -0.2125297
v -0.001046419 0.003754615 -0.2124336
v -0.001021027 0.003754615 -0.2123946
v -0.00117135 0.003697693 -0.2122921
v -0.001139879 0.003697693 -0.212248
v -0.001284837 0.003631174 -0.2121397
v -0.001246452 0.003631174 -0.2120905
v -0.001385331 0.00355494 -0.2119771
v -0.001340091 0.00355494 -0.2119241
v -0.001472115 0.003469049 -0.2118064
v -0.001419067 0.003469049 -0.2117494
v -0.001543521 0.003373622 -0.2116283
v -0.001483142 0.003373622 -0.2115688
v -0.001599609 0.003268778 -0.2114454
v -0.001530647 0.003268778 -0.2113832
v -0.001638531 0.003154754 -0.2112584
v -0.001562237 0.003154754 -0.2111952
v -0.001661241 0.003031909 -0.2110701
v -0.001575887 0.003031909 -0.2110055
v -0.001665771 0.00290066 -0.2108812
v -0.001573324 0.00290066 -0.2108173
v -0.001654028 0.002761483 -0.210695
v -0.001552224 0.002761483 -0.2106309
v -0.001623749 0.002614915 -0.2105115
v -0.001515567 0.002614915 -0.2104498
v -0.001578092 0.002461552 -0.2103344
v -0.001460552 0.002461552 -0.210274
v -0.001514315 0.00230199 -0.2101635
v -0.00139141 0.00230199 -0.2101069
v -0.001436889 0.002137005 -0.2100024
v -0.00130707 0.002137005 -0.2099492
v -0.00134468 0.00196737 -0.2098513
v -0.001206398 0.00196737 -0.2098016
v -0.001236736 0.001793682 -0.2097111
v -0.001094579 0.001793682 -0.2096667
v -0.001118421 0.001616835 -0.2095842
v -0.000968704 0.001616835 -0.2095445
v -0.000986624 0.001437544 -0.2094705
v -0.000834216 0.001437544 -0.2094371
v -0.000847063 0.001256525 -0.2093718
v -0.000688507 0.001256525 -0.2093442
v -0.000697041 0.001074552 -0.2092879
v -0.000536911 0.001074552 -0.2092671
v -0.000542009 0.0008924 -0.2092199
v -0.000377298 0.0008924 -0.2092057
v -0.000379753 0.000710635 -0.2091677
v -0.000214547 0.000710635 -0.2091606
v -0.00021518 0.000529942 -0.2091315
v -4.70898e-05 0.000529942 -0.2091316
v -4.66343e-05 0.000350916 -0.2091113
v 0.000120829 0.000350916 -0.2091187
v 0.000121607 0.000174103 -0.2091068
v 0.000290288 0.000174103 -0.2091215
v 0.000290698 0 -0.2091176
v 0.000457736 0 -0.2091395
v 0.000457135 -0.000174103 -0.2091434
v 0.000623761 -0.000174103 -0.2091726
v 0.000621451 -0.000350916 -0.2091842
v 0.000785456 -0.000350916 -0.2092204
v 0.000780648 -0.000529942 -0.2092401
v 0.000942626 -0.000529942 -0.2092832
v 0.000934556 -0.000710635 -0.2093111
v 0.00109291 -0.000710635 -0.2093607
v 0.001080751 -0.0008924 -0.2093969
v 0.001235485 -0.0008924 -0.2094528
v 0.001218438 -0.001074552 -0.209497
v 0.001368641 -0.001074552 -0.2095587
v 0.001345872 -0.001256525 -0.2096109
v 0.00149101 -0.001256525 -0.209678
v 0.001461744 -0.001437544 -0.2097378
v 0.001601457 -0.001437544 -0.2098099
v 0.001565098 -0.001616835 -0.2098768
v 0.001698374 -0.001616835 -0.2099531
v 0.001654088 -0.001793682 -0.2100267
v 0.001781225 -0.001793682 -0.2101069
v 0.001728594 -0.00196737 -0.2101866
v 0.00184822 -0.00196737 -0.2102695
v 0.001786649 -0.002137005 -0.2103543
v 0.0018996 -0.002137005 -0.2104401
v 0.00182867 -0.00230199 -0.2105294
v 0.001933336 -0.00230199 -0.2106162
v 0.001852929 -0.002461552 -0.210709
v 0.001950442 -0.002461552 -0.2107974
v 0.00186026 -0.002614915 -0.2108927
v 0.001949191 -0.002614915 -0.2109805
v 0.001849234 -0.002761483 -0.2110775
v 0.001930892 -0.002761483 -0.2111654
v 0.001821339 -0.00290066 -0.2112628
v 0.001894235 -0.00290066 -0.2113485
v 0.001775324 -0.003031909 -0.2114453
v 0.001841127 -0.003031909 -0.2115299
v 0.001713216 -0.003154754 -0.2116251
v 0.001770615 -0.003154754 -0.2117058
v 0.00163418 -0.003268778 -0.2117985
v 0.001684784 -0.003268778 -0.2118766
v 0.001540422 -0.003373622 -0.2119657
v 0.001583337 -0.003373622 -0.2120386
v 0.001431822 -0.003469049 -0.2121234
v 0.001468479 -0.003469049 -0.2121925
v 0.001310586 -0.00355494 -0.2122721
v 0.001340448 -0.00355494 -0.2123347
v 0.001177072 -0.003631174 -0.2124084
v -0.00029176 0.003901481 -0.2129281
v -0.000288498 0.003901481 -0.2129213
v -0.000446267 0.00388956 -0.2128415
v -0.00043911 0.00388956 -0.212828
v -0.00059519 0.003869235 -0.2127404
v -0.00058356 0.003869235 -0.2127206
v -0.00073711 0.003840148 -0.2126255
v -0.000720318 0.003840148 -0.2125996
v -0.000870503 0.003802001 -0.2124972
v -0.000848136 0.003802001 -0.2124659
v -0.000994109 0.003754615 -0.2123569
v -0.000965398 0.003754615 -0.2123201
v -0.001106321 0.003697693 -0.212205
v -0.001071155 0.003697693 -0.2121638
v -0.001206219 0.003631174 -0.2120434
v -0.001163721 0.003631174 -0.2119977
v -0.001292228 0.00355494 -0.2118726
v -0.001242637 0.00355494 -0.2118238
v -0.001363992 0.003469049 -0.2116951
v -0.001306116 0.003469049 -0.2116429
v -0.001419663 0.003373622 -0.2115115
v -0.001354455 0.003373622 -0.2114576
v -0.001459836 0.003268778 -0.2113245
v -0.001385688 0.003268778 -0.2112684
v -0.001482367 0.003154754 -0.2111347
v -0.001400947 0.003154754 -0.2110785
v -0.001488804 0.003031909 -0.2109454
v -0.001398086 0.003031909 -0.2108882
v -0.001476883 0.00290066 -0.2107567
v -0.00137937 0.00290066 -0.2107011
v -0.001449227 0.002761483 -0.2105722
v -0.001342117 0.002761483 -0.2105171
v -0.001403093 0.002614915 -0.210392
v -0.001290082 0.002614915 -0.2103399
v -0.001342415 0.002461552 -0.2102196
v -0.001222014 0.002461552 -0.2101702
v -0.001266121 0.00230199 -0.2100556
v -0.001136779 0.00230199 -0.210009
v -0.001173019 0.002137005 -0.209901
v -0.001039087 0.002137005 -0.2098592
v -0.001068174 0.00196737 -0.2097585
v -0.000926083 0.00196737 -0.2097208
v -0.000948525 0.001793682 -0.2096281
v -0.000802919 0.001793682 -0.2095961
v -0.000819493 0.001616835 -0.2095118
v -0.00066707 0.001616835 -0.2094853
v -0.000678511 0.001437544 -0.20941
v -0.000523639 0.001437544 -0.2093898
v -0.000530788 0.001256525 -0.2093237
v -0.000370582 0.001256525 -0.2093098
v -0.000374248 0.001074552 -0.209253
v -0.000212758 0.001074552 -0.2092462
v -0.000213755 0.0008924 -0.2091987
v -4.85885e-05 0.0008924 -0.2091988
v -4.77348e-05 0.000710635 -0.2091607
v 0.000117602 0.000710635 -0.209168
v 0.000119494 0.000529942 -0.2091389
v 0.000286785 0.000529942 -0.2091535
v 0.000288981 0.000350916 -0.2091333
v 0.000455337 0.000350916 -0.2091552
v 0.000457135 0.000174103 -0.2091434
v 0.000623761 0.000174103 -0.2091726
v 0.000624521 0 -0.2091687
v 0.00078919 0 -0.209205
v 0.000788279 -0.000174103 -0.2092088
v 0.00095159 -0.000174103 -0.2092522
v 0.000948283 -0.000350916 -0.2092637
v 0.001108705 -0.000350916 -0.2093139
v 0.001102149 -0.000529942 -0.2093332
v 0.001259684 -0.000529942 -0.2093901
v 0.001249194 -0.000710635 -0.2094172
v 0.001402854 -0.000710635 -0.2094804
v 0.001387596 -0.0008924 -0.2095153
v 0.001536786 -0.0008924 -0.2095843
v 0.001515984 -0.001074552 -0.2096269
v 0.001660466 -0.001074552 -0.2097014
v 0.001633286 -0.001256525 -0.2097514
v 0.001771926 -0.001256525 -0.2098308
v 0.001737594 -0.001437544 -0.2098878
v 0.001870691 -0.001437544 -0.2099717
v 0.00182867 -0.001616835 -0.2100353
v 0.001954734 -0.001616835 -0.2101227
v 0.001904308 -0.001793682 -0.2101922
v 0.002024114 -0.001793682 -0.2102832
v 0.001964807 -0.00196737 -0.210358
v 0.002076745 -0.00196737 -0.2104508
v 0.00200802 -0.002137005 -0.2105301
v 0.002113223 -0.002137005 -0.2106254
v 0.002034902 -0.00230199 -0.2107082
v 0.002131581 -0.00230199 -0.2108037
v 0.002043366 -0.002461552 -0.2108892
v 0.002133071 -0.002461552 -0.2109857
v 0.002034962 -0.002614915 -0.2110729
v 0.002115845 -0.002614915 -0.211168
v 0.002007901 -0.002761483 -0.2112559
v 0.002081751 -0.002761483 -0.2113507
v 0.001964151 -0.00290066 -0.2114382
v 0.002029359 -0.00290066 -0.2115298
v 0.00190252 -0.003031909 -0.211616
v 0.001960813 -0.003031909 -0.211706
v 0.001825153 -0.003154754 -0.2117899
v 0.001875281 -0.003154754 -0.211875
v 0.001731336 -0.003268778 -0.2119557
v 0.001775085 -0.003268778 -0.2120379
v 0.00162357 -0.003373622 -0.2121143
v 0.001501679 -0.003469049 -0.2122619
v -0.000284954 0.003901481 -0.2129147
v -0.000281125 0.003901481 -0.2129082
v -0.000431404 0.00388956 -0.212815
v -0.00042311 0.00388956 -0.2128022
v -0.000571036 0.003869235 -0.2127014
v -0.000557756 0.003869235 -0.2126828
v -0.000702514 0.003840148 -0.2125747
v -0.00068352 0.003840148 -0.2125504
v -0.000824313 0.003802001 -0.2124354
v -0.000799328 0.003802001 -0.2124061
v -0.000935329 0.003754615 -0.2122849
v -0.000903536 0.003754615 -0.2122507
v -0.001033961 0.003697693 -0.2121239
v -0.000995426 0.003697693 -0.2120859
v -0.001119613 0.003631174 -0.2119542
v -0.001073241 0.003631174 -0.2119123
v -0.001190483 0.00355494 -0.2117767
v -0.001136839 0.00355494 -0.2117323
v -0.00124669 0.003469049 -0.2115937
v -0.001184403 0.003469049 -0.2115466
v -0.001286208 0.003373622 -0.2114059
v -0.00121665 0.003373622 -0.2113578
v -0.00131011 0.003268778 -0.2112162
v -0.001231312 0.003268778 -0.2111666
v -0.00131607 0.003154754 -0.2110251
v -0.001230239 0.003154754 -0.2109761
v -0.001306235 0.003031909 -0.2108359
v -0.001210808 0.003031909 -0.2107868
v -0.001277923 0.00290066 -0.2106489
v -0.001176059 0.00290066 -0.210602
v -0.001234531 0.002761483 -0.2104675
v -0.001124858 0.002761483 -0.2104226
v -0.001174867 0.002614915 -0.2102927
v -0.001055955 0.002614915 -0.2102499
v -0.001097679 0.002461552 -0.2101255
v -0.000973484 0.002461552 -0.2100868
v -0.001007497 0.00230199 -0.2099688
v -0.000874641 0.00230199 -0.2099335
v -0.00090145 0.002137005 -0.2098227
v -0.00076426 0.002137005 -0.2097927
v -0.000784508 0.00196737 -0.2096897
v -0.000639825 0.00196737 -0.2096645
v -0.000654172 0.001793682 -0.2095702
v -0.000506202 0.001793682 -0.209551
v -0.000515444 0.001616835 -0.2094656
v -0.000361435 0.001616835 -0.2094523
v -0.000366312 0.001437544 -0.2093762
v -0.000210138 0.001437544 -0.2093695
v -0.000211534 0.001256525 -0.209303
v -5.0907e-05 0.001256525 -0.2093032
v -4.96407e-05 0.001074552 -0.2092462
v 0.000112013 0.001074552 -0.2092533
v 0.000115117 0.0008924 -0.209206
v 0.00027948 0.0008924 -0.2092204
v 0.000283621 0.000710635 -0.2091825
v 0.000447879 0.000710635 -0.209204
v 0.000452259 0.000529942 -0.2091752
v 0.000617519 0.000529942 -0.2092042
v 0.000621451 0.000350916 -0.2091842
v 0.000785456 0.000350916 -0.2092204
v 0.000788279 0.000174103 -0.2092088
v 0.00095159 0.000174103 -0.2092522
v 0.000952672 0 -0.2092486
v 0.001113712 0 -0.209299
v 0.001112461 -0.000174103 -0.2093026
v 0.001271307 -0.000174103 -0.20936
v 0.001266956 -0.000350916 -0.2093711
v 0.001422643 -0.000350916 -0.2094351
v 0.001414477 -0.000529942 -0.2094537
v 0.00156635 -0.000529942 -0.2095239
v 0.001553535 -0.000710635 -0.20955
v 0.001701354 -0.000710635 -0.2096263
v 0.001683115 -0.0008924 -0.2096598
v 0.00182563 -0.0008924 -0.2097413
v 0.001801192 -0.001074552 -0.209782
v 0.001938819 -0.001074552 -0.2098688
v 0.001907408 -0.001256525 -0.2099162
v 0.002038538 -0.001256525 -0.2100072
v 0.001999497 -0.001437544 -0.210061
v 0.002124965 -0.001437544 -0.2101563
v 0.002077579 -0.001616835 -0.210216
v 0.002195477 -0.001616835 -0.2103139
v 0.00213927 -0.001793682 -0.2103787
v 0.00225085 -0.001793682 -0.2104799
v 0.002185285 -0.00196737 -0.2105492
v 0.002288699 -0.00196737 -0.2106513
v 0.002213418 -0.002137005 -0.2107243
v 0.002310037 -0.002137005 -0.2108284
v 0.002224862 -0.00230199 -0.2109042
v 0.002312839 -0.00230199 -0.2110075
v 0.00221759 -0.002461552 -0.2110852
v 0.002298653 -0.002461552 -0.2111892
v 0.002193391 -0.002614915 -0.2112675
v 0.002265691 -0.002614915 -0.2113692
v 0.002150595 -0.002761483 -0.2114474
v 0.002216041 -0.002761483 -0.2115483
v 0.002091348 -0.00290066 -0.2116253
v 0.00214827 -0.00290066 -0.2117221
v 0.002014458 -0.003031909 -0.2117971
v 0.002064824 -0.003031909 -0.2118918
v 0.001922428 -0.003154754 -0.2119637
v 0.001814603 -0.003268778 -0.2121207
v -0.000277021 0.003901481 -0.2129018
v -0.000272653 0.003901481 -0.2128958
v -0.000414314 0.00388956 -0.21279
v -0.00040494 0.00388956 -0.2127779
v -0.000543581 0.003869235 -0.2126647
v -0.000528758 0.003869235 -0.2126473
v -0.000663651 0.003840148 -0.2125271
v -0.000642601 0.003840148 -0.2125045
v -0.000772917 0.003802001 -0.2123777
v -0.000745523 0.003802001 -0.2123508
v -0.000870564 0.003754615 -0.2122183
v -0.000835898 0.003754615 -0.2121869
v -0.000954874 0.003697693 -0.2120493
v -0.00091323 0.003697693 -0.2120149
v -0.001025557 0.003631174 -0.2118729
v -0.000975714 0.003631174 -0.2118352
v -0.001080811 0.00355494 -0.2116899
v -0.00102359 0.00355494 -0.2116504
v -0.001120984 0.003469049 -0.2115027
v -0.001054883 0.003469049 -0.2114611
v -0.001144111 0.003373622 -0.2113122
v -0.001070737 0.003373622 -0.2112703
v -0.001151621 0.003268778 -0.2111212
v -0.001068711 0.003268778 -0.2110785
v -0.001140952 0.003154754 -0.2109302
v -0.001051306 0.003154754 -0.2108889
v -0.001114904 0.003031909 -0.2107427
v -0.001017153 0.003031909 -0.2107026
v -0.001072227 0.00290066 -0.2105594
v -0.000965058 0.00290066 -0.2105209
v -0.001011669 0.002761483 -0.2103819
v -0.000898536 0.002761483 -0.2103466
v -0.000937103 0.002614915 -0.2102128
v -0.000814926 0.002614915 -0.2101805
v -0.000845781 0.002461552 -0.2100529
v -0.00071854 0.002461552 -0.210025
v -0.000742243 0.00230199 -0.2099045
v -0.000606962 0.00230199 -0.2098809
v -0.000624089 0.002137005 -0.2097682
v -0.000484666 0.002137005 -0.2097501
v -0.00049594 0.00196737 -0.2096458
v -0.000349774 0.00196737 -0.2096332
v -0.000355909 0.001793682 -0.209538
v -0.000206696 0.001793682 -0.2095316
v -0.000208515 0.001616835 -0.2094458
v -5.4075e-05 0.001616835 -0.2094458
v -5.23933e-05 0.001437544 -0.2093697
v 0.000103946 0.001437544 -0.2093765
v 0.0001083 0.001256525 -0.2093101
v 0.000268162 0.001256525 -0.2093241
v 0.000274327 0.001074552 -0.2092675
v 0.000434916 0.001074552 -0.2092885
v 0.000442091 0.0008924 -0.2092416
v 0.000604479 0.0008924 -0.2092701
v 0.000611881 0.000710635 -0.2092327
v 0.0007738 0.000710635 -0.2092684
v 0.000780648 0.000529942 -0.2092401
v 0.000942626 0.000529942 -0.2092832
v 0.000948283 0.000350916 -0.2092637
v 0.001108705 0.000350916 -0.2093139
v 0.001112461 0.000174103 -0.2093026
v 0.001271307 0.000174103 -0.20936
v 0.001272678 0 -0.2093564
v 0.001428902 0 -0.2094206
v 0.001427352 -0.000174103 -0.2094241
v 0.001580476 -0.000174103 -0.209495
v 0.001575291 -0.000350916 -0.2095056
v 0.001724898 -0.000350916 -0.2095829
v 0.001715242 -0.000529942 -0.2096007
v 0.00186026 -0.000529942 -0.2096837
v 0.0018453 -0.000710635 -0.2097086
v 0.001986026 -0.000710635 -0.2097975
v 0.001964986 -0.0008924 -0.2098293
v 0.002099871 -0.0008924 -0.2099227
v 0.002071976 -0.001074552 -0.2099611
v 0.002201735 -0.001074552 -0.2100596
v 0.00216633 -0.001256525 -0.2101042
v 0.002288997 -0.001256525 -0.210206
v 0.002245426 -0.001437544 -0.2102563
v 0.00236231 -0.001437544 -0.2103621
v 0.002309918 -0.001616835 -0.2104175
v 0.002418816 -0.001616835 -0.2105251
v 0.002357184 -0.001793682 -0.2105849
v 0.002459764 -0.001793682 -0.2106954
v 0.002388417 -0.00196737 -0.2107588
v 0.002482533 -0.00196737 -0.2108693
v 0.002401232 -0.002137005 -0.2109355
v 0.002488613 -0.002137005 -0.2110478
v 0.002397179 -0.00230199 -0.2111158
v 0.002475798 -0.00230199 -0.2112263
v 0.002374231 -0.002461552 -0.2112954
v 0.002446115 -0.002461552 -0.2114062
v 0.002334415 -0.002614915 -0.2114751
v 0.002397596 -0.002614915 -0.2115825
v 0.002276182 -0.002761483 -0.2116505
v 0.002332687 -0.002761483 -0.2117568
v 0.002201795 -0.00290066 -0.2118228
v 0.002110362 -0.003031909 -0.2119871
v -0.000268 0.003901481 -0.2128898
v -0.000263121 0.003901481 -0.2128841
v -0.000395114 0.00388956 -0.2127664
v -0.000384727 0.00388956 -0.2127553
v -0.000513069 0.003869235 -0.2126305
v -0.000496813 0.003869235 -0.2126144
v -0.000620806 0.003840148 -0.212483
v -0.000597889 0.003840148 -0.2124623
v -0.000716751 0.003802001 -0.2123248
v -0.000687169 0.003802001 -0.2123003
v -0.000800264 0.003754615 -0.2121575
v -0.000762992 0.003754615 -0.2121292
v -0.00086963 0.003697693 -0.2119818
v -0.000825205 0.003697693 -0.2119511
v -0.000924885 0.003631174 -0.2118
v -0.000871879 0.003631174 -0.2117667
v -0.00096402 0.00355494 -0.2116129
v -0.000903719 0.00355494 -0.2115785
v -0.000988003 0.003469049 -0.211423
v -0.000918464 0.003469049 -0.2113872
v -0.000994479 0.003373622 -0.2112311
v -0.000917841 0.003373622 -0.2111958
v -0.000985516 0.003268778 -0.2110402
v -0.000900653 0.003268778 -0.2110055
v -0.00095989 0.003154754 -0.2108515
v -0.00086551 0.003154754 -0.2108175
v -0.000916263 0.003031909 -0.2106662
v -0.000815397 0.003031909 -0.2106348
v -0.000857914 0.00290066 -0.2104874
v -0.000747759 0.00290066 -0.2104582
v -0.00078222 0.002761483 -0.2103158
v -0.000666314 0.002761483 -0.2102904
v -0.000693196 0.002614915 -0.2101538
v -0.00056881 0.002614915 -0.2101321
v -0.000588513 0.002461552 -0.2100024
v -0.000459196 0.002461552 -0.2099856
v -0.000472398 0.00230199 -0.2098634
v -0.000335736 0.00230199 -0.2098516
v -0.000343058 0.002137005 -0.2097379
v -0.000202446 0.002137005 -0.2097319
v -0.000204666 0.00196737 -0.209627
v -5.81218e-05 0.00196737 -0.2096272
v -5.59828e-05 0.001793682 -0.2095317
v 9.33603e-05 0.001793682 -0.2095382
v 9.89623e-05 0.001616835 -0.2094526
v 0.00025268 0.001616835 -0.2094659
v 0.000260942 0.001437544 -0.2093902
v 0.000416233 0.001437544 -0.2094106
v 0.000426305 0.001256525 -0.2093448
v 0.000584224 0.001256525 -0.2093725
v 0.000595268 0.001074552 -0.2093166
v 0.000753581 0.001074552 -0.2093515
v 0.000764794 0.0008924 -0.2093054
v 0.000923952 0.0008924 -0.2093478
v 0.000934556 0.000710635 -0.2093111
v 0.00109291 0.000710635 -0.2093607
v 0.001102149 0.000529942 -0.2093332
v 0.001259684 0.000529942 -0.2093901
v 0.001266956 0.000350916 -0.2093711
v 0.001422643 0.000350916 -0.2094351
v 0.001427352 0.000174103 -0.2094241
v 0.001580476 0.000174103 -0.209495
v 0.001582205 0 -0.2094914
v 0.001732468 0 -0.209569
v 0.00173062 -0.000174103 -0.2095724
v 0.00187689 -0.000174103 -0.2096561
v 0.001870751 -0.000350916 -0.2096663
v 0.002013325 -0.000350916 -0.2097563
v 0.00200212 -0.000529942 -0.2097732
v 0.002139329 -0.000529942 -0.2098684
v 0.002122223 -0.000710635 -0.2098919
v 0.002254903 -0.000710635 -0.2099927
v 0.00223124 -0.0008924 -0.2100225
v 0.002357363 -0.0008924 -0.2101272
v 0.002326309 -0.001074552 -0.210163
v 0.002447128 -0.001074552 -0.2102724
v 0.002407968 -0.001256525 -0.2103138
v 0.002521336 -0.001256525 -0.2104257
v 0.002473533 -0.001437544 -0.210472
v 0.00258094 -0.001437544 -0.2105877
v 0.002523958 -0.001616835 -0.2106383
v 0.002623081 -0.001616835 -0.2107548
v 0.002556562 -0.001793682 -0.2108091
v 0.002649247 -0.001793682 -0.2109281
v 0.002572715 -0.00196737 -0.2109851
v 0.002656817 -0.00196737 -0.2111033
v 0.002570092 -0.002137005 -0.2111622
v 0.002647578 -0.002137005 -0.2112817
v 0.002550542 -0.00230199 -0.2113416
v 0.002619266 -0.00230199 -0.2114583
v 0.002512097 -0.002461552 -0.2115184
v 0.002574205 -0.002461552 -0.2116351
v 0.002457022 -0.002614915 -0.2116942
v 0.002383768 -0.002761483 -0.2118637
v -0.000257977 0.003901481 -0.2128785
v -0.000252638 0.003901481 -0.2128733
v -0.000373959 0.00388956 -0.2127447
v -0.00036265 0.00388956 -0.2127345
v -0.000479719 0.003869235 -0.212599
v -0.000462149 0.003869235 -0.2125844
v -0.000574328 0.003840148 -0.2124428
v -0.000549671 0.003840148 -0.2124242
v -0.000656195 0.003802001 -0.2122769
v -0.000624655 0.003802001 -0.2122551
v -0.000724999 0.003754615 -0.212103
v -0.000685364 0.003754615 -0.212078
v -0.000778888 0.003697693 -0.211922
v -0.000732014 0.003697693 -0.2118952
v -0.000818281 0.003631174 -0.2117362
v -0.000762511 0.003631174 -0.2117075
v -0.000841019 0.00355494 -0.2115463
v -0.000778039 0.00355494 -0.2115172
v -0.000848573 0.003469049 -0.211355
v -0.000777346 0.003469049 -0.2113259
v -0.000839714 0.003373622 -0.2111638
v -0.000759043 0.003373622 -0.2111347
v -0.00081303 0.003268778 -0.2109739
v -0.000725466 0.003268778 -0.2109466
v -0.000771172 0.003154754 -0.2107881
v -0.00067422 0.003154754 -0.2107624
v -0.000711714 0.003031909 -0.2106073
v -0.000608403 0.003031909 -0.2105847
v -0.00063803 0.00290066 -0.2104342
v -0.000525886 0.00290066 -0.2104147
v -0.000547912 0.002761483 -0.2102698
v -0.000430127 0.002761483 -0.2102544
v -0.000445096 0.002614915 -0.210116
v -0.000319418 0.002614915 -0.2101052
v -0.000327838 0.002461552 -0.2099742
v -0.000197428 0.002461552 -0.2099686
v -0.000200031 0.00230199 -0.2098459
v -6.29766e-05 0.00230199 -0.2098459
v -6.04517e-05 0.002137005 -0.2097319
v 8.02754e-05 0.002137005 -0.2097381
v 8.71348e-05 0.00196737 -0.2096335
v 0.00023299 0.00196737 -0.2096462
v 0.000243354 0.001793682 -0.2095513
v 0.000391717 0.001793682 -0.2095708
v 0.000404704 0.001616835 -0.2094859
v 0.000556532 0.001616835 -0.2095125
v 0.000571315 0.001437544 -0.2094377
v 0.000724428 0.001437544 -0.2094715
v 0.000740152 0.001256525 -0.2094068
v 0.000894942 0.001256525 -0.209448
v 0.000910754 0.001074552 -0.2093933
v 0.001065552 0.001074552 -0.2094419
v 0.001080751 0.0008924 -0.2093969
v 0.001235485 0.0008924 -0.2094528
v 0.001249194 0.000710635 -0.2094172
v 0.001402854 0.000710635 -0.2094804
v 0.001414477 0.000529942 -0.2094537
v 0.00156635 0.000529942 -0.2095239
v 0.001575291 0.000350916 -0.2095056
v 0.001724898 0.000350916 -0.2095829
v 0.00173062 0.000174103 -0.2095724
v 0.00187689 0.000174103 -0.2096561
v 0.001878917 0 -0.2096527
v 0.002022027 0 -0.2097431
v 0.002019882 -0.000174103 -0.2097463
v 0.002158284 -0.000174103 -0.2098423
v 0.00215125 -0.000350916 -0.2098519
v 0.002285659 -0.000350916 -0.2099539
v 0.002272963 -0.000529942 -0.2099699
v 0.002401351 -0.000529942 -0.2100764
v 0.002382338 -0.000710635 -0.2100983
v 0.002505898 -0.000710635 -0.2102103
v 0.002479732 -0.0008924 -0.210238
v 0.002596199 -0.0008924 -0.2103531
v 0.002562165 -0.001074552 -0.2103861
v 0.002673208 -0.001074552 -0.2105057
v 0.00263065 -0.001256525 -0.2105435
v 0.002733767 -0.001256525 -0.2106646
v 0.002682209 -0.001437544 -0.2107067
v 0.002779304 -0.001437544 -0.2108313
v 0.00271815 -0.001616835 -0.2108768
v 0.002806782 -0.001616835 -0.2110013
v 0.002735733 -0.001793682 -0.2110496
v 0.002817928 -0.001793682 -0.2111764
v 0.002736747 -0.00196737 -0.2112265
v 0.002810239 -0.00196737 -0.2113514
v 0.002718746 -0.002137005 -0.2114027
v 0.002785682 -0.002137005 -0.2115285
v 0.002683877 -0.00230199 -0.2115798
v 0.002630233 -0.002461552 -0.2117524
v -0.000247014 0.003901481 -0.2128682
v -0.000241244 0.003901481 -0.2128635
v -0.000351011 0.00388956 -0.2127248
v -0.000338849 0.00388956 -0.2127156
v -0.000443761 0.003869235 -0.2125706
v -0.000425028 0.003869235 -0.2125576
v -0.000524555 0.003840148 -0.2124068
v -0.000498352 0.003840148 -0.2123903
v -0.000591751 0.003802001 -0.2122344
v -0.000558468 0.003802001 -0.2122154
v -0.000645295 0.003754615 -0.2120552
v -0.000603611 0.003754615 -0.2120338
v -0.000683277 0.003697693 -0.2118702
v -0.000634334 0.003697693 -0.2118477
v -0.000706534 0.003631174 -0.2116817
v -0.000649429 0.003631174 -0.2116583
v -0.000713827 0.00355494 -0.2114909
v -0.000647535 0.00355494 -0.2114671
v -0.000703814 0.003469049 -0.2112994
v -0.000630309 0.003469049 -0.2112765
v -0.000678431 0.003373622 -0.2111096
v -0.000595568 0.003373622 -0.2110877
v -0.000635445 0.003268778 -0.2109227
v -0.000545749 0.003268778 -0.2109031
v -0.000577607 0.003154754 -0.2107412
v -0.000478895 0.003154754 -0.210724
v -0.000502849 0.003031909 -0.2105663
v -0.000397872 0.003031909 -0.2105526
v -0.000414352 0.00290066 -0.2104002
v -0.000301067 0.00290066 -0.2103904
v -0.000310477 0.002761483 -0.2102441
v -0.000191691 0.002761483 -0.210239
v -0.000194642 0.002614915 -0.2100999
v -6.86507e-05 0.002614915 -0.2100999
v -6.57254e-05 0.002461552 -0.2099688
v 6.48189e-05 0.002461552 -0.2099744
v 7.28398e-05 0.00230199 -0.2098519
v 0.000209229 0.00230199 -0.2098638
v 0.000221599 0.002137005 -0.2097505
v 0.000361407 0.002137005 -0.2097688
v 0.000377288 0.00196737 -0.2096651
v 0.000521349 0.00196737 -0.2096904
v 0.000539864 0.001793682 -0.2095968
v 0.000686152 0.001793682 -0.209629
v 0.000706426 0.001616835 -0.2095456
v 0.00085524 0.001616835 -0.2095851
v 0.000876439 0.001437544 -0.2095119
v 0.001026153 0.001437544 -0.2095588
v 0.001047432 0.001256525 -0.2094957
v 0.001197934 0.001256525 -0.2095501
v 0.001218438 0.001074552 -0.209497
v 0.001368641 0.001074552 -0.2095587
v 0.001387596 0.0008924 -0.2095153
v 0.001536786 0.0008924 -0.2095843
v 0.001553535 0.000710635 -0.20955
v 0.001701354 0.000710635 -0.2096263
v 0.001715242 0.000529942 -0.2096007
v 0.00186026 0.000529942 -0.2096837
v 0.001870751 0.000350916 -0.2096663
v 0.002013325 0.000350916 -0.2097563
v 0.002019882 0.000174103 -0.2097463
v 0.002158284 0.000174103 -0.2098423
v 0.002160549 0 -0.2098391
v 0.002295494 0 -0.2099416
v 0.00229305 -0.000174103 -0.2099446
v 0.002422511 -0.000174103 -0.210052
v 0.002414703 -0.000350916 -0.210061
v 0.002539873 -0.000350916 -0.2101744
v 0.002525866 -0.000529942 -0.2101892
v 0.002644479 -0.000529942 -0.2103063
v 0.002623617 -0.000710635 -0.2103265
v 0.002737164 -0.000710635 -0.2104488
v 0.002708673 -0.0008924 -0.2104742
v 0.00281471 -0.0008924 -0.2105988
v 0.002777934 -0.001074552 -0.2106287
v 0.002878308 -0.001074552 -0.2107576
v 0.002832651 -0.001256525 -0.2107916
v 0.002924799 -0.001256525 -0.2109211
v 0.002869784 -0.001437544 -0.2109585
v 0.002955853 -0.001437544 -0.2110912
v 0.002891004 -0.001616835 -0.2111312
v 0.00296843 -0.001616835 -0.2112628
v 0.002893507 -0.001793682 -0.2113047
v 0.002964496 -0.001793682 -0.2114383
v 0.002879321 -0.00196737 -0.2114812
v 0.002846062 -0.002137005 -0.211655
v -0.000235209 0.003901481 -0.2128589
v -0.000229049 0.003901481 -0.2128546
v -0.000326428 0.00388956 -0.212707
v -0.000313494 0.00388956 -0.2126989
v -0.000405494 0.003869235 -0.2125453
v -0.00038572 0.003869235 -0.212534
v -0.000471835 0.003840148 -0.2123752
v -0.000444277 0.003840148 -0.212361
v -0.000523868 0.003802001 -0.2121976
v -0.000489097 0.003802001 -0.2121816
v -0.000561764 0.003754615 -0.2120145
v -0.000519081 0.003754615 -0.211997
v -0.00058443 0.003697693 -0.2118272
v -0.000532912 0.003697693 -0.2118086
v -0.000590494 0.003631174 -0.2116371
v -0.000531586 0.003631174 -0.2116187
v -0.000581283 0.00355494 -0.2114464
v -0.000513192 0.00355494 -0.2114284
v -0.000554749 0.003469049 -0.2112565
v -0.000479471 0.003469049 -0.2112399
v -0.000513008 0.003373622 -0.2110696
v -0.000428637 0.003373622 -0.2110549
v -0.00045411 0.003268778 -0.2108871
v -0.000362969 0.003268778 -0.2108753
v -0.000380717 0.003154754 -0.2107113
v -0.000280977 0.003154754 -0.2107027
v -0.000291213 0.003031909 -0.2105435
v -0.000185346 0.003031909 -0.2105389
v -0.000188588 0.00290066 -0.2103856
v -7.49998e-05 0.00290066 -0.2103856
v -7.17386e-05 0.002761483 -0.2102391
v 4.7154e-05 0.002761483 -0.2102443
v 5.62428e-05 0.002614915 -0.2101054
v 0.000181659 0.002614915 -0.2101164
v 0.000195912 0.002461552 -0.2099859
v 0.00032559 0.002461552 -0.2100028
v 0.000344173 0.00230199 -0.2098815
v 0.000478897 0.00230199 -0.2099051
v 0.000501017 0.002137005 -0.2097933
v 0.000638852 0.002137005 -0.2098236
v 0.000663613 0.00196737 -0.2097218
v 0.000804841 0.00196737 -0.2097593
v 0.000831372 0.001793682 -0.2096676
v 0.000974441 0.001793682 -0.2097124
v 0.001001834 0.001616835 -0.209631
v 0.001146554 0.001616835 -0.2096833
v 0.001173973 0.001437544 -0.2096122
v 0.001319229 0.001437544 -0.2096719
v 0.001345872 0.001256525 -0.2096109
v 0.00149101 0.001256525 -0.209678
v 0.001515984 0.001074552 -0.2096269
v 0.001660466 0.001074552 -0.2097014
v 0.001683115 0.0008924 -0.2096598
v 0.00182563 0.0008924 -0.2097413
v 0.0018453 0.000710635 -0.2097086
v 0.001986026 0.000710635 -0.2097975
v 0.00200212 0.000529942 -0.2097732
v 0.002139329 0.000529942 -0.2098684
v 0.00215125 0.000350916 -0.2098519
v 0.002285659 0.000350916 -0.2099539
v 0.00229305 0.000174103 -0.2099446
v 0.002422511 0.000174103 -0.210052
v 0.002425014 0 -0.2100491
v 0.002550721 0 -0.2101629
v 0.002548038 -0.000174103 -0.2101657
v 0.002667605 -0.000174103 -0.2102838
v 0.002659082 -0.000350916 -0.2102922
v 0.002774059 -0.000350916 -0.210416
v 0.00275886 -0.000529942 -0.2104295
v 0.002866804 -0.000529942 -0.2105563
v 0.002844274 -0.000710635 -0.2105747
v 0.002946913 -0.000710635 -0.2107065
v 0.002916336 -0.0008924 -0.2107293
v 0.003011107 -0.0008924 -0.2108624
v 0.002971887 -0.001074552 -0.2108891
v 0.003060877 -0.001074552 -0.2110263
v 0.003012418 -0.001256525 -0.2110562
v 0.003093004 -0.001256525 -0.211193
v 0.003034949 -0.001437544 -0.2112256
v 0.003109276 -0.001437544 -0.2113654
v 0.003041207 -0.001616835 -0.2113996
v 0.003106892 -0.001616835 -0.2115373
v 0.003028631 -0.001793682 -0.2115726
v -0.000222632 0.003901481 -0.2128506
v -0.000216134 0.003901481 -0.2128469
v -0.000300393 0.00388956 -0.2126914
v -0.000286799 0.00388956 -0.2126845
v -0.000365165 0.003869235 -0.2125235
v -0.000344524 0.003869235 -0.2125139
v -0.000416591 0.003840148 -0.2123483
v -0.000388379 0.003840148 -0.2123367
v -0.000453654 0.003802001 -0.2121671
v -0.000417063 0.003802001 -0.2121539
v -0.000475031 0.003754615 -0.2119812
v -0.00043099 0.003754615 -0.2119674
v -0.000481412 0.003697693 -0.2117926
v -0.000428499 0.003697693 -0.2117786
v -0.000471038 0.003631174 -0.2116026
v -0.000410721 0.003631174 -0.2115894
v -0.000445323 0.00355494 -0.2114135
v -0.000375984 0.00355494 -0.2114014
v -0.00040255 0.003469049 -0.2112265
v -0.000326041 0.003469049 -0.2112166
v -0.000344724 0.003373622 -0.211044
v -0.000259487 0.003373622 -0.2110366
v -0.00027039 0.003268778 -0.2108673
v -0.000178464 0.003268778 -0.2108634
v -0.000181965 0.003154754 -0.2106984
v -8.19627e-05 0.003154754 -0.2106985
v -7.83997e-05 0.003031909 -0.210539
v 2.75801e-05 0.003031909 -0.2105436
v 3.75836e-05 0.00290066 -0.2103906
v 0.000150636 0.00290066 -0.2104005
v 0.000166562 0.002761483 -0.2102547
v 0.000284653 0.002761483 -0.2102702
v 0.000305728 0.002614915 -0.2101326
v 0.000429602 0.002614915 -0.2101544
v 0.000455065 0.002461552 -0.2100256
v 0.000582898 0.002461552 -0.2100538
v 0.000611918 0.00230199 -0.2099344
v 0.000743974 0.00230199 -0.2099695
v 0.000775672 0.002137005 -0.20986
v 0.000910489 0.002137005 -0.2099022
v 0.000943973 0.00196737 -0.2098029
v 0.001081228 0.00196737 -0.2098525
v 0.00111562 0.001793682 -0.2097634
v 0.001254439 0.001793682 -0.2098205
v 0.001288771 0.001616835 -0.2097417
v 0.001428306 0.001616835 -0.2098063
v 0.001461744 0.001437544 -0.2097378
v 0.001601457 0.001437544 -0.2098099
v 0.001633286 0.001256525 -0.2097514
v 0.001771926 0.001256525 -0.2098308
v 0.001801192 0.001074552 -0.209782
v 0.001938819 0.001074552 -0.2098688
v 0.001964986 0.0008924 -0.2098293
v 0.002099871 0.0008924 -0.2099227
v 0.002122223 0.000710635 -0.2098919
v 0.002254903 0.000710635 -0.2099927
v 0.002272963 0.000529942 -0.2099699
v 0.002401351 0.000529942 -0.2100764
v 0.002414703 0.000350916 -0.210061
v 0.002539873 0.000350916 -0.2101744
v 0.002548038 0.000174103 -0.2101657
v 0.002667605 0.000174103 -0.2102838
v 0.002670407 0 -0.2102811
v 0.002785921 0 -0.2104055
v 0.002783 -0.000174103 -0.2104081
v 0.002891778 -0.000174103 -0.210536
v 0.002882599 -0.000350916 -0.2105435
v 0.00298655 -0.000350916 -0.210677
v 0.002970218 -0.000529942 -0.2106891
v 0.003066718 -0.000529942 -0.2108246
v 0.003042638 -0.000710635 -0.210841
v 0.003133654 -0.000710635 -0.2109813
v 0.00310117 -0.0008924 -0.2110013
v 0.00318402 -0.0008924 -0.2111421
v 0.003142654 -0.001074552 -0.2111653
v 0.003219485 -0.001074552 -0.2113097
v 0.003168702 -0.001256525 -0.2113354
v 0.003176391 -0.001437544 -0.2115059
v -0.000209387 0.003901481 -0.2128434
v -0.000202609 0.003901481 -0.2128403
v -0.00027313 0.00388956 -0.2126781
v -0.000259184 0.00388956 -0.2126724
v -0.000323471 0.003869235 -0.2125054
v -0.000301766 0.003869235 -0.2124975
v -0.000359237 0.003840148 -0.2123262
v -0.000330114 0.003840148 -0.2123171
v -0.000380492 0.003802001 -0.2121425
v -0.000342914 0.003802001 -0.2121325
v -0.000385735 0.003754615 -0.2119554
v -0.000340628 0.003754615 -0.2119455
v -0.000375756 0.003697693 -0.211767
v -0.000321887 0.003697693 -0.2117576
v -0.000349061 0.003631174 -0.2115787
v -0.000287748 0.003631174 -0.2115707
v -0.000307026 0.00355494 -0.2113925
v -0.000236984 0.00355494 -0.2113864
v -0.000248332 0.003469049 -0.2112099
v -0.000171188 0.003469049 -0.2112066
v -0.000174877 0.003373622 -0.211033
v -8.93923e-05 0.003373622 -0.2110331
v -8.56199e-05 0.003268778 -0.2108634
v 6.36779e-06 0.003268778 -0.2108674
v 1.71472e-05 0.003154754 -0.2107028
v 0.00011668 0.003154754 -0.2107115
v 0.000134 0.003031909 -0.2105529
v 0.000239269 0.003031909 -0.2105667
v 0.00026248 0.00290066 -0.2104151
v 0.000374168 0.00290066 -0.2104347
v 0.000402604 0.002761483 -0.2102909
v 0.000519052 0.002761483 -0.2103165
v 0.000551902 0.002614915 -0.2101813
v 0.000673335 0.002614915 -0.2102136
v 0.000709834 0.002461552 -0.2100875
v 0.000834871 0.002461552 -0.2101266
v 0.000874098 0.00230199 -0.2100102
v 0.00100249 0.00230199 -0.2100567
v 0.001043498 0.002137005 -0.2099503
v 0.00117433 0.002137005 -0.210004
v 0.001216232 0.00196737 -0.2099079
v 0.001348614 0.00196737 -0.2099692
v 0.001390576 0.001793682 -0.2098834
v 0.001524031 0.001793682 -0.2099523
v 0.001565098 0.001616835 -0.2098768
v 0.001698374 0.001616835 -0.2099531
v 0.001737594 0.001437544 -0.2098878
v 0.001870691 0.001437544 -0.2099717
v 0.001907408 0.001256525 -0.2099162
v 0.002038538 0.001256525 -0.2100072
v 0.002071976 0.001074552 -0.2099611
v 0.002201735 0.001074552 -0.2100596
v 0.00223124 0.0008924 -0.2100225
v 0.002357363 0.0008924 -0.2101272
v 0.002382338 0.000710635 -0.2100983
v 0.002505898 0.000710635 -0.2102103
v 0.002525866 0.000529942 -0.2101892
v 0.002644479 0.000529942 -0.2103063
v 0.002659082 0.000350916 -0.2102922
v 0.002774059 0.000350916 -0.210416
v 0.002783 0.000174103 -0.2104081
v 0.002891778 0.000174103 -0.210536
v 0.002894818 0 -0.2105335
v 0.002999246 0 -0.2106676
v 0.002996087 -0.000174103 -0.2106699
v 0.003093361 -0.000174103 -0.2108065
v 0.003083527 -0.000350916 -0.2108132
v 0.003175675 -0.000350916 -0.2109553
v 0.00315839 -0.000529942 -0.210966
v 0.003242671 -0.000529942 -0.2111092
v 0.003217279 -0.000710635 -0.2111234
v 0.003295898 -0.000710635 -0.2112712
v 0.003261864 -0.0008924 -0.2112884
v 0.003332138 -0.0008924 -0.2114356
v 0.003288924 -0.001074552 -0.2114551
v -0.000195698 0.003901481 -0.2128375
v -0.00018855 0.003901481 -0.2128348
v -0.000244804 0.00388956 -0.2126672
v -0.000230414 0.00388956 -0.2126628
v -0.000280031 0.003869235 -0.2124907
v -0.000257715 0.003869235 -0.2124848
v -0.000300183 0.003840148 -0.2123092
v -0.000270378 0.003840148 -0.2123027
v -0.000305454 0.003802001 -0.2121243
v -0.000267181 0.003802001 -0.2121176
v -0.000294541 0.003754615 -0.2119375
v -0.00024872 0.003754615 -0.2119315
v -0.000268273 0.003697693 -0.2117506
v -0.000213835 0.003697693 -0.211746
v -0.000225476 0.003631174 -0.2115653
v -0.00016364 0.003631174 -0.2115627
v -0.000167431 0.00355494 -0.2113834
v -9.72087e-05 0.00355494 -0.2113835
v -9.32502e-05 0.003469049 -0.2112066
v -1.6028e-05 0.003469049 -0.21121
v -4.68645e-06 0.003373622 -0.2110368
v 8.03504e-05 0.003373622 -0.2110442
v 9.87687e-05 0.003268778 -0.2108755
v 0.000190182 0.003268778 -0.2108874
v 0.000215127 0.003154754 -0.2107244
v 0.000313467 0.003154754 -0.2107416
v 0.000344406 0.003031909 -0.2105851
v 0.000448197 0.003031909 -0.210608
v 0.000484412 0.00290066 -0.210459
v 0.000593882 0.00290066 -0.2104881
v 0.000634649 0.002761483 -0.2103473
v 0.000748537 0.002761483 -0.2103829
v 0.00079298 0.002614915 -0.210251
v 0.000911039 0.002614915 -0.2102937
v 0.000958282 0.002461552 -0.2101712
v 0.001079559 0.002461552 -0.2102211
v 0.001128673 0.00230199 -0.2101085
v 0.001252532 0.00230199 -0.2101657
v 0.001302599 0.002137005 -0.2100633
v 0.001428365 0.002137005 -0.2101283
v 0.001478433 0.00196737 -0.2100362
v 0.001604914 0.00196737 -0.2101085
v 0.001654088 0.001793682 -0.2100267
v 0.001781225 0.001793682 -0.2101069
v 0.00182867 0.001616835 -0.2100353
v 0.001954734 0.001616835 -0.2101227
v 0.001999497 0.001437544 -0.210061
v 0.002124965 0.001437544 -0.2101563
v 0.00216633 0.001256525 -0.2101042
v 0.002288997 0.001256525 -0.210206
v 0.002326309 0.001074552 -0.210163
v 0.002447128 0.001074552 -0.2102724
v 0.002479732 0.0008924 -0.210238
v 0.002596199 0.0008924 -0.2103531
v 0.002623617 0.000710635 -0.2103265
v 0.002737164 0.000710635 -0.2104488
v 0.00275886 0.000529942 -0.2104295
v 0.002866804 0.000529942 -0.2105563
v 0.002882599 0.000350916 -0.2105435
v 0.00298655 0.000350916 -0.210677
v 0.002996087 0.000174103 -0.2106699
v 0.003093361 0.000174103 -0.2108065
v 0.00309658 0 -0.2108044
v 0.003189086 0 -0.210947
v 0.003185808 -0.000174103 -0.2109491
v 0.003270804 -0.000174103 -0.2110935
v 0.003260374 -0.000350916 -0.2110993
v 0.003340005 -0.000350916 -0.211249
v 0.003321886 -0.000529942 -0.2112581
v 0.003393352 -0.000529942 -0.211408
v 0.003366887 -0.000710635 -0.2114199
v -0.000181421 0.003901481 -0.2128326
v -0.000174086 0.003901481 -0.2128307
v -0.000215641 0.00388956 -0.2126588
v -0.000200911 0.00388956 -0.2126556
v -0.000235484 0.003869235 -0.21248
v -0.000212754 0.003869235 -0.212476
v -0.000239888 0.003840148 -0.2122973
v -0.000209577 0.003840148 -0.2122934
v -0.00022912 0.003802001 -0.2121127
v -0.000190475 0.003802001 -0.2121094
v -0.000202167 0.003754615 -0.2119275
v -0.000155946 0.003754615 -0.2119256
v -0.000159802 0.003697693 -0.2117437
v -0.000105204 0.003697693 -0.2117437
v -0.000101179 0.003631174 -0.2115627
v -3.93025e-05 0.003631174 -0.2115654
v -2.75963e-05 0.00355494 -0.2113865
v 4.23174e-05 0.00355494 -0.2113927
v 6.15159e-05 0.003469049 -0.2112168
v 0.000138235 0.003469049 -0.2112269
v 0.000164497 0.003373622 -0.2110552
v 0.000248539 0.003373622 -0.21107
v 0.000281439 0.003268778 -0.2109035
v 0.000371546 0.003268778 -0.2109233
v 0.000410518 0.003154754 -0.210763
v 0.000506879 0.003154754 -0.2107887
v 0.000551231 0.003031909 -0.2106354
v 0.000652764 0.003031909 -0.2106672
v 0.000701734 0.00290066 -0.2105219
v 0.000808158 0.00290066 -0.2105603
v 0.00086094 0.002761483 -0.2104235
v 0.000971431 0.002761483 -0.210469
v 0.001027047 0.002614915 -0.2103414
v 0.001140892 0.002614915 -0.210394
v 0.001198589 0.002461552 -0.2102761
v 0.001315236 0.002461552 -0.2103363
v 0.001373887 0.00230199 -0.2102284
v 0.001492142 0.00230199 -0.2102961
v 0.001550912 0.002137005 -0.2101984
v 0.001670718 0.002137005 -0.210274
v 0.001728594 0.00196737 -0.2101866
v 0.00184822 0.00196737 -0.2102695
v 0.001904308 0.001793682 -0.2101922
v 0.002024114 0.001793682 -0.2102832
v 0.002077579 0.001616835 -0.210216
v 0.002195477 0.001616835 -0.2103139
v 0.002245426 0.001437544 -0.2102563
v 0.00236231 0.001437544 -0.2103621
v 0.002407968 0.001256525 -0.2103138
v 0.002521336 0.001256525 -0.2104257
v 0.002562165 0.001074552 -0.2103861
v 0.002673208 0.001074552 -0.2105057
v 0.002708673 0.0008924 -0.2104742
v 0.00281471 0.0008924 -0.2105988
v 0.002844274 0.000710635 -0.2105747
v 0.002946913 0.000710635 -0.2107065
v 0.002970218 0.000529942 -0.2106891
v 0.003066718 0.000529942 -0.2108246
v 0.003083527 0.000350916 -0.2108132
v 0.003175675 0.000350916 -0.2109553
v 0.003185808 0.000174103 -0.2109491
v 0.003270804 0.000174103 -0.2110935
v 0.003274142 0 -0.2110916
v 0.003354132 0 -0.2112419
v 0.003350675 -0.000174103 -0.2112436
v 0.003411889 -0.000350916 -0.2113996
v 6.47363e-06 0.003901481 -0.2128959
v 1.08221e-05 0.003901481 -0.212902
v 0.000157054 0.00388956 -0.2128027
v 0.000165349 0.00388956 -0.2128155
v 0.000317645 0.003869235 -0.2127214
v 0.00032921 0.003869235 -0.212741
v 0.000486851 0.003840148 -0.2126527
v 0.000501389 0.003840148 -0.2126801
v 0.000663698 0.003802001 -0.2125982
v 0.000680201 0.003802001 -0.2126327
v 0.000846263 0.003754615 -0.2125578
v 0.000186674 0.00388956 -0.2128555
v 0.000349838 0.003869235 -0.2127819
v 0.000514522 0.003840148 -0.2127075
v -1.35018e-05 0.003901481 -0.2128735
v -8.17853e-06 0.003901481 -0.2128787
v 0.000118755 0.00388956 -0.2127556
v 0.000129135 0.00388956 -0.2127668
v 0.000262941 0.003869235 -0.2126479
v 0.000277727 0.003869235 -0.2126652
v 0.00041782 0.003840148 -0.2125511
v 0.000436823 0.003840148 -0.2125755
v 0.000582605 0.003802001 -0.212467
v 0.000604853 0.003802001 -0.2124982
v 0.000755535 0.003754615 -0.2123958
v 0.000780992 0.003754615 -0.2124351
v 0.000935781 0.003697693 -0.2123394
v 0.000963155 0.003697693 -0.2123859
v 0.001121044 0.003631174 -0.2122974
v 0.001150488 0.003631174 -0.2123528
v 0.001310586 0.00355494 -0.2122721
v 0.001340448 0.00355494 -0.2123347
v -3.70888e-05 0.003901481 -0.2128548
v -3.09184e-05 0.003901481 -0.212859
v 7.29299e-05 0.00388956 -0.2127159
v 8.50678e-05 0.00388956 -0.2127251
v 0.000196387 0.003869235 -0.2125849
v 0.000213982 0.003869235 -0.2125995
v 0.000332333 0.003840148 -0.212463
v 0.000355207 0.003840148 -0.2124837
v 0.000480131 0.003802001 -0.2123516
v 0.000507464 0.003802001 -0.2123787
v 0.000638256 0.003754615 -0.2122519
v 0.000670057 0.003754615 -0.2122861
v 0.000806036 0.003697693 -0.2121652
v 0.000841098 0.003697693 -0.2122064
v 0.000981423 0.003631174 -0.2120921
v 0.001019835 0.003631174 -0.2121414
v 0.001163661 0.00355494 -0.2120343
v 0.001203954 0.00355494 -0.2120909
v 0.001350224 0.003469049 -0.2119915
v 0.001392722 0.003469049 -0.2120571
v 0.001540422 0.003373622 -0.2119657
v 0.001583337 0.003373622 -0.2120386
v 0.001731336 0.003268778 -0.2119557
v 0.001775085 0.003268778 -0.2120379
v 0.001922428 0.003154754 -0.2119637
v 0.001964986 0.003154754 -0.2120528
v -2.48984e-05 0.003901481 -0.2128636
v -1.91292e-05 0.003901481 -0.2128684
v 9.67065e-05 0.00388956 -0.2127348
v 0.000107989 0.00388956 -0.212745
v 0.000231028 0.003869235 -0.212615
v 0.000247266 0.003869235 -0.212631
v 0.00037698 0.003840148 -0.2125052
v 0.000397998 0.003840148 -0.2125278
v 0.000533867 0.003802001 -0.2124071
v 0.000558759 0.003802001 -0.2124363
v 0.000700019 0.003754615 -0.2123213
v 0.000728742 0.003754615 -0.2123582
v 0.000874697 0.003697693 -0.2122495
v 0.000906004 0.003697693 -0.2122935
v 0.001055657 0.003631174 -0.2121918
v 0.001089692 0.003631174 -0.2122443
v 0.00124228 0.00355494 -0.21215
v 0.001277506 0.00355494 -0.2122098
v 0.001431822 0.003469049 -0.2121234
v 0.001468479 0.003469049 -0.2121925
v 0.00162357 0.003373622 -0.2121143
v 0.001659929 0.003373622 -0.2121905
v -3.02794e-06 0.003901481 -0.2128843
v 1.82467e-06 0.003901481 -0.21289
v 0.000138921 0.00388956 -0.2127783
v 0.000148297 0.00388956 -0.2127903
v 0.000291888 0.003869235 -0.2126834
v 0.000305111 0.003869235 -0.212702
v 0.000454535 0.003840148 -0.2126004
v 0.000471364 0.003840148 -0.2126263
v 0.000626001 0.003802001 -0.2125309
v 0.000645442 0.003802001 -0.2125639
v 0.000804411 0.003754615 -0.2124748
v 0.000826396 0.003754615 -0.2125162
v 0.000988868 0.003697693 -0.2124343
v 0.001012086 0.003697693 -0.2124829
v 0.001177072 0.003631174 -0.2124084
v 2.55154e-05 0.003901481 -0.2129283
v -4.34568e-05 0.003901481 -0.2128507
v 6.04887e-05 0.00388956 -0.2127073
v 0.000178084 0.003869235 -0.212571
v 0.000308757 0.003840148 -0.2124434
v 0.000451404 0.003802001 -0.2123256
v 0.000605343 0.003754615 -0.2122193
v 0.00076889 0.003697693 -0.2121252
v 0.000941345 0.003631174 -0.2120449
v 0.001120388 0.00355494 -0.2119788
v 0.00130552 0.003469049 -0.2119287
v 0.001493811 0.003373622 -0.2118939
v 0.001684784 0.003268778 -0.2118766
v 0.001875281 0.003154754 -0.211875
v 0.002064824 0.003031909 -0.2118918
v 0.002250134 0.00290066 -0.211924
v -4.99949e-05 0.003901481 -0.212847
v 4.76351e-05 0.00388956 -0.2126992
v 0.000159286 0.003869235 -0.212558
v 0.000284203 0.003840148 -0.2124248
v 0.000421802 0.003802001 -0.2123011
v 0.000570752 0.003754615 -0.212188
v 0.000730386 0.003697693 -0.2120871
v 0.000898824 0.003631174 -0.2119991
v 0.001075327 0.00355494 -0.2119258
v 0.001257538 0.003469049 -0.2118671
v 0.001444816 0.003373622 -0.211825
v 0.00163418 0.003268778 -0.2117985
v 0.001825153 0.003154754 -0.2117899
v 0.002014458 0.003031909 -0.2117971
v 0.002201795 0.00290066 -0.2118228
v -6.35276e-05 0.003901481 -0.2128404
v -5.66861e-05 0.003901481 -0.2128435
v 2.09783e-05 0.00388956 -0.2126847
v 3.44696e-05 0.00388956 -0.2126917
v 0.000119989 0.003869235 -0.2125344
v 0.000139868 0.003869235 -0.2125458
v 0.000232954 0.003840148 -0.2123908
v 0.00025901 0.003840148 -0.2124073
v 0.000359315 0.003802001 -0.2122557
v 0.000390974 0.003802001 -0.2122777
v 0.000497988 0.003754615 -0.2121302
v 0.000535094 0.003754615 -0.2121584
v 0.000648257 0.003697693 -0.2120159
v 0.000689942 0.003697693 -0.2120505
v 0.000808499 0.003631174 -0.2119138
v 0.000854774 0.003631174 -0.2119556
v 0.000977991 0.00355494 -0.2118254
v 0.001027524 0.00355494 -0.2118743
v 0.001154482 0.003469049 -0.2117512
v 0.00120753 0.003469049 -0.2118083
v 0.001337349 0.003373622 -0.211693
v 0.001392185 0.003373622 -0.2117574
v 0.001523733 0.003268778 -0.2116503
v 0.001580893 0.003268778 -0.2117236
v 0.001713216 0.003154754 -0.2116251
v 0.001770615 0.003154754 -0.2117058
v 0.00190252 0.003031909 -0.211616
v 0.001960813 0.003031909 -0.211706
v 0.002091348 0.00290066 -0.2116253
v 0.00214827 0.00290066 -0.2117221
v 0.002276182 0.002761483 -0.2116505
v 0.002332687 0.002761483 -0.2117568
v 0.002457022 0.002614915 -0.2116942
v 0.002510607 0.002614915 -0.2118064
v -9.20529e-05 0.003901481 -0.2128307
v -8.4747e-05 0.003901481 -0.2128327
v -3.55857e-05 0.00388956 -0.2126628
v -2.11237e-05 0.00388956 -0.2126674
v 3.60296e-05 0.003869235 -0.2124977
v 5.76044e-05 0.003869235 -0.2125055
v 0.000122655 0.003840148 -0.2123369
v 0.000151083 0.003840148 -0.2123486
v 0.000223793 0.003802001 -0.2121821
v 0.000258808 0.003802001 -0.2121982
v 0.000338839 0.003754615 -0.2120345
v 0.000380183 0.003754615 -0.2120559
v 0.000467108 0.003697693 -0.211896
v 0.000514218 0.003697693 -0.211923
v 0.000607468 0.003631174 -0.2117679
v 0.000660153 0.003631174 -0.2118011
v 0.000759114 0.00355494 -0.2116516
v 0.000816459 0.00355494 -0.2116913
v 0.000920336 0.003469049 -0.2115482
v 0.000982294 0.003469049 -0.2115952
v 0.001090288 0.003373622 -0.2114592
v 0.001155555 0.003373622 -0.2115134
v 0.001266717 0.003268778 -0.2113852
v 0.001335501 0.003268778 -0.2114475
v 0.00144881 0.003154754 -0.2113277
v 0.001519381 0.003154754 -0.2113973
v 0.001633882 0.003031909 -0.2112863
v 0.001706719 0.003031909 -0.2113647
v 0.001821339 0.00290066 -0.2112628
v 0.001894235 0.00290066 -0.2113485
v 0.002007901 0.002761483 -0.2112559
v 0.002081751 0.002761483 -0.2113507
v 0.002193391 0.002614915 -0.2112675
v 0.002265691 0.002614915 -0.2113692
v 0.002374231 0.002461552 -0.2112954
v 0.002446115 0.002461552 -0.2114062
v 0.002550542 0.00230199 -0.2113416
v 0.002619266 0.00230199 -0.2114583
v 0.002718746 0.002137005 -0.2114027
v 0.002785682 0.002137005 -0.2115285
v 0.002879321 0.00196737 -0.2114812
v 0.002941668 0.00196737 -0.2116119
v 0.003028631 0.001793682 -0.2115726
v -7.75804e-05 0.003901481 -0.2128349
v -7.04999e-05 0.003901481 -0.2128375
v -6.84498e-06 0.00388956 -0.2126725
v 7.1973e-06 0.00388956 -0.2126783
v 7.8812e-05 0.003869235 -0.2125142
v 9.95993e-05 0.003869235 -0.2125238
v 0.000178964 0.003840148 -0.2123615
v 0.000206315 0.003840148 -0.2123757
v 0.000293144 0.003802001 -0.212216
v 0.000326617 0.003802001 -0.2122351
v 0.00042047 0.003754615 -0.2120789
v 0.000459852 0.003754615 -0.2121038
v 0.000560284 0.003697693 -0.211952
v 0.000604836 0.003697693 -0.2119829
v 0.00071115 0.003631174 -0.2118365
v 0.000760803 0.003631174 -0.2118742
v 0.000872309 0.00355494 -0.2117338
v 0.000925953 0.00355494 -0.2117783
v 0.001041769 0.003469049 -0.2116446
v 0.001099526 0.003469049 -0.2116969
v 0.001218855 0.003373622 -0.2115707
v 0.001279175 0.003373622 -0.2116303
v 0.001400947 0.003268778 -0.2115122
v 0.001464188 0.003268778 -0.2115802
v 0.00158745 0.003154754 -0.2114707
v 0.001651644 0.003154754 -0.2115461
v 0.001775324 0.003031909 -0.2114453
v 0.001841127 0.003031909 -0.2115299
v 0.001964151 0.00290066 -0.2114382
v 0.002029359 0.00290066 -0.2115298
v 0.002150595 0.002761483 -0.2114474
v 0.002216041 0.002761483 -0.2115483
v 0.002334415 0.002614915 -0.2114751
v 0.002397596 0.002614915 -0.2115825
v 0.002512097 0.002461552 -0.2115184
v 0.002574205 0.002461552 -0.2116351
v 0.002683877 0.00230199 -0.2115798
v 0.002742171 0.00230199 -0.2117019
v -0.000121792 0.003901481 -0.2128262
v -0.000114268 0.003901481 -0.2128269
v -9.50752e-05 0.00388956 -0.2126511
v -8.00709e-05 0.00388956 -0.2126531
v -5.29818e-05 0.003869235 -0.2124761
v -3.03523e-05 0.003869235 -0.2124801
v 4.70072e-06 0.003840148 -0.2123028
v 3.46683e-05 0.003840148 -0.2123094
v 7.76015e-05 0.003802001 -0.2121328
v 0.000114951 0.003802001 -0.2121427
v 0.000165623 0.003754615 -0.2119677
v 0.000209935 0.003754615 -0.2119816
v 0.000268028 0.003697693 -0.2118092
v 0.000319184 0.003697693 -0.2118276
v 0.000384334 0.003631174 -0.2116587
v 0.000441852 0.003631174 -0.2116824
v 0.000513558 0.00355494 -0.2115181
v 0.000577027 0.00355494 -0.2115474
v 0.0006547 0.003469049 -0.2113885
v 0.000723722 0.003469049 -0.2114241
v 0.000806686 0.003373622 -0.2112715
v 0.000880446 0.003373622 -0.2113137
v 0.000967876 0.003268778 -0.2111684
v 0.00104618 0.003268778 -0.2112178
v 0.001137197 0.003154754 -0.2110802
v 0.001218855 0.003154754 -0.2111368
v 0.001312553 0.003031909 -0.2110077
v 0.001397609 0.003031909 -0.2110722
v 0.001492977 0.00290066 -0.2109521
v 0.001579761 0.00290066 -0.2110241
v 0.001675724 0.002761483 -0.2109134
v 0.001764655 0.002761483 -0.2109939
v 0.00186026 0.002614915 -0.2108927
v 0.001949191 0.002614915 -0.2109805
v 0.002043366 0.002461552 -0.2108892
v 0.002133071 0.002461552 -0.2109857
v 0.002224862 0.00230199 -0.2109042
v 0.002312839 0.00230199 -0.2110075
v 0.002401232 0.002137005 -0.2109355
v 0.002488613 0.002137005 -0.2110478
v 0.002572715 0.00196737 -0.2109851
v 0.002656817 0.00196737 -0.2111033
v 0.002735733 0.001793682 -0.2110496
v 0.002817928 0.001793682 -0.2111764
v 0.002891004 0.001616835 -0.2111312
v 0.00296843 0.001616835 -0.2112628
v 0.003034949 0.001437544 -0.2112256
v 0.003109276 0.001437544 -0.2113654
v 0.003168702 0.001256525 -0.2113354
v 0.003237009 0.001256525 -0.2114785
v 0.003288924 0.001074552 -0.2114551
v -0.00015189 0.003901481 -0.2128269
v -0.00014435 0.003901481 -0.2128262
v -0.000155695 0.00388956 -0.2126498
v -0.000140608 0.00388956 -0.2126491
v -0.000144391 0.003869235 -0.2124701
v -0.000121368 0.003869235 -0.2124701
v -0.000117356 0.003840148 -0.2122895
v -8.6757e-05 0.003840148 -0.2122908
v -7.48931e-05 0.003802001 -0.2121095
v -3.63075e-05 0.003802001 -0.2121128
v -1.65418e-05 0.003754615 -0.2119317
v 2.94154e-05 0.003754615 -0.2119377
v 5.6962e-05 0.003697693 -0.2117578
v 0.000110609 0.003697693 -0.2117673
v 0.000145737 0.003631174 -0.2115897
v 0.000206358 0.003631174 -0.2116031
v 0.000248708 0.00355494 -0.2114288
v 0.000316388 0.00355494 -0.2114468
v 0.000365547 0.003469049 -0.211277
v 0.000439525 0.003469049 -0.2113001
v 0.000494991 0.003373622 -0.2111355
v 0.00057506 0.003373622 -0.2111644
v 0.000636143 0.003268778 -0.2110062
v 0.000721656 0.003268778 -0.2110413
v 0.000787634 0.003154754 -0.2108901
v 0.000877974 0.003154754 -0.2109318
v 0.000948051 0.003031909 -0.2107886
v 0.001042723 0.003031909 -0.2108374
v 0.001115977 0.00290066 -0.2107027
v 0.001214027 0.00290066 -0.2107588
v 0.001289546 0.002761483 -0.2106331
v 0.001390814 0.002761483 -0.210697
v 0.001467585 0.002614915 -0.2105809
v 0.001570463 0.002614915 -0.2106522
v 0.001647531 0.002461552 -0.210546
v 0.001752316 0.002461552 -0.2106255
v 0.00182867 0.00230199 -0.2105294
v 0.001933336 0.00230199 -0.2106162
v 0.00200802 0.002137005 -0.2105301
v 0.002113223 0.002137005 -0.2106254
v 0.002185285 0.00196737 -0.2105492
v 0.002288699 0.00196737 -0.2106513
v 0.002357184 0.001793682 -0.2105849
v 0.002459764 0.001793682 -0.2106954
v 0.002523958 0.001616835 -0.2106383
v 0.002623081 0.001616835 -0.2107548
v 0.002682209 0.001437544 -0.2107067
v 0.002779304 0.001437544 -0.2108313
v 0.002832651 0.001256525 -0.2107916
v 0.002924799 0.001256525 -0.2109211
v 0.002971887 0.001074552 -0.2108891
v 0.003060877 0.001074552 -0.2110263
v 0.00310117 0.0008924 -0.2110013
v 0.00318402 0.0008924 -0.2111421
v 0.003217279 0.000710635 -0.2111234
v 0.003295898 0.000710635 -0.2112712
v 0.003321886 0.000529942 -0.2112581
v 0.003393352 0.000529942 -0.211408
v 0.003411889 0.000350916 -0.2113996
v -0.000136853 0.003901481 -0.2128258
v -0.000129295 0.003901481 -0.2128259
v -0.000125365 0.00388956 -0.2126491
v -0.00011024 0.00388956 -0.2126498
v -9.85585e-05 0.003869235 -0.2124711
v -7.56368e-05 0.003869235 -0.2124731
v -5.60342e-05 0.003840148 -0.2122935
v -2.56445e-05 0.003840148 -0.2122974
v 1.86172e-06 0.003802001 -0.2121178
v 3.99733e-05 0.003802001 -0.2121245
v 7.53156e-05 0.003754615 -0.2119458
v 0.000120616 0.003754615 -0.2119557
v 0.000163611 0.003697693 -0.2117789
v 0.000216196 0.003697693 -0.211793
v 0.000266517 0.003631174 -0.2116191
v 0.000325817 0.003631174 -0.2116376
v 0.000383071 0.00355494 -0.2114677
v 0.000448872 0.00355494 -0.2114915
v 0.000512536 0.003469049 -0.2113265
v 0.000584311 0.003469049 -0.2113559
v 0.000653765 0.003373622 -0.2111968
v 0.000730984 0.003373622 -0.2112325
v 0.000805501 0.003268778 -0.2110801
v 0.000887741 0.003268778 -0.2111225
v 0.000966555 0.003154754 -0.2109776
v 0.001052856 0.003154754 -0.211027
v 0.001134991 0.003031909 -0.2108902
v 0.001225233 0.003031909 -0.2109472
v 0.001309871 0.00290066 -0.2108193
v 0.001402616 0.00290066 -0.2108836
v 0.001488745 0.002761483 -0.2107649
v 0.001584112 0.002761483 -0.2108373
v 0.001670658 0.002614915 -0.2107284
v 0.00176692 0.002614915 -0.2108082
v 0.001852929 0.002461552 -0.210709
v 0.001950442 0.002461552 -0.2107974
v 0.002034902 0.00230199 -0.2107082
v 0.002131581 0.00230199 -0.2108037
v 0.002213418 0.002137005 -0.2107243
v 0.002310037 0.002137005 -0.2108284
v 0.002388417 0.00196737 -0.2107588
v 0.002482533 0.00196737 -0.2108693
v 0.002556562 0.001793682 -0.2108091
v 0.002649247 0.001793682 -0.2109281
v 0.00271815 0.001616835 -0.2108768
v 0.002806782 0.001616835 -0.2110013
v 0.002869784 0.001437544 -0.2109585
v 0.002955853 0.001437544 -0.2110912
v 0.003012418 0.001256525 -0.2110562
v 0.003093004 0.001256525 -0.211193
v 0.003142654 0.001074552 -0.2111653
v 0.003219485 0.001074552 -0.2113097
v 0.003261864 0.0008924 -0.2112884
v 0.003332138 0.0008924 -0.2114356
v 0.003366887 0.000710635 -0.2114199
v -0.000106819 0.003901481 -0.2128278
v -9.93916e-05 0.003901481 -0.2128291
v -6.50816e-05 0.00388956 -0.2126557
v -5.02841e-05 0.00388956 -0.212659
v -8.01183e-06 0.003869235 -0.212485
v 1.41856e-05 0.003869235 -0.2124909
v 6.44094e-05 0.003840148 -0.2123173
v 9.37307e-05 0.003840148 -0.2123265
v 0.000151772 0.003802001 -0.2121542
v 0.000188078 0.003802001 -0.2121674
v 0.000253667 0.003754615 -0.2119974
v 0.000296667 0.003754615 -0.212015
v 0.00036945 0.003697693 -0.2118483
v 0.000418758 0.003697693 -0.2118711
v 0.000498253 0.003631174 -0.2117085
v 0.000553576 0.003631174 -0.211737
v 0.000639237 0.00355494 -0.2115795
v 0.000699854 0.00355494 -0.2116142
v 0.000790974 0.003469049 -0.2114626
v 0.000856711 0.003469049 -0.2115041
v 0.000952549 0.003373622 -0.2113593
v 0.001022279 0.003373622 -0.2114076
v 0.001121938 0.003268778 -0.2112703
v 0.001195788 0.003268778 -0.2113264
v 0.001298367 0.003154754 -0.2111971
v 0.001374781 0.003154754 -0.2112606
v 0.001479268 0.003031909 -0.21114
v 0.001558482 0.003031909 -0.2112118
v 0.001663863 0.00290066 -0.2111003
v 0.001744031 0.00290066 -0.2111795
v 0.001849234 0.002761483 -0.2110775
v 0.001930892 0.002761483 -0.2111654
v 0.002034962 0.002614915 -0.2110729
v 0.002115845 0.002614915 -0.211168
v 0.00221759 0.002461552 -0.2110852
v 0.002298653 0.002461552 -0.2111892
v 0.002397179 0.00230199 -0.2111158
v 0.002475798 0.00230199 -0.2112263
v 0.002570092 0.002137005 -0.2111622
v 0.002647578 0.002137005 -0.2112817
v 0.002736747 0.00196737 -0.2112265
v 0.002810239 0.00196737 -0.2113514
v 0.002893507 0.001793682 -0.2113047
v 0.002964496 0.001793682 -0.2114383
v 0.003041207 0.001616835 -0.2113996
v 0.003106892 0.001616835 -0.2115373
v -0.000159305 0.003901481 -0.2128278
v -0.000170902 0.00388956 -0.212651
v -0.000167196 0.003869235 -0.2124711
v -0.000148232 0.003840148 -0.2122895
v -0.000113324 0.003802001 -0.2121078
v -6.30016e-05 0.003754615 -0.2119277
v 3.20564e-06 0.003697693 -0.2117508
v 8.43348e-05 0.003631174 -0.2115789
v 0.000180524 0.00355494 -0.2114138
v 0.000290474 0.003469049 -0.2112569
v 0.000413846 0.003373622 -0.2111101
v 0.000549156 0.003268778 -0.2109747
v 0.000695518 0.003154754 -0.2108522
v 0.000851445 0.003031909 -0.2107439
v 0.001015365 0.00290066 -0.2106508
v 0.001186013 0.002761483 -0.2105739
v 0.00136125 0.002614915 -0.2105138
v 0.001540005 0.002461552 -0.2104715
v 0.001719713 0.00230199 -0.2104466
v 0.0018996 0.002137005 -0.2104401
v 0.002076745 0.00196737 -0.2104508
v 0.00225085 0.001793682 -0.2104799
v 0.002418816 0.001616835 -0.2105251
v 0.00258094 0.001437544 -0.2105877
v 0.002733767 0.001256525 -0.2106646
v 0.002878308 0.001074552 -0.2107576
v 0.003011107 0.0008924 -0.2108624
v 0.003133654 0.000710635 -0.2109813
v 0.003242671 0.000529942 -0.2111092
v 0.003340005 0.000350916 -0.211249
v 0.003422737 0.000174103 -0.2113947
v -0.000166785 0.003901481 -0.2128291
v -0.000185868 0.00388956 -0.212653
v -0.000190142 0.003869235 -0.212473
v -0.000178788 0.003840148 -0.2122908
v -0.000152067 0.003802001 -0.2121077
v -0.000109266 0.003754615 -0.2119256
v -5.11084e-05 0.003697693 -0.211746
v 2.28633e-05 0.003631174 -0.2115709
v 0.00011147 0.00355494 -0.2114017
v 0.000214842 0.003469049 -0.2112403
v 0.000331479 0.003373622 -0.2110882
v 0.000461007 0.003268778 -0.2109472
v 0.000601828 0.003154754 -0.2108184
v 0.000752942 0.003031909 -0.2107034
v 0.00091279 0.00290066 -0.2106033
v 0.001079797 0.002761483 -0.2105191
v 0.001252532 0.002614915 -0.2104516
v 0.001428902 0.002461552 -0.2104014
v 0.001607835 0.00230199 -0.2103691
v 0.001786649 0.002137005 -0.2103543
v 0.001964807 0.00196737 -0.210358
v 0.00213927 0.001793682 -0.2103787
v 0.002309918 0.001616835 -0.2104175
v 0.002473533 0.001437544 -0.210472
v 0.00263065 0.001256525 -0.2105435
v 0.002777934 0.001074552 -0.2106287
v 0.002916336 0.0008924 -0.2107293
v 0.003042638 0.000710635 -0.210841
v 0.00315839 0.000529942 -0.210966
v 0.003260374 0.000350916 -0.2110993
v 0.003350675 0.000174103 -0.2112436
v 0.003426313 0 -0.2113931
v -0.003583729 -0.006999969 0.003486633
v 0.003830254 0 -0.003213822
v 0.004301965 -0.006999969 -0.002548098
v 0.004189968 0 -0.002728343
v 0.004032552 -0.006999969 -0.002956032
v 0.004032552 0 -0.002956032
v 0.004301965 0 -0.002548098
v 0.004536628 0 -0.002102077
v 0.004536628 -0.006999969 -0.002102077
v 0.004499495 0 -0.002180457
v 0.004729449 0 -0.001622319
v 0.004729449 -0.006999969 -0.001622319
v 0.004744529 0 -0.001577675
v 0.00487411 -0.006999969 -0.001114666
v 0.00487411 0 -0.001114666
v 0.004912376 0 -0.000931764
v 0.004999756 -0.006999969 -4.64626e-05
v 0.004993319 0 -0.000257936
v 0.004965424 -0.006999969 -0.00058655
v 0.004965424 0 -0.00058655
v 0.004999756 0 -4.64626e-05
v 0.004975259 -0.006999969 0.0004962
v 0.004981815 0 0.000425843
v 0.004877328 0 0.00110048
v 0.004892349 -0.006999969 0.001031875
v 0.004892349 0 0.001031875
v 0.004975259 0 0.0004962
v 0.004753232 -0.006999969 0.00155133
v 0.004684567 0 0.001747667
v 0.004753232 0 0.00155133
v 0.004562079 -0.006999969 0.002046227
v 0.004562079 0 0.002046227
v 0.004324674 -0.006999969 0.002509295
v 0.004412651 0 0.002351224
v 0.004324674 0 0.002509295
v 0.004047811 -0.006999969 0.002935111
v 0.004074156 0 0.002898454
v 0.00373882 -0.006999969 0.00331974
v 0.004047811 0 0.002935111
v 0.003683686 0 0.003380835
v 0.00373882 0 0.00331974
v 0.003255963 0 0.003794491
v 0.003405392 0 0.003660976
v 0.003405392 -0.006999969 0.003660976
v 0.003047227 0 0.003964126
v 0.003047227 -0.006999969 0.003964126
v 0.002776563 0 0.004158139
v 0.00264877 -0.006999969 0.004240691
v 0.00264877 0 0.004240691
v 0.001739323 -0.006999969 0.004687666
v 0.00221157 -0.006999969 0.004484295
v 0.00221157 0 0.004484295
v 0.00223428 0 0.00447297
v 0.001636207 0 0.004724681
v 0.001739323 0 0.004687666
v 0.000993758 0 0.004900217
v 0.00123769 0 0.004844367
v 0.00123769 -0.006999969 0.004844367
v 0.000713719 0 0.004948794
v 0.000713719 -0.006999969 0.004948794
v 0.000321803 0 0.004989624
v 0.000175653 -0.006999969 0.004996895
v 0.000175653 0 0.004996895
v -0.000905486 -0.006999969 0.004917323
v -0.000367271 -0.006999969 0.004986464
v -0.000367271 0 0.004986464
v -0.000361851 0 0.004986882
v -0.001038193 0 0.004890978
v -0.000905486 0 0.004917323
v -0.001429617 -0.006999969 0.004791259
v -0.001931011 -0.006999969 0.004612028
v -0.001688659 0 0.004706144
v -0.001429617 0 0.004791259
v -0.001931011 0 0.004612028
v -0.002402245 -0.006999969 0.004385054
v -0.002296864 0 0.004441142
v -0.002402245 0 0.004385054
v -0.002849817 0 0.004108309
v -0.002837359 -0.006999969 0.004116892
v -0.002837359 0 0.004116892
v -0.003232061 -0.006999969 0.003814935
v -0.003338515 0 0.003722071
v -0.003232061 0 0.003814935
v -0.003583729 0 0.003486633
v -0.003583729 0 0.003486633
v -0.003583729 0.006999969 0.003486633
v -0.003413319 0 0.003653585
v -0.003338515 0.006999969 0.003722071
v -0.003232061 0 0.003814935
v -0.003232061 0.006999969 0.003814935
v -0.003039956 0 0.003969669
v -0.002849817 0.006999969 0.004108309
v -0.002837359 0 0.004116892
v -0.002837359 0.006999969 0.004116892
v -0.002402245 0 0.004385054
v -0.002402245 0.006999969 0.004385054
v -0.002296864 0.006999969 0.004441142
v -0.002170801 0 0.004504144
v -0.001931011 0 0.004612028
v -0.001931011 0.006999969 0.004612028
v -0.001688659 0.006999969 0.004706144
v -0.001683652 0 0.004707992
v -0.001429617 0 0.004791259
v -0.001429617 0.006999969 0.004791259
v -0.00116986 0 0.004861176
v -0.001038193 0.006999969 0.004890978
v -0.000905486 0 0.004917323
v -0.000905486 0.006999969 0.004917323
v -0.000367271 0 0.004986464
v -0.000367271 0.006999969 0.004986464
v -0.000361851 0.006999969 0.004986882
v -9.57984e-05 0 0.004999041
v 0.000175653 0 0.004996895
v 0.000175653 0.006999969 0.004996895
v 0.000321803 0.006999969 0.004989624
v 0.000713719 0 0.004948794
v 0.000713719 0.006999969 0.004948794
v 0.00097803 0 0.004903376
v 0.000993758 0.006999969 0.004900217
v 0.00123769 0 0.004844367
v 0.00123769 0.006999969 0.004844367
v 0.001491785 0 0.004772245
v 0.001636207 0.006999969 0.004724681
v 0.001739323 0 0.004687666
v 0.001739323 0.006999969 0.004687666
v 0.001979529 0 0.004591405
v 0.00221157 0 0.004484295
v 0.00221157 0.006999969 0.004484295
v 0.00223428 0.006999969 0.00447297
v 0.00264877 0 0.004240691
v 0.00264877 0.006999969 0.004240691
v 0.002776563 0.006999969 0.004158139
v 0.002853035 0 0.004106044
v 0.003047227 0 0.003964126
v 0.003047227 0.006999969 0.003964126
v 0.003255963 0.006999969 0.003794491
v 0.003405392 0 0.003660976
v 0.003405392 0.006999969 0.003660976
v 0.003574728 0 0.003495872
v 0.003683686 0.006999969 0.003380835
v 0.00373882 0.006999969 0.00331974
v 0.003896832 0 0.00313276
v 0.004047811 0 0.002935111
v 0.004047811 0.006999969 0.002935111
v 0.004074156 0.006999969 0.002898454
v 0.004324674 0 0.002509295
v 0.004324674 0.006999969 0.002509295
v 0.004412651 0.006999969 0.002351224
v 0.004562079 0 0.002046227
v 0.004562079 0.006999969 0.002046227
v 0.004663825 0 0.001802325
v 0.004684567 0.006999969 0.001747667
v 0.004753232 0 0.00155133
v 0.004753232 0.006999969 0.00155133
v 0.004829585 0 0.001294195
v 0.004877328 0.006999969 0.00110048
v 0.004892349 0 0.001031875
v 0.004892349 0.006999969 0.001031875
v 0.004941046 0 0.000765508
v 0.004975259 0 0.0004962
v 0.004975259 0.006999969 0.0004962
v 0.004981815 0.006999969 0.000425843
v 0.004994928 0 0.000225143
v 0.004999756 0.006999969 -4.64626e-05
v 0.004993319 0.006999969 -0.000257936
v 0.004989862 0 -0.000317424
v 0.004965424 0 -0.00058655
v 0.004965424 0.006999969 -0.00058655
v 0.004912376 0.006999969 -0.000931764
v 0.00487411 0 -0.001114666
v 0.00487411 0.006999969 -0.001114666
v 0.004744529 0.006999969 -0.001577675
v 0.004729449 0 -0.001622319
v 0.004729449 0.006999969 -0.001622319
v 0.004536628 0 -0.002102077
v 0.004536628 0.006999969 -0.002102077
v 0.004499495 0.006999969 -0.002180457
v 0.004424095 0 -0.002329647
v 0.004301965 0 -0.002548098
v 0.004301965 0.006999969 -0.002548098
v 0.004189968 0.006999969 -0.002728343
v 0.004032552 0 -0.002956032
v 0.004032552 0.006999969 -0.002956032
v 0.003887116 0 -0.0031448
v 0.003830254 0.006999969 -0.003213822
v 0.003566265 0 -0.003504455
v 0.003566265 -0.006999969 -0.003504455
v 0.003427684 0 -0.003640115
v 0.003376066 -0.006999969 -0.003688097
v 0.002972066 0 -0.00402075
v 0.003180086 -0.006999969 -0.003858327
v 0.003180086 0 -0.003858327
v 0.003376066 0 -0.003688097
v 0.00296396 0 -0.00402677
v 0.002759039 -0.006999969 -0.004169821
v 0.002972066 -0.006999969 -0.00402075
v 0.002759039 0 -0.004169821
v 0.002456963 0 -0.004354655
v 0.002535462 -0.006999969 -0.004309415
v 0.002307713 0 -0.004435539
v 0.002307713 -0.006999969 -0.004435539
v 0.002071142 0 -0.004550814
v 0.002071142 -0.006999969 -0.004550814
v 0.001914143 0 -0.004619061
v 0.001831114 -0.006999969 -0.004652619
v 0.001584053 0 -0.004742383
v 0.001584053 -0.006999969 -0.004742383
v 0.001343429 0 -0.004816114
v 0.001334369 -0.006999969 -0.004818618
v 0.001334369 0 -0.004818618
v 0.001079678 0 -0.004881978
v 0.001079678 -0.006999969 -0.004881978
v 0.000823077 0 -0.004931747
v 0.000823077 -0.006999969 -0.004931747
v 0.000753116 0 -0.004942953
v 0.000563481 -0.006999969 -0.004968106
v 0.000563481 0 -0.004968106
v 0.000151825 0 -0.00499767
v 4.10822e-05 -0.006999969 -0.004999816
v -0.000221005 0 -0.004995107
v -0.000221005 -0.006999969 -0.004995107
v -0.000451686 0 -0.00497955
v -0.000481767 -0.006999969 -0.004976689
v -0.000481767 0 -0.004976689
v -0.000742278 0 -0.004944562
v -0.000742278 -0.006999969 -0.004944562
v -0.000999339 0 -0.004899084
v -0.000999339 -0.006999969 -0.004899084
v -0.001048564 0 -0.004888772
v -0.001255393 -0.006999969 -0.004839777
v -0.001255393 0 -0.004839777
v -0.001505911 -0.006999969 -0.004767775
v -0.00175476 -0.006999969 -0.004681944
v -0.00199604 0 -0.004584252
v -0.00199604 -0.006999969 -0.004584252
v -0.002188086 0 -0.004495739
v -0.002234876 -0.006999969 -0.004472672
v -0.002690494 0 -0.004214346
v -0.002464294 -0.006999969 -0.004350483
v -0.002464294 0 -0.004350483
v -0.002234876 0 -0.004472672
v -0.002714037 0 -0.004199206
v -0.002905547 -0.006999969 -0.004069089
v -0.002690494 -0.006999969 -0.004214346
v -0.002905547 0 -0.004069089
v -0.003200411 0 -0.003841459
v -0.003116607 -0.006999969 -0.003909766
v -0.003504455 0 -0.003566265
v -0.003504455 -0.006999969 -0.003566265
v -0.003640115 0 -0.003427684
v -0.003688097 -0.006999969 -0.003376066
v -0.00402075 0 -0.002972066
v -0.003858268 -0.006999969 -0.003180086
v -0.003858268 0 -0.003180086
v -0.003688097 0 -0.003376066
v -0.00402677 0 -0.00296396
v -0.004169821 -0.006999969 -0.002759039
v -0.00402075 -0.006999969 -0.002972066
v -0.004169821 0 -0.002759039
v -0.004354655 0 -0.002456963
v -0.004309415 -0.006999969 -0.002535462
v -0.004435539 0 -0.002307772
v -0.004435539 -0.006999969 -0.002307772
v -0.004550814 0 -0.002071142
v -0.004550814 -0.006999969 -0.002071142
v -0.004619061 0 -0.001914143
v -0.004652619 -0.006999969 -0.001831114
v -0.004742383 0 -0.001584053
v -0.004742383 -0.006999969 -0.001584053
v -0.004816114 0 -0.001343429
v -0.004818618 -0.006999969 -0.001334369
v -0.004818618 0 -0.001334369
v -0.004881978 0 -0.001079678
v -0.004881978 -0.006999969 -0.001079678
v -0.004931747 0 -0.000823077
v -0.004931747 -0.006999969 -0.000823077
v -0.004942953 0 -0.000753118
v -0.004968106 -0.006999969 -0.000563483
v -0.004968106 0 -0.000563483
v -0.00499767 0 -0.00015182
v -0.004999816 -0.006999969 -4.10849e-05
v -0.004995107 0 0.000221003
v -0.004995107 -0.006999969 0.000221003
v -0.00497955 0 0.000451694
v -0.004976689 -0.006999969 0.000481765
v -0.004976689 0 0.000481765
v -0.004944562 0 0.00074228
v -0.004944562 -0.006999969 0.00074228
v -0.004899084 0 0.000999339
v -0.004899084 -0.006999969 0.000999339
v -0.004888772 0 0.001048564
v -0.004839777 -0.006999969 0.001255393
v -0.004839777 0 0.001255393
v -0.004767775 -0.006999969 0.001505911
v -0.004681944 -0.006999969 0.00175476
v -0.004584252 0 0.00199604
v -0.004584252 -0.006999969 0.00199604
v -0.004495739 0 0.002188086
v -0.004472672 -0.006999969 0.002234876
v -0.004214346 0 0.002690494
v -0.004350483 -0.006999969 0.002464294
v -0.004350483 0 0.002464294
v -0.004472672 0 0.002234876
v -0.004199206 0 0.002714037
v -0.004069089 -0.006999969 0.002905547
v -0.004214346 -0.006999969 0.002690494
v -0.004069089 0 0.002905547
v -0.003841459 0 0.003200411
v -0.003909766 -0.006999969 0.003116607
v -0.00499767 0 -0.00015182
v -0.004999816 0.006999969 -4.10849e-05
v -0.004995107 0.006999969 0.000221003
v -0.003200411 0 -0.003841459
v -0.003504455 0.006999969 -0.003566265
v -0.001630246 0 -0.004726707
v -0.00175476 0.006999969 -0.004681944
v -0.00199604 0.006999969 -0.004584252
v 0.000151825 0 -0.00499767
v 4.10822e-05 0.006999969 -0.004999816
v -0.000221005 0.006999969 -0.004995107
v 0.003566265 0.006999969 -0.003504455
v 0.002972066 0.006999969 -0.00402075
v 0.003180086 0.006999969 -0.003858327
v 0.003376066 0.006999969 -0.003688097
v 0.003427684 0 -0.003640115
v 0.001584053 0.006999969 -0.004742383
v 0.001914143 0 -0.004619061
v 0.001831114 0.006999969 -0.004652619
v 0.002071142 0.006999969 -0.004550814
v 0.002307713 0.006999969 -0.004435539
v 0.002456963 0 -0.004354655
v 0.002535462 0.006999969 -0.004309415
v 0.002759039 0.006999969 -0.004169821
v 0.00296396 0 -0.00402677
v 0.001343429 0 -0.004816114
v 0.000823077 0.006999969 -0.004931747
v 0.001079678 0.006999969 -0.004881978
v 0.001334369 0.006999969 -0.004818618
v 0.000563481 0.006999969 -0.004968106
v 0.000753116 0 -0.004942953
v -0.000451686 0 -0.00497955
v -0.000999339 0.006999969 -0.004899084
v -0.000742278 0.006999969 -0.004944562
v -0.000481767 0.006999969 -0.004976689
v -0.001505911 0.006999969 -0.004767775
v -0.001255393 0.006999969 -0.004839777
v -0.001048564 0 -0.004888772
v -0.002690494 0.006999969 -0.004214346
v -0.002464294 0.006999969 -0.004350483
v -0.002234876 0.006999969 -0.004472672
v -0.002188086 0 -0.004495739
v -0.003116607 0.006999969 -0.003909766
v -0.002905547 0.006999969 -0.004069089
v -0.002714037 0 -0.004199206
v -0.00402075 0.006999969 -0.002972066
v -0.003858268 0.006999969 -0.003180086
v -0.003688097 0.006999969 -0.003376066
v -0.003640115 0 -0.003427684
v -0.004742383 0.006999969 -0.001584053
v -0.004619061 0 -0.001914143
v -0.004652619 0.006999969 -0.001831114
v -0.004550814 0.006999969 -0.002071142
v -0.004435539 0.006999969 -0.002307772
v -0.004354655 0 -0.002456963
v -0.004309415 0.006999969 -0.002535462
v -0.004169821 0.006999969 -0.002759039
v -0.00402677 0 -0.00296396
v -0.004816114 0 -0.001343429
v -0.004931747 0.006999969 -0.000823077
v -0.004881978 0.006999969 -0.001079678
v -0.004818618 0.006999969 -0.001334369
v -0.004968106 0.006999969 -0.000563483
v -0.004942953 0 -0.000753118
v -0.004976689 0.006999969 0.000481765
v -0.004944562 0.006999969 0.00074228
v -0.004899084 0.006999969 0.000999339
v -0.004839777 0.006999969 0.001255393
v -0.004767775 0.006999969 0.001505911
v -0.004681944 0.006999969 0.00175476
v -0.004584252 0.006999969 0.00199604
v -0.004495739 0 0.002188086
v -0.004472672 0.006999969 0.002234876
v -0.004350483 0.006999969 0.002464294
v -0.004214346 0.006999969 0.002690494
v -0.004199206 0 0.002714037
v -0.004069089 0.006999969 0.002905547
v -0.003909766 0.006999969 0.003116607
v -0.003841459 0 0.003200411
f 1 2 3
f 3 4 5
f 6 8 9
f 9 10 11
f 11 12 13
f 13 14 15
f 15 16 17
f 17 18 19
f 19 20 21
f 21 22 23
f 23 24 25
f 25 26 27
f 27 28 29
f 29 30 31
f 31 32 33
f 33 34 35
f 35 36 37
f 37 38 39
f 39 40 41
f 41 42 43
f 43 44 45
f 45 46 47
f 47 48 49
f 49 50 51
f 51 52 53
f 53 54 55
f 55 56 57
f 57 58 59
f 59 60 61
f 61 62 63
f 63 64 65
f 65 66 67
f 67 68 69
f 69 4 2
f 70 72 73
f 76 75 77
f 78 77 73
f 79 73 72
f 74 81 82
f 83 84 80
f 80 85 81
f 88 87 89
f 90 89 83
f 91 83 80
f 86 93 94
f 95 96 97
f 95 98 99
f 92 99 100
f 96 95 101
f 101 102 103
f 103 104 105
f 6 71 106
f 107 108 109
f 112 113 110
f 110 114 115
f 115 116 117
f 119 120 121
f 121 122 123
f 119 124 125
f 126 125 127
f 130 129 131
f 132 131 133
f 109 133 134
f 135 136 137
f 137 138 139
f 141 142 143
f 143 144 145
f 145 146 147
f 148 147 149
f 150 149 151
f 152 151 153
f 154 153 155
f 130 157 128
f 128 158 159
f 159 160 161
f 164 163 136
f 165 136 135
f 161 166 167
f 168 167 169
f 127 169 170
f 162 171 163
f 163 172 143
f 143 173 141
f 111 121 123
f 138 123 174
f 175 176 177
f 156 178 179
f 176 179 180
f 177 181 175
f 175 182 183
f 183 184 185
f 185 186 187
f 187 188 189
f 189 190 191
f 191 192 193
f 193 194 195
f 195 196 197
f 199 168 200
f 200 127 201
f 201 125 202
f 202 124 203
f 203 121 204
f 204 110 205
f 205 115 206
f 206 117 207
f 168 199 208
f 161 208 209
f 159 209 210
f 128 210 211
f 129 211 131
f 131 212 133
f 133 213 214
f 134 214 215
f 107 215 108
f 217 218 219
f 223 224 225
f 227 226 229
f 229 230 231
f 231 232 233
f 235 232 230
f 236 230 226
f 237 226 228
f 238 224 239
f 239 223 240
f 243 242 244
f 245 244 246
f 247 246 248
f 249 250 251
f 251 252 240
f 222 254 255
f 253 222 256
f 256 221 257
f 241 258 217
f 259 217 219
f 259 260 261
f 241 261 262
f 242 262 263
f 244 263 264
f 246 264 265
f 248 265 233
f 239 252 266
f 233 232 248
f 248 234 225
f 225 235 223
f 223 236 240
f 240 237 251
f 251 220 249
f 249 222 250
f 250 255 252
f 252 267 266
f 3 5 271
f 3 271 272
f 272 273 274
f 274 275 276
f 276 277 278
f 278 279 280
f 281 280 282
f 283 282 284
f 270 284 285
f 1 272 286
f 286 274 287
f 287 276 288
f 288 278 289
f 289 281 290
f 290 283 291
f 291 270 292
f 292 269 293
f 285 284 297
f 301 302 303
f 307 308 309
f 311 312 305
f 305 313 306
f 306 314 315
f 315 316 307
f 315 317 318
f 306 318 319
f 320 321 322
f 321 324 325
f 326 327 328
f 328 329 330
f 329 296 331
f 310 332 311
f 311 320 333
f 334 335 336
f 336 337 338
f 338 339 340
f 340 341 342
f 345 344 346
f 347 346 348
f 349 301 350
f 343 350 351
f 344 351 309
f 346 309 308
f 353 354 355
f 355 356 357
f 357 358 359
f 359 360 361
f 363 299 298
f 365 366 367
f 367 353 368
f 368 355 369
f 369 357 300
f 300 359 298
f 298 361 364
f 317 309 351
f 318 351 350
f 319 350 301
f 304 301 303
f 305 303 370
f 310 370 371
f 332 371 372
f 362 374 299
f 299 375 300
f 300 376 369
f 369 323 368
f 368 321 367
f 367 320 365
f 365 332 366
f 366 373 353
f 353 377 354
f 307 378 379
f 308 379 380
f 352 380 340
f 346 340 342
f 348 342 341
f 381 341 339
f 382 339 337
f 383 337 335
f 385 386 387
f 285 297 268
f 363 294 329
f 362 329 327
f 374 327 326
f 375 326 388
f 376 388 389
f 323 389 390
f 387 391 385
f 385 392 393
f 393 394 395
f 395 396 397
f 397 398 384
f 397 335 334
f 395 334 399
f 393 399 400
f 385 400 268
f 386 268 297
f 401 402 403
f 403 404 405
f 407 408 409
f 409 410 406
f 406 411 405
f 412 409 413
f 414 413 415
f 416 415 417
f 418 417 419
f 419 420 421
f 422 420 423
f 424 423 425
f 425 426 427
f 427 428 429
f 429 430 431
f 432 430 433
f 434 433 435
f 435 436 437
f 438 436 439
f 440 439 441
f 442 441 443
f 443 444 445
f 446 444 447
f 448 447 449
f 449 450 451
f 452 450 453
f 454 453 455
f 456 455 457
f 457 458 459
f 460 458 461
f 462 461 463
f 463 464 465
f 466 464 467
f 468 467 469
f 470 469 471
f 471 472 473
f 474 472 475
f 476 475 477
f 477 478 479
f 480 478 481
f 482 481 483
f 484 483 485
f 485 486 487
f 490 489 491
f 492 491 493
f 494 493 495
f 495 496 497
f 500 499 501
f 502 501 503
f 496 503 504
f 505 506 498
f 498 507 499
f 505 509 510
f 511 512 513
f 513 514 515
f 515 516 508
f 508 517 509
f 511 519 520
f 521 522 518
f 518 523 519
f 526 525 527
f 521 527 528
f 529 530 524
f 524 531 525
f 529 533 534
f 535 536 532
f 532 537 533
f 540 539 541
f 535 541 542
f 543 544 538
f 538 545 539
f 543 547 548
f 549 550 546
f 546 551 547
f 554 553 555
f 549 555 556
f 557 558 552
f 552 559 553
f 562 561 563
f 557 563 564
f 560 562 565
f 565 566 567
f 567 568 569
f 569 570 571
f 572 570 573
f 94 575 576
f 257 577 256
f 256 103 105
f 578 96 101
f 575 94 580
f 580 93 581
f 581 100 582
f 582 99 583
f 583 98 579
f 579 97 96
f 584 214 213
f 212 211 584
f 584 210 215
f 215 209 216
f 209 84 83
f 216 83 89
f 576 89 87
f 208 199 84
f 84 200 85
f 585 586 198
f 198 587 207
f 207 588 206
f 206 589 205
f 205 590 204
f 591 85 593
f 204 594 595
f 203 595 596
f 202 596 597
f 201 597 598
f 598 599 200
f 200 600 601
f 200 602 603
f 604 605 200
f 200 606 85
f 85 607 593
f 85 608 609
f 610 611 85
f 85 612 81
f 81 613 82
f 82 614 75
f 75 615 486
f 77 486 483
f 483 481 73
f 73 478 70
f 70 475 71
f 71 472 106
f 469 467 106
f 106 464 461
f 277 433 430
f 461 458 106
f 106 455 453
f 277 441 439
f 453 450 106
f 106 447 444
f 277 426 423
f 279 423 420
f 279 417 415
f 415 413 280
f 280 409 282
f 282 406 404
f 284 404 402
f 297 402 198
f 106 277 275
f 44 526 46
f 46 521 48
f 48 518 50
f 50 511 52
f 52 513 54
f 54 515 56
f 56 508 58
f 58 505 60
f 60 498 62
f 62 500 64
f 64 502 66
f 66 496 68
f 4 496 493
f 616 5 617
f 617 4 489
f 618 273 619
f 619 271 620
f 620 5 621
f 618 622 273
f 273 623 624
f 106 626 627
f 624 629 273
f 273 630 631
f 273 632 633
f 634 635 273
f 273 636 106
f 106 637 625
f 106 638 639
f 640 641 106
f 106 642 7
f 7 643 8
f 8 644 10
f 10 645 12
f 12 573 14
f 14 570 16
f 16 568 18
f 18 566 20
f 20 562 22
f 22 557 24
f 24 552 26
f 26 554 28
f 28 549 30
f 30 546 32
f 32 543 34
f 34 538 36
f 36 540 38
f 38 535 40
f 40 532 42
f 42 529 44
f 44 524 526
f 356 354 111
f 111 363 364
f 361 360 111
f 111 358 356
f 646 138 136
f 647 136 163
f 648 163 649
f 649 143 650
f 650 145 651
f 652 145 148
f 148 150 653
f 653 152 654
f 654 154 156
f 655 156 176
f 656 176 175
f 657 175 183
f 658 183 185
f 659 185 187
f 660 187 189
f 661 189 191
f 662 191 663
f 663 193 664
f 664 195 665
f 665 197 666
f 111 377 373
f 372 371 111
f 111 370 303
f 111 302 349
f 343 345 111
f 111 347 348
f 111 381 382
f 112 382 383
f 384 398 112
f 112 396 113
f 113 394 114
f 114 392 116
f 387 118 116
f 391 116 392
f 668 667 670
f 670 671 672
f 672 673 674
f 669 676 677
f 678 679 675
f 675 680 676
f 683 682 684
f 681 686 687
f 687 688 689
f 689 690 691
f 311 333 693
f 693 322 325
f 324 390 693
f 693 389 388
f 693 326 328
f 330 331 693
f 693 296 694
f 696 399 334
f 696 336 338
f 340 380 696
f 696 379 378
f 693 313 312
f 268 400 697
f 701 702 703
f 705 706 704
f 704 707 703
f 704 708 709
f 705 709 696
f 710 696 709
f 711 709 708
f 712 708 702
f 713 702 701
f 715 716 697
f 719 718 699
f 720 699 698
f 722 723 724
f 724 725 726
f 726 727 728
f 723 730 725
f 725 731 727
f 727 732 729
f 729 733 734
f 714 738 739
f 741 740 742
f 735 742 743
f 744 743 745
f 735 737 741
f 741 747 738
f 738 748 739
f 749 735 744
f 750 744 746
f 707 752 703
f 703 753 701
f 701 754 714
f 714 755 738
f 738 756 740
f 740 757 742
f 742 758 743
f 743 759 745
f 745 729 746
f 746 734 751
f 674 717 719
f 672 719 720
f 670 720 721
f 681 683 686
f 686 761 688
f 688 762 690
f 685 679 678
f 683 678 763
f 761 763 764
f 268 697 269
f 269 716 293
f 697 399 695
f 715 695 710
f 765 710 711
f 766 711 712
f 767 712 713
f 768 713 714
f 769 714 739
f 696 316 314
f 705 314 693
f 706 693 694
f 707 694 692
f 752 692 690
f 753 690 762
f 754 762 764
f 755 764 763
f 756 763 678
f 757 678 675
f 758 675 669
f 759 669 668
f 729 668 721
f 728 721 698
f 726 698 700
f 770 196 194
f 771 194 192
f 772 192 190
f 190 188 773
f 773 186 774
f 774 184 182
f 182 181 775
f 775 177 776
f 253 105 780
f 780 218 217
f 780 258 243
f 245 247 780
f 780 225 224
f 780 238 266
f 267 255 780
f 780 254 253
f 784 783 785
f 786 785 787
f 788 787 789
f 790 789 791
f 793 794 782
f 782 795 783
f 798 797 799
f 793 799 800
f 796 798 801
f 801 802 803
f 805 804 806
f 807 806 808
f 809 808 810
f 811 810 812
f 814 815 816
f 818 819 820
f 823 822 818
f 814 818 820
f 804 824 806
f 806 825 808
f 808 826 810
f 810 827 812
f 828 818 822
f 830 831 832
f 832 833 834
f 834 836 832
f 832 837 830
f 830 838 839
f 839 840 841
f 841 842 843
f 843 844 845
f 846 847 779
f 779 848 777
f 105 104 780
f 780 850 851
f 851 852 853
f 850 102 849
f 852 849 848
f 853 848 847
f 845 779 778
f 843 778 854
f 841 854 855
f 839 855 856
f 830 856 857
f 816 813 814
f 814 812 823
f 823 827 821
f 821 826 858
f 858 825 835
f 835 824 834
f 834 804 836
f 836 803 837
f 837 802 838
f 838 798 840
f 840 793 842
f 842 782 844
f 844 784 846
f 846 786 847
f 847 788 853
f 853 790 851
f 851 792 780
f 780 791 781
f 859 177 180
f 860 180 179
f 861 179 178
f 862 178 155
f 863 864 153
f 153 865 155
f 155 866 862
f 149 868 869
f 151 869 870
f 149 147 867
f 867 146 871
f 871 144 872
f 872 142 873
f 873 141 173
f 173 172 874
f 874 171 875
f 875 162 876
f 876 164 877
f 877 165 878
f 878 135 879
f 879 137 880
f 881 137 139
f 139 140 882
f 882 174 883
f 883 123 122
f 884 122 120
f 885 120 119
f 126 257 221
f 126 220 228
f 227 229 126
f 126 231 233
f 126 265 264
f 263 262 126
f 126 261 119
f 119 260 886
f 577 126 170
f 170 169 578
f 578 167 579
f 579 166 160
f 583 160 158
f 582 158 157
f 581 157 130
f 580 130 132
f 575 132 576
f 576 109 108
f 666 760 665
f 665 674 664
f 664 673 663
f 662 673 661
f 661 671 660
f 660 667 659
f 659 677 658
f 658 676 657
f 657 680 656
f 655 680 679
f 691 650 689
f 689 651 687
f 687 652 681
f 681 653 682
f 682 654 684
f 692 648 691
f 691 649 650
f 694 295 646
f 692 646 647
f 773 774 887
f 888 770 889
f 889 771 890
f 890 772 891
f 891 773 892
f 776 817 775
f 775 893 774
f 774 894 887
f 816 859 860
f 860 861 813
f 813 862 811
f 811 866 865
f 865 864 809
f 809 863 807
f 807 870 869
f 869 868 805
f 805 867 803
f 803 871 801
f 801 872 796
f 796 873 797
f 797 874 799
f 800 874 875
f 794 875 876
f 876 877 795
f 795 878 783
f 783 879 880
f 219 218 781
f 880 881 785
f 785 882 787
f 787 883 789
f 789 884 791
f 791 885 781
f 781 886 260
f 895 1 896
f 2 895 69
f 69 898 67
f 67 899 65
f 65 900 63
f 63 901 61
f 61 902 59
f 59 903 57
f 57 904 55
f 55 905 53
f 53 906 51
f 51 907 49
f 49 908 47
f 47 909 45
f 45 910 43
f 43 911 41
f 41 912 39
f 39 913 37
f 37 914 35
f 35 915 33
f 33 916 31
f 31 917 29
f 29 918 27
f 27 919 25
f 25 920 23
f 23 921 21
f 21 922 19
f 19 923 17
f 17 924 15
f 15 925 13
f 13 926 11
f 11 927 9
f 9 928 6
f 930 931 92
f 932 933 934
f 934 102 935
f 935 95 936
f 937 938 86
f 86 939 92
f 92 940 930
f 90 941 937
f 88 937 86
f 80 943 944
f 91 944 945
f 942 80 946
f 946 74 947
f 947 76 948
f 948 78 949
f 950 78 79
f 951 79 952
f 952 72 953
f 954 72 6
f 955 956 957
f 957 958 959
f 959 960 961
f 964 963 965
f 966 965 967
f 969 970 971
f 969 973 970
f 970 974 975
f 978 977 979
f 980 979 970
f 981 970 975
f 961 982 983
f 984 983 985
f 988 987 989
f 985 989 990
f 978 991 976
f 976 992 993
f 993 994 986
f 986 995 987
f 998 997 999
f 1000 999 1001
f 1002 1001 1003
f 1004 1003 1005
f 1006 1005 1007
f 1008 1007 1009
f 1010 1009 1011
f 1012 1011 1013
f 1014 1013 1015
f 1017 1018 1019
f 1021 1022 1023
f 1016 1024 1025
f 1026 1025 1027
f 1023 1029 1028
f 1028 1030 996
f 996 1031 997
f 1032 1021 1033
f 1034 1033 1035
f 1036 1035 1037
f 1038 1037 1039
f 1040 1039 1041
f 1042 1041 1043
f 1020 1043 1044
f 962 1045 963
f 963 1027 970
f 970 1025 972
f 1047 968 967
f 1048 967 965
f 1049 965 963
f 1050 963 970
f 1051 970 979
f 1052 979 977
f 1053 977 976
f 1054 976 993
f 983 1056 1057
f 985 1057 1058
f 988 1058 1059
f 986 1059 1055
f 956 1060 1061
f 958 1061 1062
f 960 1062 1063
f 982 1063 1056
f 1064 1060 955
f 1065 1066 1067
f 1071 1072 1073
f 1074 1072 1075
f 1076 1075 1077
f 1078 1079 1080
f 1067 1082 1065
f 1065 1083 1084
f 1084 1085 1086
f 1086 1087 1088
f 1091 1090 1092
f 1093 1092 1094
f 1095 1094 1081
f 1096 1081 1080
f 1099 1098 1100
f 1101 1100 1071
f 1102 1071 1073
f 1071 1103 1104
f 1072 1104 1105
f 1106 1089 1107
f 1107 1091 1108
f 1108 1093 1109
f 1109 1095 1110
f 1110 1096 1111
f 1069 1068 1112
f 1113 1065 1084
f 1070 1084 1086
f 1068 1086 1088
f 1076 1114 1074
f 1074 1115 1073
f 1073 1112 1102
f 1102 1088 1101
f 1101 1087 1099
f 1099 1085 1097
f 1097 1083 1079
f 1079 1082 1080
f 1080 1067 1111
f 897 896 1119
f 1119 1120 1121
f 1121 1122 1123
f 1123 1124 1125
f 1118 1127 1116
f 1116 1128 1129
f 1129 1130 1131
f 1131 1132 1126
f 1126 1133 1125
f 292 1117 1116
f 291 1116 1129
f 290 1129 1131
f 289 1131 1126
f 288 1126 1124
f 287 1124 1122
f 286 1122 1120
f 1 1120 896
f 1137 1138 1139
f 1143 1144 1145
f 1139 1138 1148
f 1152 1046 1153
f 1146 1141 1155
f 1155 1140 1156
f 1159 1158 1160
f 1161 1160 1162
f 1148 1163 1164
f 1157 1164 1165
f 1145 1144 1166
f 1167 1141 1147
f 1169 1170 1171
f 1173 1174 1175
f 1175 1176 1177
f 1143 1178 1179
f 1180 1179 1181
f 1184 1183 1185
f 1185 1186 1187
f 1187 1188 1189
f 1189 1190 1191
f 1166 1168 1147
f 1182 1147 1146
f 1183 1146 1155
f 1186 1155 1156
f 1188 1156 1192
f 1193 1194 1195
f 1135 1134 1199
f 1199 1200 1201
f 1198 1202 1203
f 1204 1203 1205
f 1195 1196 1198
f 1206 1198 1204
f 1207 1204 1205
f 1203 1201 1200
f 1205 1200 1134
f 1208 1134 1136
f 1207 1210 1206
f 1206 1211 1195
f 1195 1212 1193
f 1210 1172 1211
f 1211 1170 1212
f 1212 1169 1213
f 1182 1214 1215
f 1166 1215 1216
f 1145 1216 1213
f 1178 1213 1169
f 1179 1169 1171
f 1142 1162 1140
f 1140 1160 1156
f 1156 1158 1192
f 1192 1165 1190
f 1190 1164 1191
f 1191 1163 1217
f 1217 1138 1218
f 1218 1137 1219
f 1152 1153 1220
f 1220 1127 1118
f 1223 1222 1173
f 1224 1173 1175
f 1154 1225 1226
f 1227 1226 1228
f 1229 1228 1230
f 1231 1230 1232
f 1234 1222 1221
f 1209 1221 1223
f 1208 1223 1224
f 1205 1224 1175
f 1207 1175 1177
f 1210 1177 1235
f 1172 1235 1236
f 1171 1236 1237
f 1139 1149 1137
f 1137 1151 1219
f 1219 1154 1238
f 1238 1227 1239
f 1239 1229 1118
f 1118 1231 1220
f 1220 1232 1152
f 1241 401 403
f 1242 403 405
f 1243 405 1244
f 1245 1244 410
f 1246 410 1247
f 1248 1247 407
f 1249 407 1250
f 1251 1250 1252
f 1253 1252 416
f 1254 416 1255
f 1256 1255 419
f 1257 419 1258
f 1259 1258 422
f 1260 422 1261
f 1262 1261 425
f 1263 425 1264
f 1265 1264 429
f 1266 429 1267
f 1268 1267 432
f 1269 432 1270
f 1271 1270 435
f 1272 435 1273
f 1274 1273 1275
f 1276 1275 440
f 1277 440 442
f 1278 442 443
f 1279 443 1280
f 1281 1280 446
f 1282 446 448
f 1283 448 449
f 1284 449 451
f 1285 451 1286
f 1287 1286 454
f 1288 454 456
f 1289 456 457
f 1290 457 1291
f 1292 1291 460
f 1293 460 1294
f 1295 1294 463
f 1296 463 1297
f 1298 1297 466
f 1299 466 468
f 1300 468 1301
f 1302 1301 471
f 1303 471 1304
f 1305 1304 474
f 1306 474 1307
f 1308 1307 477
f 1309 477 1310
f 1311 1310 1312
f 1313 1312 482
f 1314 482 484
f 484 485 1315
f 1315 487 1316
f 1318 488 1319
f 1320 1319 492
f 1321 492 1322
f 1323 1322 495
f 1324 495 1325
f 1326 1325 504
f 1327 504 1328
f 1329 1328 1330
f 1331 1330 499
f 1332 499 1333
f 1334 1333 506
f 1335 506 1336
f 1337 1336 509
f 1338 509 1339
f 1340 1339 1341
f 1342 1341 1343
f 1344 1343 512
f 1345 512 1346
f 1347 1346 519
f 1348 519 1349
f 1350 1349 522
f 1351 522 1352
f 1353 1352 1354
f 1355 1354 525
f 1356 525 1357
f 1358 1357 530
f 1359 530 1360
f 1361 1360 533
f 1362 533 1363
f 1364 1363 536
f 1365 536 1366
f 1367 1366 1368
f 1369 1368 539
f 1370 539 1371
f 1372 1371 544
f 1373 544 1374
f 1375 1374 547
f 1376 547 1377
f 1378 1377 550
f 1379 550 1380
f 1381 1380 1382
f 1383 1382 553
f 1384 553 1385
f 1386 1385 558
f 1387 558 1388
f 1389 1388 563
f 1390 563 1391
f 1392 1391 560
f 1393 560 1394
f 1395 1394 1396
f 1397 1396 569
f 1398 569 1399
f 1399 572 1400
f 1400 574 1401
f 1076 932 934
f 1402 1076 1403
f 1403 934 935
f 930 1405 931
f 931 1406 936
f 936 1407 935
f 935 1408 1404
f 930 1410 1411
f 930 940 1409
f 1409 939 1412
f 1063 1062 1413
f 1413 1061 1060
f 1413 1057 1056
f 939 938 1412
f 1412 937 1064
f 1064 941 945
f 1254 1256 1133
f 1133 1257 1125
f 1246 1132 1245
f 1246 1248 1132
f 1132 1249 1133
f 1133 1251 1253
f 1130 1153 1046
f 1259 1260 1125
f 1125 1262 1263
f 1125 1265 1266
f 1268 1269 1125
f 1125 1271 1272
f 1125 1274 1276
f 1278 1279 954
f 954 1281 1282
f 1283 1284 954
f 954 1285 1287
f 954 1288 1289
f 1290 1292 954
f 954 1293 1295
f 954 1296 1298
f 1299 1300 954
f 954 1302 953
f 953 1303 1305
f 1305 1306 952
f 952 1308 951
f 1313 949 950
f 1311 950 951
f 1309 951 1308
f 1314 1315 949
f 949 1316 948
f 948 1416 947
f 947 1417 946
f 946 1418 942
f 942 1419 1414
f 942 1420 1421
f 1422 1423 942
f 942 1424 1425
f 1060 1064 1058
f 1058 944 1059
f 1059 943 1055
f 1055 942 1054
f 1425 1428 1054
f 1054 1429 1430
f 1054 1431 1432
f 1427 1433 1054
f 1054 1434 1053
f 1053 1435 1052
f 1051 1435 1436
f 1436 1437 1050
f 1050 1438 1049
f 1049 1439 1048
f 1048 1440 1047
f 1047 1441 1046
f 1046 1442 1443
f 1444 1240 1046
f 1046 1241 1132
f 1132 1242 1243
f 1119 1445 1446
f 1119 1447 1448
f 1449 1450 1119
f 1119 1451 1452
f 1119 1453 1454
f 1455 1456 1119
f 1119 1457 897
f 1457 898 895
f 899 1457 900
f 900 1458 901
f 1459 903 1461
f 901 1462 1463
f 902 1463 1464
f 903 1464 1465
f 1460 1466 903
f 903 1467 1468
f 903 1469 1470
f 1471 1317 903
f 903 1318 1320
f 903 1321 1323
f 1324 1326 903
f 903 1327 1329
f 903 1331 1332
f 1334 1335 903
f 903 1337 904
f 904 1338 905
f 905 1340 906
f 906 1342 1344
f 1344 1345 907
f 907 1347 908
f 908 1348 1350
f 1350 1351 909
f 909 1353 910
f 910 1355 1356
f 1356 1358 911
f 911 1359 912
f 912 1361 1362
f 1362 1364 913
f 913 1365 914
f 914 1367 915
f 1369 1370 915
f 915 1372 916
f 916 1373 1375
f 917 1375 1376
f 1376 1378 918
f 918 1379 919
f 919 1381 1383
f 1383 1384 920
f 920 1386 921
f 921 1387 1389
f 922 1389 1390
f 1390 1392 923
f 923 1393 924
f 924 1395 1397
f 1397 1398 925
f 925 1400 926
f 926 1401 927
f 927 1472 1473
f 1473 1474 928
f 928 1475 929
f 929 1476 954
f 954 1477 1478
f 1479 1480 954
f 954 1481 1482
f 954 1483 1484
f 1485 1486 954
f 954 1487 1488
f 954 1489 1490
f 1492 1493 1125
f 954 1494 1495
f 1277 1278 1125
f 1125 954 1492
f 1493 1497 1125
f 1125 1445 1123
f 1180 1181 1027
f 1027 1237 1236
f 1235 1177 1027
f 1027 1176 1174
f 1027 1173 1222
f 1139 1148 1027
f 1226 1225 1045
f 1045 1150 1027
f 1027 1149 1139
f 1148 1157 1027
f 1027 1159 1161
f 1027 1142 1167
f 1168 1144 1027
f 1027 1143 1180
f 1230 1045 962
f 1232 962 964
f 964 966 1152
f 1152 968 1046
f 1026 1498 1499
f 1499 1500 1016
f 1016 1501 1014
f 1014 1502 1012
f 1504 1008 1503
f 1503 1010 1012
f 1506 1002 1004
f 1504 1004 1006
f 1507 1035 1508
f 1508 1033 1509
f 1509 1021 1510
f 1510 1028 1511
f 1511 996 1512
f 1512 998 1505
f 1505 1000 1002
f 1035 1513 1514
f 1037 1514 1515
f 1039 1515 1516
f 1041 1516 1043
f 1043 1517 1044
f 1044 1518 1519
f 1019 1519 1520
f 1521 1117 293
f 737 736 1523
f 1527 1528 1529
f 1533 1534 1535
f 1538 730 723
f 1239 1117 1521
f 1539 1215 1540
f 1540 1214 1184
f 1540 1185 1187
f 1189 1191 1540
f 1540 1217 1218
f 1234 1539 1233
f 1539 1136 1135
f 1199 1201 1539
f 1539 1202 1197
f 1539 1196 1194
f 1193 1213 1539
f 1539 1216 1215
f 1531 1530 1543
f 1546 1545 1547
f 1547 1548 1549
f 1536 1535 1550
f 1527 1529 1526
f 1526 1552 1524
f 1555 1554 1538
f 734 1557 751
f 751 1558 750
f 1559 1558 1560
f 1560 1557 1561
f 1561 734 1553
f 1553 733 1554
f 1554 732 1538
f 1538 731 730
f 1564 1563 1565
f 1544 1565 1566
f 1545 1566 1567
f 1548 1567 1529
f 1549 1529 1528
f 1565 1559 1560
f 1566 1560 1561
f 1567 1561 1553
f 1529 1553 1555
f 1552 1555 1556
f 1562 1568 1569
f 1569 1570 1571
f 1571 1572 1523
f 747 1523 1572
f 748 1572 1570
f 1562 1569 1563
f 1563 1571 1559
f 1559 1523 1558
f 1558 736 749
f 1575 1574 1576
f 1577 1576 1578
f 1568 1578 1579
f 1570 1579 769
f 1541 1580 1573
f 1573 1581 1574
f 1551 1527 1526
f 1536 1526 1525
f 1537 1525 1524
f 1582 1524 1556
f 1583 1556 1538
f 1584 1538 723
f 1585 1586 1587
f 1587 1588 1589
f 1589 1590 1591
f 1591 1592 1593
f 1593 1594 1595
f 1595 1543 1596
f 1218 1219 1540
f 1540 1238 1522
f 1522 1521 716
f 1233 1539 1541
f 1541 1540 1580
f 1580 1522 1581
f 1581 715 1574
f 1574 765 1576
f 1576 766 1578
f 1578 767 1579
f 1579 768 769
f 1593 1597 1598
f 1591 1598 1599
f 1589 1599 1600
f 1587 1600 1542
f 1585 1542 1541
f 1586 1541 1573
f 1588 1573 1575
f 1590 1575 1577
f 1592 1577 1568
f 1594 1568 1562
f 1543 1562 1564
f 1531 1564 1544
f 1532 1544 1546
f 1020 1601 1602
f 1042 1602 1603
f 1604 1036 1038
f 1603 1038 1040
f 1604 1605 1034
f 1034 1606 1032
f 1032 1607 1022
f 1608 833 1609
f 932 1077 1613
f 1075 1105 1613
f 1613 1104 1103
f 1613 1100 1098
f 1097 1079 1613
f 1613 1078 1081
f 1613 1094 1092
f 1614 1615 1616
f 1616 1617 1618
f 1618 1619 1620
f 1620 1621 1622
f 1622 1623 1624
f 1624 1625 1626
f 1626 1627 1628
f 1631 1630 1632
f 1634 1635 1636
f 1636 1637 1631
f 1631 1638 1629
f 1613 1639 1640
f 1641 1640 1642
f 1643 1642 1644
f 1645 1644 1646
f 1647 1646 1648
f 1649 1648 1634
f 1650 1634 1636
f 777 1651 1652
f 1653 1654 1655
f 1655 1656 822
f 822 1657 829
f 822 1658 1659
f 1608 1660 835
f 835 1661 858
f 858 1662 821
f 821 1663 1658
f 1664 1611 1665
f 1666 1665 1667
f 1668 1667 1669
f 1670 1669 1671
f 1609 1671 1672
f 1608 1672 1614
f 1660 1614 1616
f 1661 1616 1618
f 1662 1618 1620
f 1663 1620 1622
f 1658 1622 1624
f 1659 1624 1626
f 1655 1626 1628
f 1653 1628 1627
f 102 933 849
f 849 1674 1651
f 1651 1675 1652
f 1652 1610 1612
f 778 1612 1664
f 854 1664 1666
f 855 1666 1668
f 856 1668 1670
f 857 1670 1609
f 831 1609 833
f 1674 932 1613
f 1675 1613 1641
f 1610 1641 1643
f 1611 1643 1645
f 1665 1645 1647
f 1667 1647 1649
f 1669 1649 1650
f 1671 1650 1636
f 1672 1636 1631
f 1614 1631 1633
f 1615 1633 1632
f 1023 1607 1676
f 1029 1676 1677
f 1030 1677 1678
f 1031 1678 1679
f 997 1679 1680
f 1680 1681 999
f 999 1682 1001
f 1001 1683 1684
f 1003 1684 1685
f 1005 1685 1686
f 1007 1686 1687
f 1009 1687 1688
f 1011 1688 1689
f 1013 1689 1690
f 1015 1690 1691
f 1024 1691 1692
f 1025 1692 1693
f 972 1693 1694
f 971 1694 969
f 969 1695 973
f 973 1696 974
f 974 1697 975
f 975 1698 981
f 981 1699 1700
f 980 1700 1701
f 1106 991 1702
f 1702 978 980
f 991 1107 1108
f 1109 1110 991
f 991 1111 1067
f 991 1066 1113
f 1070 1069 991
f 991 1112 1115
f 991 1114 1402
f 992 1402 1403
f 994 1403 1404
f 995 1404 1408
f 987 1408 1407
f 989 1407 1406
f 990 1406 1405
f 984 1405 961
f 961 1411 959
f 959 1410 1409
f 1409 1412 957
f 957 1064 955
f 1535 1520 1519
f 1535 1518 1517
f 1550 1517 1516
f 1527 1516 1515
f 1528 1515 1514
f 1549 1514 1547
f 1547 1513 1507
f 1546 1507 1508
f 1546 1509 1510
f 1532 1510 1511
f 1595 1596 1512
f 1512 1530 1532
f 1595 1505 1506
f 1597 1506 1504
f 1503 1600 1599
f 1504 1599 1598
f 1502 1501 1600
f 1600 1500 1542
f 1498 1233 1542
f 1499 1542 1500
f 1642 1698 1697
f 1601 1703 1602
f 1602 1704 1603
f 1603 1705 1604
f 1627 1625 1678
f 1604 1707 1708
f 1605 1708 1709
f 1606 1709 1710
f 1607 1710 1673
f 1676 1673 1627
f 1677 1627 1678
f 1623 1681 1680
f 1625 1680 1679
f 1623 1621 1682
f 1682 1619 1683
f 1683 1617 1684
f 1684 1615 1685
f 1685 1632 1686
f 1629 1688 1630
f 1630 1687 1686
f 1688 1638 1637
f 1689 1637 1635
f 1690 1635 1634
f 1646 1695 1648
f 1648 1694 1693
f 1634 1693 1692
f 1696 1646 1697
f 1697 1644 1642
f 1642 1700 1699
f 1090 1089 1639
f 1639 1702 1640
f 1640 1701 1700
f 888 889 1712
f 1712 1713 1714
f 1715 1713 1716
f 1717 1716 1718
f 1718 1719 1720
f 1720 1721 1722
f 1723 1721 1724
f 1725 1724 1726
f 1726 1727 1728
f 1729 1727 1730
f 1731 1730 1732
f 1732 1704 1703
f 1710 1733 1673
f 815 1735 893
f 1736 1730 1737
f 1737 1727 1738
f 1738 1724 1739
f 1739 1721 1740
f 1740 1719 1741
f 1741 1716 1711
f 1711 1713 890
f 1742 1656 1743
f 1743 1654 1733
f 1733 1653 1673
f 1735 887 894
f 815 820 1734
f 1734 819 1744
f 1744 828 1745
f 1745 829 1742
f 1742 1657 1656
f 1736 1707 1706
f 1730 1706 1705
f 1709 1708 1733
f 1733 1736 1743
f 1743 1737 1742
f 1742 1738 1745
f 1745 1739 1744
f 1744 1740 1734
f 1734 1741 1735
f 1735 1711 892
f 1723 1725 196
f 1018 197 196
f 196 888 1712
f 1537 1017 1533
f 1533 1520 1534
f 1583 197 1017
f 1582 1017 1537
f 197 722 724
f 1714 1715 196
f 196 1717 1718
f 197 699 718
f 666 718 717
f 1728 1729 1018
f 1018 1731 1601
f 1601 1732 1703
f 1018 1725 1726
f 1718 1720 196
f 196 1722 1723
f 402 1746 585
f 586 1746 1747
f 587 1747 588
f 588 1748 589
f 589 1749 590
f 590 1750 594
f 594 1751 595
f 596 1751 1752
f 597 1752 1753
f 598 1753 1754
f 599 1754 1755
f 600 1755 601
f 601 1756 602
f 603 1756 1757
f 604 1757 605
f 605 1758 606
f 607 1758 1759
f 593 1759 1760
f 591 1760 1761
f 592 1761 1762
f 608 1762 609
f 609 1763 610
f 610 1764 611
f 611 1765 612
f 612 1766 613
f 614 1766 1767
f 615 1767 487
f 617 489 488
f 1768 573 645
f 645 1769 1770
f 642 1771 643
f 643 1772 644
f 644 1773 1769
f 642 1774 1775
f 640 1776 641
f 641 1777 1774
f 640 1778 1779
f 628 1780 638
f 638 1781 639
f 639 1782 1778
f 628 1783 1784
f 1785 1786 626
f 626 1787 627
f 627 1788 1783
f 1789 626 625
f 1790 625 637
f 1791 637 636
f 1792 636 1793
f 1793 635 1794
f 1795 635 634
f 631 1797 632
f 632 1798 633
f 633 1799 634
f 634 1800 1796
f 631 1801 1802
f 629 1803 630
f 630 1804 1801
f 623 1805 1806
f 624 1806 1807
f 629 1807 1808
f 618 1809 622
f 622 1810 1805
f 618 1811 1812
f 621 1813 620
f 620 1814 619
f 619 1815 1811
f 621 1816 1817
f 488 1818 617
f 617 1819 616
f 616 1820 1816
f 401 1444 1821
f 1821 1443 1442
f 1442 1441 1822
f 1822 1440 1823
f 1823 1439 1749
f 1749 1438 1824
f 1824 1437 1825
f 1825 1436 1435
f 1826 1435 1434
f 1753 1434 1433
f 1827 1433 1427
f 1427 1426 1828
f 1828 1432 1829
f 1829 1431 1430
f 1430 1429 1830
f 1830 1428 1831
f 1831 1425 1424
f 1832 1424 1423
f 1760 1423 1422
f 1833 1422 1421
f 1421 1420 1834
f 1834 1415 1835
f 1835 1414 1764
f 1764 1419 1836
f 1836 1418 1837
f 1837 1417 1416
f 1838 1416 1316
f 488 1317 1839
f 1839 1471 1819
f 1819 1470 1840
f 1840 1469 1816
f 1816 1468 1841
f 1841 1467 1813
f 1813 1466 1842
f 1842 1460 1843
f 1843 1459 1811
f 1811 1461 1844
f 1844 1465 1809
f 1809 1464 1845
f 1845 1463 1805
f 1805 1462 1846
f 1846 1458 1847
f 1847 1457 1848
f 1848 1456 1803
f 1803 1455 1849
f 1849 1454 1801
f 1801 1453 1850
f 1850 1452 1797
f 1797 1451 1851
f 1851 1450 1852
f 1852 1449 1800
f 1800 1448 1853
f 1853 1447 1795
f 1795 1446 1854
f 1854 1445 1793
f 1793 1497 1855
f 1855 1493 1791
f 1791 1492 1856
f 1856 1496 1857
f 1857 1495 1785
f 1785 1494 1858
f 1858 1491 1787
f 1787 1490 1859
f 1859 1489 1783
f 1783 1488 1860
f 1860 1487 1780
f 1780 1486 1861
f 1861 1485 1862
f 1862 1484 1778
f 1778 1483 1863
f 1863 1482 1776
f 1776 1481 1864
f 1864 1480 1774
f 1774 1479 1865
f 1865 1478 1771
f 1771 1477 1866
f 1866 1476 1867
f 1867 1475 1769
f 1769 1474 1868
f 1868 1473 1768
f 1768 1472 1401
f 1869 1870 1871
f 1875 1876 1877
f 1879 1878 1881
f 1885 1886 1887
f 1891 1892 1893
f 1897 1898 1899
f 1901 1902 1903
f 1906 1905 1907
f 1908 1906 1909
f 1902 1910 1903
f 1903 1911 1912
f 1914 1915 1916
f 1919 1918 1915
f 1922 1921 1923
f 1894 1896 1925
f 1928 1927 1929
f 1930 1929 1931
f 1932 1929 1933
f 1935 1936 1933
f 1933 1937 1934
f 1940 1939 1941
f 1935 1941 1942
f 1943 1944 1940
f 1940 1945 1938
f 1948 1947 1949
f 1943 1949 1950
f 1893 1892 1948
f 1948 1951 1946
f 1952 1888 1953
f 1893 1953 1954
f 1955 1956 1957
f 1957 1959 1960
f 1886 1961 1958
f 1961 1885 1962
f 1958 1957 1886
f 1886 1964 1887
f 1967 1966 1968
f 1969 1968 1970
f 1973 1972 1974
f 1977 1976 1978
f 1981 1980 1982
f 1880 1982 1983
f 1984 1985 1986
f 1984 1987 1988
f 1981 1988 1989
f 1876 1875 1990
f 1990 1991 1992
f 1985 1992 1993
f 1994 1995 1996
f 1970 1964 1969
f 1969 1957 1967
f 1967 1956 1965
f 1965 1998 1999
f 1999 2000 2001
f 2001 2002 2003
f 2003 2004 2005
f 2007 1976 1975
f 1977 1884 1975
f 1975 1883 2008
f 2008 1882 2009
f 2009 2010 2011
f 2013 1874 1873
f 1995 1873 2014
f 2010 1973 2011
f 2011 1974 2009
f 2009 2015 2008
f 2008 2016 2007
f 2007 2017 2006
f 2006 2018 2019
f 2019 2020 2021
f 2021 2022 2023
f 2023 2024 2025
f 2025 2026 2027
f 2027 2028 2029
f 2029 2030 2031
f 1879 2033 1880
f 1880 2034 1981
f 1981 2035 1984
f 1984 2036 1985
f 1985 2037 1990
f 1990 2038 1876
f 1876 1994 1877
f 1881 1978 1879
f 1879 1976 2033
f 2033 2006 2034
f 2034 2019 2035
f 2035 2021 2036
f 2036 2023 2037
f 2037 2025 2038
f 2038 2027 1994
f 1994 2029 1995
f 1995 2031 2013
f 2013 2032 2012
f 1902 1909 1914
f 1910 1914 1916
f 1911 1916 2039
f 1919 1870 1917
f 1917 1869 2040
f 1871 2042 2043
f 1869 2043 2044
f 2040 2044 2045
f 1922 2045 1896
f 1920 1896 1895
f 1919 1914 1909
f 1870 1909 1906
f 1871 1906 1907
f 1924 1897 1922
f 1922 1899 2040
f 2040 1900 1917
f 1917 2046 1918
f 2047 2004 2048
f 2049 2048 2050
f 2051 2050 2052
f 2053 2052 2054
f 2055 2054 2056
f 2057 2056 2058
f 2059 2058 2060
f 1955 2062 1956
f 1956 1890 1998
f 1998 1889 2000
f 2000 1952 2002
f 2002 1893 2004
f 2004 1948 2048
f 2048 1943 2050
f 2050 1940 2052
f 2052 1935 2054
f 2054 1933 2056
f 2056 1929 2058
f 2058 1927 2060
f 2043 2063 2064
f 2044 2064 2061
f 2045 2061 2060
f 1896 2060 1927
f 1925 1927 1926
f 1972 1966 1965
f 1974 1965 1999
f 2015 1999 2001
f 2016 2001 2003
f 2017 2003 2005
f 2018 2005 2047
f 2020 2047 2049
f 2022 2049 2051
f 2024 2051 2053
f 2026 2053 2055
f 2028 2055 2057
f 2030 2057 2059
f 2032 2059 2061
f 2012 2061 2064
f 1874 2064 2063
f 1997 2063 2042
f 2068 2069 2070
f 2074 2075 2076
f 2080 2081 2082
f 2085 2086 2087
f 2091 2092 2093
f 2077 2079 1907
f 1907 2095 2041
f 2097 2096 2098
f 2071 2100 2101
f 2101 2102 2074
f 2104 2105 2073
f 2108 2069 2107
f 2110 2111 2112
f 2113 2114 2110
f 2041 2095 2042
f 2042 2118 1997
f 1997 2119 1872
f 1872 2120 1873
f 1873 2121 2014
f 2014 2122 1996
f 1996 2123 1877
f 1877 2124 1875
f 1875 2125 1991
f 1991 2126 1992
f 1992 2127 1993
f 1993 2128 1986
f 1986 2129 1987
f 1987 2130 1988
f 1988 2131 1989
f 1979 2131 2132
f 1980 2132 2133
f 1982 2133 2134
f 1983 2134 2135
f 1878 2135 2136
f 1881 2136 2137
f 1978 2137 2138
f 1977 2138 2139
f 1884 2139 2140
f 1882 2140 2141
f 2010 2141 2142
f 1973 2142 2099
f 1971 2099 2098
f 2143 2144 2145
f 2145 2146 2147
f 2147 2148 2149
f 2149 2150 2151
f 2151 2152 2153
f 2153 2154 2155
f 2155 2156 2157
f 2157 2158 2159
f 2159 2160 2161
f 2161 2162 2163
f 2163 2164 2165
f 2165 2166 2167
f 2167 2168 2169
f 2169 2170 2171
f 2171 2172 2173
f 2173 2174 2175
f 2175 2176 2177
f 2177 2178 2179
f 2179 2180 2181
f 2181 2182 2183
f 2183 2184 2185
f 2185 2186 2187
f 2187 2188 2189
f 2189 2190 2191
f 2191 2192 2193
f 2193 2194 2195
f 2195 2196 2197
f 2197 2198 2199
f 2199 2200 2201
f 2201 2202 2203
f 2203 2204 2084
f 2103 2101 2205
f 2206 2205 2207
f 2208 2207 2209
f 2210 2209 2211
f 2212 2211 2213
f 2214 2213 2215
f 2216 2215 2217
f 2218 2217 2219
f 2220 2219 2221
f 2222 2221 2223
f 2224 2223 2225
f 2226 2225 2227
f 2228 2227 2229
f 2230 2229 2231
f 2232 2231 2233
f 2234 2233 2235
f 2236 2235 2237
f 2238 2237 2239
f 2240 2239 2241
f 2242 2241 2243
f 2244 2243 2245
f 2246 2245 2247
f 2248 2247 2249
f 2250 2249 2251
f 2252 2251 2253
f 2254 2253 2255
f 2256 2255 2257
f 2258 2257 2093
f 2259 2093 2094
f 2088 2094 2260
f 2074 2076 2101
f 2101 2261 2205
f 2205 2262 2207
f 2207 2263 2209
f 2209 2264 2211
f 2211 2265 2213
f 2213 2266 2215
f 2215 2267 2217
f 2217 2268 2219
f 2219 2269 2221
f 2221 2270 2223
f 2223 2271 2225
f 2225 2272 2227
f 2227 2273 2229
f 2229 2274 2231
f 2231 2275 2233
f 2233 2276 2235
f 2235 2277 2237
f 2237 2278 2239
f 2239 2279 2241
f 2241 2280 2243
f 2243 2281 2245
f 2245 2282 2247
f 2247 2283 2249
f 2249 2284 2251
f 2251 2285 2253
f 2253 2286 2255
f 2255 2287 2257
f 2257 2288 2093
f 2076 2097 2099
f 2261 2099 2142
f 2262 2142 2141
f 2263 2141 2140
f 2264 2140 2139
f 2265 2139 2138
f 2266 2138 2137
f 2267 2137 2136
f 2268 2136 2135
f 2269 2135 2134
f 2270 2134 2133
f 2271 2133 2132
f 2272 2132 2131
f 2273 2131 2130
f 2274 2130 2129
f 2275 2129 2128
f 2276 2128 2127
f 2277 2127 2126
f 2278 2126 2125
f 2279 2125 2124
f 2280 2124 2123
f 2281 2123 2122
f 2282 2122 2121
f 2283 2121 2120
f 2284 2120 2119
f 2285 2119 2118
f 2286 2118 2095
f 2287 2095 2079
f 2288 2079 2078
f 2093 2078 2289
f 2081 2080 2083
f 2083 2290 2291
f 2291 2292 2293
f 2293 2294 2295
f 2295 2296 2297
f 2297 2298 2299
f 2299 2300 2301
f 2301 2302 2303
f 2303 2304 2305
f 2305 2306 2307
f 2307 2308 2309
f 2309 2310 2311
f 2311 2312 2313
f 2313 2314 2315
f 2315 2316 2317
f 2317 2318 2319
f 2319 2320 2321
f 2321 2322 2323
f 2323 2324 2325
f 2325 2326 2327
f 2327 2328 2329
f 2329 2330 2331
f 2331 2332 2333
f 2333 2334 2335
f 2335 2336 2337
f 2337 2338 2339
f 2339 2340 2341
f 2341 2342 2343
f 2343 2344 2345
f 2345 2346 2347
f 2347 2348 2349
f 2203 2083 2291
f 2201 2291 2293
f 2199 2293 2295
f 2197 2295 2297
f 2195 2297 2299
f 2193 2299 2301
f 2191 2301 2303
f 2189 2303 2305
f 2187 2305 2307
f 2185 2307 2309
f 2183 2309 2311
f 2181 2311 2313
f 2179 2313 2315
f 2177 2315 2317
f 2175 2317 2319
f 2173 2319 2321
f 2171 2321 2323
f 2169 2323 2325
f 2167 2325 2327
f 2165 2327 2329
f 2163 2329 2331
f 2161 2331 2333
f 2159 2333 2335
f 2157 2335 2337
f 2155 2337 2339
f 2153 2339 2341
f 2151 2341 2343
f 2149 2343 2345
f 2147 2345 2347
f 2145 2347 2349
f 2082 2350 2080
f 2080 2351 2290
f 2290 2352 2292
f 2292 2353 2294
f 2294 2354 2296
f 2296 2355 2298
f 2298 2356 2300
f 2300 2357 2302
f 2302 2358 2304
f 2304 2359 2306
f 2306 2360 2308
f 2308 2361 2310
f 2310 2362 2312
f 2312 2363 2314
f 2314 2364 2316
f 2316 2365 2318
f 2318 2366 2320
f 2320 2367 2322
f 2322 2368 2324
f 2324 2369 2326
f 2326 2370 2328
f 2328 2371 2330
f 2330 2372 2332
f 2332 2373 2334
f 2334 2374 2336
f 2336 2375 2338
f 2338 2376 2340
f 2340 2377 2342
f 2342 2378 2344
f 2344 2379 2346
f 2346 2115 2348
f 2348 2117 2349
f 2349 2114 2143
f 2143 2113 2144
f 2113 2112 2380
f 2144 2380 2381
f 2146 2381 2382
f 2148 2382 2383
f 2150 2383 2384
f 2152 2384 2385
f 2154 2385 2386
f 2156 2386 2387
f 2158 2387 2388
f 2160 2388 2389
f 2162 2389 2390
f 2164 2390 2391
f 2166 2391 2392
f 2168 2392 2393
f 2170 2393 2394
f 2172 2394 2395
f 2174 2395 2396
f 2176 2396 2397
f 2178 2397 2398
f 2180 2398 2399
f 2182 2399 2400
f 2184 2400 2401
f 2186 2401 2402
f 2188 2402 2403
f 2190 2403 2404
f 2192 2404 2405
f 2194 2405 2406
f 2196 2406 2407
f 2198 2407 2408
f 2200 2408 2409
f 2202 2409 2410
f 2065 2067 2112
f 2112 2411 2380
f 2380 2412 2381
f 2381 2413 2382
f 2382 2414 2383
f 2383 2415 2384
f 2384 2416 2385
f 2385 2417 2386
f 2386 2418 2387
f 2387 2419 2388
f 2388 2420 2389
f 2389 2421 2390
f 2390 2422 2391
f 2391 2423 2392
f 2392 2424 2393
f 2393 2425 2394
f 2394 2426 2395
f 2395 2427 2396
f 2396 2428 2397
f 2397 2429 2398
f 2398 2430 2399
f 2399 2431 2400
f 2400 2432 2401
f 2401 2433 2402
f 2402 2434 2403
f 2403 2435 2404
f 2404 2436 2405
f 2405 2437 2406
f 2406 2438 2407
f 2407 2439 2408
f 2408 2440 2409
f 2409 2441 2410
f 2067 2109 2442
f 2411 2442 2443
f 2412 2443 2444
f 2413 2444 2445
f 2414 2445 2446
f 2415 2446 2447
f 2416 2447 2448
f 2417 2448 2449
f 2418 2449 2450
f 2419 2450 2451
f 2420 2451 2452
f 2421 2452 2453
f 2422 2453 2454
f 2423 2454 2455
f 2424 2455 2456
f 2425 2456 2457
f 2426 2457 2458
f 2427 2458 2459
f 2428 2459 2460
f 2429 2460 2461
f 2430 2461 2462
f 2431 2462 2463
f 2432 2463 2464
f 2433 2464 2465
f 2434 2465 2466
f 2435 2466 2467
f 2436 2467 2468
f 2437 2468 2469
f 2438 2469 2470
f 2439 2470 2471
f 2440 2471 2472
f 2068 2070 2109
f 2109 2473 2442
f 2442 2474 2443
f 2443 2475 2444
f 2444 2476 2445
f 2445 2477 2446
f 2446 2478 2447
f 2447 2479 2448
f 2448 2480 2449
f 2449 2481 2450
f 2450 2482 2451
f 2451 2483 2452
f 2452 2484 2453
f 2453 2485 2454
f 2454 2486 2455
f 2455 2487 2456
f 2456 2488 2457
f 2457 2489 2458
f 2458 2490 2459
f 2459 2491 2460
f 2460 2492 2461
f 2461 2493 2462
f 2462 2494 2463
f 2463 2495 2464
f 2464 2496 2465
f 2465 2497 2466
f 2466 2498 2467
f 2467 2499 2468
f 2468 2500 2469
f 2469 2501 2470
f 2470 2085 2471
f 2471 2087 2472
f 2070 2108 2502
f 2473 2502 2503
f 2474 2503 2504
f 2475 2504 2505
f 2476 2505 2506
f 2477 2506 2507
f 2478 2507 2508
f 2479 2508 2509
f 2480 2509 2510
f 2481 2510 2511
f 2482 2511 2512
f 2483 2512 2513
f 2484 2513 2514
f 2485 2514 2515
f 2486 2515 2516
f 2487 2516 2517
f 2488 2517 2518
f 2489 2518 2519
f 2490 2519 2520
f 2491 2520 2521
f 2492 2521 2522
f 2493 2522 2523
f 2494 2523 2524
f 2495 2524 2525
f 2496 2525 2526
f 2497 2526 2527
f 2498 2527 2528
f 2499 2528 2529
f 2500 2529 2530
f 2501 2530 2531
f 2085 2531 2532
f 2107 2106 2108
f 2108 2533 2502
f 2502 2534 2503
f 2503 2535 2504
f 2504 2536 2505
f 2505 2537 2506
f 2506 2538 2507
f 2507 2539 2508
f 2508 2540 2509
f 2509 2541 2510
f 2510 2542 2511
f 2511 2543 2512
f 2512 2544 2513
f 2513 2545 2514
f 2514 2546 2515
f 2515 2547 2516
f 2516 2548 2517
f 2517 2549 2518
f 2518 2550 2519
f 2519 2551 2520
f 2520 2552 2521
f 2521 2553 2522
f 2522 2554 2523
f 2523 2555 2524
f 2524 2556 2525
f 2525 2557 2526
f 2526 2558 2527
f 2527 2559 2528
f 2528 2560 2529
f 2529 2561 2530
f 2530 2562 2531
f 2531 2563 2532
f 2106 2104 2564
f 2533 2564 2565
f 2534 2565 2566
f 2535 2566 2567
f 2536 2567 2568
f 2537 2568 2569
f 2538 2569 2570
f 2539 2570 2571
f 2540 2571 2572
f 2541 2572 2573
f 2542 2573 2574
f 2543 2574 2575
f 2544 2575 2576
f 2545 2576 2577
f 2546 2577 2578
f 2547 2578 2579
f 2548 2579 2580
f 2549 2580 2581
f 2550 2581 2582
f 2551 2582 2583
f 2552 2583 2584
f 2553 2584 2585
f 2554 2585 2586
f 2555 2586 2587
f 2556 2587 2588
f 2557 2588 2589
f 2558 2589 2590
f 2559 2590 2591
f 2560 2591 2592
f 2561 2592 2593
f 2073 2072 2104
f 2104 2103 2564
f 2564 2206 2565
f 2565 2208 2566
f 2566 2210 2567
f 2567 2212 2568
f 2568 2214 2569
f 2569 2216 2570
f 2570 2218 2571
f 2571 2220 2572
f 2572 2222 2573
f 2573 2224 2574
f 2574 2226 2575
f 2575 2228 2576
f 2576 2230 2577
f 2577 2232 2578
f 2578 2234 2579
f 2579 2236 2580
f 2580 2238 2581
f 2581 2240 2582
f 2582 2242 2583
f 2583 2244 2584
f 2584 2246 2585
f 2585 2248 2586
f 2586 2250 2587
f 2587 2252 2588
f 2588 2254 2589
f 2589 2256 2590
f 2590 2258 2591
f 2591 2259 2592
f 2592 2088 2593
f 2593 2090 2562
f 2562 2594 2563
f 2598 2599 2600
f 2596 2595 2602
f 2606 2607 2608
f 2610 2611 2612
f 2614 2615 2616
f 2616 2617 2618
f 2618 2619 2620
f 1904 1908 2606
f 2606 1901 2607
f 2607 1903 1912
f 2604 2603 2622
f 2622 2078 2077
f 2090 2623 2594
f 2603 2091 2289
f 2090 2089 2605
f 2605 2260 2603
f 2603 2094 2092
f 2624 2627 2625
f 2625 2628 2629
f 2629 2630 2631
f 2620 2632 2633
f 2634 2633 2631
f 2635 2631 2630
f 2612 2602 2595
f 2608 2607 2612
f 2612 2609 2621
f 2621 1912 1913
f 2600 2623 2636
f 1905 1904 2077
f 2077 2606 2622
f 2622 2608 2604
f 2604 2595 2605
f 2605 2597 2623
f 2623 2637 2636
f 2617 2613 2081
f 2619 2081 2084
f 2632 2084 2204
f 2633 2204 2410
f 2631 2410 2441
f 2629 2441 2472
f 2625 2472 2087
f 2626 2087 2086
f 2601 2086 2532
f 2600 2532 2563
f 2599 2638 2601
f 2601 2639 2626
f 2626 2640 2624
f 2643 2644 2645
f 2646 2069 2068
f 2648 2649 2650
f 2650 2651 2647
f 2654 2653 2655
f 2657 2655 2653
f 2658 2653 2659
f 2660 2661 2662
f 2662 2663 2664
f 2664 2665 2666
f 2652 2654 2668
f 2668 2670 2669
f 2667 2671 2672
f 2660 2672 2673
f 2659 2653 2117
f 2117 2652 2114
f 2114 2668 2110
f 2110 2667 2111
f 2111 2660 2065
f 2065 2662 2066
f 2066 2664 2068
f 2068 2666 2646
f 2675 1964 1970
f 2641 2676 2642
f 2642 2677 2678
f 1968 1966 2098
f 2675 2098 2096
f 2650 2674 2681
f 2681 2675 2682
f 2682 2075 2074
f 2105 2642 2678
f 2680 2102 2100
f 2645 2680 2100
f 2647 1962 2650
f 2650 1885 2674
f 2674 1887 1964
f 2684 2683 2679
f 2648 2650 2683
f 2683 2681 2679
f 2679 2682 2680
f 2680 2074 2102
f 2676 2687 2677
f 2677 2688 2689
f 2677 2690 2643
f 2678 2643 2645
f 2073 2645 2071
f 2643 2691 2692
f 2644 2692 2693
f 2679 2693 2694
f 2665 2695 2666
f 2666 2696 2697
f 2641 2646 2666
f 2676 2666 2697
f 2698 1938 1945
f 2702 2703 2704
f 2706 2707 2708
f 2712 2713 2706
f 2717 2718 2719
f 2723 2724 2725
f 2729 2730 2731
f 2735 2736 2737
f 2741 2742 2743
f 2747 2748 2749
f 1900 1898 2753
f 2755 2756 2757
f 2759 2760 2761
f 1961 2762 2763
f 2760 1913 2039
f 2766 2765 2767
f 2762 2769 2770
f 1928 2754 1926
f 2772 1920 1895
f 2773 1924 1923
f 2772 2775 2773
f 1921 2773 1923
f 1915 2751 2750
f 2742 2759 2743
f 2743 2761 2776
f 2776 2777 2778
f 2780 2752 2751
f 2781 2751 1918
f 2782 2783 2747
f 2784 2748 2785
f 2786 2785 2787
f 2746 2787 2788
f 2745 2741 2746
f 2746 2743 2786
f 2786 2776 2784
f 2784 2778 2749
f 2791 2790 2792
f 2793 2792 2794
f 2795 2794 2796
f 2797 2796 2798
f 2800 2789 2791
f 2801 2791 2793
f 2802 2793 2795
f 2803 2795 2797
f 2804 2797 2798
f 2808 2809 2810
f 2810 2811 2812
f 2812 2813 2814
f 2814 2815 2816
f 2816 2817 2818
f 2818 2819 2820
f 2823 2822 2824
f 2825 2824 2826
f 2827 2826 2828
f 2829 2828 2830
f 2831 2830 2832
f 2748 2783 2833
f 2785 2833 2834
f 2787 2834 2835
f 2788 2835 2836
f 2806 2837 2807
f 2807 2838 2788
f 2788 2839 2744
f 2840 2738 2736
f 2841 2736 2735
f 2842 2843 2844
f 2734 2733 2841
f 2841 2846 2840
f 2840 2847 2739
f 2844 2848 2849
f 2850 2851 2852
f 2854 2851 2850
f 2856 2857 2858
f 2856 2859 2860
f 2842 2860 2861
f 2831 2862 2829
f 2829 2863 2827
f 2827 2864 2825
f 2825 2865 2823
f 2823 2866 2821
f 2820 2819 2868
f 2868 2869 2870
f 2870 2871 2872
f 2872 2873 2874
f 2811 2832 2830
f 2813 2830 2828
f 2815 2828 2826
f 2817 2826 2824
f 2819 2824 2822
f 2869 2822 2821
f 2871 2821 2867
f 2875 2874 2876
f 2876 2873 2877
f 2877 2867 2878
f 2878 2866 2879
f 2879 2865 2880
f 2880 2864 2881
f 2881 2863 2882
f 2883 2884 2885
f 2885 2875 2886
f 2886 2876 2887
f 2887 2877 2888
f 2888 2878 2889
f 2889 2879 2890
f 2890 2880 2891
f 2891 2881 2892
f 2892 2882 2893
f 2893 2862 2894
f 2894 2831 2895
f 2895 2832 2896
f 2896 2809 2897
f 2897 2808 2898
f 2900 2885 2886
f 2901 2886 2887
f 2902 2887 2888
f 2903 2888 2889
f 2904 2889 2890
f 2905 2890 2891
f 2906 2891 2892
f 2732 2892 2893
f 2733 2893 2894
f 2846 2894 2895
f 2847 2895 2896
f 2739 2896 2897
f 2740 2897 2898
f 2726 2721 2907
f 2908 2729 2909
f 2909 2731 2910
f 2910 2911 2912
f 2912 2913 2914
f 2899 2915 2916
f 2885 2916 2917
f 2913 2918 2914
f 2914 2919 2920
f 2920 2921 2922
f 2922 2923 2924
f 2924 2925 2926
f 2926 2927 2928
f 2930 2928 2927
f 2931 2927 2925
f 2932 2925 2923
f 2933 2923 2934
f 2934 2921 2935
f 2935 2919 2936
f 2936 2918 2937
f 2938 2918 2913
f 2939 2913 2911
f 2728 2911 2731
f 2726 2731 2730
f 2858 2720 2859
f 2859 2722 2860
f 2860 2730 2861
f 2861 2729 2843
f 2843 2908 2845
f 2942 2941 2943
f 2946 2945 2947
f 2949 2950 2951
f 2951 2952 2953
f 2929 2758 2723
f 2928 2723 2725
f 2926 2725 2899
f 2924 2899 2900
f 2922 2900 2901
f 2920 2901 2902
f 2914 2902 2903
f 2912 2903 2904
f 2910 2904 2905
f 2909 2905 2906
f 2908 2906 2732
f 2845 2732 2734
f 2848 2734 2735
f 2849 2735 2737
f 2955 2737 2956
f 2948 2956 2957
f 2946 2957 2958
f 2959 2960 2961
f 2963 2964 2965
f 2965 2966 2768
f 2968 2960 2959
f 2708 2969 2970
f 2970 2959 2971
f 2971 2961 2972
f 2972 2973 2974
f 2965 2767 2975
f 2976 2977 2978
f 2960 2979 2980
f 2708 2707 2969
f 2969 2981 2968
f 2968 2982 2967
f 2967 2983 2979
f 2979 2984 2980
f 2980 2985 2962
f 2988 2987 2989
f 2949 2990 2950
f 2950 2991 2952
f 2952 2992 2953
f 2953 2993 2994
f 2994 2995 2996
f 2707 2713 2997
f 2981 2997 2998
f 2982 2998 2999
f 2756 3000 2757
f 2757 3001 3002
f 2763 2770 3003
f 3004 1960 3003
f 3003 1959 1958
f 3004 2062 1955
f 3006 3007 3008
f 3008 3009 3010
f 3001 3006 3008
f 3002 3008 3010
f 3011 3010 3012
f 3013 3012 3014
f 3016 1888 3005
f 3005 1890 2062
f 3016 1954 1953
f 3018 1892 3017
f 3017 1891 1954
f 3009 3019 3020
f 3010 3020 2700
f 3012 2700 2699
f 3021 3022 3023
f 3026 3025 3027
f 3028 3027 3021
f 3029 3021 3023
f 2702 3022 3021
f 3030 3021 3027
f 3031 3027 3025
f 3020 2705 2703
f 2700 2703 2702
f 2701 2702 3030
f 3032 3030 3031
f 3033 3031 3025
f 3034 3025 3024
f 3036 3015 3037
f 3037 3014 3038
f 3038 2699 3039
f 3039 2701 3040
f 3040 3032 3041
f 3041 3033 3042
f 3042 3034 2942
f 2942 3035 2940
f 3044 3036 3037
f 3045 3037 3038
f 3046 3038 3039
f 3047 3039 3040
f 3048 3040 3041
f 3049 3041 3042
f 3050 3042 2942
f 2963 2942 2943
f 2964 2943 3051
f 2765 3052 2767
f 2767 3053 2975
f 2975 3054 2963
f 2963 3055 3050
f 3050 3056 3049
f 3049 3057 3048
f 3048 3058 3047
f 3047 3059 3046
f 3046 3060 3045
f 3045 3061 3044
f 3044 3062 3043
f 2718 2709 2719
f 2719 2711 3064
f 3064 3065 3066
f 3066 3067 3068
f 3068 3069 3070
f 3070 3071 3072
f 3072 3073 3074
f 3074 3075 3076
f 3053 2976 2978
f 3054 2978 3077
f 3055 3077 3078
f 3056 3078 3079
f 3057 3079 3080
f 3058 3080 3081
f 3059 3081 3082
f 3060 3082 3083
f 3061 3083 3084
f 3062 3084 3085
f 3063 3085 3086
f 3088 1947 1946
f 3018 1946 1951
f 1945 1944 3089
f 3089 1950 3087
f 3087 1949 1947
f 2978 2714 2716
f 3077 2716 3090
f 3078 3090 3091
f 3079 3091 3092
f 3080 3092 3093
f 3081 3093 3094
f 3082 3094 3095
f 3083 3095 3096
f 3084 3096 3097
f 3085 3097 3098
f 3086 3098 3099
f 2698 1941 1939
f 3089 3101 1945
f 1945 3102 2698
f 2698 3103 3100
f 2771 1934 1937
f 3103 1937 1936
f 3100 1936 1942
f 2715 2717 2716
f 2716 2719 3090
f 3090 3064 3091
f 3091 3066 3092
f 3092 3068 3093
f 3093 3070 3094
f 3094 3072 3095
f 3095 3074 3096
f 3096 3076 3097
f 3097 3104 3098
f 3098 3105 3099
f 3099 3106 3107
f 3107 3108 3109
f 3109 3110 3111
f 3111 3112 2754
f 2754 3113 1926
f 1926 3114 1925
f 1930 1931 2754
f 2754 2771 3111
f 3111 3103 3109
f 3109 3102 3107
f 3107 3101 3099
f 3099 3089 3086
f 3086 3087 3063
f 3063 3088 3043
f 3043 3018 3036
f 3036 3017 3015
f 3015 3016 3013
f 3013 3005 3011
f 3011 3004 3002
f 3002 3003 2757
f 2757 2770 2755
f 3115 3116 3117
f 2983 3118 3119
f 2984 3119 2993
f 2985 2993 2992
f 2962 2992 2991
f 2961 2991 2990
f 2973 2990 2949
f 2974 2949 3120
f 3121 3117 3122
f 3123 3122 3124
f 3125 3124 3126
f 3127 3126 3128
f 3129 3128 3130
f 2774 3130 3131
f 1898 1897 2753
f 2753 2773 3132
f 3132 2775 2804
f 2804 3131 2803
f 2803 3130 2802
f 2802 3128 2801
f 2801 3126 2800
f 2800 3124 2799
f 2799 3122 3133
f 3133 3117 3134
f 3134 3116 3135
f 2772 1894 3114
f 2774 3114 3113
f 3129 3113 3112
f 3127 3112 3110
f 3125 3110 3108
f 3123 3108 3106
f 3121 3106 3105
f 3115 3105 3104
f 3116 3104 3076
f 3135 3076 3075
f 2875 3136 3137
f 2874 3137 3138
f 2872 3138 3139
f 2870 3139 3140
f 2868 3140 2805
f 2820 2805 2807
f 2818 2807 2836
f 2816 2836 2835
f 2814 2835 2834
f 2812 2834 2833
f 2810 2833 2783
f 2808 2783 2782
f 3118 2986 3119
f 3119 2988 2993
f 2993 2855 2995
f 2995 2850 2996
f 2710 2712 2711
f 2711 2706 3065
f 3065 2708 3067
f 3067 2970 3069
f 3069 2971 3071
f 3071 2972 3073
f 3073 2974 3075
f 3075 3120 3135
f 3135 3141 3134
f 3134 3142 3133
f 3133 3143 2799
f 2799 3144 2789
f 2789 3145 2790
f 2790 3146 2792
f 2792 3147 2794
f 2794 3148 2796
f 2796 3149 2798
f 2798 2779 2804
f 2804 2780 3132
f 3132 2781 2753
f 2753 2046 1900
f 2761 2039 1916
f 2777 1916 2750
f 2778 2750 2752
f 2749 2752 2779
f 2747 2779 3149
f 2782 3149 3148
f 2898 3148 3147
f 2740 3147 3146
f 2738 3146 3145
f 2736 3145 3144
f 2737 3144 3143
f 2956 3143 3142
f 2957 3142 3141
f 2958 3141 3120
f 2944 3120 2949
f 2945 2949 2951
f 2947 2951 2953
f 2948 2953 2994
f 2955 2994 2996
f 2849 2996 2852
f 2842 2852 2851
f 2856 2851 2853
f 3150 2639 2638
f 3152 3153 3154
f 3155 2610 2621
f 3159 3160 3161
f 3165 3166 3167
f 2744 2839 3171
f 2917 3173 2883
f 3160 3159 3177
f 3177 3178 722
f 3179 3182 3180
f 3180 3183 3184
f 3184 3164 3185
f 3185 3164 3188
f 3188 3163 3186
f 3190 2725 2724
f 3191 2724 2758
f 3176 2758 2954
f 3156 2916 3189
f 3189 2915 2725
f 3192 3139 3172
f 3193 3172 3138
f 3194 3138 3137
f 3158 3137 3136
f 2741 3153 2742
f 2742 3152 2759
f 3195 3196 2628
f 3195 2627 2624
f 3150 2624 2640
f 2620 2634 3197
f 3197 2635 3196
f 3196 2630 2628
f 2620 3198 3199
f 2618 3199 3200
f 2616 3200 3170
f 2616 3169 3201
f 3202 3203 3204
f 3208 3206 3209
f 3209 3205 3210
f 3212 3208 3209
f 3213 3209 3210
f 3215 3207 3206
f 3216 3206 3208
f 3217 3208 3211
f 3219 3213 3210
f 3220 3210 3205
f 3221 3205 3207
f 3222 3207 3214
f 3179 3224 3182
f 3182 3225 3183
f 3183 3226 3164
f 3164 3167 3162
f 3224 3227 3225
f 3225 3228 3226
f 3226 3229 3167
f 3167 3230 3165
f 3232 3233 3234
f 3234 3235 3236
f 3237 3235 3238
f 3238 3239 3240
f 3242 3232 3234
f 3243 3234 3236
f 3244 3236 3237
f 3241 3178 3232
f 3232 3159 3233
f 3233 3161 3235
f 3235 3246 3239
f 3158 2883 3173
f 3156 3173 2917
f 3175 3187 3176
f 3176 3186 3191
f 3191 3163 3190
f 3190 3162 3189
f 3189 3166 3156
f 3156 3165 3157
f 3157 3231 3247
f 3247 3230 3248
f 3248 3229 3249
f 3249 3228 3245
f 3245 3227 3244
f 3244 3224 3243
f 3243 3179 3242
f 3242 3181 3241
f 3252 3253 3254
f 3255 2597 2596
f 2636 3151 2598
f 3256 3203 3257
f 3258 3257 3259
f 3260 3259 3261
f 3262 3261 3263
f 3264 3263 3265
f 3266 3265 3267
f 3268 3267 3269
f 3270 3269 3271
f 2637 3255 3151
f 3151 3273 3274
f 3274 3275 3276
f 3276 3277 3278
f 3278 3279 3280
f 3280 3281 3282
f 3282 3283 3284
f 3284 3285 3286
f 3286 3287 3288
f 3288 3289 3290
f 3203 3168 3170
f 3257 3170 3200
f 3259 3200 3199
f 3261 3199 3198
f 3263 3198 3197
f 3265 3197 3196
f 3267 3196 3195
f 3269 3195 3150
f 3271 3150 2638
f 3272 2638 2599
f 2838 2837 3252
f 3252 2806 3253
f 3253 2805 3254
f 3254 3291 3292
f 3292 3293 3294
f 3294 3295 3296
f 3296 3297 3298
f 3299 3250 3300
f 3301 3300 3302
f 3303 3302 3304
f 3305 3304 3306
f 3307 3306 3308
f 3309 3308 3310
f 3311 3310 3312
f 3313 3312 3314
f 2741 2745 3153
f 3153 2744 3154
f 3154 3171 3316
f 3316 3317 3318
f 3318 3319 3320
f 3320 3321 3322
f 3322 3323 3324
f 3324 3325 3326
f 2611 3155 2602
f 2602 3251 3255
f 3255 3299 3273
f 3273 3301 3275
f 3275 3303 3277
f 3277 3305 3279
f 3279 3307 3281
f 3281 3309 3283
f 3283 3311 3285
f 3285 3313 3287
f 3287 3315 3289
f 3171 2838 3252
f 3317 3252 3254
f 3319 3254 3292
f 3321 3292 3294
f 3323 3294 3296
f 3325 3296 3298
f 2598 3151 3272
f 3272 3274 3270
f 3270 3276 3268
f 3268 3278 3266
f 3266 3280 3264
f 3264 3282 3262
f 3262 3284 3260
f 3260 3286 3258
f 3258 3288 3256
f 3256 3290 3204
f 3291 3140 3192
f 3293 3192 3193
f 3295 3193 3194
f 3297 3194 3158
f 3298 3158 3157
f 3327 3157 3247
f 3326 3247 3248
f 3328 3248 3249
f 3218 3249 3245
f 3213 3245 3237
f 3212 3237 3238
f 3211 3238 3240
f 1913 2760 2621
f 2621 3152 3155
f 3155 3154 3250
f 3250 3316 3300
f 3300 3318 3302
f 3302 3320 3304
f 3304 3322 3306
f 3306 3324 3308
f 3308 3326 3310
f 3310 3328 3312
f 3312 3218 3314
f 3314 3219 3315
f 3315 3220 3289
f 3289 3221 3290
f 3290 3222 3204
f 3204 3223 3202
f 3332 3333 3334
f 3336 3337 3338
f 3341 3340 3342
f 3344 3345 3346
f 3348 3349 3347
f 3347 3350 3346
f 3348 3352 3353
f 3354 3355 3356
f 3356 3357 3351
f 3351 3358 3352
f 3361 3360 3362
f 3363 3362 3364
f 3356 3364 3365
f 3361 3366 3359
f 3359 3367 3368
f 3369 3367 3370
f 3372 3373 3374
f 3372 3374 3376
f 3376 3377 3378
f 3382 3383 3381
f 3381 3384 3379
f 3379 3385 3378
f 3379 3377 3386
f 3387 3388 3389
f 3389 3390 3391
f 3394 3393 3395
f 3396 3395 3397
f 3398 3397 3399
f 3399 3400 3401
f 3402 3400 3403
f 3404 3403 3405
f 3406 3405 3407
f 3409 3410 3411
f 3411 3412 3413
f 3413 3414 3407
f 3407 3415 3408
f 3416 3411 3417
f 3418 3417 3419
f 3420 3419 3421
f 3421 3422 3423
f 3422 3329 3424
f 3425 3426 3427
f 3427 3428 3429
f 3432 3431 3433
f 3435 3338 3436
f 3436 3337 3437
f 3337 3332 3334
f 3437 3334 3335
f 3438 3335 3439
f 3440 3439 3441
f 3443 3444 3445
f 3445 3446 3447
f 3447 3448 3449
f 3449 3450 3451
f 3451 3452 3453
f 3453 3454 3455
f 3455 3339 3456
f 3457 3458 3459
f 3459 3460 3461
f 3461 3462 3463
f 3463 3464 3465
f 3465 3443 3466
f 3466 3445 3467
f 3467 3447 3468
f 3468 3449 3469
f 3469 3451 3470
f 3470 3453 3471
f 3471 3455 3472
f 3344 3340 3345
f 3345 3339 3347
f 3347 3454 3348
f 3348 3452 3351
f 3351 3450 3356
f 3356 3448 3363
f 3363 3446 3361
f 3361 3444 3366
f 3366 3443 3367
f 3367 3464 3370
f 3370 3462 3371
f 3371 3460 3473
f 3473 3458 3474
f 3474 3457 3475
f 3475 3476 3375
f 3387 3477 3478
f 3479 3478 3480
f 3481 3480 3482
f 3482 3484 3483
f 3483 3485 3486
f 3486 3487 3488
f 3488 3489 3490
f 3490 3491 3492
f 3492 3493 3494
f 3494 3495 3496
f 3496 3497 3498
f 3498 3499 3500
f 3500 3501 3502
f 3502 3503 3504
f 3504 3505 3506
f 3506 3507 3508
f 3508 3433 3425
f 3425 3431 3426
f 3442 3434 3440
f 3440 3433 3438
f 3438 3507 3437
f 3437 3505 3436
f 3436 3503 3435
f 3392 3388 3393
f 3393 3387 3395
f 3395 3479 3397
f 3397 3481 3400
f 3400 3483 3403
f 3403 3486 3405
f 3405 3488 3407
f 3407 3490 3413
f 3413 3492 3411
f 3411 3494 3417
f 3417 3496 3419
f 3419 3498 3422
f 3422 3500 3330
f 3330 3502 3331
f 3331 3504 3509
f 3509 3506 3510
f 3510 3508 3511
f 3511 3425 3512
f 3512 3427 3513
f 3343 3336 3341
f 3341 3338 3456
f 3456 3435 3472
f 3472 3501 3471
f 3471 3499 3470
f 3470 3497 3469
f 3469 3495 3468
f 3468 3493 3467
f 3467 3491 3466
f 3466 3489 3465
f 3465 3487 3463
f 3463 3485 3461
f 3461 3484 3459
f 3459 3482 3457
f 3457 3480 3476
f 3476 3478 3375
f 3375 3477 3374
f 3374 3389 3377
f 3377 3391 3386
f 3335 3333 3515
f 3441 3439 3519
f 2116 3520 3521
f 3521 3522 3523
f 3524 3523 3525
f 3526 3525 3527
f 3528 3527 3529
f 3529 3530 3531
f 3531 3532 3533
f 3533 3534 3535
f 3535 3536 3537
f 3537 3538 3539
f 3542 3541 3543
f 3544 3543 3545
f 3538 3545 3546
f 3547 3540 3548
f 3550 3551 3552
f 3552 3553 3554
f 3554 3555 3548
f 3548 3556 3547
f 3557 3375 3550
f 3560 3559 3561
f 3562 3561 3563
f 3564 3563 3565
f 3516 3518 3566
f 3566 3567 3568
f 3569 3567 3570
f 3571 3570 3572
f 3573 3572 3574
f 3575 3574 3576
f 3576 3577 3578
f 3578 3579 3580
f 3580 3581 3582
f 3582 3583 3584
f 3584 3585 3586
f 3586 3587 3588
f 3589 3588 2350
f 2353 2352 3590
f 2355 2354 3592
f 2357 2356 3594
f 2359 2358 3596
f 2361 2360 3598
f 2363 2362 3600
f 2365 2364 3602
f 2367 2366 3604
f 2369 2368 3606
f 2371 2370 3608
f 2373 2372 3610
f 2375 2374 3612
f 2377 2376 3614
f 3558 3560 3517
f 3517 3616 3518
f 3518 3617 3567
f 3567 3618 3570
f 3570 3619 3572
f 3572 3620 3574
f 3574 3621 3577
f 3577 3622 3579
f 3579 3623 3581
f 3581 3624 3583
f 3583 3625 3585
f 3585 3626 3587
f 3587 3627 3588
f 3588 2351 2350
f 3549 3542 3544
f 3628 3544 3538
f 3629 3538 3536
f 3630 3536 3534
f 3631 3534 3532
f 3632 3532 3530
f 3633 3530 3527
f 3634 3527 3525
f 3635 3525 3523
f 3636 3523 3522
f 3637 3522 3520
f 3638 3520 2115
f 3441 3519 3564
f 3564 3639 3562
f 3562 3640 3560
f 3560 3641 3616
f 3616 3642 3617
f 3617 3643 3618
f 3618 3644 3619
f 3619 3645 3620
f 3620 3646 3621
f 3621 3647 3622
f 3622 3648 3623
f 3623 3649 3624
f 3624 3650 3625
f 3625 3651 3626
f 3626 3590 3627
f 3627 2352 2351
f 3557 3552 3554
f 3652 3554 3548
f 3653 3548 3549
f 3654 3549 3628
f 3655 3628 3629
f 3656 3629 3630
f 3657 3630 3631
f 3658 3631 3632
f 3659 3632 3633
f 3660 3633 3634
f 3661 3634 3635
f 3662 3635 3636
f 3663 3636 3637
f 3664 3637 3638
f 3665 3638 2379
f 2353 3590 3591
f 3591 3651 3666
f 3666 3650 3667
f 3667 3649 3668
f 3668 3648 3669
f 3669 3647 3670
f 3670 3646 3671
f 3671 3645 3672
f 3672 3644 3673
f 3673 3643 3674
f 3674 3642 3675
f 3675 3641 3676
f 3676 3640 3677
f 3677 3639 3678
f 3678 3519 3515
f 3515 3439 3335
f 3592 3591 3666
f 3679 3666 3667
f 3680 3667 3668
f 3681 3668 3669
f 3682 3669 3670
f 3683 3670 3671
f 3684 3671 3672
f 3685 3672 3673
f 3686 3673 3674
f 3687 3674 3675
f 3688 3675 3676
f 3689 3676 3677
f 3690 3677 3678
f 3691 3678 3515
f 3692 3515 3333
f 2355 3592 3593
f 3593 3679 3693
f 3693 3680 3694
f 3694 3681 3695
f 3695 3682 3696
f 3696 3683 3697
f 3697 3684 3698
f 3698 3685 3699
f 3699 3686 3700
f 3700 3687 3701
f 3701 3688 3702
f 3702 3689 3703
f 3703 3690 3704
f 3704 3691 3705
f 3705 3692 3706
f 3706 3332 3336
f 3594 3593 3693
f 3707 3693 3694
f 3708 3694 3695
f 3709 3695 3696
f 3710 3696 3697
f 3711 3697 3698
f 3712 3698 3699
f 3713 3699 3700
f 3714 3700 3701
f 3715 3701 3702
f 3716 3702 3703
f 3717 3703 3704
f 3718 3704 3705
f 3719 3705 3706
f 3720 3706 3336
f 2357 3594 3595
f 3595 3707 3721
f 3721 3708 3722
f 3722 3709 3723
f 3723 3710 3724
f 3724 3711 3725
f 3725 3712 3726
f 3726 3713 3727
f 3727 3714 3728
f 3728 3715 3729
f 3729 3716 3730
f 3730 3717 3731
f 3731 3718 3732
f 3732 3719 3733
f 3733 3720 3734
f 3734 3343 3342
f 3596 3595 3721
f 3735 3721 3722
f 3736 3722 3723
f 3737 3723 3724
f 3738 3724 3725
f 3739 3725 3726
f 3740 3726 3727
f 3741 3727 3728
f 3742 3728 3729
f 3743 3729 3730
f 3744 3730 3731
f 3745 3731 3732
f 3746 3732 3733
f 3747 3733 3734
f 3748 3734 3342
f 2359 3596 3597
f 3597 3735 3749
f 3749 3736 3750
f 3750 3737 3751
f 3751 3738 3752
f 3752 3739 3753
f 3753 3740 3754
f 3754 3741 3755
f 3755 3742 3756
f 3756 3743 3757
f 3757 3744 3758
f 3758 3745 3759
f 3759 3746 3760
f 3760 3747 3761
f 3761 3748 3762
f 3762 3340 3344
f 3598 3597 3749
f 3763 3749 3750
f 3764 3750 3751
f 3765 3751 3752
f 3766 3752 3753
f 3767 3753 3754
f 3768 3754 3755
f 3769 3755 3756
f 3770 3756 3757
f 3771 3757 3758
f 3772 3758 3759
f 3773 3759 3760
f 3774 3760 3761
f 3775 3761 3762
f 3776 3762 3344
f 2361 3598 3599
f 3599 3763 3777
f 3777 3764 3778
f 3778 3765 3779
f 3779 3766 3780
f 3780 3767 3781
f 3781 3768 3782
f 3782 3769 3783
f 3783 3770 3784
f 3784 3771 3785
f 3785 3772 3786
f 3786 3773 3787
f 3787 3774 3788
f 3788 3775 3789
f 3789 3776 3790
f 3790 3346 3350
f 3600 3599 3777
f 3791 3777 3778
f 3792 3778 3779
f 3793 3779 3780
f 3794 3780 3781
f 3795 3781 3782
f 3796 3782 3783
f 3797 3783 3784
f 3798 3784 3785
f 3799 3785 3786
f 3800 3786 3787
f 3801 3787 3788
f 3802 3788 3789
f 3803 3789 3790
f 3804 3790 3350
f 2363 3600 3601
f 3601 3791 3805
f 3805 3792 3806
f 3806 3793 3807
f 3807 3794 3808
f 3808 3795 3809
f 3809 3796 3810
f 3810 3797 3811
f 3811 3798 3812
f 3812 3799 3813
f 3813 3800 3814
f 3814 3801 3815
f 3815 3802 3816
f 3816 3803 3817
f 3817 3804 3818
f 3818 3349 3353
f 3602 3601 3805
f 3819 3805 3806
f 3820 3806 3807
f 3821 3807 3808
f 3822 3808 3809
f 3823 3809 3810
f 3824 3810 3811
f 3825 3811 3812
f 3826 3812 3813
f 3827 3813 3814
f 3828 3814 3815
f 3829 3815 3816
f 3830 3816 3817
f 3831 3817 3818
f 3832 3818 3353
f 2365 3602 3603
f 3603 3819 3833
f 3833 3820 3834
f 3834 3821 3835
f 3835 3822 3836
f 3836 3823 3837
f 3837 3824 3838
f 3838 3825 3839
f 3839 3826 3840
f 3840 3827 3841
f 3841 3828 3842
f 3842 3829 3843
f 3843 3830 3844
f 3844 3831 3845
f 3845 3832 3846
f 3846 3352 3358
f 3604 3603 3833
f 3847 3833 3834
f 3848 3834 3835
f 3849 3835 3836
f 3850 3836 3837
f 3851 3837 3838
f 3852 3838 3839
f 3853 3839 3840
f 3854 3840 3841
f 3855 3841 3842
f 3856 3842 3843
f 3857 3843 3844
f 3858 3844 3845
f 3859 3845 3846
f 3860 3846 3358
f 2367 3604 3605
f 3605 3847 3861
f 3861 3848 3862
f 3862 3849 3863
f 3863 3850 3864
f 3864 3851 3865
f 3865 3852 3866
f 3866 3853 3867
f 3867 3854 3868
f 3868 3855 3869
f 3869 3856 3870
f 3870 3857 3871
f 3871 3858 3872
f 3872 3859 3873
f 3873 3860 3514
f 3514 3357 3355
f 3606 3605 3861
f 3874 3861 3862
f 3875 3862 3863
f 3876 3863 3864
f 3877 3864 3865
f 3878 3865 3866
f 3879 3866 3867
f 3880 3867 3868
f 3881 3868 3869
f 3882 3869 3870
f 3883 3870 3871
f 3884 3871 3872
f 3885 3872 3873
f 3886 3873 3514
f 3887 3514 3354
f 2369 3606 3607
f 3607 3874 3888
f 3888 3875 3889
f 3889 3876 3890
f 3890 3877 3891
f 3891 3878 3892
f 3892 3879 3893
f 3893 3880 3894
f 3894 3881 3895
f 3895 3882 3896
f 3896 3883 3897
f 3897 3884 3898
f 3898 3885 3899
f 3899 3886 3900
f 3900 3887 3901
f 3901 3365 3364
f 3608 3607 3888
f 3902 3888 3889
f 3903 3889 3890
f 3904 3890 3891
f 3905 3891 3892
f 3906 3892 3893
f 3907 3893 3894
f 3908 3894 3895
f 3909 3895 3896
f 3910 3896 3897
f 3911 3897 3898
f 3912 3898 3899
f 3913 3899 3900
f 3914 3900 3901
f 3915 3901 3364
f 2371 3608 3609
f 3609 3902 3916
f 3916 3903 3917
f 3917 3904 3918
f 3918 3905 3919
f 3919 3906 3920
f 3920 3907 3921
f 3921 3908 3922
f 3922 3909 3923
f 3923 3910 3924
f 3924 3911 3925
f 3925 3912 3926
f 3926 3913 3927
f 3927 3914 3928
f 3928 3915 3929
f 3929 3362 3360
f 3610 3609 3916
f 3930 3916 3917
f 3931 3917 3918
f 3932 3918 3919
f 3933 3919 3920
f 3934 3920 3921
f 3935 3921 3922
f 3936 3922 3923
f 3937 3923 3924
f 3938 3924 3925
f 3939 3925 3926
f 3940 3926 3927
f 3941 3927 3928
f 3942 3928 3929
f 3943 3929 3360
f 2373 3610 3611
f 3611 3930 3944
f 3944 3931 3945
f 3945 3932 3946
f 3946 3933 3947
f 3947 3934 3948
f 3948 3935 3949
f 3949 3936 3950
f 3950 3937 3951
f 3951 3938 3952
f 3952 3939 3953
f 3953 3940 3954
f 3954 3941 3955
f 3955 3942 3956
f 3956 3943 3957
f 3957 3359 3368
f 3612 3611 3944
f 3958 3944 3945
f 3959 3945 3946
f 3960 3946 3947
f 3961 3947 3948
f 3962 3948 3949
f 3963 3949 3950
f 3964 3950 3951
f 3965 3951 3952
f 3966 3952 3953
f 3967 3953 3954
f 3968 3954 3955
f 3969 3955 3956
f 3970 3956 3957
f 3971 3957 3368
f 2375 3612 3613
f 3613 3958 3972
f 3972 3959 3973
f 3973 3960 3974
f 3974 3961 3975
f 3975 3962 3976
f 3976 3963 3977
f 3977 3964 3978
f 3978 3965 3979
f 3979 3966 3980
f 3980 3967 3981
f 3981 3968 3982
f 3982 3969 3983
f 3983 3970 3984
f 3984 3971 3985
f 3985 3369 3371
f 3614 3613 3972
f 3986 3972 3973
f 3987 3973 3974
f 3988 3974 3975
f 3989 3975 3976
f 3990 3976 3977
f 3991 3977 3978
f 3992 3978 3979
f 3993 3979 3980
f 3994 3980 3981
f 3995 3981 3982
f 3996 3982 3983
f 3997 3983 3984
f 3998 3984 3985
f 3999 3985 3371
f 2377 3614 3615
f 3615 3986 4000
f 4000 3987 4001
f 4001 3988 4002
f 4002 3989 4003
f 4003 3990 4004
f 4004 3991 4005
f 4005 3992 4006
f 4006 3993 4007
f 4007 3994 4008
f 4008 3995 4009
f 4009 3996 4010
f 4010 3997 4011
f 4011 3998 4012
f 4012 3999 4013
f 4013 3473 3474
f 3665 3615 4000
f 3664 4000 4001
f 3663 4001 4002
f 3662 4002 4003
f 3661 4003 4004
f 3660 4004 4005
f 3659 4005 4006
f 3658 4006 4007
f 3657 4007 4008
f 3656 4008 4009
f 3655 4009 4010
f 3654 4010 4011
f 3653 4011 4012
f 3652 4012 4013
f 3557 4013 3474
f 3566 3568 4014
f 4018 3428 3426
f 2082 2613 4020
f 4021 4022 4023
f 4023 4024 4025
f 4017 4016 4027
f 4027 4020 4028
f 4028 2615 2614
f 4015 4029 4030
f 4031 4030 4032
f 4021 4032 4033
f 4034 4035 4036
f 3565 3434 3442
f 4034 4036 4037
f 4037 4038 4039
f 4014 3568 4041
f 4035 3565 3563
f 4036 3563 3561
f 4038 3561 3559
f 4040 4039 3516
f 3516 4038 3517
f 3428 4018 4019
f 4019 4042 4043
f 4044 4042 4045
f 3566 4014 4040
f 4040 4047 4048
f 4041 4050 4051
f 4014 4051 4052
f 4048 4046 4040
f 4040 4045 4039
f 4039 4042 4037
f 4037 4018 4034
f 4034 3426 4035
f 4035 3430 3432
f 4041 3569 3571
f 4049 3571 3573
f 4053 3573 3575
f 4025 3575 3576
f 4023 3576 3578
f 4021 3578 3580
f 4031 3580 3582
f 4015 3582 3584
f 4016 3584 3586
f 4020 3586 3589
f 4026 4054 4025
f 4025 4055 4053
f 4053 4056 4049
f 4049 4057 4050
f 3528 3529 4060
f 3550 3375 3373
f 2659 3521 4059
f 2656 2657 4063
f 4065 3385 3384
f 4065 3383 3382
f 4067 4068 4069
f 4069 4070 4071
f 3545 3543 4072
f 4072 4073 4074
f 3540 3547 4071
f 4071 3556 4069
f 4069 3555 4067
f 4067 3553 3551
f 4058 3521 4076
f 4076 3524 4077
f 4077 3526 4078
f 4078 3528 4060
f 4080 4081 4075
f 4075 4082 4060
f 4060 4083 4079
f 4076 4084 4085
f 4058 4085 4064
f 4059 4064 2657
f 4079 4086 4078
f 4078 4087 4077
f 4077 4088 4084
f 4065 4089 4090
f 4091 4090 4092
f 4067 3373 3372
f 4068 3372 3376
f 3543 3541 4073
f 4073 4071 4074
f 4074 4070 4091
f 4091 4068 4065
f 4065 3378 3385
f 4061 3545 4072
f 4094 4095 4062
f 4093 4097 4061
f 4061 4098 4062
f 4062 4099 4094
f 4091 4100 4101
f 4074 4101 4102
f 4072 4102 4103
f 3529 3531 4075
f 4075 3533 4080
f 4080 3535 4096
f 4096 3537 4062
f 4062 3539 3546
f 4096 4104 4105
f 4080 4105 4106
f 4107 4108 4109
f 3404 4110 3402
f 4113 4112 4114
f 4118 4119 4120
f 3418 3420 4124
f 4126 4127 4128
f 4132 4133 4134
f 4138 4139 4140
f 4144 4145 4146
f 4148 4149 4150
f 4154 4155 4156
f 3381 4157 3382
f 4160 4159 4161
f 4157 4161 4162
f 3513 3429 4163
f 4150 4164 4165
f 4166 4165 4167
f 4168 4167 4169
f 4170 4169 4171
f 4172 4171 4173
f 4174 4173 4175
f 4176 4175 4177
f 4178 4177 4179
f 4180 4179 4181
f 4183 4184 4185
f 4185 4186 4187
f 4185 4188 4189
f 4183 4189 4190
f 4193 4194 4191
f 4191 4195 4196
f 4196 4197 4198
f 4198 4199 4200
f 4203 4204 4201
f 4201 4205 4192
f 4192 4206 4193
f 4207 4210 4211
f 4211 4212 4213
f 4213 4214 4215
f 4215 4216 4217
f 4217 4218 4219
f 4219 4220 4221
f 4221 4222 4187
f 4187 4223 4188
f 4210 4209 4224
f 4212 4224 4225
f 4214 4225 4226
f 4216 4226 4227
f 4218 4227 4202
f 4220 4202 4201
f 4222 4201 4192
f 4223 4192 4191
f 4188 4191 4196
f 4189 4196 4198
f 4190 4198 4200
f 4229 4230 4231
f 4231 4232 4233
f 4236 4237 4234
f 4234 4238 4239
f 4241 4144 4146
f 4239 4146 4147
f 4234 4147 4242
f 4243 4244 4245
f 4238 4247 4239
f 4239 4248 4241
f 4241 4249 4240
f 4252 4251 4253
f 4246 4253 4254
f 4209 4244 4224
f 4224 4243 4225
f 4225 4255 4226
f 4226 4256 4227
f 4227 4257 4202
f 4202 4258 4203
f 4262 4263 4264
f 4265 4264 4266
f 4266 4261 4267
f 4142 4138 4268
f 4270 4271 4272
f 4272 4273 4274
f 4277 4276 4278
f 4279 4278 4280
f 4281 4270 4282
f 4282 4272 4283
f 4283 4274 4284
f 4264 4285 4286
f 4262 4286 4287
f 4289 4287 4286
f 4134 4286 4285
f 4290 4291 4292
f 4292 4293 4294
f 4143 4268 4295
f 4296 4295 4297
f 4298 4297 4299
f 4300 4299 4301
f 4302 4301 4303
f 4141 4143 4279
f 4279 4296 4277
f 4277 4298 4275
f 4275 4300 4294
f 4294 4302 4292
f 4292 4304 4290
f 4307 4306 4308
f 4311 4310 4312
f 4313 4312 4307
f 4314 4307 4308
f 4129 4316 4130
f 4130 4317 4318
f 4140 4269 4319
f 4320 4319 4321
f 4322 4321 4323
f 4324 4323 4131
f 4325 4131 4130
f 4326 4130 4318
f 4136 4328 4137
f 4137 4329 4330
f 4330 4331 4332
f 4332 4333 4334
f 4334 4335 4336
f 4336 4128 4337
f 4337 4127 4338
f 4340 4315 4308
f 4341 4308 4306
f 4156 4306 4305
f 4328 4309 4329
f 4329 4311 4331
f 4331 4313 4333
f 4333 4314 4335
f 4335 4315 4128
f 4128 4339 4126
f 4269 4137 4330
f 4319 4330 4332
f 4321 4332 4334
f 4323 4334 4336
f 4131 4336 4337
f 4129 4337 4338
f 4138 4140 4268
f 4268 4320 4295
f 4295 4322 4297
f 4297 4324 4299
f 4299 4325 4301
f 4301 4326 4303
f 4303 4327 4342
f 4328 4281 4282
f 4309 4282 4283
f 4310 4283 4284
f 4312 4284 4343
f 4307 4343 4344
f 4305 4344 4345
f 4346 4347 4348
f 4348 4349 4350
f 4350 4351 4132
f 4132 4352 4133
f 4125 3409 3416
f 3414 3412 4354
f 4354 4125 4355
f 4357 4355 4125
f 4358 4125 4353
f 4124 4353 3416
f 4359 4356 4360
f 4360 4357 4361
f 4361 4358 4362
f 4362 4124 4363
f 4363 3420 3421
f 4363 3423 3424
f 3424 3329 4364
f 4364 3331 4365
f 3513 4366 4367
f 3512 4367 4368
f 3511 4368 4369
f 3510 4369 4365
f 3509 4365 3331
f 4371 4359 4360
f 4372 4360 4361
f 4373 4361 4362
f 4374 4362 4363
f 4375 4363 4364
f 4376 4364 4365
f 4377 4365 4369
f 4378 4369 4368
f 4379 4368 4367
f 4380 4367 4366
f 4153 4366 4163
f 4121 4123 4381
f 4153 4118 4120
f 4380 4120 4382
f 4379 4382 4383
f 4378 4383 4384
f 4377 4384 4385
f 4376 4385 4386
f 4375 4386 4387
f 4374 4387 4388
f 4373 4388 4389
f 4372 4389 4390
f 4371 4390 4391
f 4370 4391 4392
f 4394 4115 4117
f 4395 4117 4396
f 4397 4396 4398
f 4399 4398 4400
f 4401 4400 4402
f 4403 4402 4404
f 4405 4404 4406
f 4407 4406 4408
f 4409 4408 4410
f 4411 4410 4412
f 4413 4412 4414
f 4415 4414 4416
f 4418 4108 4419
f 4419 4107 4420
f 4117 4418 4419
f 4396 4419 4420
f 4398 4420 4421
f 4400 4421 4422
f 4402 4422 4423
f 4404 4423 4424
f 4406 4424 4425
f 4408 4425 4426
f 4410 4426 4427
f 4412 4427 4428
f 4414 4428 4259
f 4416 4259 4261
f 4417 4261 4263
f 4294 4429 4430
f 4275 4430 4431
f 4276 4431 4432
f 4278 4432 4433
f 4280 4433 4434
f 4141 4434 4435
f 4142 4435 4436
f 4138 4436 4437
f 4139 4437 4438
f 4135 4438 4439
f 4136 4439 4440
f 4281 4440 4441
f 4270 4441 4442
f 4443 4444 3386
f 4157 3386 4444
f 4160 4444 4445
f 4158 4445 4446
f 4443 3391 3390
f 4447 3390 3388
f 4448 3388 3392
f 4449 3396 3398
f 4450 3398 3399
f 3392 3394 4448
f 4448 4449 4451
f 4452 4453 4454
f 4454 4455 4456
f 4458 4457 4459
f 4112 4460 4461
f 4114 4461 4462
f 4463 4462 4464
f 4465 4464 4466
f 4456 4466 4467
f 4460 4468 4461
f 4461 4469 4462
f 4462 4470 4464
f 4464 4471 4466
f 4466 4472 4467
f 4453 4446 4455
f 4455 4445 4456
f 4456 4444 4465
f 4465 4443 4463
f 4463 4447 4114
f 4114 4448 4113
f 4113 4451 4474
f 4474 4450 4110
f 4110 3401 3402
f 4476 4475 4477
f 4452 4454 4457
f 4457 4467 4459
f 4459 4473 4479
f 4479 4480 4481
f 4479 4482 4483
f 4459 4483 4484
f 4485 4486 4487
f 4468 4489 4469
f 4469 4490 4470
f 4470 4491 4471
f 4471 4492 4472
f 4472 4493 4473
f 4473 4494 4480
f 4480 4485 4481
f 4481 4487 4495
f 4495 4488 4496
f 4490 4497 4498
f 4491 4498 4499
f 4492 4499 4500
f 4493 4500 4501
f 4494 4501 4502
f 4485 4502 4503
f 4497 4504 4498
f 4498 4505 4499
f 4499 4506 4500
f 4500 4507 4501
f 4501 4508 4502
f 4502 4509 4503
f 4503 4510 4486
f 4486 4511 4488
f 4488 4512 4496
f 4504 4181 4505
f 4505 4179 4506
f 4506 4177 4507
f 4507 4175 4508
f 4508 4173 4509
f 4509 4171 4510
f 4510 4169 4511
f 4511 4167 4512
f 4512 4165 4513
f 4514 4515 4516
f 4516 4517 4518
f 4518 4519 4520
f 4478 4522 4514
f 4514 4523 4515
f 4515 4524 4517
f 4517 4525 4519
f 4519 4526 4521
f 4521 4527 4528
f 4522 4477 4529
f 4523 4529 4530
f 4524 4530 4531
f 4525 4531 4532
f 4526 4532 4533
f 3408 3415 4475
f 4475 4534 4477
f 4477 4535 4529
f 4529 4536 4530
f 4530 4537 4531
f 4531 4538 4532
f 4532 4539 4533
f 4533 4540 4527
f 4527 4541 4528
f 4182 4181 4543
f 4543 4504 4542
f 4542 4497 4528
f 4528 4489 4521
f 4521 4468 4520
f 4520 4460 4518
f 4518 4111 4516
f 4516 4113 4514
f 4514 4474 4478
f 4478 4110 4476
f 4476 3406 3408
f 4187 4148 4150
f 4221 4150 4166
f 4219 4166 4168
f 4217 4168 4170
f 4215 4170 4172
f 4213 4172 4174
f 4211 4174 4176
f 4207 4176 4178
f 4208 4178 4180
f 4544 4180 4182
f 4229 4182 4543
f 4230 4543 4542
f 4232 4542 4541
f 4233 4541 4540
f 4545 4540 4539
f 4392 4539 4538
f 4370 4538 4537
f 4359 4537 4536
f 4356 4536 4535
f 4355 4535 4534
f 4354 4534 3415
f 4342 4346 4303
f 4303 4348 4304
f 4304 4350 4290
f 4290 4132 4291
f 4291 4285 4293
f 4293 4265 4429
f 4429 4266 4430
f 4430 4267 4431
f 4431 4260 4432
f 4432 4259 4433
f 4433 4428 4434
f 4434 4427 4435
f 4435 4426 4436
f 4436 4425 4437
f 4437 4424 4438
f 4438 4423 4439
f 4439 4422 4440
f 4440 4421 4441
f 4441 4420 4442
f 4442 4107 4271
f 4271 4109 4273
f 4287 4247 4238
f 4262 4238 4237
f 4263 4237 4236
f 4417 4236 4546
f 4415 4546 4547
f 4413 4547 4548
f 4411 4548 4549
f 4409 4549 4550
f 4407 4550 4551
f 4405 4551 4552
f 4403 4552 4553
f 4401 4553 4554
f 4399 4554 4555
f 4397 4555 4556
f 4395 4556 4123
f 4394 4123 4122
f 4288 4250 4247
f 4247 4252 4248
f 4248 4246 4249
f 4249 4244 4240
f 4240 4209 4144
f 4144 4208 4145
f 4145 4544 4147
f 4147 4229 4242
f 4242 4231 4235
f 4235 4233 4236
f 4236 4545 4546
f 4546 4392 4547
f 4547 4391 4548
f 4548 4390 4549
f 4549 4389 4550
f 4550 4388 4551
f 4551 4387 4552
f 4552 4386 4553
f 4553 4385 4554
f 4554 4384 4555
f 4555 4383 4556
f 4556 4382 4123
f 4123 4120 4381
f 4557 4558 4559
f 3201 3169 4561
f 4565 4566 4567
f 4108 4571 4109
f 4163 3429 4019
f 4152 4572 4118
f 4345 4574 4154
f 4154 4575 4155
f 4576 4575 4577
f 4569 4568 4579
f 4579 4580 4581
f 4580 4583 4584
f 722 4585 4582
f 4582 4586 4583
f 4588 4589 4590
f 4574 4344 4589
f 4575 4589 4588
f 4591 4592 4593
f 4593 4594 4595
f 4597 4596 4598
f 4595 4599 4600
f 4601 4600 4602
f 4603 4602 4604
f 4562 4564 4605
f 4605 4606 4607
f 4607 3239 3246
f 4603 3239 4606
f 4601 4606 4564
f 4595 4564 4563
f 4593 4563 4565
f 4591 4565 4567
f 4587 4582 4580
f 4608 4580 4568
f 4609 4568 4570
f 4610 4611 4609
f 4609 4612 4608
f 4608 4613 4587
f 4587 3160 3177
f 4596 4565 4563
f 4598 4563 4562
f 4614 4562 4605
f 4615 4605 4607
f 4616 4607 3246
f 4057 4056 4617
f 4617 4055 4618
f 4618 4054 4026
f 4026 4024 4619
f 4619 4022 4620
f 4620 4033 4621
f 4621 4032 4030
f 4622 4030 4029
f 2614 3201 4028
f 4028 4561 4027
f 4027 4623 4017
f 4043 4044 4624
f 4625 4118 4572
f 4048 4047 4627
f 4050 4057 4628
f 4628 4617 4629
f 4629 4618 4630
f 4630 4619 4631
f 4631 4620 4632
f 4632 4621 4633
f 4633 4622 4634
f 4634 4623 4635
f 4635 4561 4560
f 4560 3169 3168
f 4627 4052 4636
f 4637 4636 4638
f 4639 4638 4640
f 4641 4640 4642
f 4643 4642 4644
f 4645 4644 4646
f 4647 4646 4648
f 4649 4648 4650
f 4651 4650 4652
f 4653 4652 4654
f 4655 4654 3223
f 4052 4051 4636
f 4636 4628 4638
f 4638 4629 4640
f 4640 4630 4642
f 4642 4631 4644
f 4644 4632 4646
f 4646 4633 4648
f 4648 4634 4650
f 4650 4635 4652
f 4652 4560 4654
f 4654 3202 3223
f 4589 4343 4284
f 4590 4284 4656
f 4657 4656 4658
f 4659 4658 4660
f 4661 4660 4662
f 4044 4046 4624
f 4624 4664 4665
f 4665 4666 4667
f 4667 4668 4669
f 4669 4670 4671
f 4671 4672 4673
f 4673 4674 4675
f 4675 4676 4677
f 4677 4678 4679
f 4679 4680 4681
f 4681 4682 4683
f 4683 4684 4685
f 4685 4686 4687
f 4687 3215 3216
f 4610 4688 4689
f 4690 4689 4691
f 4692 4691 4693
f 4694 4693 4695
f 4696 4695 4697
f 4698 4697 4699
f 4700 4699 4701
f 4702 4701 4557
f 4703 4557 4559
f 4151 4019 4572
f 4572 4704 4626
f 4626 4705 4706
f 4706 4707 4708
f 4708 4709 4710
f 4710 4711 4712
f 4712 4713 4714
f 4714 4715 4567
f 4567 4716 4591
f 4591 4717 4592
f 4592 4718 4594
f 4594 4719 4599
f 4599 4720 4600
f 4600 4721 4602
f 4602 4722 4604
f 4604 3217 3240
f 4689 4578 4577
f 4691 4577 4588
f 4693 4588 4590
f 4695 4590 4657
f 4697 4657 4659
f 4699 4659 4661
f 4701 4661 4663
f 4557 4663 4116
f 4558 4116 4115
f 4559 4115 4393
f 4573 4393 4122
f 4019 4043 4704
f 4704 4624 4705
f 4705 4665 4707
f 4707 4667 4709
f 4709 4669 4711
f 4711 4671 4713
f 4713 4673 4715
f 4715 4675 4716
f 4716 4677 4717
f 4717 4679 4718
f 4718 4681 4719
f 4719 4683 4720
f 4720 4685 4721
f 4721 4687 4722
f 4722 3216 3217
f 4656 4274 4273
f 4658 4273 4109
f 4660 4109 4571
f 4662 4571 4108
f 4663 4108 4418
f 4046 4048 4664
f 4664 4627 4666
f 4666 4637 4668
f 4668 4639 4670
f 4670 4641 4672
f 4672 4643 4674
f 4674 4645 4676
f 4676 4647 4678
f 4678 4649 4680
f 4680 4651 4682
f 4682 4653 4684
f 4684 4655 4686
f 4686 3214 3215
f 4381 4625 4626
f 4573 4626 4706
f 4703 4706 4708
f 4702 4708 4710
f 4700 4710 4712
f 4698 4712 4714
f 4696 4714 4567
f 4694 4567 4566
f 4692 4566 4597
f 4690 4597 4598
f 4610 4598 4614
f 4611 4614 4615
f 4612 4615 4616
f 4613 4616 3161
f 2695 2665 4723
f 4725 4726 4727
f 4726 4725 4729
f 4731 4732 4733
f 4102 4101 4735
f 4737 4738 4739
f 4066 3382 4162
f 4741 2654 2655
f 4742 2655 2656
f 4743 2656 4063
f 4744 4063 4064
f 1963 2647 2762
f 2762 2651 2769
f 4746 2756 2755
f 4738 2764 2766
f 4747 4748 4739
f 4739 4749 4737
f 4752 4751 4753
f 4754 4753 4755
f 4747 4755 4756
f 4757 4758 4750
f 4750 4759 4751
f 4762 4761 4763
f 4764 4763 4765
f 4757 4765 4766
f 4767 4768 4760
f 4760 4769 4761
f 4767 4771 4772
f 4767 4773 4770
f 4770 4774 4775
f 4775 4776 4777
f 4777 4740 4778
f 4778 4190 4228
f 4781 4782 4783
f 4164 4780 4513
f 4513 4786 4496
f 4496 4787 4495
f 4790 4789 4787
f 4791 4787 4786
f 4792 4786 4780
f 4793 4780 4779
f 4794 4795 4796
f 4798 4799 4800
f 4484 4483 4789
f 4789 4482 4787
f 4787 4481 4495
f 4452 4802 4803
f 4446 4804 4158
f 4158 4805 4159
f 4788 4803 4802
f 4789 4802 4458
f 4159 4807 4161
f 4161 4808 4162
f 4806 4805 4804
f 4803 4804 4446
f 4784 4785 4793
f 4793 4809 4792
f 4792 4810 4791
f 4791 4811 4790
f 4790 4812 4788
f 4788 4813 4806
f 4806 4735 4736
f 4736 4101 4100
f 4089 4162 4808
f 4159 4805 4807
f 4807 4736 4808
f 4808 4092 4090
f 4783 4797 4814
f 4815 4814 4816
f 4817 4816 4818
f 4819 4818 4820
f 4821 4820 4822
f 4823 4822 4824
f 4795 4801 4796
f 4796 4826 4827
f 4827 4828 4829
f 4829 4830 4831
f 4831 4832 4833
f 4833 4834 4835
f 4835 4836 4837
f 4797 4796 4827
f 4814 4827 4829
f 4816 4829 4831
f 4818 4831 4833
f 4820 4833 4835
f 4822 4835 4837
f 4824 4837 4099
f 4103 4825 4093
f 4093 4824 4097
f 4781 4783 4785
f 4785 4815 4809
f 4809 4817 4810
f 4810 4819 4811
f 4811 4821 4812
f 4812 4823 4813
f 4813 4825 4735
f 4735 4103 4102
f 4838 4840 4841
f 4841 4842 4843
f 4846 4845 4847
f 4848 4847 4849
f 4851 4852 4853
f 4855 4844 4846
f 4856 4846 4848
f 4857 4848 4850
f 4799 4839 4800
f 4800 4859 4860
f 4860 4861 4862
f 4862 4863 4864
f 4864 4865 4866
f 4866 4867 4868
f 4868 4869 4734
f 4734 4082 4081
f 4839 4841 4870
f 4859 4870 4871
f 4861 4871 4872
f 4863 4872 4873
f 4865 4873 4874
f 4867 4874 4875
f 4869 4875 4083
f 4876 4854 4877
f 4877 4855 4878
f 4878 4856 4879
f 4879 4857 4880
f 4880 4858 4881
f 4745 4064 4883
f 4883 4085 4084
f 4885 4876 4877
f 4886 4877 4878
f 4887 4878 4879
f 4888 4879 4880
f 4889 4880 4881
f 4084 4088 4882
f 4882 4087 4891
f 4891 4086 4079
f 4801 4800 4860
f 4826 4860 4862
f 4828 4862 4864
f 4830 4864 4866
f 4832 4866 4868
f 4834 4868 4734
f 4836 4734 4106
f 4105 4104 4836
f 4836 4095 4837
f 4837 4094 4099
f 4894 4895 4896
f 4896 4897 4731
f 4900 4899 4901
f 4893 4901 4903
f 4903 4899 4904
f 4904 4898 4905
f 4906 4908 4909
f 4895 4893 4903
f 4897 4903 4904
f 4731 4904 4905
f 2940 3035 4910
f 4910 3024 4911
f 4892 4912 4893
f 4893 4913 4901
f 4901 4914 4902
f 4902 4915 4916
f 4916 4917 4918
f 4918 4919 4920
f 4920 4921 4922
f 4922 4923 4924
f 4924 4925 4926
f 4926 4927 4928
f 4928 4929 4930
f 4930 4911 4931
f 4908 4932 4909
f 4909 4933 4934
f 4934 4935 4936
f 4936 4938 4937
f 4937 4939 4940
f 4941 3023 4940
f 4942 4940 4939
f 4943 3029 4941
f 4944 4941 4942
f 4945 4942 4939
f 4946 4939 4938
f 4947 4938 4936
f 4948 4936 4935
f 4949 4935 4933
f 4950 4933 4932
f 4951 4932 4908
f 4952 4908 4907
f 4853 4912 4892
f 4851 4892 4894
f 4954 4894 4896
f 4955 4896 4731
f 4956 4731 4733
f 4958 4959 4960
f 4961 4851 4954
f 4962 4954 4955
f 4963 4955 4956
f 4964 4956 4957
f 4891 4884 4882
f 4882 4885 4883
f 4883 4886 4745
f 4745 4887 4744
f 4744 4888 4743
f 4743 4889 4742
f 4742 4890 4741
f 4730 2670 4741
f 4966 4741 4890
f 4967 4890 4881
f 4968 4881 4858
f 4969 4858 4850
f 4970 4850 4849
f 4843 4849 4847
f 4841 4847 4845
f 4870 4845 4844
f 4871 4844 4854
f 4872 4854 4876
f 4873 4876 4884
f 4874 4884 4891
f 4875 4891 4079
f 4971 2661 2673
f 4931 3028 4943
f 4930 4943 4944
f 4928 4944 4945
f 4926 4945 4946
f 4924 4946 4947
f 4922 4947 4948
f 4920 4948 4949
f 4918 4949 4950
f 4916 4950 4951
f 4902 4951 4952
f 4900 4952 4907
f 4898 4907 4906
f 4905 4906 4972
f 4732 4972 4973
f 4733 4973 4974
f 4957 4974 4971
f 4965 4971 2673
f 4958 4960 4975
f 4975 4976 4977
f 4977 4723 4978
f 4978 2665 2663
f 4906 4959 4958
f 4972 4958 4975
f 4973 4975 4977
f 4974 4977 4978
f 4971 4978 2663
f 2672 2671 4965
f 4965 4730 4964
f 4964 4966 4963
f 4963 4967 4962
f 4962 4968 4961
f 4961 4969 4852
f 4852 4970 4853
f 4853 4843 4953
f 4979 4980 4981
f 4981 4982 4983
f 4983 4984 4985
f 4987 4986 4988
f 4988 4989 4728
f 4990 4728 3007
f 2704 4991 4992
f 4985 4984 4986
f 4986 4992 4989
f 4989 4991 4728
f 4728 2705 3019
f 4995 4994 4996
f 4979 4981 4998
f 4998 4999 5000
f 5000 4724 5001
f 5002 2690 5003
f 5003 2689 2688
f 5002 4993 4995
f 5004 4995 4997
f 3006 3000 4729
f 4729 4746 4726
f 4726 5006 4727
f 4746 2769 2651
f 5006 2651 2649
f 2648 2684 5006
f 5006 5005 4727
f 4727 4997 5007
f 2684 2685 5005
f 5005 2694 5004
f 5004 2693 5002
f 5002 2692 2691
f 5003 4724 4999
f 4993 4999 4981
f 4994 4981 4983
f 4996 4983 4985
f 5007 4985 4987
f 4727 4987 4988
f 4725 4988 4990
f 4729 4990 3007
f 2687 2686 4724
f 4724 2697 5001
f 5001 2696 2695
f 5001 4723 4976
f 5000 4976 4960
f 4998 4960 4959
f 4979 4959 4909
f 4980 4909 4934
f 4982 4934 4937
f 4984 4937 4940
f 4992 4940 3023
f 5008 5009 5010
f 5009 5008 5012
f 5012 5013 5014
f 4184 5016 4186
f 5018 5019 5016
f 5016 5020 5017
f 5017 5021 4186
f 4186 5022 4148
f 5023 5024 5025
f 5023 5026 5027
f 5018 5027 5028
f 5010 5029 5011
f 5011 5030 5031
f 5031 5032 5033
f 5033 5034 5035
f 5035 5036 5037
f 5037 5038 5039
f 5039 5040 5041
f 5041 5042 5043
f 5043 5044 5024
f 5024 5045 5025
f 4738 2966 5015
f 4739 5015 5013
f 4747 5013 5008
f 4754 5008 5011
f 4752 5011 5031
f 4750 5031 5033
f 4757 5033 5035
f 4764 5035 5037
f 4762 5037 5039
f 4760 5039 5041
f 4767 5041 5043
f 4773 5043 5024
f 4774 5024 5023
f 4776 5023 5018
f 4740 5018 5016
f 4183 5016 4184
f 5046 5013 5015
f 5047 5015 3051
f 5048 3051 2943
f 2941 2940 5048
f 5048 4910 5047
f 5047 4911 5046
f 5046 4929 5014
f 5014 4927 5012
f 5012 4925 5009
f 5009 4923 5010
f 5010 4921 5029
f 5029 4919 5030
f 5030 4917 5032
f 5032 4915 5034
f 5034 4914 5036
f 5036 4913 5038
f 5038 4912 5040
f 5040 4953 5042
f 5042 4842 5044
f 5044 4840 5045
f 5045 4838 5025
f 5025 4799 5026
f 5026 4798 5027
f 5027 4795 5028
f 5028 4794 5019
f 5019 4782 5020
f 5020 4781 5021
f 5021 4784 5022
f 5022 4779 4149
f 4778 4228 3184
f 2728 2727 3184
f 2987 2986 3184
f 3184 3118 2999
f 4749 3184 4737
f 3184 4772 4771
f 4253 4585 722
f 3184 2721 2720
f 4778 3184 4777
f 4576 4351 4349
f 4581 4584 4253
f 4253 4583 4586
f 2858 2857 3184
f 3184 2853 2854
f 3184 2855 2989
f 4748 4756 3184
f 3184 4755 4753
f 3184 4255 4243
f 4253 4251 4576
f 4576 4250 4288
f 4576 4289 4134
f 4576 4578 4253
f 4253 4688 4570
f 3184 2938 2939
f 2999 2998 3184
f 3184 2997 2713
f 3184 4751 4759
f 4758 4766 3184
f 3184 4765 4763
f 4347 4346 4576
f 4576 4342 4327
f 4253 4569 4579
f 722 3178 4253
f 4253 3241 3181
f 2936 3184 3185
f 3187 3175 2936
f 2936 3174 2954
f 4763 4761 3184
f 3184 4769 4768
f 3184 4770 4775
f 4228 4200 3184
f 3184 4199 4197
f 3184 4195 4194
f 4203 4258 3184
f 3184 4257 4256
f 3184 4254 4253
f 3180 4253 3181
f 3184 2712 2710
f 2714 2977 3184
f 3184 2976 3052
f 3184 2765 2764
f 4193 4206 3184
f 3184 4205 4204
f 3184 2717 2715
f 4338 4127 4155
f 4155 4126 4339
f 4156 4339 4340
f 2954 2929 2930
f 4576 4318 4317
f 4155 4317 4316
f 2930 2931 2954
f 2954 2932 2933
f 2954 2934 2935
f 5049 5050 5051
f 5055 5056 5057
f 5061 5062 5063
f 5065 5066 5067
f 5071 5072 5062
f 5076 5077 5078
f 5082 5083 5084
f 5087 5088 5089
f 5090 5086 5091
f 5092 5091 5093
f 5094 5093 5095
f 5096 5095 5097
f 5097 5098 5099
f 5099 5100 5101
f 5101 5102 5103
f 5103 5104 5105
f 5106 5104 5107
f 5108 5107 5109
f 5110 5109 5111
f 5111 5112 5113
f 5113 5114 5115
f 5116 5114 5117
f 5118 5117 5119
f 5120 5119 5121
f 5121 5122 5123
f 5123 5124 5125
f 5124 5082 5126
f 5127 5128 5084
f 5084 5129 5082
f 5132 5131 5133
f 5134 5133 5127
f 5135 5127 5084
f 5130 5137 5138
f 5130 5139 5136
f 5136 5140 5141
f 5141 5142 5143
f 5143 5144 5145
f 5145 5146 5147
f 5147 5148 5149
f 5150 5148 5151
f 5152 5151 5153
f 5154 5153 5155
f 5156 5155 5157
f 5157 5158 5159
f 5159 5160 5161
f 5161 5162 5163
f 5163 5164 5165
f 5165 5166 5167
f 5167 5168 5169
f 5170 5168 5171
f 5172 5171 5173
f 5174 5173 5175
f 5176 5175 5177
f 5178 5177 5179
f 5179 5180 5181
f 5181 5182 5183
f 5184 5182 5185
f 5186 5185 5187
f 5080 5079 5187
f 5187 5189 5188
f 5081 5191 5192
f 5081 5193 5190
f 5190 5194 5195
f 5194 5076 5196
f 5197 5198 5078
f 5078 5199 5076
f 5197 5200 5201
f 5202 5201 5203
f 5204 5203 5205
f 5074 5073 5205
f 5205 5207 5206
f 5208 5071 5209
f 5210 5209 5211
f 5212 5211 5213
f 5075 5213 5214
f 5087 5215 5216
f 5216 5217 5218
f 5087 5220 5221
f 5221 5222 5223
f 5223 5224 5225
f 5225 5226 5227
f 5227 5219 5225
f 5225 5217 5223
f 5223 5215 5221
f 5218 5229 5216
f 5087 5230 5231
f 5231 5232 5233
f 5233 5234 5235
f 5235 5236 5237
f 5237 5238 5239
f 5239 5240 5241
f 5087 5243 5244
f 5244 5245 5246
f 5246 5247 5248
f 5248 5249 5250
f 5250 5251 5252
f 5252 5253 5254
f 5254 5255 5256
f 5256 5257 5258
f 5258 5242 5256
f 5256 5240 5254
f 5254 5238 5252
f 5252 5236 5250
f 5250 5234 5248
f 5248 5232 5246
f 5246 5230 5244
f 5241 5228 5239
f 5239 5226 5237
f 5237 5224 5235
f 5235 5222 5233
f 5233 5220 5231
f 5087 5260 5261
f 5261 5262 5263
f 5263 5264 5265
f 5265 5266 5267
f 5267 5268 5269
f 5269 5270 5271
f 5271 5272 5273
f 5273 5274 5275
f 5275 5276 5277
f 5277 5278 5279
f 5087 5281 5282
f 5282 5283 5284
f 5284 5285 5286
f 5286 5287 5288
f 5288 5289 5290
f 5290 5291 5292
f 5292 5293 5294
f 5294 5295 5296
f 5296 5297 5298
f 5298 5299 5300
f 5300 5301 5302
f 5302 5303 5304
f 5304 5280 5302
f 5302 5278 5300
f 5300 5276 5298
f 5298 5274 5296
f 5296 5272 5294
f 5294 5270 5292
f 5292 5268 5290
f 5290 5266 5288
f 5288 5264 5286
f 5286 5262 5284
f 5284 5260 5282
f 5279 5259 5277
f 5277 5257 5275
f 5275 5255 5273
f 5273 5253 5271
f 5271 5251 5269
f 5269 5249 5267
f 5267 5247 5265
f 5265 5245 5263
f 5263 5243 5261
f 5087 5306 5307
f 5307 5308 5309
f 5309 5310 5311
f 5311 5312 5313
f 5313 5314 5315
f 5315 5316 5317
f 5317 5318 5319
f 5319 5320 5321
f 5321 5322 5323
f 5323 5324 5325
f 5325 5326 5327
f 5327 5328 5329
f 5329 5330 5331
f 5331 5332 5333
f 5087 5335 5336
f 5336 5337 5338
f 5338 5339 5340
f 5340 5341 5342
f 5342 5343 5344
f 5344 5345 5346
f 5346 5347 5348
f 5348 5349 5350
f 5350 5351 5352
f 5352 5353 5354
f 5354 5355 5356
f 5356 5357 5358
f 5358 5359 5360
f 5360 5361 5362
f 5362 5363 5364
f 5364 5365 5366
f 5366 5334 5364
f 5364 5332 5362
f 5362 5330 5360
f 5360 5328 5358
f 5358 5326 5356
f 5356 5324 5354
f 5354 5322 5352
f 5352 5320 5350
f 5350 5318 5348
f 5348 5316 5346
f 5346 5314 5344
f 5344 5312 5342
f 5342 5310 5340
f 5340 5308 5338
f 5338 5306 5336
f 5333 5305 5331
f 5331 5303 5329
f 5329 5301 5327
f 5327 5299 5325
f 5325 5297 5323
f 5323 5295 5321
f 5321 5293 5319
f 5319 5291 5317
f 5317 5289 5315
f 5315 5287 5313
f 5313 5285 5311
f 5311 5283 5309
f 5309 5281 5307
f 5087 5368 5369
f 5369 5370 5371
f 5371 5372 5373
f 5373 5374 5375
f 5375 5376 5377
f 5377 5378 5379
f 5379 5380 5381
f 5381 5382 5383
f 5383 5384 5385
f 5385 5386 5387
f 5387 5388 5389
f 5389 5390 5391
f 5391 5392 5393
f 5393 5394 5395
f 5395 5396 5397
f 5397 5398 5399
f 5399 5400 5401
f 5401 5402 5403
f 5087 5405 5406
f 5406 5407 5408
f 5408 5409 5410
f 5410 5411 5412
f 5412 5413 5414
f 5414 5415 5416
f 5416 5417 5418
f 5418 5419 5420
f 5420 5421 5422
f 5422 5423 5424
f 5424 5425 5426
f 5426 5427 5428
f 5428 5429 5430
f 5430 5431 5432
f 5432 5433 5434
f 5434 5435 5436
f 5436 5437 5438
f 5438 5439 5440
f 5440 5441 5442
f 5442 5443 5444
f 5444 5404 5442
f 5442 5402 5440
f 5440 5400 5438
f 5438 5398 5436
f 5436 5396 5434
f 5434 5394 5432
f 5432 5392 5430
f 5430 5390 5428
f 5428 5388 5426
f 5426 5386 5424
f 5424 5384 5422
f 5422 5382 5420
f 5420 5380 5418
f 5418 5378 5416
f 5416 5376 5414
f 5414 5374 5412
f 5412 5372 5410
f 5410 5370 5408
f 5408 5368 5406
f 5403 5367 5401
f 5401 5365 5399
f 5399 5363 5397
f 5397 5361 5395
f 5395 5359 5393
f 5393 5357 5391
f 5391 5355 5389
f 5389 5353 5387
f 5387 5351 5385
f 5385 5349 5383
f 5383 5347 5381
f 5381 5345 5379
f 5379 5343 5377
f 5377 5341 5375
f 5375 5339 5373
f 5373 5337 5371
f 5371 5335 5369
f 5087 5446 5447
f 5447 5448 5449
f 5449 5450 5451
f 5451 5452 5453
f 5453 5454 5455
f 5455 5456 5457
f 5457 5458 5459
f 5459 5460 5461
f 5461 5462 5463
f 5463 5464 5465
f 5465 5466 5467
f 5467 5468 5469
f 5469 5470 5471
f 5471 5472 5473
f 5473 5474 5475
f 5475 5476 5477
f 5477 5478 5479
f 5479 5480 5481
f 5481 5482 5483
f 5483 5484 5485
f 5485 5486 5487
f 5487 5488 5489
f 5087 5491 5492
f 5492 5493 5494
f 5494 5495 5496
f 5496 5497 5498
f 5498 5499 5500
f 5500 5501 5502
f 5502 5503 5504
f 5504 5505 5506
f 5506 5507 5508
f 5508 5509 5510
f 5510 5511 5512
f 5512 5513 5514
f 5514 5515 5516
f 5516 5517 5518
f 5518 5519 5520
f 5520 5521 5522
f 5522 5523 5524
f 5524 5525 5526
f 5526 5527 5528
f 5528 5529 5530
f 5530 5531 5532
f 5532 5533 5534
f 5534 5535 5536
f 5536 5537 5538
f 5538 5490 5536
f 5536 5488 5534
f 5534 5486 5532
f 5532 5484 5530
f 5530 5482 5528
f 5528 5480 5526
f 5526 5478 5524
f 5524 5476 5522
f 5522 5474 5520
f 5520 5472 5518
f 5518 5470 5516
f 5516 5468 5514
f 5514 5466 5512
f 5512 5464 5510
f 5510 5462 5508
f 5508 5460 5506
f 5506 5458 5504
f 5504 5456 5502
f 5502 5454 5500
f 5500 5452 5498
f 5498 5450 5496
f 5496 5448 5494
f 5494 5446 5492
f 5489 5445 5487
f 5487 5443 5485
f 5485 5441 5483
f 5483 5439 5481
f 5481 5437 5479
f 5479 5435 5477
f 5477 5433 5475
f 5475 5431 5473
f 5473 5429 5471
f 5471 5427 5469
f 5469 5425 5467
f 5467 5423 5465
f 5465 5421 5463
f 5463 5419 5461
f 5461 5417 5459
f 5459 5415 5457
f 5457 5413 5455
f 5455 5411 5453
f 5453 5409 5451
f 5451 5407 5449
f 5449 5405 5447
f 5087 5540 5541
f 5541 5542 5543
f 5543 5544 5545
f 5545 5546 5547
f 5547 5548 5549
f 5549 5550 5551
f 5551 5552 5553
f 5553 5554 5555
f 5555 5556 5557
f 5557 5558 5559
f 5559 5560 5561
f 5561 5562 5563
f 5563 5564 5565
f 5565 5566 5567
f 5567 5568 5569
f 5569 5570 5571
f 5571 5572 5573
f 5573 5574 5575
f 5575 5576 5577
f 5577 5578 5579
f 5579 5580 5581
f 5581 5582 5583
f 5583 5584 5585
f 5585 5586 5587
f 5587 5588 5589
f 5589 5590 5591
f 5087 5593 5594
f 5594 5595 5596
f 5596 5597 5598
f 5598 5599 5600
f 5600 5601 5602
f 5602 5603 5604
f 5604 5605 5606
f 5606 5607 5608
f 5608 5609 5610
f 5610 5611 5612
f 5612 5613 5614
f 5614 5615 5616
f 5616 5617 5618
f 5618 5619 5620
f 5620 5621 5622
f 5622 5623 5624
f 5624 5625 5626
f 5626 5627 5628
f 5628 5629 5630
f 5630 5631 5632
f 5632 5633 5634
f 5634 5635 5636
f 5636 5637 5638
f 5638 5639 5640
f 5640 5641 5642
f 5642 5643 5644
f 5644 5645 5646
f 5646 5647 5648
f 5648 5592 5646
f 5646 5590 5644
f 5644 5588 5642
f 5642 5586 5640
f 5640 5584 5638
f 5638 5582 5636
f 5636 5580 5634
f 5634 5578 5632
f 5632 5576 5630
f 5630 5574 5628
f 5628 5572 5626
f 5626 5570 5624
f 5624 5568 5622
f 5622 5566 5620
f 5620 5564 5618
f 5618 5562 5616
f 5616 5560 5614
f 5614 5558 5612
f 5612 5556 5610
f 5610 5554 5608
f 5608 5552 5606
f 5606 5550 5604
f 5604 5548 5602
f 5602 5546 5600
f 5600 5544 5598
f 5598 5542 5596
f 5596 5540 5594
f 5591 5539 5589
f 5589 5537 5587
f 5587 5535 5585
f 5585 5533 5583
f 5583 5531 5581
f 5581 5529 5579
f 5579 5527 5577
f 5577 5525 5575
f 5575 5523 5573
f 5573 5521 5571
f 5571 5519 5569
f 5569 5517 5567
f 5567 5515 5565
f 5565 5513 5563
f 5563 5511 5561
f 5561 5509 5559
f 5559 5507 5557
f 5557 5505 5555
f 5555 5503 5553
f 5553 5501 5551
f 5551 5499 5549
f 5549 5497 5547
f 5547 5495 5545
f 5545 5493 5543
f 5543 5491 5541
f 5087 5650 5651
f 5651 5652 5653
f 5653 5654 5655
f 5655 5656 5657
f 5657 5658 5659
f 5659 5660 5661
f 5661 5662 5663
f 5663 5664 5665
f 5665 5666 5667
f 5667 5668 5669
f 5669 5670 5671
f 5671 5672 5673
f 5673 5674 5675
f 5675 5676 5677
f 5677 5678 5679
f 5679 5680 5681
f 5681 5682 5683
f 5683 5684 5685
f 5685 5686 5687
f 5687 5688 5689
f 5689 5690 5691
f 5691 5692 5693
f 5693 5694 5695
f 5695 5696 5697
f 5697 5698 5699
f 5699 5700 5701
f 5701 5702 5703
f 5703 5704 5705
f 5705 5706 5707
f 5707 5708 5709
f 5087 5711 5712
f 5712 5713 5714
f 5714 5715 5716
f 5716 5717 5718
f 5718 5719 5720
f 5720 5721 5722
f 5722 5723 5724
f 5724 5725 5726
f 5726 5727 5728
f 5728 5729 5730
f 5730 5731 5732
f 5732 5733 5734
f 5734 5735 5736
f 5736 5737 5738
f 5738 5739 5740
f 5740 5741 5742
f 5742 5743 5744
f 5744 5745 5746
f 5746 5747 5748
f 5748 5749 5750
f 5750 5751 5752
f 5752 5753 5754
f 5754 5755 5756
f 5756 5757 5758
f 5758 5759 5760
f 5760 5761 5762
f 5762 5763 5764
f 5764 5765 5766
f 5766 5767 5768
f 5768 5769 5770
f 5770 5771 5772
f 5772 5773 5774
f 5772 5710 5708
f 5770 5708 5706
f 5768 5706 5704
f 5766 5704 5702
f 5764 5702 5700
f 5762 5700 5698
f 5760 5698 5696
f 5758 5696 5694
f 5756 5694 5692
f 5754 5692 5690
f 5752 5690 5688
f 5750 5688 5686
f 5748 5686 5684
f 5746 5684 5682
f 5744 5682 5680
f 5742 5680 5678
f 5740 5678 5676
f 5738 5676 5674
f 5736 5674 5672
f 5734 5672 5670
f 5732 5670 5668
f 5730 5668 5666
f 5728 5666 5664
f 5726 5664 5662
f 5724 5662 5660
f 5722 5660 5658
f 5720 5658 5656
f 5718 5656 5654
f 5716 5654 5652
f 5714 5652 5650
f 5712 5650 5087
f 5707 5649 5647
f 5705 5647 5645
f 5703 5645 5643
f 5701 5643 5641
f 5699 5641 5639
f 5697 5639 5637
f 5695 5637 5635
f 5693 5635 5633
f 5691 5633 5631
f 5689 5631 5629
f 5687 5629 5627
f 5685 5627 5625
f 5683 5625 5623
f 5681 5623 5621
f 5679 5621 5619
f 5677 5619 5617
f 5675 5617 5615
f 5673 5615 5613
f 5671 5613 5611
f 5669 5611 5609
f 5667 5609 5607
f 5665 5607 5605
f 5663 5605 5603
f 5661 5603 5601
f 5659 5601 5599
f 5657 5599 5597
f 5655 5597 5595
f 5653 5595 5593
f 5651 5593 5087
f 5778 5779 5780
f 5784 5785 5786
f 5790 5087 5791
f 5069 5792 5793
f 5794 5793 5795
f 5796 5795 5797
f 5798 5797 5799
f 5800 5799 5801
f 5802 5801 5803
f 5804 5803 5805
f 5806 5805 5807
f 5808 5807 5809
f 5810 5809 5811
f 5812 5811 5813
f 5814 5813 5815
f 5816 5815 5817
f 5818 5817 5819
f 5820 5819 5821
f 5822 5821 5823
f 5824 5823 5825
f 5826 5825 5827
f 5828 5827 5829
f 5830 5829 5831
f 5832 5831 5833
f 5834 5833 5835
f 5836 5835 5837
f 5838 5837 5839
f 5840 5839 5841
f 5842 5841 5843
f 5844 5843 5845
f 5846 5845 5847
f 5848 5847 5849
f 5850 5849 5851
f 5852 5851 5853
f 5854 5853 5855
f 5856 5855 5857
f 5858 5857 5859
f 5860 5859 5861
f 5862 5861 5863
f 5864 5863 5865
f 5866 5865 5867
f 5868 5867 5869
f 5870 5869 5871
f 5872 5871 5873
f 5874 5873 5875
f 5876 5875 5877
f 5878 5877 5879
f 5880 5879 5881
f 5882 5881 5883
f 5884 5883 5885
f 5886 5885 5887
f 5888 5887 5889
f 5890 5889 5891
f 5892 5891 5893
f 5894 5893 5895
f 5896 5895 5897
f 5898 5897 5899
f 5900 5899 5901
f 5902 5901 5903
f 5904 5903 5905
f 5906 5905 5907
f 5908 5907 5909
f 5910 5909 5911
f 5912 5911 5913
f 5914 5913 5915
f 5918 5917 5919
f 5920 5919 5921
f 5922 5921 5923
f 5924 5923 5925
f 5926 5925 5927
f 5928 5927 5929
f 5930 5929 5931
f 5932 5931 5933
f 5934 5933 5935
f 5936 5935 5937
f 5938 5937 5939
f 5940 5939 5941
f 5942 5941 5943
f 5944 5943 5945
f 5946 5945 5947
f 5948 5947 5949
f 5950 5949 5951
f 5952 5951 5953
f 5954 5953 5955
f 5956 5955 5957
f 5958 5957 5959
f 5960 5959 5961
f 5962 5961 5963
f 5964 5963 5965
f 5966 5965 5967
f 5968 5967 5969
f 5970 5969 5971
f 5972 5971 5973
f 5974 5973 5975
f 5976 5975 5977
f 5774 5977 5978
f 5710 5978 5979
f 5709 5979 5980
f 5649 5980 5981
f 5648 5981 5982
f 5592 5982 5983
f 5591 5983 5984
f 5539 5984 5985
f 5538 5985 5986
f 5490 5986 5987
f 5489 5987 5988
f 5445 5988 5989
f 5444 5989 5990
f 5404 5990 5991
f 5403 5991 5992
f 5367 5992 5993
f 5366 5993 5994
f 5334 5994 5995
f 5333 5995 5996
f 5305 5996 5997
f 5304 5997 5998
f 5280 5998 5999
f 5279 5999 6000
f 5259 6000 6001
f 5258 6001 6002
f 5242 6002 6003
f 5241 6003 6004
f 5228 6004 6005
f 5227 6005 6006
f 5219 6006 6007
f 5218 6007 6008
f 5229 6008 6009
f 5792 5087 6009
f 6012 6011 6013
f 6014 6013 6015
f 6016 6015 6017
f 6018 6017 6019
f 6020 6019 6021
f 6022 6021 6023
f 6024 6023 6025
f 6026 6025 6027
f 6028 6027 6029
f 6030 6029 6031
f 6032 6031 6033
f 6034 6033 6035
f 6036 6035 6037
f 6038 6037 6039
f 6040 6039 6041
f 6042 6041 6043
f 6044 6043 6045
f 6046 6045 6047
f 6048 6047 6049
f 6050 6049 6051
f 6052 6051 6053
f 6054 6053 6055
f 6056 6055 6057
f 6058 6057 6059
f 6060 6059 6061
f 6062 6061 6063
f 6064 6063 6065
f 6066 6065 6067
f 6068 6067 6069
f 6070 6069 6071
f 6072 6071 6073
f 6074 6073 6075
f 6076 6075 5087
f 6079 6078 6080
f 6081 6080 6082
f 6083 6082 6084
f 6085 6084 6086
f 6087 6086 6088
f 6089 6088 6090
f 6091 6090 6092
f 6093 6092 6094
f 6095 6094 6096
f 6097 6096 6098
f 6099 6098 6100
f 6101 6100 6102
f 6103 6102 6104
f 6105 6104 6106
f 6107 6106 6108
f 6109 6108 6110
f 6111 6110 6112
f 6113 6112 6114
f 6115 6114 6116
f 6117 6116 6118
f 6119 6118 6120
f 6121 6120 6122
f 6123 6122 6124
f 6125 6124 6126
f 6127 6126 6128
f 6129 6128 6130
f 6131 6130 6132
f 6133 6132 6134
f 6135 6134 6136
f 6137 6136 6138
f 6139 6138 6140
f 6141 6140 6142
f 6143 6142 6144
f 6145 6144 6146
f 6147 6146 5087
f 6150 6149 6151
f 6152 6151 6153
f 6154 6153 6155
f 6156 6155 6157
f 6158 6157 6159
f 6160 6159 6161
f 6162 6161 6163
f 6164 6163 6165
f 6166 6165 6167
f 6168 6167 6169
f 6170 6169 6171
f 6172 6171 6173
f 6174 6173 6175
f 6176 6175 6177
f 6178 6177 6179
f 6180 6179 6181
f 6182 6181 6183
f 6184 6183 6185
f 6186 6185 6187
f 6188 6187 6189
f 6190 6189 6191
f 6192 6191 6193
f 6194 6193 6195
f 6196 6195 6197
f 6198 6197 6199
f 6200 6199 6201
f 6202 6201 6203
f 6204 6203 6205
f 6206 6205 6207
f 6208 6207 6209
f 6210 6209 6211
f 6212 6211 6213
f 6214 6213 6215
f 6216 6215 6217
f 6218 6217 6219
f 6220 6219 6221
f 6222 6221 5087
f 6225 6224 6226
f 6227 6226 6228
f 6229 6228 6230
f 6231 6230 6232
f 6233 6232 6234
f 6235 6234 6236
f 6237 6236 6238
f 6239 6238 6240
f 6241 6240 6242
f 6243 6242 6244
f 6245 6244 6246
f 6247 6246 6248
f 6249 6248 6250
f 6251 6250 6252
f 6253 6252 6254
f 6255 6254 6256
f 6257 6256 6258
f 6259 6258 6260
f 6261 6260 6262
f 6263 6262 6264
f 6265 6264 6266
f 6267 6266 6268
f 6269 6268 6270
f 6271 6270 6272
f 6273 6272 6274
f 6275 6274 6276
f 6277 6276 6278
f 6279 6278 6280
f 6281 6280 6282
f 6283 6282 6284
f 6285 6284 6286
f 6287 6286 6288
f 6289 6288 6290
f 6291 6290 6292
f 6293 6292 6294
f 6295 6294 6296
f 6297 6296 6298
f 6299 6298 6300
f 6301 6300 5087
f 6304 6303 6305
f 6306 6305 6307
f 6308 6307 6309
f 6310 6309 6311
f 6312 6311 6313
f 6314 6313 6315
f 6316 6315 6317
f 6318 6317 6319
f 6320 6319 6321
f 6322 6321 6323
f 6324 6323 6325
f 6326 6325 6327
f 6328 6327 6329
f 6330 6329 6331
f 6332 6331 6333
f 6334 6333 6335
f 6336 6335 6337
f 6338 6337 6339
f 6340 6339 6341
f 6342 6341 6343
f 6344 6343 6345
f 6346 6345 6347
f 6348 6347 6349
f 6350 6349 6351
f 6352 6351 6353
f 6354 6353 6355
f 6356 6355 6357
f 6358 6357 6359
f 6360 6359 6361
f 6362 6361 6363
f 6364 6363 6365
f 6366 6365 6367
f 6368 6367 6369
f 6370 6369 6371
f 6372 6371 6373
f 6374 6373 6375
f 6376 6375 6377
f 6378 6377 6379
f 6380 6379 6381
f 6382 6381 6383
f 6384 6383 5087
f 6387 6386 6388
f 6389 6388 6390
f 6391 6390 6392
f 6393 6392 6394
f 6395 6394 6396
f 6397 6396 6398
f 6399 6398 6400
f 6401 6400 6402
f 6403 6402 6404
f 6405 6404 6406
f 6407 6406 6408
f 6409 6408 6410
f 6411 6410 6412
f 6413 6412 6414
f 6415 6414 6416
f 6417 6416 6418
f 6419 6418 6420
f 6421 6420 6422
f 6423 6422 6424
f 6425 6424 6426
f 6427 6426 6428
f 6429 6428 6430
f 6431 6430 6432
f 6433 6432 6434
f 6435 6434 6436
f 6437 6436 6438
f 6439 6438 6440
f 6441 6440 6442
f 6443 6442 6444
f 6445 6444 6446
f 6447 6446 6448
f 6449 6448 6450
f 6451 6450 6452
f 6453 6452 6454
f 6455 6454 6456
f 6457 6456 6458
f 6459 6458 6460
f 6461 6460 6462
f 6463 6462 6464
f 6465 6464 6466
f 6467 6466 6468
f 6469 6468 6470
f 6471 6470 5087
f 6474 6473 6475
f 6476 6475 6477
f 6478 6477 6479
f 6480 6479 6481
f 6482 6481 6483
f 6484 6483 6485
f 6486 6485 6487
f 6488 6487 6489
f 6490 6489 6491
f 6492 6491 6493
f 6494 6493 6495
f 6496 6495 6497
f 6498 6497 6499
f 6500 6499 6501
f 6502 6501 6503
f 6504 6503 6505
f 6506 6505 6507
f 6508 6507 6509
f 6510 6509 6511
f 6512 6511 6513
f 6514 6513 6515
f 6516 6515 6517
f 6518 6517 6519
f 6520 6519 6521
f 6522 6521 6523
f 6524 6523 6525
f 6526 6525 6527
f 6528 6527 6529
f 6530 6529 6531
f 6532 6531 6533
f 6534 6533 6535
f 6536 6535 6537
f 6538 6537 6539
f 6540 6539 6541
f 6542 6541 6543
f 6544 6543 6545
f 6546 6545 6547
f 6548 6547 6549
f 6550 6549 6551
f 6552 6551 6553
f 6554 6553 6555
f 6556 6555 6557
f 6558 6557 6559
f 6560 6559 6561
f 6562 6561 5087
f 6565 6564 6566
f 6567 6566 6568
f 6569 6568 6570
f 6571 6570 6572
f 6573 6572 6574
f 6575 6574 6576
f 6577 6576 6578
f 6579 6578 6580
f 6581 6580 6582
f 6583 6582 6584
f 6585 6584 6586
f 6587 6586 6588
f 6589 6588 6590
f 6591 6590 6592
f 6593 6592 6594
f 6595 6594 6596
f 6597 6596 6598
f 6599 6598 6600
f 6601 6600 6602
f 6603 6602 6604
f 6605 6604 6606
f 6607 6606 6608
f 6609 6608 6610
f 6611 6610 6612
f 6613 6612 6614
f 6615 6614 6616
f 6617 6616 6618
f 6619 6618 6620
f 6621 6620 6622
f 6623 6622 6624
f 6625 6624 6626
f 6627 6626 6628
f 6629 6628 6630
f 6631 6630 6632
f 6633 6632 6634
f 6635 6634 6636
f 6637 6636 6638
f 6639 6638 6640
f 6641 6640 6642
f 6643 6642 6644
f 6645 6644 6646
f 6647 6646 6648
f 6649 6648 6650
f 6651 6650 6652
f 6653 6652 6654
f 6655 6654 6656
f 6657 6656 5087
f 6660 6659 6661
f 6662 6661 6663
f 6664 6663 6665
f 6666 6665 6667
f 6668 6667 6669
f 6670 6669 6671
f 6672 6671 6673
f 6674 6673 6675
f 6676 6675 6677
f 6678 6677 6679
f 6680 6679 6681
f 6682 6681 6683
f 6684 6683 6685
f 6686 6685 6687
f 6688 6687 6689
f 6690 6689 6691
f 6692 6691 6693
f 6694 6693 6695
f 6696 6695 6697
f 6698 6697 6699
f 6700 6699 6701
f 6702 6701 6703
f 6704 6703 6705
f 6706 6705 6707
f 6708 6707 6709
f 6710 6709 6711
f 6712 6711 6713
f 6714 6713 6715
f 6716 6715 6717
f 6718 6717 6719
f 6720 6719 6721
f 6722 6721 6723
f 6724 6723 6725
f 6726 6725 6727
f 6728 6727 6729
f 6730 6729 6731
f 6732 6731 6733
f 6734 6733 6735
f 6736 6735 6737
f 6738 6737 6739
f 6740 6739 6741
f 6742 6741 6743
f 6744 6743 6745
f 6746 6745 6747
f 6748 6747 6749
f 6750 6749 6751
f 6752 6751 6753
f 6754 6753 6755
f 6756 6755 5087
f 6759 6758 6760
f 6761 6760 6762
f 6763 6762 6764
f 6765 6764 6766
f 6767 6766 6768
f 6769 6768 6770
f 6771 6770 6772
f 6773 6772 6774
f 6775 6774 6776
f 6777 6776 6778
f 6779 6778 6780
f 6781 6780 6782
f 6783 6782 6784
f 6785 6784 6786
f 6787 6786 6788
f 6789 6788 6790
f 6791 6790 6792
f 6793 6792 6794
f 6795 6794 6796
f 6797 6796 6798
f 6799 6798 6800
f 6801 6800 6802
f 6803 6802 6804
f 6805 6804 6806
f 6807 6806 6808
f 6809 6808 6810
f 6811 6810 6812
f 6813 6812 6814
f 6815 6814 6816
f 6817 6816 6818
f 6819 6818 6820
f 6821 6820 6822
f 6823 6822 6824
f 6825 6824 6826
f 6827 6826 6828
f 6829 6828 6830
f 6831 6830 6832
f 6833 6832 6834
f 6835 6834 6836
f 6837 6836 6838
f 6839 6838 6840
f 6841 6840 6842
f 6843 6842 6844
f 6845 6844 6846
f 6847 6846 6848
f 6849 6848 6850
f 6851 6850 6852
f 6853 6852 6854
f 6855 6854 6856
f 6857 6856 6858
f 6859 6858 5087
f 6862 6861 6863
f 6864 6863 6865
f 6866 6865 6867
f 6868 6867 6869
f 6870 6869 6871
f 6872 6871 6873
f 6874 6873 6875
f 6876 6875 6877
f 6878 6877 6879
f 6880 6879 6881
f 6882 6881 6883
f 6884 6883 6885
f 6886 6885 6887
f 6888 6887 6889
f 6890 6889 6891
f 6892 6891 6893
f 6894 6893 6895
f 6896 6895 6897
f 6898 6897 6899
f 6900 6899 6901
f 6902 6901 6903
f 6904 6903 6905
f 6906 6905 6907
f 6908 6907 6909
f 6910 6909 6911
f 6912 6911 6913
f 6914 6913 6915
f 6916 6915 6917
f 6918 6917 6919
f 6920 6919 6921
f 6922 6921 6923
f 6924 6923 6925
f 6926 6925 6927
f 6928 6927 6929
f 6930 6929 6931
f 6932 6931 6933
f 6934 6933 6935
f 6936 6935 6937
f 6938 6937 6939
f 6940 6939 6941
f 6942 6941 6943
f 6944 6943 6945
f 6946 6945 6947
f 6948 6947 6949
f 6950 6949 6951
f 6952 6951 6953
f 6954 6953 6955
f 6956 6955 6957
f 6958 6957 6959
f 6960 6959 6961
f 6962 6961 6963
f 6964 6963 6965
f 6966 6965 5087
f 6969 6968 6970
f 6971 6970 6972
f 6973 6972 6974
f 6975 6974 6976
f 6977 6976 6978
f 6979 6978 6980
f 6981 6980 6982
f 6983 6982 6984
f 6985 6984 6986
f 6987 6986 6988
f 6989 6988 6990
f 6991 6990 6992
f 6993 6992 6994
f 6995 6994 6996
f 6997 6996 6998
f 6999 6998 7000
f 7001 7000 7002
f 7003 7002 7004
f 7005 7004 7006
f 7007 7006 7008
f 7009 7008 7010
f 7011 7010 7012
f 7013 7012 7014
f 7015 7014 7016
f 7017 7016 7018
f 7019 7018 7020
f 7021 7020 7022
f 7023 7022 7024
f 7025 7024 7026
f 7027 7026 7028
f 7029 7028 7030
f 7031 7030 7032
f 7033 7032 7034
f 7035 7034 7036
f 7037 7036 7038
f 7039 7038 7040
f 7041 7040 7042
f 7043 7042 7044
f 7045 7044 7046
f 7047 7046 7048
f 7049 7048 7050
f 7051 7050 7052
f 7053 7052 7054
f 7055 7054 7056
f 7057 7056 7058
f 7059 7058 7060
f 7061 7060 7062
f 7063 7062 7064
f 7065 7064 7066
f 7067 7066 7068
f 7069 7068 7070
f 7071 7070 7072
f 7073 7072 7074
f 7075 7074 7076
f 7077 7076 5087
f 7080 7079 7081
f 7082 7081 7083
f 7084 7083 7085
f 7086 7085 7087
f 7088 7087 7089
f 7090 7089 7091
f 7092 7091 7093
f 7094 7093 7095
f 7096 7095 7097
f 7098 7097 7099
f 7100 7099 7101
f 7102 7101 7103
f 7104 7103 7105
f 7106 7105 7107
f 7108 7107 7109
f 7110 7109 7111
f 7112 7111 7113
f 7114 7113 7115
f 7116 7115 7117
f 7118 7117 7119
f 7120 7119 7121
f 7122 7121 7123
f 7124 7123 7125
f 7126 7125 7127
f 7128 7127 7129
f 7130 7129 7131
f 7132 7131 7133
f 7134 7133 7135
f 7136 7135 7137
f 7138 7137 7139
f 7140 7139 7141
f 7142 7141 7143
f 7144 7143 7145
f 7146 7145 7147
f 7148 7147 7149
f 7150 7149 7151
f 7152 7151 7153
f 7154 7153 7155
f 7156 7155 7157
f 7158 7157 7159
f 7160 7159 7161
f 7162 7161 7163
f 7164 7163 7165
f 7166 7165 7167
f 7168 7167 7169
f 7170 7169 7171
f 7172 7171 7173
f 7174 7173 7175
f 7176 7175 7177
f 7178 7177 7179
f 7180 7179 7181
f 7182 7181 7183
f 7184 7183 7185
f 7186 7185 7187
f 7188 7187 7189
f 7190 7189 7191
f 7192 7191 5087
f 7195 7194 7196
f 7197 7196 7198
f 7199 7198 7200
f 7201 7200 7202
f 7203 7202 7204
f 7205 7204 7206
f 7207 7206 7208
f 7209 7208 7210
f 7211 7210 7212
f 7213 7212 7214
f 7215 7214 7216
f 7217 7216 7218
f 7219 7218 7220
f 7221 7220 7222
f 7223 7222 7224
f 7225 7224 7226
f 7227 7226 7228
f 7229 7228 7230
f 7231 7230 7232
f 7233 7232 7234
f 7235 7234 7236
f 7237 7236 7238
f 7239 7238 7240
f 7241 7240 7242
f 7243 7242 7244
f 7245 7244 7246
f 7247 7246 7248
f 7249 7248 7250
f 7251 7250 7252
f 7253 7252 7254
f 7255 7254 7256
f 7257 7256 7258
f 7259 7258 7260
f 7261 7260 7262
f 7263 7262 7264
f 7265 7264 7266
f 7267 7266 7268
f 7269 7268 7270
f 7271 7270 7272
f 7273 7272 7274
f 7275 7274 7276
f 7277 7276 7278
f 7279 7278 7280
f 7281 7280 7282
f 7283 7282 7284
f 7285 7284 7286
f 7287 7286 7288
f 7289 7288 7290
f 7291 7290 7292
f 7293 7292 7294
f 7295 7294 7296
f 7297 7296 7298
f 7299 7298 7300
f 7301 7300 7302
f 7303 7302 7304
f 7305 7304 7306
f 7307 7306 7308
f 7309 7308 7310
f 7311 7310 5087
f 7314 7313 7315
f 7316 7315 7317
f 7318 7317 7319
f 7320 7319 7321
f 7322 7321 7323
f 7324 7323 7325
f 7326 7325 7327
f 7328 7327 7329
f 7330 7329 7331
f 7332 7331 7333
f 7334 7333 7335
f 7336 7335 7337
f 7338 7337 7339
f 7340 7339 7341
f 7342 7341 7343
f 7344 7343 7345
f 7346 7345 7347
f 7348 7347 7349
f 7350 7349 7351
f 7352 7351 7353
f 7354 7353 7355
f 7356 7355 7357
f 7358 7357 7359
f 7360 7359 7361
f 7362 7361 7363
f 7364 7363 7365
f 7366 7365 7367
f 7368 7367 7369
f 7370 7369 7371
f 7372 7371 7373
f 7374 7373 7375
f 7376 7375 7377
f 7378 7377 7379
f 7380 7379 7381
f 7382 7381 7383
f 7384 7383 7385
f 7386 7385 7387
f 7388 7387 7389
f 7390 7389 7391
f 7392 7391 7393
f 7394 7393 7395
f 7396 7395 7397
f 7398 7397 7399
f 7400 7399 7401
f 7402 7401 7403
f 7404 7403 7405
f 7406 7405 7407
f 7408 7407 7409
f 7410 7409 7411
f 7412 7411 7413
f 7414 7413 7415
f 7416 7415 7417
f 7418 7417 7419
f 7420 7419 7421
f 7422 7421 7423
f 7424 7423 7425
f 7426 7425 7427
f 7428 7427 7429
f 7430 7429 7431
f 7432 7431 7433
f 7434 7433 5087
f 7436 7435 7437
f 7438 7437 7439
f 7440 7439 7441
f 7442 7441 7443
f 7444 7443 7445
f 7446 7445 7447
f 7448 7447 7449
f 7450 7449 7451
f 7452 7451 7453
f 7454 7453 7455
f 7456 7455 7457
f 7458 7457 7459
f 7460 7459 7461
f 7462 7461 7463
f 7464 7463 7465
f 7466 7465 7467
f 7468 7467 7469
f 7470 7469 7471
f 7472 7471 7473
f 7474 7473 7475
f 7476 7475 7477
f 7478 7477 7479
f 7480 7479 7481
f 7482 7481 7483
f 7484 7483 7485
f 7486 7485 7487
f 7488 7487 7489
f 7490 7489 7491
f 7492 7491 7493
f 7494 7493 7495
f 7496 7495 7497
f 7498 7497 7499
f 7500 7499 7501
f 7502 7501 7503
f 7504 7503 7505
f 7506 7505 7507
f 7508 7507 7509
f 7510 7509 7511
f 7512 7511 7513
f 7514 7513 7515
f 7516 7515 7517
f 7518 7517 7519
f 7520 7519 7521
f 7522 7521 7523
f 7524 7523 7525
f 7526 7525 7527
f 7528 7527 7529
f 7530 7529 7531
f 7532 7531 7533
f 7534 7533 7535
f 7536 7535 7537
f 7538 7537 7539
f 7540 7539 7541
f 7542 7541 7543
f 7544 7543 7545
f 7546 7545 7547
f 7548 7547 7549
f 7550 7549 7551
f 7552 7551 7553
f 7554 7553 7555
f 7556 7555 7557
f 7558 7557 7559
f 7560 7559 5087
f 7562 7561 7563
f 7564 7563 7565
f 7566 7565 7567
f 7568 7567 7569
f 7570 7569 7571
f 7572 7571 7573
f 7574 7573 7575
f 7576 7575 7577
f 7578 7577 7579
f 7580 7579 7581
f 7582 7581 7583
f 7584 7583 7585
f 7586 7585 7587
f 7588 7587 7589
f 7590 7589 7591
f 7592 7591 7593
f 7594 7593 7595
f 7596 7595 7597
f 7598 7597 7599
f 7600 7599 7601
f 7602 7601 7603
f 7604 7603 7605
f 7606 7605 7607
f 7608 7607 7609
f 7610 7609 7611
f 7612 7611 7613
f 7614 7613 7615
f 7616 7615 7617
f 7618 7617 7619
f 7620 7619 7621
f 7622 7621 7623
f 7624 7623 7625
f 7626 7625 7627
f 7628 7627 7629
f 7630 7629 7631
f 7632 7631 7633
f 7634 7633 7635
f 7636 7635 7637
f 7638 7637 7639
f 7640 7639 7641
f 7642 7641 7643
f 7644 7643 7645
f 7646 7645 7647
f 7648 7647 7649
f 7650 7649 7651
f 7652 7651 7653
f 7654 7653 7655
f 7656 7655 7657
f 7658 7657 7659
f 7660 7659 7661
f 7662 7661 7663
f 7664 7663 7665
f 7666 7665 7667
f 7668 7667 7669
f 7670 7669 7671
f 7672 7671 7673
f 7674 7673 7675
f 7676 7675 7677
f 7678 7677 7679
f 7680 7679 7681
f 7682 7681 7683
f 7684 7683 7685
f 7686 7685 5087
f 7688 7687 7689
f 7690 7689 7691
f 7692 7691 7693
f 7694 7693 7695
f 7696 7695 7697
f 7698 7697 7699
f 7700 7699 7701
f 7702 7701 7703
f 7704 7703 7705
f 7706 7705 7707
f 7708 7707 7709
f 7710 7709 7711
f 7712 7711 7713
f 7714 7713 7715
f 7716 7715 7717
f 7718 7717 7719
f 7720 7719 7721
f 7722 7721 7723
f 7724 7723 7725
f 7726 7725 7727
f 7728 7727 7729
f 7730 7729 7731
f 7732 7731 7733
f 7734 7733 7735
f 7736 7735 7737
f 7738 7737 7739
f 7740 7739 7741
f 7742 7741 7743
f 7744 7743 7745
f 7746 7745 7747
f 7748 7747 7749
f 7750 7749 7751
f 7752 7751 7753
f 7754 7753 7755
f 7756 7755 7757
f 7758 7757 7759
f 7760 7759 7761
f 7762 7761 7763
f 7764 7763 7765
f 7766 7765 7767
f 7768 7767 7769
f 7770 7769 7771
f 7772 7771 7773
f 7774 7773 7775
f 7776 7775 7777
f 7778 7777 7779
f 7780 7779 7781
f 7782 7781 7783
f 7784 7783 7785
f 7786 7785 7787
f 7788 7787 7789
f 7790 7789 7791
f 7792 7791 7793
f 7794 7793 7795
f 7796 7795 7797
f 7798 7797 7799
f 7800 7799 7801
f 7802 7801 7803
f 7804 7803 7805
f 7806 7805 7807
f 7808 7807 7809
f 7810 7809 5790
f 7811 5790 5791
f 7813 7812 7814
f 7815 7814 7816
f 7817 7816 7818
f 7819 7818 7820
f 7821 7820 7822
f 7823 7822 7824
f 7825 7824 7826
f 7827 7826 7828
f 7829 7828 7830
f 7831 7830 7832
f 7833 7832 7834
f 7835 7834 7836
f 7837 7836 7838
f 7839 7838 7840
f 7841 7840 7842
f 7843 7842 7844
f 7845 7844 7846
f 7847 7846 7848
f 7849 7848 7850
f 7851 7850 7852
f 7853 7852 7854
f 7855 7854 7856
f 7857 7856 7858
f 7859 7858 7860
f 7861 7860 7862
f 7863 7862 7864
f 7865 7864 7866
f 7867 7866 7868
f 7869 7868 7870
f 7871 7870 7872
f 7873 7872 7874
f 7875 7874 7876
f 7877 7876 7878
f 7879 7878 7880
f 7881 7880 7882
f 7883 7882 7884
f 7885 7884 7886
f 7887 7886 7888
f 7889 7888 7890
f 7891 7890 7892
f 7893 7892 7894
f 7895 7894 7896
f 7897 7896 7898
f 7899 7898 7900
f 7901 7900 7902
f 7903 7902 7904
f 7905 7904 7906
f 7907 7906 7908
f 7909 7908 7910
f 7911 7910 7912
f 7913 7912 7914
f 7915 7914 7916
f 7917 7916 7918
f 7919 7918 7920
f 7921 7920 7922
f 7923 7922 7924
f 7925 7924 7926
f 7927 7926 7928
f 7929 7928 7930
f 7931 7930 7932
f 7933 7932 7934
f 7936 7935 7937
f 7938 7937 7939
f 7940 7939 7941
f 7942 7941 7943
f 7944 7943 7945
f 7946 7945 7947
f 7948 7947 7949
f 7950 7949 7951
f 7952 7951 7953
f 7954 7953 7955
f 7956 7955 7957
f 7958 7957 7959
f 7960 7959 7961
f 7962 7961 7963
f 7964 7963 7965
f 7966 7965 7967
f 7968 7967 7969
f 7970 7969 7971
f 7972 7971 7973
f 7974 7973 7975
f 7976 7975 7977
f 7978 7977 7979
f 7980 7979 7981
f 7982 7981 7983
f 7984 7983 7985
f 7986 7985 7987
f 7988 7987 7989
f 7990 7989 7991
f 7992 7991 7993
f 7994 7993 7995
f 7996 7995 7997
f 7998 7997 7999
f 8000 7999 8001
f 8002 8001 8003
f 8004 8003 8005
f 8006 8005 8007
f 8008 8007 8009
f 8010 8009 8011
f 8012 8011 8013
f 8014 8013 8015
f 8016 8015 8017
f 8018 8017 8019
f 8020 8019 8021
f 8022 8021 8023
f 8024 8023 8025
f 8026 8025 8027
f 8028 8027 8029
f 8030 8029 8031
f 8032 8031 8033
f 8034 8033 8035
f 8036 8035 8037
f 8038 8037 8039
f 8040 8039 8041
f 8042 8041 8043
f 8044 8043 8045
f 8046 8045 8047
f 8048 8047 8049
f 8050 8049 8051
f 8052 8051 8053
f 8055 8054 8056
f 8057 8056 8058
f 8059 8058 8060
f 8061 8060 8062
f 8063 8062 8064
f 8065 8064 8066
f 8067 8066 8068
f 8069 8068 8070
f 8071 8070 8072
f 8073 8072 8074
f 8075 8074 8076
f 8077 8076 8078
f 8079 8078 8080
f 8081 8080 8082
f 8083 8082 8084
f 8085 8084 8086
f 8087 8086 8088
f 8089 8088 8090
f 8091 8090 8092
f 8093 8092 8094
f 8095 8094 8096
f 8097 8096 8098
f 8099 8098 8100
f 8101 8100 8102
f 8103 8102 8104
f 8105 8104 8106
f 8107 8106 8108
f 8109 8108 8110
f 8111 8110 8112
f 8113 8112 8114
f 8115 8114 8116
f 8117 8116 8118
f 8119 8118 8120
f 8121 8120 8122
f 8123 8122 8124
f 8125 8124 8126
f 8127 8126 8128
f 8129 8128 8130
f 8131 8130 8132
f 8133 8132 8134
f 8135 8134 8136
f 8137 8136 8138
f 8139 8138 8140
f 8141 8140 8142
f 8143 8142 8144
f 8145 8144 8146
f 8147 8146 8148
f 8149 8148 8150
f 8151 8150 8152
f 8153 8152 8154
f 8155 8154 8156
f 8157 8156 8158
f 8159 8158 8160
f 8161 8160 8162
f 8163 8162 8164
f 5789 8164 8165
f 5787 8165 8166
f 8168 8167 8169
f 8170 8169 8171
f 8172 8171 8173
f 8174 8173 8175
f 8176 8175 8177
f 8178 8177 8179
f 8180 8179 8181
f 8182 8181 8183
f 8184 8183 8185
f 8186 8185 8187
f 8188 8187 8189
f 8190 8189 8191
f 8192 8191 8193
f 8194 8193 8195
f 8196 8195 8197
f 8198 8197 8199
f 8200 8199 8201
f 8202 8201 8203
f 8204 8203 8205
f 8206 8205 8207
f 8208 8207 8209
f 8210 8209 8211
f 8212 8211 8213
f 8214 8213 8215
f 8216 8215 8217
f 8218 8217 8219
f 8220 8219 8221
f 8222 8221 8223
f 8224 8223 8225
f 8226 8225 8227
f 8228 8227 8229
f 8230 8229 8231
f 8232 8231 8233
f 8234 8233 8235
f 8236 8235 8237
f 8238 8237 8239
f 8240 8239 8241
f 8242 8241 8243
f 8244 8243 8245
f 8246 8245 8247
f 8248 8247 8249
f 8250 8249 8251
f 8252 8251 8253
f 8254 8253 8255
f 8256 8255 8257
f 8258 8257 8259
f 8260 8259 8261
f 8262 8261 8263
f 8264 8263 8265
f 8266 8265 8267
f 8268 8267 8269
f 8270 8269 8271
f 8272 8271 8273
f 8274 8273 8275
f 8276 8275 8277
f 8279 8278 8280
f 8281 8280 8282
f 8283 8282 8284
f 8285 8284 8286
f 8287 8286 8288
f 8289 8288 8290
f 8291 8290 8292
f 8293 8292 8294
f 8295 8294 8296
f 8297 8296 8298
f 8299 8298 8300
f 8301 8300 8302
f 8303 8302 8304
f 8305 8304 8306
f 8307 8306 8308
f 8309 8308 8310
f 8311 8310 8312
f 8313 8312 8314
f 8315 8314 8316
f 8317 8316 8318
f 8319 8318 8320
f 8321 8320 8322
f 8323 8322 8324
f 8325 8324 8326
f 8327 8326 8328
f 8329 8328 8330
f 8331 8330 8332
f 8333 8332 8334
f 8335 8334 8336
f 8337 8336 8338
f 8339 8338 8340
f 8341 8340 8342
f 8343 8342 8344
f 8345 8344 8346
f 8347 8346 8348
f 8349 8348 8350
f 8351 8350 8352
f 8353 8352 8354
f 8355 8354 8356
f 8357 8356 8358
f 8359 8358 8360
f 8361 8360 8362
f 8363 8362 8364
f 8365 8364 8366
f 8367 8366 8368
f 8369 8368 8370
f 8371 8370 8372
f 8373 8372 8374
f 8375 8374 8376
f 8377 8376 8378
f 8379 8378 8380
f 8381 8380 8382
f 8383 8382 8384
f 8386 8385 8387
f 8388 8387 8389
f 8390 8389 8391
f 8392 8391 8393
f 8394 8393 8395
f 8396 8395 8397
f 8398 8397 8399
f 8400 8399 8401
f 8402 8401 8403
f 8404 8403 8405
f 8406 8405 8407
f 8408 8407 8409
f 8410 8409 8411
f 8412 8411 8413
f 8414 8413 8415
f 8416 8415 8417
f 8418 8417 8419
f 8420 8419 8421
f 8422 8421 8423
f 8424 8423 8425
f 8426 8425 8427
f 8428 8427 8429
f 8430 8429 8431
f 8432 8431 8433
f 8434 8433 8435
f 8436 8435 8437
f 8438 8437 8439
f 8440 8439 8441
f 8442 8441 8443
f 8444 8443 8445
f 8446 8445 8447
f 8448 8447 8449
f 8450 8449 8451
f 8452 8451 8453
f 8454 8453 8455
f 8456 8455 8457
f 8458 8457 8459
f 8460 8459 8461
f 8462 8461 8463
f 8464 8463 8465
f 8466 8465 8467
f 8468 8467 8469
f 8470 8469 8471
f 8472 8471 8473
f 8474 8473 8475
f 8476 8475 8477
f 8478 8477 8479
f 8480 8479 8481
f 8482 8481 8483
f 8484 8483 5786
f 8485 5786 5785
f 8487 8486 8488
f 8489 8488 8490
f 8491 8490 8492
f 8493 8492 8494
f 8495 8494 8496
f 8497 8496 8498
f 8499 8498 8500
f 8501 8500 8502
f 8503 8502 8504
f 8505 8504 8506
f 8507 8506 8508
f 8509 8508 8510
f 8511 8510 8512
f 8513 8512 8514
f 8515 8514 8516
f 8517 8516 8518
f 8519 8518 8520
f 8521 8520 8522
f 8523 8522 8524
f 8525 8524 8526
f 8527 8526 8528
f 8529 8528 8530
f 8531 8530 8532
f 8533 8532 8534
f 8535 8534 8536
f 8537 8536 8538
f 8539 8538 8540
f 8541 8540 8542
f 8543 8542 8544
f 8545 8544 8546
f 8547 8546 8548
f 8549 8548 8550
f 8551 8550 8552
f 8553 8552 8554
f 8555 8554 8556
f 8557 8556 8558
f 8559 8558 8560
f 8561 8560 8562
f 8563 8562 8564
f 8565 8564 8566
f 8567 8566 8568
f 8569 8568 8570
f 8571 8570 8572
f 8573 8572 8574
f 8575 8574 8576
f 8577 8576 8578
f 8579 8578 8580
f 8581 8580 5783
f 8582 5783 5782
f 8584 8583 8585
f 8586 8585 8587
f 8588 8587 8589
f 8590 8589 8591
f 8592 8591 8593
f 8594 8593 8595
f 8596 8595 8597
f 8598 8597 8599
f 8600 8599 8601
f 8602 8601 8603
f 8604 8603 8605
f 8606 8605 8607
f 8608 8607 8609
f 8610 8609 8611
f 8612 8611 8613
f 8614 8613 8615
f 8616 8615 8617
f 8618 8617 8619
f 8620 8619 8621
f 8622 8621 8623
f 8624 8623 8625
f 8626 8625 8627
f 8628 8627 8629
f 8630 8629 8631
f 8632 8631 8633
f 8634 8633 8635
f 8636 8635 8637
f 8638 8637 8639
f 8640 8639 8641
f 8642 8641 8643
f 8644 8643 8645
f 8646 8645 8647
f 8648 8647 8649
f 8650 8649 8651
f 8652 8651 8653
f 8654 8653 8655
f 8656 8655 8657
f 8658 8657 8659
f 8660 8659 8661
f 8662 8661 8663
f 8664 8663 8665
f 8666 8665 8667
f 8668 8667 8669
f 8670 8669 8671
f 8672 8671 8673
f 8674 8673 5780
f 8675 5780 5779
f 8677 8676 8678
f 8679 8678 8680
f 8681 8680 8682
f 8683 8682 8684
f 8685 8684 8686
f 8687 8686 8688
f 8689 8688 8690
f 8691 8690 8692
f 8693 8692 8694
f 8695 8694 8696
f 8697 8696 8698
f 8699 8698 8700
f 8701 8700 8702
f 8703 8702 8704
f 8705 8704 8706
f 8707 8706 8708
f 8709 8708 8710
f 8711 8710 8712
f 8713 8712 8714
f 8715 8714 8716
f 8717 8716 8718
f 8719 8718 8720
f 8721 8720 8722
f 8723 8722 8724
f 8725 8724 8726
f 8727 8726 8728
f 8729 8728 8730
f 8731 8730 8732
f 8733 8732 8734
f 8735 8734 8736
f 8737 8736 8738
f 8739 8738 8740
f 8741 8740 8742
f 8743 8742 8744
f 8745 8744 8746
f 8747 8746 8748
f 8749 8748 8750
f 8751 8750 8752
f 8753 8752 8754
f 8755 8754 8756
f 8757 8756 8758
f 8759 8758 8760
f 8761 8760 8762
f 8763 8762 8764
f 8765 8764 8766
f 8768 8767 8769
f 8770 8769 8771
f 8772 8771 8773
f 8774 8773 8775
f 8776 8775 8777
f 8778 8777 8779
f 8780 8779 8781
f 8782 8781 8783
f 8784 8783 8785
f 8786 8785 8787
f 8788 8787 8789
f 8790 8789 8791
f 8792 8791 8793
f 8794 8793 8795
f 8796 8795 8797
f 8798 8797 8799
f 8800 8799 8801
f 8802 8801 8803
f 8804 8803 8805
f 8806 8805 8807
f 8808 8807 8809
f 8810 8809 8811
f 8812 8811 8813
f 8814 8813 8815
f 8816 8815 8817
f 8818 8817 8819
f 8820 8819 8821
f 8822 8821 8823
f 8824 8823 8825
f 8826 8825 8827
f 8828 8827 8829
f 8830 8829 8831
f 8832 8831 8833
f 8834 8833 8835
f 8836 8835 8837
f 8838 8837 8839
f 8840 8839 8841
f 8842 8841 8843
f 8844 8843 8845
f 8846 8845 8847
f 8848 8847 8849
f 5067 8849 8850
f 5065 8850 8851
f 8853 8852 8854
f 8855 8854 8856
f 8857 8856 8858
f 8859 8858 8860
f 8861 8860 8862
f 8863 8862 8864
f 8865 8864 8866
f 8867 8866 8868
f 8869 8868 8870
f 8871 8870 8872
f 8873 8872 8874
f 8875 8874 8876
f 8877 8876 8878
f 8879 8878 8880
f 8881 8880 8882
f 8883 8882 8884
f 8885 8884 8886
f 8887 8886 8888
f 8889 8888 8890
f 8891 8890 8892
f 8893 8892 8894
f 8895 8894 8896
f 8897 8896 8898
f 8899 8898 8900
f 8901 8900 8902
f 8903 8902 8904
f 8905 8904 8906
f 8907 8906 8908
f 8909 8908 8910
f 8911 8910 8912
f 8913 8912 8914
f 8915 8914 8916
f 8917 8916 8918
f 8919 8918 8920
f 8921 8920 8922
f 8923 8922 8924
f 8925 8924 8926
f 8927 8926 8928
f 8929 8928 8930
f 8931 8930 8932
f 8933 8932 8934
f 8936 8935 8937
f 8938 8937 8939
f 8940 8939 8941
f 8942 8941 8943
f 8944 8943 8945
f 8946 8945 8947
f 8948 8947 8949
f 8950 8949 8951
f 8952 8951 8953
f 8954 8953 8955
f 8956 8955 8957
f 8958 8957 8959
f 8960 8959 8961
f 8962 8961 8963
f 8964 8963 8965
f 8966 8965 8967
f 8968 8967 8969
f 8970 8969 8971
f 8972 8971 8973
f 8974 8973 8975
f 8976 8975 8977
f 8978 8977 8979
f 8980 8979 8981
f 8982 8981 8983
f 8984 8983 8985
f 8986 8985 8987
f 8988 8987 8989
f 8990 8989 8991
f 8992 8991 8993
f 8994 8993 8995
f 8996 8995 8997
f 8998 8997 8999
f 9000 8999 9001
f 9002 9001 9003
f 9004 9003 9005
f 9006 9005 9007
f 9008 9007 9009
f 9010 9009 9011
f 9012 9011 9013
f 9015 9014 9016
f 9017 9016 9018
f 9019 9018 9020
f 9021 9020 9022
f 9023 9022 9024
f 9025 9024 9026
f 9027 9026 9028
f 9029 9028 9030
f 9031 9030 9032
f 9033 9032 9034
f 9035 9034 9036
f 9037 9036 9038
f 9039 9038 9040
f 9041 9040 9042
f 9043 9042 9044
f 9045 9044 9046
f 9047 9046 9048
f 9049 9048 9050
f 9051 9050 9052
f 9053 9052 9054
f 9055 9054 9056
f 9057 9056 9058
f 9059 9058 9060
f 9061 9060 9062
f 9063 9062 9064
f 9065 9064 9066
f 9067 9066 9068
f 9069 9068 9070
f 9071 9070 9072
f 9073 9072 9074
f 9075 9074 9076
f 9077 9076 9078
f 9079 9078 9080
f 9081 9080 9082
f 9083 9082 9084
f 9085 9084 9086
f 9087 9086 9088
f 9090 9089 9091
f 9092 9091 9093
f 9094 9093 9095
f 9096 9095 9097
f 9098 9097 9099
f 9100 9099 9101
f 9102 9101 9103
f 9104 9103 9105
f 9106 9105 9107
f 9108 9107 9109
f 9110 9109 9111
f 9112 9111 9113
f 9114 9113 9115
f 9116 9115 9117
f 9118 9117 9119
f 9120 9119 9121
f 9122 9121 9123
f 9124 9123 9125
f 9126 9125 9127
f 9128 9127 9129
f 9130 9129 9131
f 9132 9131 9133
f 9134 9133 9135
f 9136 9135 9137
f 9138 9137 9139
f 9140 9139 9141
f 9142 9141 9143
f 9144 9143 9145
f 9146 9145 9147
f 9148 9147 9149
f 9150 9149 9151
f 9152 9151 9153
f 9154 9153 9155
f 9156 9155 5777
f 9157 5777 5776
f 9159 9158 9160
f 9161 9160 9162
f 9163 9162 9164
f 9165 9164 9166
f 9167 9166 9168
f 9169 9168 9170
f 9171 9170 9172
f 9173 9172 9174
f 9175 9174 9176
f 9177 9176 9178
f 9179 9178 9180
f 9181 9180 9182
f 9183 9182 9184
f 9185 9184 9186
f 9187 9186 9188
f 9189 9188 9190
f 9191 9190 9192
f 9193 9192 9194
f 9195 9194 9196
f 9197 9196 9198
f 9199 9198 9200
f 9201 9200 9202
f 9203 9202 9204
f 9205 9204 9206
f 9207 9206 9208
f 9209 9208 9210
f 9211 9210 9212
f 9213 9212 9214
f 9215 9214 9216
f 9217 9216 9218
f 9219 9218 9220
f 9221 9220 9222
f 9223 9222 9224
f 9227 9226 9228
f 9229 9228 9230
f 9231 9230 9232
f 9233 9232 9234
f 9235 9234 5062
f 9237 5056 5055
f 5062 9239 9240
f 9240 9241 9242
f 9242 9243 9244
f 9244 9245 9246
f 9246 9247 9248
f 9248 9249 9250
f 9250 9251 9252
f 9252 9253 9254
f 9254 9255 9256
f 9258 9259 9260
f 9263 9262 9264
f 9265 9264 9266
f 9267 9266 9268
f 9269 9268 9270
f 9271 9270 9272
f 9273 9272 9274
f 9275 9274 9276
f 9277 9276 9278
f 9279 9278 9280
f 9281 9280 9282
f 9283 9282 9284
f 9285 9284 9286
f 9287 9286 9288
f 9289 9288 9290
f 9291 9290 5062
f 9293 9292 9294
f 9295 9294 9296
f 9297 9296 9298
f 9299 9298 9300
f 9301 9300 9302
f 9303 9302 9304
f 9305 9304 9306
f 9307 9306 9308
f 9309 9308 9310
f 9311 9310 9312
f 9313 9312 9314
f 9260 9314 9315
f 9258 9315 9316
f 9318 9317 9319
f 9320 9319 9321
f 9322 9321 9323
f 9324 9323 9325
f 9326 9325 9327
f 9328 9327 9329
f 9330 9329 9331
f 9332 9331 9333
f 9334 9333 9335
f 9336 9335 9337
f 9338 9337 9339
f 9341 9340 9342
f 9343 9342 9344
f 9345 9344 9346
f 9347 9346 9348
f 9349 9348 9350
f 5060 9350 9351
f 5058 9351 9352
f 5061 5057 5056
f 5064 5056 9236
f 5059 9225 5060
f 5060 9227 9349
f 9349 9229 9347
f 9347 9231 9345
f 9345 9233 9343
f 9343 9235 9341
f 9226 9238 9228
f 9228 5055 9230
f 9230 5057 9232
f 9232 5063 9234
f 9338 9257 9336
f 9336 9255 9334
f 9334 9253 9332
f 9332 9251 9330
f 9330 9249 9328
f 9328 9247 9326
f 9326 9245 9324
f 9324 9243 9322
f 9322 9241 9320
f 9320 9239 9318
f 9262 9316 9264
f 9264 9315 9266
f 9266 9314 9268
f 9268 9312 9270
f 9270 9310 9272
f 9272 9308 9274
f 9274 9306 9276
f 9276 9304 9278
f 9278 9302 9280
f 9280 9300 9282
f 9282 9298 9284
f 9284 9296 9286
f 9286 9294 9288
f 9288 9292 9290
f 9259 9339 9260
f 9260 9337 9313
f 9313 9335 9311
f 9311 9333 9309
f 9309 9331 9307
f 9307 9329 9305
f 9305 9327 9303
f 9303 9325 9301
f 9301 9323 9299
f 9299 9321 9297
f 9297 9319 9295
f 9295 9317 9293
f 9256 9352 9254
f 9254 9351 9252
f 9252 9350 9250
f 9250 9348 9248
f 9248 9346 9246
f 9246 9344 9244
f 9244 9342 9242
f 9242 9340 9240
f 5062 9354 9355
f 9355 9356 9357
f 9357 9358 9359
f 9359 9360 9361
f 9361 9362 9363
f 9363 9364 9365
f 9365 9366 9367
f 9367 9368 9369
f 9369 9370 9371
f 9371 9372 9373
f 9373 9374 9375
f 9375 9376 9377
f 9377 9378 9379
f 9379 9380 9381
f 9381 9382 9383
f 9383 9384 5054
f 5054 9385 5052
f 9387 9388 9389
f 9391 9390 9392
f 9393 9392 9394
f 9395 9394 9396
f 9397 9396 9398
f 9399 9398 9400
f 9401 9400 9402
f 9403 9402 9404
f 9405 9404 9406
f 9407 9406 9408
f 9409 9408 9410
f 9411 9410 9412
f 9413 9412 9414
f 9415 9414 9416
f 9417 9416 9418
f 9419 9418 9420
f 9421 9420 9422
f 9423 9422 9424
f 9425 9424 9426
f 9427 9426 9428
f 9389 9428 9429
f 9387 9429 9430
f 9432 9431 9433
f 9434 9433 9435
f 9436 9435 9437
f 9438 9437 9439
f 9440 9439 9441
f 9442 9441 9443
f 9444 9443 9445
f 9446 9445 9447
f 9448 9447 9449
f 9450 9449 9451
f 9452 9451 9453
f 9454 9453 9455
f 9456 9455 9457
f 9458 9457 9459
f 9460 9459 9461
f 9462 9461 9463
f 9464 9463 9465
f 9466 9465 9467
f 9468 9467 9469
f 9472 9471 9473
f 9474 9473 9475
f 9476 9475 9477
f 9478 9477 9479
f 9480 9479 9481
f 9482 9481 9483
f 9484 9483 9485
f 9486 9485 9487
f 9488 9487 9489
f 9490 9489 9491
f 9492 9491 9493
f 9494 9493 9495
f 9496 9495 9497
f 9498 9497 9499
f 9500 9499 9501
f 9502 9501 9503
f 9504 9503 9505
f 9506 9505 9507
f 9508 9507 9509
f 9510 9509 9511
f 9512 9511 9513
f 9514 9513 9515
f 9516 9515 9517
f 9518 9517 9519
f 9520 9519 5062
f 9522 9521 9523
f 9524 9523 9525
f 9526 9525 9527
f 9528 9527 9529
f 9530 9529 9531
f 9532 9531 9533
f 9534 9533 9535
f 9536 9535 9537
f 9538 9537 9539
f 9540 9539 9541
f 9542 9541 9543
f 9544 9543 9545
f 9546 9545 9547
f 9548 9547 9549
f 9550 9549 9551
f 9552 9551 9553
f 9554 9553 9555
f 9556 9555 9557
f 9558 9557 9559
f 9560 9559 9561
f 9562 9561 9563
f 9564 9563 9565
f 9566 9565 9567
f 9568 9567 9569
f 9570 9569 9571
f 9572 9571 9573
f 9574 9573 9575
f 9576 9575 9577
f 9578 9577 9579
f 9581 9580 9582
f 9583 9582 9584
f 9585 9584 9586
f 9587 9586 9588
f 9589 9588 9590
f 9591 9590 9592
f 9593 9592 9594
f 9595 9594 9596
f 9597 9596 9598
f 9599 9598 9600
f 9601 9600 9602
f 9603 9602 9604
f 9605 9604 9606
f 9607 9606 9608
f 9609 9608 9610
f 9611 9610 9612
f 9613 9612 9614
f 9615 9614 9616
f 9617 9616 9618
f 9619 9618 9620
f 9621 9620 9622
f 9623 9622 9624
f 9625 9624 9626
f 9627 9626 9628
f 9629 9628 9630
f 5051 9630 9631
f 5049 9631 9632
f 9634 9633 9635
f 9636 9635 9637
f 9638 9637 9639
f 9640 9639 9641
f 9642 9641 9643
f 9644 9643 9645
f 9646 9645 9647
f 9648 9647 9649
f 9650 9649 9651
f 9652 9651 9653
f 9654 9653 9655
f 9656 9655 9657
f 9658 9657 9659
f 9660 9659 9661
f 9662 9661 9663
f 9664 9663 9665
f 9666 9665 9667
f 9668 9667 9669
f 9670 9669 9671
f 9672 9671 9673
f 9674 9673 9675
f 9676 9675 9677
f 9678 9677 9679
f 9466 9386 9385
f 9464 9385 9384
f 9462 9384 9382
f 9460 9382 9380
f 9458 9380 9378
f 9456 9378 9376
f 9454 9376 9374
f 9452 9374 9372
f 9450 9372 9370
f 9448 9370 9368
f 9446 9368 9366
f 9444 9366 9364
f 9442 9364 9362
f 9440 9362 9360
f 9438 9360 9358
f 9436 9358 9356
f 9434 9356 9354
f 9432 9354 5062
f 9676 9430 9429
f 9674 9429 9428
f 9672 9428 9426
f 9670 9426 9424
f 9668 9424 9422
f 9666 9422 9420
f 9664 9420 9418
f 9662 9418 9416
f 9660 9416 9414
f 9658 9414 9412
f 9656 9412 9410
f 9654 9410 9408
f 9652 9408 9406
f 9650 9406 9404
f 9648 9404 9402
f 9646 9402 9400
f 9644 9400 9398
f 9642 9398 9396
f 9640 9396 9394
f 9638 9394 9392
f 9636 9392 9390
f 9634 9390 5062
f 9389 9469 9467
f 9427 9467 9465
f 9425 9465 9463
f 9423 9463 9461
f 9421 9461 9459
f 9419 9459 9457
f 9417 9457 9455
f 9415 9455 9453
f 9413 9453 9451
f 9411 9451 9449
f 9409 9449 9447
f 9407 9447 9445
f 9405 9445 9443
f 9403 9443 9441
f 9401 9441 9439
f 9399 9439 9437
f 9397 9437 9435
f 9395 9435 9433
f 9393 9433 9431
f 9391 9431 5062
f 5051 9470 9472
f 9629 9472 9474
f 9627 9474 9476
f 9625 9476 9478
f 9623 9478 9480
f 9621 9480 9482
f 9619 9482 9484
f 9617 9484 9486
f 9615 9486 9488
f 9613 9488 9490
f 9611 9490 9492
f 9609 9492 9494
f 9607 9494 9496
f 9605 9496 9498
f 9603 9498 9500
f 9601 9500 9502
f 9599 9502 9504
f 9597 9504 9506
f 9595 9506 9508
f 9593 9508 9510
f 9591 9510 9512
f 9589 9512 9514
f 9587 9514 9516
f 9585 9516 9518
f 9583 9518 9520
f 9581 9520 5062
f 9521 9680 9681
f 9523 9681 9682
f 9525 9682 9683
f 9527 9683 9684
f 9529 9684 9685
f 9531 9685 9686
f 9533 9686 9687
f 9535 9687 9688
f 9537 9688 9689
f 9539 9689 9690
f 9541 9690 9691
f 9543 9691 9692
f 9545 9692 9693
f 9547 9693 9694
f 9549 9694 9695
f 9551 9695 9696
f 9553 9696 9697
f 9555 9697 9698
f 9557 9698 9699
f 9559 9699 9700
f 9561 9700 9701
f 9563 9701 9702
f 9565 9702 9703
f 9567 9703 9704
f 9569 9704 9705
f 9571 9705 9706
f 9573 9706 9707
f 9575 9707 9708
f 9577 9708 9709
f 9579 9709 9710
f 9576 9632 9631
f 9574 9631 9630
f 9572 9630 9628
f 9570 9628 9626
f 9568 9626 9624
f 9566 9624 9622
f 9564 9622 9620
f 9562 9620 9618
f 9560 9618 9616
f 9558 9616 9614
f 9556 9614 9612
f 9554 9612 9610
f 9552 9610 9608
f 9550 9608 9606
f 9548 9606 9604
f 9546 9604 9602
f 9544 9602 9600
f 9542 9600 9598
f 9540 9598 9596
f 9538 9596 9594
f 9536 9594 9592
f 9534 9592 9590
f 9532 9590 9588
f 9530 9588 9586
f 9528 9586 9584
f 9526 9584 9582
f 9524 9582 9580
f 9522 9580 5062
f 9473 9679 9677
f 9475 9677 9675
f 9477 9675 9673
f 9479 9673 9671
f 9481 9671 9669
f 9483 9669 9667
f 9485 9667 9665
f 9487 9665 9663
f 9489 9663 9661
f 9491 9661 9659
f 9493 9659 9657
f 9495 9657 9655
f 9497 9655 9653
f 9499 9653 9651
f 9501 9651 9649
f 9503 9649 9647
f 9505 9647 9645
f 9507 9645 9643
f 9509 9643 9641
f 9511 9641 9639
f 9513 9639 9637
f 9515 9637 9635
f 9517 9635 9633
f 9519 9633 5062
f 9680 9711 9712
f 9681 9712 9713
f 9682 9713 9714
f 9683 9714 9715
f 9684 9715 9716
f 9685 9716 9717
f 9686 9717 9718
f 9687 9718 9719
f 9688 9719 9720
f 9689 9720 9721
f 9690 9721 9722
f 9691 9722 9723
f 9692 9723 9724
f 9693 9724 9725
f 9694 9725 9726
f 9695 9726 9727
f 9696 9727 9728
f 9697 9728 9729
f 9698 9729 9730
f 9699 9730 9731
f 9700 9731 9732
f 9701 9732 9733
f 9702 9733 9734
f 9703 9734 9735
f 9704 9735 9736
f 9705 9736 9737
f 9706 9737 9738
f 9707 9738 9739
f 9708 9739 9740
f 9709 9740 9741
f 9710 9741 9742
f 5054 9261 9263
f 9383 9263 9265
f 9381 9265 9267
f 9379 9267 9269
f 9377 9269 9271
f 9375 9271 9273
f 9373 9273 9275
f 9371 9275 9277
f 9369 9277 9279
f 9367 9279 9281
f 9365 9281 9283
f 9363 9283 9285
f 9361 9285 9287
f 9359 9287 9289
f 9357 9289 9291
f 9355 9291 5062
f 5086 5069 5794
f 5091 5794 5796
f 5093 5796 5798
f 5095 5798 5800
f 5098 5800 5802
f 5100 5802 5804
f 5102 5804 5806
f 5104 5806 5808
f 5107 5808 5810
f 5109 5810 5812
f 5112 5812 5814
f 5114 5814 5816
f 5117 5816 5818
f 5119 5818 5820
f 5122 5820 5822
f 5124 5822 5824
f 5083 5824 5826
f 5084 5826 5828
f 5135 5828 5830
f 5134 5830 5832
f 5132 5832 5834
f 5130 5834 5836
f 5139 5836 5838
f 5140 5838 5840
f 5142 5840 5842
f 5144 5842 5844
f 5146 5844 5846
f 5148 5846 5848
f 5151 5848 5850
f 5153 5850 5852
f 5155 5852 5854
f 5158 5854 5856
f 5160 5856 5858
f 5162 5858 5860
f 5164 5860 5862
f 5166 5862 5864
f 5168 5864 5866
f 5171 5866 5868
f 5173 5868 5870
f 5175 5870 5872
f 5177 5872 5874
f 5180 5874 5876
f 5182 5876 5878
f 5185 5878 5880
f 5187 5880 5882
f 5080 5882 5884
f 5081 5884 5886
f 5193 5886 5888
f 5194 5888 5890
f 5077 5890 5892
f 5078 5892 5894
f 5200 5894 5896
f 5201 5896 5898
f 5203 5898 5900
f 5205 5900 5902
f 5074 5902 5904
f 5075 5904 5906
f 5212 5906 5908
f 5210 5908 5910
f 5208 5910 5912
f 5072 5912 5914
f 5915 5062 5914
f 5793 6009 6008
f 5795 6008 6007
f 5797 6007 6006
f 5799 6006 6005
f 5801 6005 6004
f 5803 6004 6003
f 5805 6003 6002
f 5807 6002 6001
f 5809 6001 6000
f 5811 6000 5999
f 5813 5999 5998
f 5815 5998 5997
f 5817 5997 5996
f 5819 5996 5995
f 5821 5995 5994
f 5823 5994 5993
f 5825 5993 5992
f 5827 5992 5991
f 5829 5991 5990
f 5831 5990 5989
f 5833 5989 5988
f 5835 5988 5987
f 5837 5987 5986
f 5839 5986 5985
f 5841 5985 5984
f 5843 5984 5983
f 5845 5983 5982
f 5847 5982 5981
f 5849 5981 5980
f 5851 5980 5979
f 5853 5979 5978
f 5855 5978 5977
f 5857 5977 5975
f 5859 5975 5973
f 5861 5973 5971
f 5863 5971 5969
f 5865 5969 5967
f 5867 5967 5965
f 5869 5965 5963
f 5871 5963 5961
f 5873 5961 5959
f 5875 5959 5957
f 5877 5957 5955
f 5879 5955 5953
f 5881 5953 5951
f 5883 5951 5949
f 5885 5949 5947
f 5887 5947 5945
f 5889 5945 5943
f 5891 5943 5941
f 5893 5941 5939
f 5895 5939 5937
f 5897 5937 5935
f 5899 5935 5933
f 5901 5933 5931
f 5903 5931 5929
f 5905 5929 5927
f 5907 5927 5925
f 5909 5925 5923
f 5911 5923 5921
f 5913 5921 5919
f 5915 5919 5917
f 5916 5062 5917
f 5085 5089 5070
f 5070 5088 5068
f 6078 6010 6080
f 6080 6012 6082
f 6082 6014 6084
f 6084 6016 6086
f 6086 6018 6088
f 6088 6020 6090
f 6090 6022 6092
f 6092 6024 6094
f 6094 6026 6096
f 6096 6028 6098
f 6098 6030 6100
f 6100 6032 6102
f 6102 6034 6104
f 6104 6036 6106
f 6106 6038 6108
f 6108 6040 6110
f 6110 6042 6112
f 6112 6044 6114
f 6114 6046 6116
f 6116 6048 6118
f 6118 6050 6120
f 6120 6052 6122
f 6122 6054 6124
f 6124 6056 6126
f 6126 6058 6128
f 6128 6060 6130
f 6130 6062 6132
f 6132 6064 6134
f 6134 6066 6136
f 6136 6068 6138
f 6138 6070 6140
f 6140 6072 6142
f 6142 6074 6144
f 6144 6076 6146
f 6149 6077 6151
f 6151 6079 6153
f 6153 6081 6155
f 6155 6083 6157
f 6157 6085 6159
f 6159 6087 6161
f 6161 6089 6163
f 6163 6091 6165
f 6165 6093 6167
f 6167 6095 6169
f 6169 6097 6171
f 6171 6099 6173
f 6173 6101 6175
f 6175 6103 6177
f 6177 6105 6179
f 6179 6107 6181
f 6181 6109 6183
f 6183 6111 6185
f 6185 6113 6187
f 6187 6115 6189
f 6189 6117 6191
f 6191 6119 6193
f 6193 6121 6195
f 6195 6123 6197
f 6197 6125 6199
f 6199 6127 6201
f 6201 6129 6203
f 6203 6131 6205
f 6205 6133 6207
f 6207 6135 6209
f 6209 6137 6211
f 6211 6139 6213
f 6213 6141 6215
f 6215 6143 6217
f 6217 6145 6219
f 6219 6147 6221
f 6224 6148 6226
f 6226 6150 6228
f 6228 6152 6230
f 6230 6154 6232
f 6232 6156 6234
f 6234 6158 6236
f 6236 6160 6238
f 6238 6162 6240
f 6240 6164 6242
f 6242 6166 6244
f 6244 6168 6246
f 6246 6170 6248
f 6248 6172 6250
f 6250 6174 6252
f 6252 6176 6254
f 6254 6178 6256
f 6256 6180 6258
f 6258 6182 6260
f 6260 6184 6262
f 6262 6186 6264
f 6264 6188 6266
f 6266 6190 6268
f 6268 6192 6270
f 6270 6194 6272
f 6272 6196 6274
f 6274 6198 6276
f 6276 6200 6278
f 6278 6202 6280
f 6280 6204 6282
f 6282 6206 6284
f 6284 6208 6286
f 6286 6210 6288
f 6288 6212 6290
f 6290 6214 6292
f 6292 6216 6294
f 6294 6218 6296
f 6296 6220 6298
f 6298 6222 6300
f 6303 6223 6305
f 6305 6225 6307
f 6307 6227 6309
f 6309 6229 6311
f 6311 6231 6313
f 6313 6233 6315
f 6315 6235 6317
f 6317 6237 6319
f 6319 6239 6321
f 6321 6241 6323
f 6323 6243 6325
f 6325 6245 6327
f 6327 6247 6329
f 6329 6249 6331
f 6331 6251 6333
f 6333 6253 6335
f 6335 6255 6337
f 6337 6257 6339
f 6339 6259 6341
f 6341 6261 6343
f 6343 6263 6345
f 6345 6265 6347
f 6347 6267 6349
f 6349 6269 6351
f 6351 6271 6353
f 6353 6273 6355
f 6355 6275 6357
f 6357 6277 6359
f 6359 6279 6361
f 6361 6281 6363
f 6363 6283 6365
f 6365 6285 6367
f 6367 6287 6369
f 6369 6289 6371
f 6371 6291 6373
f 6373 6293 6375
f 6375 6295 6377
f 6377 6297 6379
f 6379 6299 6381
f 6381 6301 6383
f 6386 6302 6388
f 6388 6304 6390
f 6390 6306 6392
f 6392 6308 6394
f 6394 6310 6396
f 6396 6312 6398
f 6398 6314 6400
f 6400 6316 6402
f 6402 6318 6404
f 6404 6320 6406
f 6406 6322 6408
f 6408 6324 6410
f 6410 6326 6412
f 6412 6328 6414
f 6414 6330 6416
f 6416 6332 6418
f 6418 6334 6420
f 6420 6336 6422
f 6422 6338 6424
f 6424 6340 6426
f 6426 6342 6428
f 6428 6344 6430
f 6430 6346 6432
f 6432 6348 6434
f 6434 6350 6436
f 6436 6352 6438
f 6438 6354 6440
f 6440 6356 6442
f 6442 6358 6444
f 6444 6360 6446
f 6446 6362 6448
f 6448 6364 6450
f 6450 6366 6452
f 6452 6368 6454
f 6454 6370 6456
f 6456 6372 6458
f 6458 6374 6460
f 6460 6376 6462
f 6462 6378 6464
f 6464 6380 6466
f 6466 6382 6468
f 6468 6384 6470
f 6473 6385 6475
f 6475 6387 6477
f 6477 6389 6479
f 6479 6391 6481
f 6481 6393 6483
f 6483 6395 6485
f 6485 6397 6487
f 6487 6399 6489
f 6489 6401 6491
f 6491 6403 6493
f 6493 6405 6495
f 6495 6407 6497
f 6497 6409 6499
f 6499 6411 6501
f 6501 6413 6503
f 6503 6415 6505
f 6505 6417 6507
f 6507 6419 6509
f 6509 6421 6511
f 6511 6423 6513
f 6513 6425 6515
f 6515 6427 6517
f 6517 6429 6519
f 6519 6431 6521
f 6521 6433 6523
f 6523 6435 6525
f 6525 6437 6527
f 6527 6439 6529
f 6529 6441 6531
f 6531 6443 6533
f 6533 6445 6535
f 6535 6447 6537
f 6537 6449 6539
f 6539 6451 6541
f 6541 6453 6543
f 6543 6455 6545
f 6545 6457 6547
f 6547 6459 6549
f 6549 6461 6551
f 6551 6463 6553
f 6553 6465 6555
f 6555 6467 6557
f 6557 6469 6559
f 6559 6471 6561
f 6564 6472 6566
f 6566 6474 6568
f 6568 6476 6570
f 6570 6478 6572
f 6572 6480 6574
f 6574 6482 6576
f 6576 6484 6578
f 6578 6486 6580
f 6580 6488 6582
f 6582 6490 6584
f 6584 6492 6586
f 6586 6494 6588
f 6588 6496 6590
f 6590 6498 6592
f 6592 6500 6594
f 6594 6502 6596
f 6596 6504 6598
f 6598 6506 6600
f 6600 6508 6602
f 6602 6510 6604
f 6604 6512 6606
f 6606 6514 6608
f 6608 6516 6610
f 6610 6518 6612
f 6612 6520 6614
f 6614 6522 6616
f 6616 6524 6618
f 6618 6526 6620
f 6620 6528 6622
f 6622 6530 6624
f 6624 6532 6626
f 6626 6534 6628
f 6628 6536 6630
f 6630 6538 6632
f 6632 6540 6634
f 6634 6542 6636
f 6636 6544 6638
f 6638 6546 6640
f 6640 6548 6642
f 6642 6550 6644
f 6644 6552 6646
f 6646 6554 6648
f 6648 6556 6650
f 6650 6558 6652
f 6652 6560 6654
f 6654 6562 6656
f 6659 6563 6661
f 6661 6565 6663
f 6663 6567 6665
f 6665 6569 6667
f 6667 6571 6669
f 6669 6573 6671
f 6671 6575 6673
f 6673 6577 6675
f 6675 6579 6677
f 6677 6581 6679
f 6679 6583 6681
f 6681 6585 6683
f 6683 6587 6685
f 6685 6589 6687
f 6687 6591 6689
f 6689 6593 6691
f 6691 6595 6693
f 6693 6597 6695
f 6695 6599 6697
f 6697 6601 6699
f 6699 6603 6701
f 6701 6605 6703
f 6703 6607 6705
f 6705 6609 6707
f 6707 6611 6709
f 6709 6613 6711
f 6711 6615 6713
f 6713 6617 6715
f 6715 6619 6717
f 6717 6621 6719
f 6719 6623 6721
f 6721 6625 6723
f 6723 6627 6725
f 6725 6629 6727
f 6727 6631 6729
f 6729 6633 6731
f 6731 6635 6733
f 6733 6637 6735
f 6735 6639 6737
f 6737 6641 6739
f 6739 6643 6741
f 6741 6645 6743
f 6743 6647 6745
f 6745 6649 6747
f 6747 6651 6749
f 6749 6653 6751
f 6751 6655 6753
f 6753 6657 6755
f 6758 6658 6760
f 6760 6660 6762
f 6762 6662 6764
f 6764 6664 6766
f 6766 6666 6768
f 6768 6668 6770
f 6770 6670 6772
f 6772 6672 6774
f 6774 6674 6776
f 6776 6676 6778
f 6778 6678 6780
f 6780 6680 6782
f 6782 6682 6784
f 6784 6684 6786
f 6786 6686 6788
f 6788 6688 6790
f 6790 6690 6792
f 6792 6692 6794
f 6794 6694 6796
f 6796 6696 6798
f 6798 6698 6800
f 6800 6700 6802
f 6802 6702 6804
f 6804 6704 6806
f 6806 6706 6808
f 6808 6708 6810
f 6810 6710 6812
f 6812 6712 6814
f 6814 6714 6816
f 6816 6716 6818
f 6818 6718 6820
f 6820 6720 6822
f 6822 6722 6824
f 6824 6724 6826
f 6826 6726 6828
f 6828 6728 6830
f 6830 6730 6832
f 6832 6732 6834
f 6834 6734 6836
f 6836 6736 6838
f 6838 6738 6840
f 6840 6740 6842
f 6842 6742 6844
f 6844 6744 6846
f 6846 6746 6848
f 6848 6748 6850
f 6850 6750 6852
f 6852 6752 6854
f 6854 6754 6856
f 6856 6756 6858
f 6861 6757 6863
f 6863 6759 6865
f 6865 6761 6867
f 6867 6763 6869
f 6869 6765 6871
f 6871 6767 6873
f 6873 6769 6875
f 6875 6771 6877
f 6877 6773 6879
f 6879 6775 6881
f 6881 6777 6883
f 6883 6779 6885
f 6885 6781 6887
f 6887 6783 6889
f 6889 6785 6891
f 6891 6787 6893
f 6893 6789 6895
f 6895 6791 6897
f 6897 6793 6899
f 6899 6795 6901
f 6901 6797 6903
f 6903 6799 6905
f 6905 6801 6907
f 6907 6803 6909
f 6909 6805 6911
f 6911 6807 6913
f 6913 6809 6915
f 6915 6811 6917
f 6917 6813 6919
f 6919 6815 6921
f 6921 6817 6923
f 6923 6819 6925
f 6925 6821 6927
f 6927 6823 6929
f 6929 6825 6931
f 6931 6827 6933
f 6933 6829 6935
f 6935 6831 6937
f 6937 6833 6939
f 6939 6835 6941
f 6941 6837 6943
f 6943 6839 6945
f 6945 6841 6947
f 6947 6843 6949
f 6949 6845 6951
f 6951 6847 6953
f 6953 6849 6955
f 6955 6851 6957
f 6957 6853 6959
f 6959 6855 6961
f 6961 6857 6963
f 6963 6859 6965
f 6968 6860 6970
f 6970 6862 6972
f 6972 6864 6974
f 6974 6866 6976
f 6976 6868 6978
f 6978 6870 6980
f 6980 6872 6982
f 6982 6874 6984
f 6984 6876 6986
f 6986 6878 6988
f 6988 6880 6990
f 6990 6882 6992
f 6992 6884 6994
f 6994 6886 6996
f 6996 6888 6998
f 6998 6890 7000
f 7000 6892 7002
f 7002 6894 7004
f 7004 6896 7006
f 7006 6898 7008
f 7008 6900 7010
f 7010 6902 7012
f 7012 6904 7014
f 7014 6906 7016
f 7016 6908 7018
f 7018 6910 7020
f 7020 6912 7022
f 7022 6914 7024
f 7024 6916 7026
f 7026 6918 7028
f 7028 6920 7030
f 7030 6922 7032
f 7032 6924 7034
f 7034 6926 7036
f 7036 6928 7038
f 7038 6930 7040
f 7040 6932 7042
f 7042 6934 7044
f 7044 6936 7046
f 7046 6938 7048
f 7048 6940 7050
f 7050 6942 7052
f 7052 6944 7054
f 7054 6946 7056
f 7056 6948 7058
f 7058 6950 7060
f 7060 6952 7062
f 7062 6954 7064
f 7064 6956 7066
f 7066 6958 7068
f 7068 6960 7070
f 7070 6962 7072
f 7072 6964 7074
f 7074 6966 7076
f 7079 6967 7081
f 7081 6969 7083
f 7083 6971 7085
f 7085 6973 7087
f 7087 6975 7089
f 7089 6977 7091
f 7091 6979 7093
f 7093 6981 7095
f 7095 6983 7097
f 7097 6985 7099
f 7099 6987 7101
f 7101 6989 7103
f 7103 6991 7105
f 7105 6993 7107
f 7107 6995 7109
f 7109 6997 7111
f 7111 6999 7113
f 7113 7001 7115
f 7115 7003 7117
f 7117 7005 7119
f 7119 7007 7121
f 7121 7009 7123
f 7123 7011 7125
f 7125 7013 7127
f 7127 7015 7129
f 7129 7017 7131
f 7131 7019 7133
f 7133 7021 7135
f 7135 7023 7137
f 7137 7025 7139
f 7139 7027 7141
f 7141 7029 7143
f 7143 7031 7145
f 7145 7033 7147
f 7147 7035 7149
f 7149 7037 7151
f 7151 7039 7153
f 7153 7041 7155
f 7155 7043 7157
f 7157 7045 7159
f 7159 7047 7161
f 7161 7049 7163
f 7163 7051 7165
f 7165 7053 7167
f 7167 7055 7169
f 7169 7057 7171
f 7171 7059 7173
f 7173 7061 7175
f 7175 7063 7177
f 7177 7065 7179
f 7179 7067 7181
f 7181 7069 7183
f 7183 7071 7185
f 7185 7073 7187
f 7187 7075 7189
f 7189 7077 7191
f 7194 7078 7196
f 7196 7080 7198
f 7198 7082 7200
f 7200 7084 7202
f 7202 7086 7204
f 7204 7088 7206
f 7206 7090 7208
f 7208 7092 7210
f 7210 7094 7212
f 7212 7096 7214
f 7214 7098 7216
f 7216 7100 7218
f 7218 7102 7220
f 7220 7104 7222
f 7222 7106 7224
f 7224 7108 7226
f 7226 7110 7228
f 7228 7112 7230
f 7230 7114 7232
f 7232 7116 7234
f 7234 7118 7236
f 7236 7120 7238
f 7238 7122 7240
f 7240 7124 7242
f 7242 7126 7244
f 7244 7128 7246
f 7246 7130 7248
f 7248 7132 7250
f 7250 7134 7252
f 7252 7136 7254
f 7254 7138 7256
f 7256 7140 7258
f 7258 7142 7260
f 7260 7144 7262
f 7262 7146 7264
f 7264 7148 7266
f 7266 7150 7268
f 7268 7152 7270
f 7270 7154 7272
f 7272 7156 7274
f 7274 7158 7276
f 7276 7160 7278
f 7278 7162 7280
f 7280 7164 7282
f 7282 7166 7284
f 7284 7168 7286
f 7286 7170 7288
f 7288 7172 7290
f 7290 7174 7292
f 7292 7176 7294
f 7294 7178 7296
f 7296 7180 7298
f 7298 7182 7300
f 7300 7184 7302
f 7302 7186 7304
f 7304 7188 7306
f 7306 7190 7308
f 7308 7192 7310
f 7313 7193 7315
f 7315 7195 7317
f 7317 7197 7319
f 7319 7199 7321
f 7321 7201 7323
f 7323 7203 7325
f 7325 7205 7327
f 7327 7207 7329
f 7329 7209 7331
f 7331 7211 7333
f 7333 7213 7335
f 7335 7215 7337
f 7337 7217 7339
f 7339 7219 7341
f 7341 7221 7343
f 7343 7223 7345
f 7345 7225 7347
f 7347 7227 7349
f 7349 7229 7351
f 7351 7231 7353
f 7353 7233 7355
f 7355 7235 7357
f 7357 7237 7359
f 7359 7239 7361
f 7361 7241 7363
f 7363 7243 7365
f 7365 7245 7367
f 7367 7247 7369
f 7369 7249 7371
f 7371 7251 7373
f 7373 7253 7375
f 7375 7255 7377
f 7377 7257 7379
f 7379 7259 7381
f 7381 7261 7383
f 7383 7263 7385
f 7385 7265 7387
f 7387 7267 7389
f 7389 7269 7391
f 7391 7271 7393
f 7393 7273 7395
f 7395 7275 7397
f 7397 7277 7399
f 7399 7279 7401
f 7401 7281 7403
f 7403 7283 7405
f 7405 7285 7407
f 7407 7287 7409
f 7409 7289 7411
f 7411 7291 7413
f 7413 7293 7415
f 7415 7295 7417
f 7417 7297 7419
f 7419 7299 7421
f 7421 7301 7423
f 7423 7303 7425
f 7425 7305 7427
f 7427 7307 7429
f 7429 7309 7431
f 7431 7311 7433
f 7435 7312 7437
f 7437 7314 7439
f 7439 7316 7441
f 7441 7318 7443
f 7443 7320 7445
f 7445 7322 7447
f 7447 7324 7449
f 7449 7326 7451
f 7451 7328 7453
f 7453 7330 7455
f 7455 7332 7457
f 7457 7334 7459
f 7459 7336 7461
f 7461 7338 7463
f 7463 7340 7465
f 7465 7342 7467
f 7467 7344 7469
f 7469 7346 7471
f 7471 7348 7473
f 7473 7350 7475
f 7475 7352 7477
f 7477 7354 7479
f 7479 7356 7481
f 7481 7358 7483
f 7483 7360 7485
f 7485 7362 7487
f 7487 7364 7489
f 7489 7366 7491
f 7491 7368 7493
f 7493 7370 7495
f 7495 7372 7497
f 7497 7374 7499
f 7499 7376 7501
f 7501 7378 7503
f 7503 7380 7505
f 7505 7382 7507
f 7507 7384 7509
f 7509 7386 7511
f 7511 7388 7513
f 7513 7390 7515
f 7515 7392 7517
f 7517 7394 7519
f 7519 7396 7521
f 7521 7398 7523
f 7523 7400 7525
f 7525 7402 7527
f 7527 7404 7529
f 7529 7406 7531
f 7531 7408 7533
f 7533 7410 7535
f 7535 7412 7537
f 7537 7414 7539
f 7539 7416 7541
f 7541 7418 7543
f 7543 7420 7545
f 7545 7422 7547
f 7547 7424 7549
f 7549 7426 7551
f 7551 7428 7553
f 7553 7430 7555
f 7555 7432 7557
f 7557 7434 7559
f 5062 7562 7687
f 7687 7564 7689
f 7689 7566 7691
f 7691 7568 7693
f 7693 7570 7695
f 7695 7572 7697
f 7697 7574 7699
f 7699 7576 7701
f 7701 7578 7703
f 7703 7580 7705
f 7705 7582 7707
f 7707 7584 7709
f 7709 7586 7711
f 7711 7588 7713
f 7713 7590 7715
f 7715 7592 7717
f 7717 7594 7719
f 7719 7596 7721
f 7721 7598 7723
f 7723 7600 7725
f 7725 7602 7727
f 7727 7604 7729
f 7729 7606 7731
f 7731 7608 7733
f 7733 7610 7735
f 7735 7612 7737
f 7737 7614 7739
f 7739 7616 7741
f 7741 7618 7743
f 7743 7620 7745
f 7745 7622 7747
f 7747 7624 7749
f 7749 7626 7751
f 7751 7628 7753
f 7753 7630 7755
f 7755 7632 7757
f 7757 7634 7759
f 7759 7636 7761
f 7761 7638 7763
f 7763 7640 7765
f 7765 7642 7767
f 7767 7644 7769
f 7769 7646 7771
f 7771 7648 7773
f 7773 7650 7775
f 7775 7652 7777
f 7777 7654 7779
f 7779 7656 7781
f 7781 7658 7783
f 7783 7660 7785
f 7785 7662 7787
f 7787 7664 7789
f 7789 7666 7791
f 7791 7668 7793
f 7793 7670 7795
f 7795 7672 7797
f 7797 7674 7799
f 7799 7676 7801
f 7801 7678 7803
f 7803 7680 7805
f 7805 7682 7807
f 7807 7684 7809
f 7809 7686 5790
f 7811 7934 7810
f 7810 7932 7808
f 7808 7930 7806
f 7806 7928 7804
f 7804 7926 7802
f 7802 7924 7800
f 7800 7922 7798
f 7798 7920 7796
f 7796 7918 7794
f 7794 7916 7792
f 7792 7914 7790
f 7790 7912 7788
f 7788 7910 7786
f 7786 7908 7784
f 7784 7906 7782
f 7782 7904 7780
f 7780 7902 7778
f 7778 7900 7776
f 7776 7898 7774
f 7774 7896 7772
f 7772 7894 7770
f 7770 7892 7768
f 7768 7890 7766
f 7766 7888 7764
f 7764 7886 7762
f 7762 7884 7760
f 7760 7882 7758
f 7758 7880 7756
f 7756 7878 7754
f 7754 7876 7752
f 7752 7874 7750
f 7750 7872 7748
f 7748 7870 7746
f 7746 7868 7744
f 7744 7866 7742
f 7742 7864 7740
f 7740 7862 7738
f 7738 7860 7736
f 7736 7858 7734
f 7734 7856 7732
f 7732 7854 7730
f 7730 7852 7728
f 7728 7850 7726
f 7726 7848 7724
f 7724 7846 7722
f 7722 7844 7720
f 7720 7842 7718
f 7718 7840 7716
f 7716 7838 7714
f 7714 7836 7712
f 7712 7834 7710
f 7710 7832 7708
f 7708 7830 7706
f 7706 7828 7704
f 7704 7826 7702
f 7702 7824 7700
f 7700 7822 7698
f 7698 7820 7696
f 7696 7818 7694
f 7694 7816 7692
f 7692 7814 7690
f 7690 7812 7688
f 7933 8053 7931
f 7931 8051 7929
f 7929 8049 7927
f 7927 8047 7925
f 7925 8045 7923
f 7923 8043 7921
f 7921 8041 7919
f 7919 8039 7917
f 7917 8037 7915
f 7915 8035 7913
f 7913 8033 7911
f 7911 8031 7909
f 7909 8029 7907
f 7907 8027 7905
f 7905 8025 7903
f 7903 8023 7901
f 7901 8021 7899
f 7899 8019 7897
f 7897 8017 7895
f 7895 8015 7893
f 7893 8013 7891
f 7891 8011 7889
f 7889 8009 7887
f 7887 8007 7885
f 7885 8005 7883
f 7883 8003 7881
f 7881 8001 7879
f 7879 7999 7877
f 7877 7997 7875
f 7875 7995 7873
f 7873 7993 7871
f 7871 7991 7869
f 7869 7989 7867
f 7867 7987 7865
f 7865 7985 7863
f 7863 7983 7861
f 7861 7981 7859
f 7859 7979 7857
f 7857 7977 7855
f 7855 7975 7853
f 7853 7973 7851
f 7851 7971 7849
f 7849 7969 7847
f 7847 7967 7845
f 7845 7965 7843
f 7843 7963 7841
f 7841 7961 7839
f 7839 7959 7837
f 7837 7957 7835
f 7835 7955 7833
f 7833 7953 7831
f 7831 7951 7829
f 7829 7949 7827
f 7827 7947 7825
f 7825 7945 7823
f 7823 7943 7821
f 7821 7941 7819
f 7819 7939 7817
f 7817 7937 7815
f 7815 7935 7813
f 8052 8166 8050
f 8050 8165 8048
f 8048 8164 8046
f 8046 8162 8044
f 8044 8160 8042
f 8042 8158 8040
f 8040 8156 8038
f 8038 8154 8036
f 8036 8152 8034
f 8034 8150 8032
f 8032 8148 8030
f 8030 8146 8028
f 8028 8144 8026
f 8026 8142 8024
f 8024 8140 8022
f 8022 8138 8020
f 8020 8136 8018
f 8018 8134 8016
f 8016 8132 8014
f 8014 8130 8012
f 8012 8128 8010
f 8010 8126 8008
f 8008 8124 8006
f 8006 8122 8004
f 8004 8120 8002
f 8002 8118 8000
f 8000 8116 7998
f 7998 8114 7996
f 7996 8112 7994
f 7994 8110 7992
f 7992 8108 7990
f 7990 8106 7988
f 7988 8104 7986
f 7986 8102 7984
f 7984 8100 7982
f 7982 8098 7980
f 7980 8096 7978
f 7978 8094 7976
f 7976 8092 7974
f 7974 8090 7972
f 7972 8088 7970
f 7970 8086 7968
f 7968 8084 7966
f 7966 8082 7964
f 7964 8080 7962
f 7962 8078 7960
f 7960 8076 7958
f 7958 8074 7956
f 7956 8072 7954
f 7954 8070 7952
f 7952 8068 7950
f 7950 8066 7948
f 7948 8064 7946
f 7946 8062 7944
f 7944 8060 7942
f 7942 8058 7940
f 7940 8056 7938
f 7938 8054 7936
f 5788 8277 5789
f 5789 8275 8163
f 8163 8273 8161
f 8161 8271 8159
f 8159 8269 8157
f 8157 8267 8155
f 8155 8265 8153
f 8153 8263 8151
f 8151 8261 8149
f 8149 8259 8147
f 8147 8257 8145
f 8145 8255 8143
f 8143 8253 8141
f 8141 8251 8139
f 8139 8249 8137
f 8137 8247 8135
f 8135 8245 8133
f 8133 8243 8131
f 8131 8241 8129
f 8129 8239 8127
f 8127 8237 8125
f 8125 8235 8123
f 8123 8233 8121
f 8121 8231 8119
f 8119 8229 8117
f 8117 8227 8115
f 8115 8225 8113
f 8113 8223 8111
f 8111 8221 8109
f 8109 8219 8107
f 8107 8217 8105
f 8105 8215 8103
f 8103 8213 8101
f 8101 8211 8099
f 8099 8209 8097
f 8097 8207 8095
f 8095 8205 8093
f 8093 8203 8091
f 8091 8201 8089
f 8089 8199 8087
f 8087 8197 8085
f 8085 8195 8083
f 8083 8193 8081
f 8081 8191 8079
f 8079 8189 8077
f 8077 8187 8075
f 8075 8185 8073
f 8073 8183 8071
f 8071 8181 8069
f 8069 8179 8067
f 8067 8177 8065
f 8065 8175 8063
f 8063 8173 8061
f 8061 8171 8059
f 8059 8169 8057
f 8057 8167 8055
f 8276 8384 8274
f 8274 8382 8272
f 8272 8380 8270
f 8270 8378 8268
f 8268 8376 8266
f 8266 8374 8264
f 8264 8372 8262
f 8262 8370 8260
f 8260 8368 8258
f 8258 8366 8256
f 8256 8364 8254
f 8254 8362 8252
f 8252 8360 8250
f 8250 8358 8248
f 8248 8356 8246
f 8246 8354 8244
f 8244 8352 8242
f 8242 8350 8240
f 8240 8348 8238
f 8238 8346 8236
f 8236 8344 8234
f 8234 8342 8232
f 8232 8340 8230
f 8230 8338 8228
f 8228 8336 8226
f 8226 8334 8224
f 8224 8332 8222
f 8222 8330 8220
f 8220 8328 8218
f 8218 8326 8216
f 8216 8324 8214
f 8214 8322 8212
f 8212 8320 8210
f 8210 8318 8208
f 8208 8316 8206
f 8206 8314 8204
f 8204 8312 8202
f 8202 8310 8200
f 8200 8308 8198
f 8198 8306 8196
f 8196 8304 8194
f 8194 8302 8192
f 8192 8300 8190
f 8190 8298 8188
f 8188 8296 8186
f 8186 8294 8184
f 8184 8292 8182
f 8182 8290 8180
f 8180 8288 8178
f 8178 8286 8176
f 8176 8284 8174
f 8174 8282 8172
f 8172 8280 8170
f 8170 8278 8168
f 8383 5784 8381
f 8381 5786 8379
f 8379 8483 8377
f 8377 8481 8375
f 8375 8479 8373
f 8373 8477 8371
f 8371 8475 8369
f 8369 8473 8367
f 8367 8471 8365
f 8365 8469 8363
f 8363 8467 8361
f 8361 8465 8359
f 8359 8463 8357
f 8357 8461 8355
f 8355 8459 8353
f 8353 8457 8351
f 8351 8455 8349
f 8349 8453 8347
f 8347 8451 8345
f 8345 8449 8343
f 8343 8447 8341
f 8341 8445 8339
f 8339 8443 8337
f 8337 8441 8335
f 8335 8439 8333
f 8333 8437 8331
f 8331 8435 8329
f 8329 8433 8327
f 8327 8431 8325
f 8325 8429 8323
f 8323 8427 8321
f 8321 8425 8319
f 8319 8423 8317
f 8317 8421 8315
f 8315 8419 8313
f 8313 8417 8311
f 8311 8415 8309
f 8309 8413 8307
f 8307 8411 8305
f 8305 8409 8303
f 8303 8407 8301
f 8301 8405 8299
f 8299 8403 8297
f 8297 8401 8295
f 8295 8399 8293
f 8293 8397 8291
f 8291 8395 8289
f 8289 8393 8287
f 8287 8391 8285
f 8285 8389 8283
f 8283 8387 8281
f 8281 8385 8279
f 8485 5781 8484
f 8484 5783 8482
f 8482 8580 8480
f 8480 8578 8478
f 8478 8576 8476
f 8476 8574 8474
f 8474 8572 8472
f 8472 8570 8470
f 8470 8568 8468
f 8468 8566 8466
f 8466 8564 8464
f 8464 8562 8462
f 8462 8560 8460
f 8460 8558 8458
f 8458 8556 8456
f 8456 8554 8454
f 8454 8552 8452
f 8452 8550 8450
f 8450 8548 8448
f 8448 8546 8446
f 8446 8544 8444
f 8444 8542 8442
f 8442 8540 8440
f 8440 8538 8438
f 8438 8536 8436
f 8436 8534 8434
f 8434 8532 8432
f 8432 8530 8430
f 8430 8528 8428
f 8428 8526 8426
f 8426 8524 8424
f 8424 8522 8422
f 8422 8520 8420
f 8420 8518 8418
f 8418 8516 8416
f 8416 8514 8414
f 8414 8512 8412
f 8412 8510 8410
f 8410 8508 8408
f 8408 8506 8406
f 8406 8504 8404
f 8404 8502 8402
f 8402 8500 8400
f 8400 8498 8398
f 8398 8496 8396
f 8396 8494 8394
f 8394 8492 8392
f 8392 8490 8390
f 8390 8488 8388
f 8388 8486 8386
f 8582 5778 8581
f 8581 5780 8579
f 8579 8673 8577
f 8577 8671 8575
f 8575 8669 8573
f 8573 8667 8571
f 8571 8665 8569
f 8569 8663 8567
f 8567 8661 8565
f 8565 8659 8563
f 8563 8657 8561
f 8561 8655 8559
f 8559 8653 8557
f 8557 8651 8555
f 8555 8649 8553
f 8553 8647 8551
f 8551 8645 8549
f 8549 8643 8547
f 8547 8641 8545
f 8545 8639 8543
f 8543 8637 8541
f 8541 8635 8539
f 8539 8633 8537
f 8537 8631 8535
f 8535 8629 8533
f 8533 8627 8531
f 8531 8625 8529
f 8529 8623 8527
f 8527 8621 8525
f 8525 8619 8523
f 8523 8617 8521
f 8521 8615 8519
f 8519 8613 8517
f 8517 8611 8515
f 8515 8609 8513
f 8513 8607 8511
f 8511 8605 8509
f 8509 8603 8507
f 8507 8601 8505
f 8505 8599 8503
f 8503 8597 8501
f 8501 8595 8499
f 8499 8593 8497
f 8497 8591 8495
f 8495 8589 8493
f 8493 8587 8491
f 8491 8585 8489
f 8489 8583 8487
f 8675 8766 8674
f 8674 8764 8672
f 8672 8762 8670
f 8670 8760 8668
f 8668 8758 8666
f 8666 8756 8664
f 8664 8754 8662
f 8662 8752 8660
f 8660 8750 8658
f 8658 8748 8656
f 8656 8746 8654
f 8654 8744 8652
f 8652 8742 8650
f 8650 8740 8648
f 8648 8738 8646
f 8646 8736 8644
f 8644 8734 8642
f 8642 8732 8640
f 8640 8730 8638
f 8638 8728 8636
f 8636 8726 8634
f 8634 8724 8632
f 8632 8722 8630
f 8630 8720 8628
f 8628 8718 8626
f 8626 8716 8624
f 8624 8714 8622
f 8622 8712 8620
f 8620 8710 8618
f 8618 8708 8616
f 8616 8706 8614
f 8614 8704 8612
f 8612 8702 8610
f 8610 8700 8608
f 8608 8698 8606
f 8606 8696 8604
f 8604 8694 8602
f 8602 8692 8600
f 8600 8690 8598
f 8598 8688 8596
f 8596 8686 8594
f 8594 8684 8592
f 8592 8682 8590
f 8590 8680 8588
f 8588 8678 8586
f 8586 8676 8584
f 8765 8851 8763
f 8763 8850 8761
f 8761 8849 8759
f 8759 8847 8757
f 8757 8845 8755
f 8755 8843 8753
f 8753 8841 8751
f 8751 8839 8749
f 8749 8837 8747
f 8747 8835 8745
f 8745 8833 8743
f 8743 8831 8741
f 8741 8829 8739
f 8739 8827 8737
f 8737 8825 8735
f 8735 8823 8733
f 8733 8821 8731
f 8731 8819 8729
f 8729 8817 8727
f 8727 8815 8725
f 8725 8813 8723
f 8723 8811 8721
f 8721 8809 8719
f 8719 8807 8717
f 8717 8805 8715
f 8715 8803 8713
f 8713 8801 8711
f 8711 8799 8709
f 8709 8797 8707
f 8707 8795 8705
f 8705 8793 8703
f 8703 8791 8701
f 8701 8789 8699
f 8699 8787 8697
f 8697 8785 8695
f 8695 8783 8693
f 8693 8781 8691
f 8691 8779 8689
f 8689 8777 8687
f 8687 8775 8685
f 8685 8773 8683
f 8683 8771 8681
f 8681 8769 8679
f 8679 8767 8677
f 5066 8934 5067
f 5067 8932 8848
f 8848 8930 8846
f 8846 8928 8844
f 8844 8926 8842
f 8842 8924 8840
f 8840 8922 8838
f 8838 8920 8836
f 8836 8918 8834
f 8834 8916 8832
f 8832 8914 8830
f 8830 8912 8828
f 8828 8910 8826
f 8826 8908 8824
f 8824 8906 8822
f 8822 8904 8820
f 8820 8902 8818
f 8818 8900 8816
f 8816 8898 8814
f 8814 8896 8812
f 8812 8894 8810
f 8810 8892 8808
f 8808 8890 8806
f 8806 8888 8804
f 8804 8886 8802
f 8802 8884 8800
f 8800 8882 8798
f 8798 8880 8796
f 8796 8878 8794
f 8794 8876 8792
f 8792 8874 8790
f 8790 8872 8788
f 8788 8870 8786
f 8786 8868 8784
f 8784 8866 8782
f 8782 8864 8780
f 8780 8862 8778
f 8778 8860 8776
f 8776 8858 8774
f 8774 8856 8772
f 8772 8854 8770
f 8770 8852 8768
f 8933 9013 8931
f 8931 9011 8929
f 8929 9009 8927
f 8927 9007 8925
f 8925 9005 8923
f 8923 9003 8921
f 8921 9001 8919
f 8919 8999 8917
f 8917 8997 8915
f 8915 8995 8913
f 8913 8993 8911
f 8911 8991 8909
f 8909 8989 8907
f 8907 8987 8905
f 8905 8985 8903
f 8903 8983 8901
f 8901 8981 8899
f 8899 8979 8897
f 8897 8977 8895
f 8895 8975 8893
f 8893 8973 8891
f 8891 8971 8889
f 8889 8969 8887
f 8887 8967 8885
f 8885 8965 8883
f 8883 8963 8881
f 8881 8961 8879
f 8879 8959 8877
f 8877 8957 8875
f 8875 8955 8873
f 8873 8953 8871
f 8871 8951 8869
f 8869 8949 8867
f 8867 8947 8865
f 8865 8945 8863
f 8863 8943 8861
f 8861 8941 8859
f 8859 8939 8857
f 8857 8937 8855
f 8855 8935 8853
f 9012 9088 9010
f 9010 9086 9008
f 9008 9084 9006
f 9006 9082 9004
f 9004 9080 9002
f 9002 9078 9000
f 9000 9076 8998
f 8998 9074 8996
f 8996 9072 8994
f 8994 9070 8992
f 8992 9068 8990
f 8990 9066 8988
f 8988 9064 8986
f 8986 9062 8984
f 8984 9060 8982
f 8982 9058 8980
f 8980 9056 8978
f 8978 9054 8976
f 8976 9052 8974
f 8974 9050 8972
f 8972 9048 8970
f 8970 9046 8968
f 8968 9044 8966
f 8966 9042 8964
f 8964 9040 8962
f 8962 9038 8960
f 8960 9036 8958
f 8958 9034 8956
f 8956 9032 8954
f 8954 9030 8952
f 8952 9028 8950
f 8950 9026 8948
f 8948 9024 8946
f 8946 9022 8944
f 8944 9020 8942
f 8942 9018 8940
f 8940 9016 8938
f 8938 9014 8936
f 9087 5775 9085
f 9085 5777 9083
f 9083 9155 9081
f 9081 9153 9079
f 9079 9151 9077
f 9077 9149 9075
f 9075 9147 9073
f 9073 9145 9071
f 9071 9143 9069
f 9069 9141 9067
f 9067 9139 9065
f 9065 9137 9063
f 9063 9135 9061
f 9061 9133 9059
f 9059 9131 9057
f 9057 9129 9055
f 9055 9127 9053
f 9053 9125 9051
f 9051 9123 9049
f 9049 9121 9047
f 9047 9119 9045
f 9045 9117 9043
f 9043 9115 9041
f 9041 9113 9039
f 9039 9111 9037
f 9037 9109 9035
f 9035 9107 9033
f 9033 9105 9031
f 9031 9103 9029
f 9029 9101 9027
f 9027 9099 9025
f 9025 9097 9023
f 9023 9095 9021
f 9021 9093 9019
f 9019 9091 9017
f 9017 9089 9015
f 9157 9224 9156
f 9156 9222 9154
f 9154 9220 9152
f 9152 9218 9150
f 9150 9216 9148
f 9148 9214 9146
f 9146 9212 9144
f 9144 9210 9142
f 9142 9208 9140
f 9140 9206 9138
f 9138 9204 9136
f 9136 9202 9134
f 9134 9200 9132
f 9132 9198 9130
f 9130 9196 9128
f 9128 9194 9126
f 9126 9192 9124
f 9124 9190 9122
f 9122 9188 9120
f 9120 9186 9118
f 9118 9184 9116
f 9116 9182 9114
f 9114 9180 9112
f 9112 9178 9110
f 9110 9176 9108
f 9108 9174 9106
f 9106 9172 9104
f 9104 9170 9102
f 9102 9168 9100
f 9100 9166 9098
f 9098 9164 9096
f 9096 9162 9094
f 9094 9160 9092
f 9092 9158 9090
f 9223 9742 9221
f 9221 9741 9219
f 9219 9740 9217
f 9217 9739 9215
f 9215 9738 9213
f 9213 9737 9211
f 9211 9736 9209
f 9209 9735 9207
f 9207 9734 9205
f 9205 9733 9203
f 9203 9732 9201
f 9201 9731 9199
f 9199 9730 9197
f 9197 9729 9195
f 9195 9728 9193
f 9193 9727 9191
f 9191 9726 9189
f 9189 9725 9187
f 9187 9724 9185
f 9185 9723 9183
f 9183 9722 9181
f 9181 9721 9179
f 9179 9720 9177
f 9177 9719 9175
f 9175 9718 9173
f 9173 9717 9171
f 9171 9716 9169
f 9169 9715 9167
f 9167 9714 9165
f 9165 9713 9163
f 9163 9712 9161
f 9161 9711 9159
f 5062 7436 7561
f 7561 7438 7563
f 7563 7440 7565
f 7565 7442 7567
f 7567 7444 7569
f 7569 7446 7571
f 7571 7448 7573
f 7573 7450 7575
f 7575 7452 7577
f 7577 7454 7579
f 7579 7456 7581
f 7581 7458 7583
f 7583 7460 7585
f 7585 7462 7587
f 7587 7464 7589
f 7589 7466 7591
f 7591 7468 7593
f 7593 7470 7595
f 7595 7472 7597
f 7597 7474 7599
f 7599 7476 7601
f 7601 7478 7603
f 7603 7480 7605
f 7605 7482 7607
f 7607 7484 7609
f 7609 7486 7611
f 7611 7488 7613
f 7613 7490 7615
f 7615 7492 7617
f 7617 7494 7619
f 7619 7496 7621
f 7621 7498 7623
f 7623 7500 7625
f 7625 7502 7627
f 7627 7504 7629
f 7629 7506 7631
f 7631 7508 7633
f 7633 7510 7635
f 7635 7512 7637
f 7637 7514 7639
f 7639 7516 7641
f 7641 7518 7643
f 7643 7520 7645
f 7645 7522 7647
f 7647 7524 7649
f 7649 7526 7651
f 7651 7528 7653
f 7653 7530 7655
f 7655 7532 7657
f 7657 7534 7659
f 7659 7536 7661
f 7661 7538 7663
f 7663 7540 7665
f 7665 7542 7667
f 7667 7544 7669
f 7669 7546 7671
f 7671 7548 7673
f 7673 7550 7675
f 7675 7552 7677
f 7677 7554 7679
f 7679 7556 7681
f 7681 7558 7683
f 7683 7560 7685
f 6011 5773 6013
f 6013 5771 6015
f 6015 5769 6017
f 6017 5767 6019
f 6019 5765 6021
f 6021 5763 6023
f 6023 5761 6025
f 6025 5759 6027
f 6027 5757 6029
f 6029 5755 6031
f 6031 5753 6033
f 6033 5751 6035
f 6035 5749 6037
f 6037 5747 6039
f 6039 5745 6041
f 6041 5743 6043
f 6043 5741 6045
f 6045 5739 6047
f 6047 5737 6049
f 6049 5735 6051
f 6051 5733 6053
f 6053 5731 6055
f 6055 5729 6057
f 6057 5727 6059
f 6059 5725 6061
f 6061 5723 6063
f 6063 5721 6065
f 6065 5719 6067
f 6067 5717 6069
f 6069 5715 6071
f 6071 5713 6073
f 6073 5711 6075
f 5774 5773 5976
f 5976 6011 5974
f 5974 6010 5972
f 5972 6078 5970
f 5970 6077 5968
f 5968 6149 5966
f 5966 6148 5964
f 5964 6224 5962
f 5962 6223 5960
f 5960 6303 5958
f 5958 6302 5956
f 5956 6386 5954
f 5954 6385 5952
f 5952 6473 5950
f 5950 6472 5948
f 5948 6564 5946
f 5946 6563 5944
f 5944 6659 5942
f 5942 6658 5940
f 5940 6758 5938
f 5938 6757 5936
f 5936 6861 5934
f 5934 6860 5932
f 5932 6968 5930
f 5930 6967 5928
f 5928 7079 5926
f 5926 7078 5924
f 5924 7194 5922
f 5922 7193 5920
f 5920 7313 5918
f 5918 7312 5916
f 5916 7435 5062
f 9743 9744 9745
f 9748 5062 9746
f 5097 5099 9750
f 5111 5113 9752
f 5121 5123 9754
f 5128 5127 9756
f 5150 5152 9758
f 5189 5079 9760
f 5196 5076 9762
f 5184 9759 5183
f 5169 5170 9765
f 5116 9753 5115
f 5106 9751 5105
f 9766 8934 9767
f 9767 5066 9768
f 9768 5065 9769
f 9769 8851 9770
f 9770 8765 9771
f 9773 9157 5776
f 9774 5776 5775
f 9775 5775 9087
f 9776 9087 9088
f 9777 9088 9012
f 9778 9012 9013
f 9766 9013 8933
f 9779 8582 9780
f 9780 5782 9781
f 9781 5781 9782
f 9784 7934 7811
f 9786 5788 9787
f 9787 5787 9788
f 9788 8166 9789
f 9789 8052 9790
f 9790 8053 9783
f 9783 7933 7934
f 9782 8485 5785
f 9791 5785 5784
f 9792 5784 8383
f 9793 8383 8384
f 9794 8384 8276
f 9786 8276 8277
f 8765 8766 9771
f 9771 8675 9795
f 9795 5779 9779
f 9779 5778 8582
f 9797 9796 9798
f 9799 9798 9800
f 9802 9801 9803
f 9804 9803 9805
f 9806 9805 9807
f 9808 9807 9809
f 9806 9800 9798
f 9804 9798 9796
f 9802 9796 5087
f 9797 9810 5087
f 9812 9811 9813
f 9814 9813 9815
f 9816 9815 9817
f 9818 9817 9819
f 9820 9819 9821
f 9822 9821 9823
f 9825 9824 9826
f 9827 9826 9828
f 9829 9828 9830
f 9831 9830 9832
f 9833 9832 9834
f 9835 9834 9836
f 9837 9836 9838
f 9839 9838 9840
f 9837 9823 9821
f 9835 9821 9819
f 9833 9819 9817
f 9831 9817 9815
f 9829 9815 9813
f 9827 9813 9811
f 9825 9811 5087
f 9820 9809 9807
f 9818 9807 9805
f 9816 9805 9803
f 9814 9803 9801
f 9812 9801 5087
f 9842 9841 9843
f 9844 9843 9845
f 9846 9845 9847
f 9848 9847 9849
f 9850 9849 9851
f 9852 9851 9853
f 9854 9853 9855
f 9856 9855 9857
f 9858 9857 9859
f 9860 9859 9861
f 9863 9862 9864
f 9865 9864 9866
f 9867 9866 9868
f 9869 9868 9870
f 9871 9870 9872
f 9873 9872 9874
f 9875 9874 9876
f 9877 9876 9878
f 9879 9878 9880
f 9881 9880 9882
f 9883 9882 9884
f 9885 9884 9886
f 9883 9861 9859
f 9881 9859 9857
f 9879 9857 9855
f 9877 9855 9853
f 9875 9853 9851
f 9873 9851 9849
f 9871 9849 9847
f 9869 9847 9845
f 9867 9845 9843
f 9865 9843 9841
f 9863 9841 5087
f 9858 9840 9838
f 9856 9838 9836
f 9854 9836 9834
f 9852 9834 9832
f 9850 9832 9830
f 9848 9830 9828
f 9846 9828 9826
f 9844 9826 9824
f 9842 9824 5087
f 9888 9887 9889
f 9890 9889 9891
f 9892 9891 9893
f 9894 9893 9895
f 9896 9895 9897
f 9898 9897 9899
f 9900 9899 9901
f 9902 9901 9903
f 9904 9903 9905
f 9906 9905 9907
f 9908 9907 9909
f 9910 9909 9911
f 9912 9911 9913
f 9914 9913 9915
f 9917 9916 9918
f 9919 9918 9920
f 9921 9920 9922
f 9923 9922 9924
f 9925 9924 9926
f 9927 9926 9928
f 9929 9928 9930
f 9931 9930 9932
f 9933 9932 9934
f 9935 9934 9936
f 9937 9936 9938
f 9939 9938 9940
f 9941 9940 9942
f 9943 9942 9944
f 9945 9944 9946
f 9947 9946 9948
f 9945 9915 9913
f 9943 9913 9911
f 9941 9911 9909
f 9939 9909 9907
f 9937 9907 9905
f 9935 9905 9903
f 9933 9903 9901
f 9931 9901 9899
f 9929 9899 9897
f 9927 9897 9895
f 9925 9895 9893
f 9923 9893 9891
f 9921 9891 9889
f 9919 9889 9887
f 9917 9887 5087
f 9912 9886 9884
f 9910 9884 9882
f 9908 9882 9880
f 9906 9880 9878
f 9904 9878 9876
f 9902 9876 9874
f 9900 9874 9872
f 9898 9872 9870
f 9896 9870 9868
f 9894 9868 9866
f 9892 9866 9864
f 9890 9864 9862
f 9888 9862 5087
f 9950 9949 9951
f 9952 9951 9953
f 9954 9953 9955
f 9956 9955 9957
f 9958 9957 9959
f 9960 9959 9961
f 9962 9961 9963
f 9964 9963 9965
f 9966 9965 9967
f 9968 9967 9969
f 9970 9969 9971
f 9972 9971 9973
f 9974 9973 9975
f 9976 9975 9977
f 9978 9977 9979
f 9980 9979 9981
f 9982 9981 9983
f 9984 9983 9985
f 9987 9986 9988
f 9989 9988 9990
f 9991 9990 9992
f 9993 9992 9994
f 9995 9994 9996
f 9997 9996 9998
f 9999 9998 10000
f 10001 10000 10002
f 10003 10002 10004
f 10005 10004 10006
f 10007 10006 10008
f 10009 10008 10010
f 10011 10010 10012
f 10013 10012 10014
f 10015 10014 10016
f 10017 10016 10018
f 10019 10018 10020
f 10021 10020 10022
f 10023 10022 10024
f 10025 10024 10026
f 10023 9985 9983
f 10021 9983 9981
f 10019 9981 9979
f 10017 9979 9977
f 10015 9977 9975
f 10013 9975 9973
f 10011 9973 9971
f 10009 9971 9969
f 10007 9969 9967
f 10005 9967 9965
f 10003 9965 9963
f 10001 9963 9961
f 9999 9961 9959
f 9997 9959 9957
f 9995 9957 9955
f 9993 9955 9953
f 9991 9953 9951
f 9989 9951 9949
f 9987 9949 5087
f 9982 9948 9946
f 9980 9946 9944
f 9978 9944 9942
f 9976 9942 9940
f 9974 9940 9938
f 9972 9938 9936
f 9970 9936 9934
f 9968 9934 9932
f 9966 9932 9930
f 9964 9930 9928
f 9962 9928 9926
f 9960 9926 9924
f 9958 9924 9922
f 9956 9922 9920
f 9954 9920 9918
f 9952 9918 9916
f 9950 9916 5087
f 10028 10027 10029
f 10030 10029 10031
f 10032 10031 10033
f 10034 10033 10035
f 10036 10035 10037
f 10038 10037 10039
f 10040 10039 10041
f 10042 10041 10043
f 10044 10043 10045
f 10046 10045 10047
f 10048 10047 10049
f 10050 10049 10051
f 10052 10051 10053
f 10054 10053 10055
f 10056 10055 10057
f 10058 10057 10059
f 10060 10059 10061
f 10062 10061 10063
f 10064 10063 10065
f 10066 10065 10067
f 10068 10067 10069
f 10070 10069 10071
f 10073 10072 10074
f 10075 10074 10076
f 10077 10076 10078
f 10079 10078 10080
f 10081 10080 10082
f 10083 10082 10084
f 10085 10084 10086
f 10087 10086 10088
f 10089 10088 10090
f 10091 10090 10092
f 10093 10092 10094
f 10095 10094 10096
f 10097 10096 10098
f 10099 10098 10100
f 10101 10100 10102
f 10103 10102 10104
f 10105 10104 10106
f 10107 10106 10108
f 10109 10108 10110
f 10111 10110 10112
f 10113 10112 10114
f 10115 10114 10116
f 10117 10116 10118
f 10119 10118 10120
f 10117 10071 10069
f 10115 10069 10067
f 10113 10067 10065
f 10111 10065 10063
f 10109 10063 10061
f 10107 10061 10059
f 10105 10059 10057
f 10103 10057 10055
f 10101 10055 10053
f 10099 10053 10051
f 10097 10051 10049
f 10095 10049 10047
f 10093 10047 10045
f 10091 10045 10043
f 10089 10043 10041
f 10087 10041 10039
f 10085 10039 10037
f 10083 10037 10035
f 10081 10035 10033
f 10079 10033 10031
f 10077 10031 10029
f 10075 10029 10027
f 10073 10027 5087
f 10068 10026 10024
f 10066 10024 10022
f 10064 10022 10020
f 10062 10020 10018
f 10060 10018 10016
f 10058 10016 10014
f 10056 10014 10012
f 10054 10012 10010
f 10052 10010 10008
f 10050 10008 10006
f 10048 10006 10004
f 10046 10004 10002
f 10044 10002 10000
f 10042 10000 9998
f 10040 9998 9996
f 10038 9996 9994
f 10036 9994 9992
f 10034 9992 9990
f 10032 9990 9988
f 10030 9988 9986
f 10028 9986 5087
f 10122 10121 10123
f 10124 10123 10125
f 10126 10125 10127
f 10128 10127 10129
f 10130 10129 10131
f 10132 10131 10133
f 10134 10133 10135
f 10136 10135 10137
f 10138 10137 10139
f 10140 10139 10141
f 10142 10141 10143
f 10144 10143 10145
f 10146 10145 10147
f 10148 10147 10149
f 10150 10149 10151
f 10152 10151 10153
f 10154 10153 10155
f 10156 10155 10157
f 10158 10157 10159
f 10160 10159 10161
f 10162 10161 10163
f 10164 10163 10165
f 10166 10165 10167
f 10168 10167 10169
f 10170 10169 10171
f 10172 10171 10173
f 10175 10174 10176
f 10177 10176 10178
f 10179 10178 10180
f 10181 10180 10182
f 10183 10182 10184
f 10185 10184 10186
f 10187 10186 10188
f 10189 10188 10190
f 10191 10190 10192
f 10193 10192 10194
f 10195 10194 10196
f 10197 10196 10198
f 10199 10198 10200
f 10201 10200 10202
f 10203 10202 10204
f 10205 10204 10206
f 10207 10206 10208
f 10209 10208 10210
f 10211 10210 10212
f 10213 10212 10214
f 10215 10214 10216
f 10217 10216 10218
f 10219 10218 10220
f 10221 10220 10222
f 10223 10222 10224
f 10225 10224 10226
f 10227 10226 10228
f 10229 10228 10230
f 10227 10173 10171
f 10225 10171 10169
f 10223 10169 10167
f 10221 10167 10165
f 10219 10165 10163
f 10217 10163 10161
f 10215 10161 10159
f 10213 10159 10157
f 10211 10157 10155
f 10209 10155 10153
f 10207 10153 10151
f 10205 10151 10149
f 10203 10149 10147
f 10201 10147 10145
f 10199 10145 10143
f 10197 10143 10141
f 10195 10141 10139
f 10193 10139 10137
f 10191 10137 10135
f 10189 10135 10133
f 10187 10133 10131
f 10185 10131 10129
f 10183 10129 10127
f 10181 10127 10125
f 10179 10125 10123
f 10177 10123 10121
f 10175 10121 5087
f 10170 10120 10118
f 10168 10118 10116
f 10166 10116 10114
f 10164 10114 10112
f 10162 10112 10110
f 10160 10110 10108
f 10158 10108 10106
f 10156 10106 10104
f 10154 10104 10102
f 10152 10102 10100
f 10150 10100 10098
f 10148 10098 10096
f 10146 10096 10094
f 10144 10094 10092
f 10142 10092 10090
f 10140 10090 10088
f 10138 10088 10086
f 10136 10086 10084
f 10134 10084 10082
f 10132 10082 10080
f 10130 10080 10078
f 10128 10078 10076
f 10126 10076 10074
f 10124 10074 10072
f 10122 10072 5087
f 10232 10231 10233
f 10234 10233 10235
f 10236 10235 10237
f 10238 10237 10239
f 10240 10239 10241
f 10242 10241 10243
f 10244 10243 10245
f 10246 10245 10247
f 10248 10247 10249
f 10250 10249 10251
f 10252 10251 10253
f 10254 10253 10255
f 10256 10255 10257
f 10258 10257 10259
f 10260 10259 10261
f 10262 10261 10263
f 10264 10263 10265
f 10266 10265 10267
f 10268 10267 10269
f 10270 10269 10271
f 10272 10271 10273
f 10274 10273 10275
f 10276 10275 10277
f 10278 10277 10279
f 10280 10279 10281
f 10282 10281 10283
f 10284 10283 10285
f 10286 10285 10287
f 10288 10287 10289
f 10290 10289 10291
f 10293 10292 10294
f 10295 10294 10296
f 10297 10296 10298
f 10299 10298 10300
f 10301 10300 10302
f 10303 10302 10304
f 10305 10304 10306
f 10307 10306 10308
f 10309 10308 10310
f 10311 10310 10312
f 10313 10312 10314
f 10315 10314 10316
f 10317 10316 10318
f 10319 10318 10320
f 10321 10320 10322
f 10323 10322 10324
f 10325 10324 10326
f 10327 10326 10328
f 10329 10328 10330
f 10331 10330 10332
f 10333 10332 10334
f 10335 10334 10336
f 10337 10336 10338
f 10339 10338 10340
f 10341 10340 10342
f 10343 10342 10344
f 10345 10344 10346
f 10347 10346 10348
f 10349 10348 10350
f 10351 10350 10352
f 10353 10352 10354
f 10355 10291 10353
f 10353 10289 10351
f 10351 10287 10349
f 10349 10285 10347
f 10347 10283 10345
f 10345 10281 10343
f 10343 10279 10341
f 10341 10277 10339
f 10339 10275 10337
f 10337 10273 10335
f 10335 10271 10333
f 10333 10269 10331
f 10331 10267 10329
f 10329 10265 10327
f 10327 10263 10325
f 10325 10261 10323
f 10323 10259 10321
f 10321 10257 10319
f 10319 10255 10317
f 10317 10253 10315
f 10315 10251 10313
f 10313 10249 10311
f 10311 10247 10309
f 10309 10245 10307
f 10307 10243 10305
f 10305 10241 10303
f 10303 10239 10301
f 10301 10237 10299
f 10299 10235 10297
f 10297 10233 10295
f 10295 10231 10293
f 10290 10230 10288
f 10288 10228 10286
f 10286 10226 10284
f 10284 10224 10282
f 10282 10222 10280
f 10280 10220 10278
f 10278 10218 10276
f 10276 10216 10274
f 10274 10214 10272
f 10272 10212 10270
f 10270 10210 10268
f 10268 10208 10266
f 10266 10206 10264
f 10264 10204 10262
f 10262 10202 10260
f 10260 10200 10258
f 10258 10198 10256
f 10256 10196 10254
f 10254 10194 10252
f 10252 10192 10250
f 10250 10190 10248
f 10248 10188 10246
f 10246 10186 10244
f 10244 10184 10242
f 10242 10182 10240
f 10240 10180 10238
f 10238 10178 10236
f 10236 10176 10234
f 10234 10174 10232
f 10356 10357 9226
f 9238 10357 10358
f 9237 10358 10359
f 9236 10359 10360
f 9353 10360 10361
f 9226 9225 10356
f 10356 5059 10362
f 10362 5058 10363
f 10363 9352 10364
f 10364 9256 10365
f 10365 9257 10366
f 10366 9338 10367
f 10369 5053 5052
f 10370 5052 9386
f 10371 9386 9468
f 9468 9469 10372
f 10372 9388 10373
f 10373 9387 10374
f 10374 9430 10375
f 10375 9678 10376
f 10376 9679 10377
f 9784 10378 10379
f 9783 10379 10380
f 9790 10380 10381
f 9789 10381 10382
f 9788 10382 10383
f 9787 10383 10384
f 9786 10384 10385
f 9794 10385 10386
f 9793 10386 10387
f 9792 10387 10388
f 9791 10388 10389
f 9782 10389 10390
f 9781 10390 10391
f 9780 10391 10392
f 9779 10392 10393
f 9795 10393 10394
f 9771 10394 10395
f 9770 10395 10396
f 9769 10396 10397
f 9768 10397 10398
f 9767 10398 10399
f 9766 10399 10400
f 9778 10400 10401
f 9777 10401 10402
f 9776 10402 10403
f 9775 10403 10404
f 9774 10404 10405
f 9773 10405 10406
f 9772 10406 10407
f 10408 10407 10409
f 10410 10409 10411
f 10412 10411 10413
f 10414 10413 10415
f 10416 10415 10417
f 10418 10417 10419
f 10420 10419 10421
f 10422 10421 10423
f 10377 10423 10424
f 10376 10424 10425
f 10375 10425 10426
f 10374 10426 10427
f 10373 10427 10428
f 10372 10428 10429
f 10371 10429 10430
f 10370 10430 10431
f 10369 10431 10432
f 10368 10432 10433
f 10434 10433 10435
f 10436 10435 10437
f 10438 10437 10439
f 10367 10439 10440
f 10366 10440 10441
f 10365 10441 10442
f 10364 10442 10443
f 10363 10443 10444
f 10362 10444 10445
f 10356 10445 10446
f 10357 10446 10447
f 10358 10447 10448
f 10359 10448 10449
f 10360 10449 10450
f 10361 10450 10451
f 9338 9339 10367
f 10367 9259 10438
f 10438 9258 10436
f 10436 9316 10434
f 10434 9262 10368
f 10368 9261 5053
f 10454 10453 10455
f 10456 10455 10457
f 10458 10457 10459
f 10460 10459 10461
f 10462 10461 10463
f 10464 10463 10465
f 10466 10465 10467
f 10468 10467 10469
f 10470 10469 10471
f 10472 10471 10473
f 10474 10473 10475
f 10476 10475 10477
f 10478 10477 10479
f 10480 10479 10481
f 10482 10481 10483
f 10484 10483 10485
f 10486 10485 10487
f 10488 10487 10489
f 10490 10489 10491
f 10492 10491 10493
f 10494 10493 10495
f 10496 10495 10497
f 10498 10497 10499
f 10500 10499 10501
f 10502 10501 10503
f 10504 10503 10505
f 10506 10505 10507
f 10508 10507 10509
f 10510 10509 10511
f 10512 10511 10513
f 10355 10513 10514
f 10291 10514 10515
f 10290 10515 10516
f 10230 10516 10517
f 10229 10517 10518
f 10173 10518 10519
f 10172 10519 10520
f 10120 10520 10521
f 10119 10521 10522
f 10071 10522 10523
f 10070 10523 10524
f 10026 10524 10525
f 10025 10525 10526
f 9985 10526 10527
f 9984 10527 10528
f 9948 10528 10529
f 9947 10529 10530
f 9915 10530 10531
f 9914 10531 10532
f 9886 10532 10533
f 9885 10533 10534
f 9861 10534 10535
f 9860 10535 10536
f 9840 10536 10537
f 9839 10537 10538
f 9823 10538 10539
f 9822 10539 10540
f 9809 10540 10541
f 9808 10541 10542
f 9800 10542 10543
f 9799 10543 10544
f 9810 10544 10545
f 10378 5087 10545
f 10548 10547 10549
f 10550 10549 10551
f 10552 10551 10553
f 10554 10553 10555
f 10556 10555 10557
f 10558 10557 10559
f 10560 10559 10561
f 10562 10561 10563
f 10564 10563 10565
f 10566 10565 10567
f 10568 10567 10569
f 10570 10569 10571
f 10572 10571 10573
f 10574 10573 10575
f 10576 10575 10577
f 10578 10577 10579
f 10580 10579 10581
f 10582 10581 10583
f 10584 10583 10585
f 10586 10585 10587
f 10588 10587 10589
f 10590 10589 10591
f 10592 10591 10593
f 10594 10593 10595
f 10596 10595 10597
f 10598 10597 10599
f 10600 10599 10601
f 10602 10601 10603
f 10604 10603 10605
f 10606 10605 10607
f 10608 10607 10609
f 10610 10609 10611
f 10612 10611 5087
f 10615 10614 10616
f 10617 10616 10618
f 10619 10618 10620
f 10621 10620 10622
f 10623 10622 10624
f 10625 10624 10626
f 10627 10626 10628
f 10629 10628 10630
f 10631 10630 10632
f 10633 10632 10634
f 10635 10634 10636
f 10637 10636 10638
f 10639 10638 10640
f 10641 10640 10642
f 10643 10642 10644
f 10645 10644 10646
f 10647 10646 10648
f 10649 10648 10650
f 10651 10650 10652
f 10653 10652 10654
f 10655 10654 10656
f 10657 10656 10658
f 10659 10658 10660
f 10661 10660 10662
f 10663 10662 10664
f 10665 10664 10666
f 10667 10666 10668
f 10669 10668 10670
f 10671 10670 10672
f 10673 10672 10674
f 10675 10674 10676
f 10677 10676 10678
f 10679 10678 10680
f 10681 10680 10682
f 10683 10682 5087
f 10686 10685 10687
f 10688 10687 10689
f 10690 10689 10691
f 10692 10691 10693
f 10694 10693 10695
f 10696 10695 10697
f 10698 10697 10699
f 10700 10699 10701
f 10702 10701 10703
f 10704 10703 10705
f 10706 10705 10707
f 10708 10707 10709
f 10710 10709 10711
f 10712 10711 10713
f 10714 10713 10715
f 10716 10715 10717
f 10718 10717 10719
f 10720 10719 10721
f 10722 10721 10723
f 10724 10723 10725
f 10726 10725 10727
f 10728 10727 10729
f 10730 10729 10731
f 10732 10731 10733
f 10734 10733 10735
f 10736 10735 10737
f 10738 10737 10739
f 10740 10739 10741
f 10742 10741 10743
f 10744 10743 10745
f 10746 10745 10747
f 10748 10747 10749
f 10750 10749 10751
f 10752 10751 10753
f 10754 10753 10755
f 10756 10755 10757
f 10758 10757 5087
f 10761 10760 10762
f 10763 10762 10764
f 10765 10764 10766
f 10767 10766 10768
f 10769 10768 10770
f 10771 10770 10772
f 10773 10772 10774
f 10775 10774 10776
f 10777 10776 10778
f 10779 10778 10780
f 10781 10780 10782
f 10783 10782 10784
f 10785 10784 10786
f 10787 10786 10788
f 10789 10788 10790
f 10791 10790 10792
f 10793 10792 10794
f 10795 10794 10796
f 10797 10796 10798
f 10799 10798 10800
f 10801 10800 10802
f 10803 10802 10804
f 10805 10804 10806
f 10807 10806 10808
f 10809 10808 10810
f 10811 10810 10812
f 10813 10812 10814
f 10815 10814 10816
f 10817 10816 10818
f 10819 10818 10820
f 10821 10820 10822
f 10823 10822 10824
f 10825 10824 10826
f 10827 10826 10828
f 10829 10828 10830
f 10831 10830 10832
f 10833 10832 10834
f 10835 10834 10836
f 10837 10836 5087
f 10840 10839 10841
f 10842 10841 10843
f 10844 10843 10845
f 10846 10845 10847
f 10848 10847 10849
f 10850 10849 10851
f 10852 10851 10853
f 10854 10853 10855
f 10856 10855 10857
f 10858 10857 10859
f 10860 10859 10861
f 10862 10861 10863
f 10864 10863 10865
f 10866 10865 10867
f 10868 10867 10869
f 10870 10869 10871
f 10872 10871 10873
f 10874 10873 10875
f 10876 10875 10877
f 10878 10877 10879
f 10880 10879 10881
f 10882 10881 10883
f 10884 10883 10885
f 10886 10885 10887
f 10888 10887 10889
f 10890 10889 10891
f 10892 10891 10893
f 10894 10893 10895
f 10896 10895 10897
f 10898 10897 10899
f 10900 10899 10901
f 10902 10901 10903
f 10904 10903 10905
f 10906 10905 10907
f 10908 10907 10909
f 10910 10909 10911
f 10912 10911 10913
f 10914 10913 10915
f 10916 10915 10917
f 10918 10917 10919
f 10920 10919 5087
f 10923 10922 10924
f 10925 10924 10926
f 10927 10926 10928
f 10929 10928 10930
f 10931 10930 10932
f 10933 10932 10934
f 10935 10934 10936
f 10937 10936 10938
f 10939 10938 10940
f 10941 10940 10942
f 10943 10942 10944
f 10945 10944 10946
f 10947 10946 10948
f 10949 10948 10950
f 10951 10950 10952
f 10953 10952 10954
f 10955 10954 10956
f 10957 10956 10958
f 10959 10958 10960
f 10961 10960 10962
f 10963 10962 10964
f 10965 10964 10966
f 10967 10966 10968
f 10969 10968 10970
f 10971 10970 10972
f 10973 10972 10974
f 10975 10974 10976
f 10977 10976 10978
f 10979 10978 10980
f 10981 10980 10982
f 10983 10982 10984
f 10985 10984 10986
f 10987 10986 10988
f 10989 10988 10990
f 10991 10990 10992
f 10993 10992 10994
f 10995 10994 10996
f 10997 10996 10998
f 10999 10998 11000
f 11001 11000 11002
f 11003 11002 11004
f 11005 11004 11006
f 11007 11006 5087
f 11010 11009 11011
f 11012 11011 11013
f 11014 11013 11015
f 11016 11015 11017
f 11018 11017 11019
f 11020 11019 11021
f 11022 11021 11023
f 11024 11023 11025
f 11026 11025 11027
f 11028 11027 11029
f 11030 11029 11031
f 11032 11031 11033
f 11034 11033 11035
f 11036 11035 11037
f 11038 11037 11039
f 11040 11039 11041
f 11042 11041 11043
f 11044 11043 11045
f 11046 11045 11047
f 11048 11047 11049
f 11050 11049 11051
f 11052 11051 11053
f 11054 11053 11055
f 11056 11055 11057
f 11058 11057 11059
f 11060 11059 11061
f 11062 11061 11063
f 11064 11063 11065
f 11066 11065 11067
f 11068 11067 11069
f 11070 11069 11071
f 11072 11071 11073
f 11074 11073 11075
f 11076 11075 11077
f 11078 11077 11079
f 11080 11079 11081
f 11082 11081 11083
f 11084 11083 11085
f 11086 11085 11087
f 11088 11087 11089
f 11090 11089 11091
f 11092 11091 11093
f 11094 11093 11095
f 11096 11095 11097
f 11098 11097 5087
f 11101 11100 11102
f 11103 11102 11104
f 11105 11104 11106
f 11107 11106 11108
f 11109 11108 11110
f 11111 11110 11112
f 11113 11112 11114
f 11115 11114 11116
f 11117 11116 11118
f 11119 11118 11120
f 11121 11120 11122
f 11123 11122 11124
f 11125 11124 11126
f 11127 11126 11128
f 11129 11128 11130
f 11131 11130 11132
f 11133 11132 11134
f 11135 11134 11136
f 11137 11136 11138
f 11139 11138 11140
f 11141 11140 11142
f 11143 11142 11144
f 11145 11144 11146
f 11147 11146 11148
f 11149 11148 11150
f 11151 11150 11152
f 11153 11152 11154
f 11155 11154 11156
f 11157 11156 11158
f 11159 11158 11160
f 11161 11160 11162
f 11163 11162 11164
f 11165 11164 11166
f 11167 11166 11168
f 11169 11168 11170
f 11171 11170 11172
f 11173 11172 11174
f 11175 11174 11176
f 11177 11176 11178
f 11179 11178 11180
f 11181 11180 11182
f 11183 11182 11184
f 11185 11184 11186
f 11187 11186 11188
f 11189 11188 11190
f 11191 11190 11192
f 11193 11192 5087
f 11196 11195 11197
f 11198 11197 11199
f 11200 11199 11201
f 11202 11201 11203
f 11204 11203 11205
f 11206 11205 11207
f 11208 11207 11209
f 11210 11209 11211
f 11212 11211 11213
f 11214 11213 11215
f 11216 11215 11217
f 11218 11217 11219
f 11220 11219 11221
f 11222 11221 11223
f 11224 11223 11225
f 11226 11225 11227
f 11228 11227 11229
f 11230 11229 11231
f 11232 11231 11233
f 11234 11233 11235
f 11236 11235 11237
f 11238 11237 11239
f 11240 11239 11241
f 11242 11241 11243
f 11244 11243 11245
f 11246 11245 11247
f 11248 11247 11249
f 11250 11249 11251
f 11252 11251 11253
f 11254 11253 11255
f 11256 11255 11257
f 11258 11257 11259
f 11260 11259 11261
f 11262 11261 11263
f 11264 11263 11265
f 11266 11265 11267
f 11268 11267 11269
f 11270 11269 11271
f 11272 11271 11273
f 11274 11273 11275
f 11276 11275 11277
f 11278 11277 11279
f 11280 11279 11281
f 11282 11281 11283
f 11284 11283 11285
f 11286 11285 11287
f 11288 11287 11289
f 11290 11289 11291
f 11292 11291 5087
f 11295 11294 11296
f 11297 11296 11298
f 11299 11298 11300
f 11301 11300 11302
f 11303 11302 11304
f 11305 11304 11306
f 11307 11306 11308
f 11309 11308 11310
f 11311 11310 11312
f 11313 11312 11314
f 11315 11314 11316
f 11317 11316 11318
f 11319 11318 11320
f 11321 11320 11322
f 11323 11322 11324
f 11325 11324 11326
f 11327 11326 11328
f 11329 11328 11330
f 11331 11330 11332
f 11333 11332 11334
f 11335 11334 11336
f 11337 11336 11338
f 11339 11338 11340
f 11341 11340 11342
f 11343 11342 11344
f 11345 11344 11346
f 11347 11346 11348
f 11349 11348 11350
f 11351 11350 11352
f 11353 11352 11354
f 11355 11354 11356
f 11357 11356 11358
f 11359 11358 11360
f 11361 11360 11362
f 11363 11362 11364
f 11365 11364 11366
f 11367 11366 11368
f 11369 11368 11370
f 11371 11370 11372
f 11373 11372 11374
f 11375 11374 11376
f 11377 11376 11378
f 11379 11378 11380
f 11381 11380 11382
f 11383 11382 11384
f 11385 11384 11386
f 11387 11386 11388
f 11389 11388 11390
f 11391 11390 11392
f 11393 11392 11394
f 11395 11394 5087
f 11398 11397 11399
f 11400 11399 11401
f 11402 11401 11403
f 11404 11403 11405
f 11406 11405 11407
f 11408 11407 11409
f 11410 11409 11411
f 11412 11411 11413
f 11414 11413 11415
f 11416 11415 11417
f 11418 11417 11419
f 11420 11419 11421
f 11422 11421 11423
f 11424 11423 11425
f 11426 11425 11427
f 11428 11427 11429
f 11430 11429 11431
f 11432 11431 11433
f 11434 11433 11435
f 11436 11435 11437
f 11438 11437 11439
f 11440 11439 11441
f 11442 11441 11443
f 11444 11443 11445
f 11446 11445 11447
f 11448 11447 11449
f 11450 11449 11451
f 11452 11451 11453
f 11454 11453 11455
f 11456 11455 11457
f 11458 11457 11459
f 11460 11459 11461
f 11462 11461 11463
f 11464 11463 11465
f 11466 11465 11467
f 11468 11467 11469
f 11470 11469 11471
f 11472 11471 11473
f 11474 11473 11475
f 11476 11475 11477
f 11478 11477 11479
f 11480 11479 11481
f 11482 11481 11483
f 11484 11483 11485
f 11486 11485 11487
f 11488 11487 11489
f 11490 11489 11491
f 11492 11491 11493
f 11494 11493 11495
f 11496 11495 11497
f 11498 11497 11499
f 11500 11499 11501
f 11502 11501 5087
f 11505 11504 11506
f 11507 11506 11508
f 11509 11508 11510
f 11511 11510 11512
f 11513 11512 11514
f 11515 11514 11516
f 11517 11516 11518
f 11519 11518 11520
f 11521 11520 11522
f 11523 11522 11524
f 11525 11524 11526
f 11527 11526 11528
f 11529 11528 11530
f 11531 11530 11532
f 11533 11532 11534
f 11535 11534 11536
f 11537 11536 11538
f 11539 11538 11540
f 11541 11540 11542
f 11543 11542 11544
f 11545 11544 11546
f 11547 11546 11548
f 11549 11548 11550
f 11551 11550 11552
f 11553 11552 11554
f 11555 11554 11556
f 11557 11556 11558
f 11559 11558 11560
f 11561 11560 11562
f 11563 11562 11564
f 11565 11564 11566
f 11567 11566 11568
f 11569 11568 11570
f 11571 11570 11572
f 11573 11572 11574
f 11575 11574 11576
f 11577 11576 11578
f 11579 11578 11580
f 11581 11580 11582
f 11583 11582 11584
f 11585 11584 11586
f 11587 11586 11588
f 11589 11588 11590
f 11591 11590 11592
f 11593 11592 11594
f 11595 11594 11596
f 11597 11596 11598
f 11599 11598 11600
f 11601 11600 11602
f 11603 11602 11604
f 11605 11604 11606
f 11607 11606 11608
f 11609 11608 11610
f 11611 11610 11612
f 11613 11612 5087
f 11616 11615 11617
f 11618 11617 11619
f 11620 11619 11621
f 11622 11621 11623
f 11624 11623 11625
f 11626 11625 11627
f 11628 11627 11629
f 11630 11629 11631
f 11632 11631 11633
f 11634 11633 11635
f 11636 11635 11637
f 11638 11637 11639
f 11640 11639 11641
f 11642 11641 11643
f 11644 11643 11645
f 11646 11645 11647
f 11648 11647 11649
f 11650 11649 11651
f 11652 11651 11653
f 11654 11653 11655
f 11656 11655 11657
f 11658 11657 11659
f 11660 11659 11661
f 11662 11661 11663
f 11664 11663 11665
f 11666 11665 11667
f 11668 11667 11669
f 11670 11669 11671
f 11672 11671 11673
f 11674 11673 11675
f 11676 11675 11677
f 11678 11677 11679
f 11680 11679 11681
f 11682 11681 11683
f 11684 11683 11685
f 11686 11685 11687
f 11688 11687 11689
f 11690 11689 11691
f 11692 11691 11693
f 11694 11693 11695
f 11696 11695 11697
f 11698 11697 11699
f 11700 11699 11701
f 11702 11701 11703
f 11704 11703 11705
f 11706 11705 11707
f 11708 11707 11709
f 11710 11709 11711
f 11712 11711 11713
f 11714 11713 11715
f 11716 11715 11717
f 11718 11717 11719
f 11720 11719 11721
f 11722 11721 11723
f 11724 11723 11725
f 11726 11725 11727
f 11728 11727 5087
f 11731 11730 11732
f 11733 11732 11734
f 11735 11734 11736
f 11737 11736 11738
f 11739 11738 11740
f 11741 11740 11742
f 11743 11742 11744
f 11745 11744 11746
f 11747 11746 11748
f 11749 11748 11750
f 11751 11750 11752
f 11753 11752 11754
f 11755 11754 11756
f 11757 11756 11758
f 11759 11758 11760
f 11761 11760 11762
f 11763 11762 11764
f 11765 11764 11766
f 11767 11766 11768
f 11769 11768 11770
f 11771 11770 11772
f 11773 11772 11774
f 11775 11774 11776
f 11777 11776 11778
f 11779 11778 11780
f 11781 11780 11782
f 11783 11782 11784
f 11785 11784 11786
f 11787 11786 11788
f 11789 11788 11790
f 11791 11790 11792
f 11793 11792 11794
f 11795 11794 11796
f 11797 11796 11798
f 11799 11798 11800
f 11801 11800 11802
f 11803 11802 11804
f 11805 11804 11806
f 11807 11806 11808
f 11809 11808 11810
f 11811 11810 11812
f 11813 11812 11814
f 11815 11814 11816
f 11817 11816 11818
f 11819 11818 11820
f 11821 11820 11822
f 11823 11822 11824
f 11825 11824 11826
f 11827 11826 11828
f 11829 11828 11830
f 11831 11830 11832
f 11833 11832 11834
f 11835 11834 11836
f 11837 11836 11838
f 11839 11838 11840
f 11841 11840 11842
f 11843 11842 11844
f 11845 11844 11846
f 11847 11846 5087
f 11850 11849 11851
f 11852 11851 11853
f 11854 11853 11855
f 11856 11855 11857
f 11858 11857 11859
f 11860 11859 11861
f 11862 11861 11863
f 11864 11863 11865
f 11866 11865 11867
f 11868 11867 11869
f 11870 11869 11871
f 11872 11871 11873
f 11874 11873 11875
f 11876 11875 11877
f 11878 11877 11879
f 11880 11879 11881
f 11882 11881 11883
f 11884 11883 11885
f 11886 11885 11887
f 11888 11887 11889
f 11890 11889 11891
f 11892 11891 11893
f 11894 11893 11895
f 11896 11895 11897
f 11898 11897 11899
f 11900 11899 11901
f 11902 11901 11903
f 11904 11903 11905
f 11906 11905 11907
f 11908 11907 11909
f 11910 11909 11911
f 11912 11911 11913
f 11914 11913 11915
f 11916 11915 11917
f 11918 11917 11919
f 11920 11919 11921
f 11922 11921 11923
f 11924 11923 11925
f 11926 11925 11927
f 11928 11927 11929
f 11930 11929 11931
f 11932 11931 11933
f 11934 11933 11935
f 11936 11935 11937
f 11938 11937 11939
f 11940 11939 11941
f 11942 11941 11943
f 11944 11943 11945
f 11946 11945 11947
f 11948 11947 11949
f 11950 11949 11951
f 11952 11951 11953
f 11954 11953 11955
f 11956 11955 11957
f 11958 11957 11959
f 11960 11959 11961
f 11962 11961 11963
f 11964 11963 11965
f 11966 11965 11967
f 11968 11967 11969
f 11970 11969 5087
f 11972 11971 11973
f 11974 11973 11975
f 11976 11975 11977
f 11978 11977 11979
f 11980 11979 11981
f 11982 11981 11983
f 11984 11983 11985
f 11986 11985 11987
f 11988 11987 11989
f 11990 11989 11991
f 11992 11991 11993
f 11994 11993 11995
f 11996 11995 11997
f 11998 11997 11999
f 12000 11999 12001
f 12002 12001 12003
f 12004 12003 12005
f 12006 12005 12007
f 12008 12007 12009
f 12010 12009 12011
f 12012 12011 12013
f 12014 12013 12015
f 12016 12015 12017
f 12018 12017 12019
f 12020 12019 12021
f 12022 12021 12023
f 12024 12023 12025
f 12026 12025 12027
f 12028 12027 12029
f 12030 12029 12031
f 12032 12031 12033
f 12034 12033 12035
f 12036 12035 12037
f 12038 12037 12039
f 12040 12039 12041
f 12042 12041 12043
f 12044 12043 12045
f 12046 12045 12047
f 12048 12047 12049
f 12050 12049 12051
f 12052 12051 12053
f 12054 12053 12055
f 12056 12055 12057
f 12058 12057 12059
f 12060 12059 12061
f 12062 12061 12063
f 12064 12063 12065
f 12066 12065 12067
f 12068 12067 12069
f 12070 12069 12071
f 12072 12071 12073
f 12074 12073 12075
f 12076 12075 12077
f 12078 12077 12079
f 12080 12079 12081
f 12082 12081 12083
f 12084 12083 12085
f 12086 12085 12087
f 12088 12087 12089
f 12090 12089 12091
f 12092 12091 12093
f 12094 12093 12095
f 12096 12095 5087
f 12098 12097 12099
f 12100 12099 12101
f 12102 12101 12103
f 12104 12103 12105
f 12106 12105 12107
f 12108 12107 12109
f 12110 12109 12111
f 12112 12111 12113
f 12114 12113 12115
f 12116 12115 12117
f 12118 12117 12119
f 12120 12119 12121
f 12122 12121 12123
f 12124 12123 12125
f 12126 12125 12127
f 12128 12127 12129
f 12130 12129 12131
f 12132 12131 12133
f 12134 12133 12135
f 12136 12135 12137
f 12138 12137 12139
f 12140 12139 12141
f 12142 12141 12143
f 12144 12143 12145
f 12146 12145 12147
f 12148 12147 12149
f 12150 12149 12151
f 12152 12151 12153
f 12154 12153 12155
f 12156 12155 12157
f 12158 12157 12159
f 12160 12159 12161
f 12162 12161 12163
f 12164 12163 12165
f 12166 12165 12167
f 12168 12167 12169
f 12170 12169 12171
f 12172 12171 12173
f 12174 12173 12175
f 12176 12175 12177
f 12178 12177 12179
f 12180 12179 12181
f 12182 12181 12183
f 12184 12183 12185
f 12186 12185 12187
f 12188 12187 12189
f 12190 12189 12191
f 12192 12191 12193
f 12194 12193 12195
f 12196 12195 12197
f 12198 12197 12199
f 12200 12199 12201
f 12202 12201 12203
f 12204 12203 12205
f 12206 12205 12207
f 12208 12207 12209
f 12210 12209 12211
f 12212 12211 12213
f 12214 12213 12215
f 12216 12215 12217
f 12218 12217 12219
f 12220 12219 12221
f 12222 12221 5087
f 12224 12223 12225
f 12226 12225 12227
f 12228 12227 12229
f 12230 12229 12231
f 12232 12231 12233
f 12234 12233 12235
f 12236 12235 12237
f 12238 12237 12239
f 12240 12239 12241
f 12242 12241 12243
f 12244 12243 12245
f 12246 12245 12247
f 12248 12247 12249
f 12250 12249 12251
f 12252 12251 12253
f 12254 12253 12255
f 12256 12255 12257
f 12258 12257 12259
f 12260 12259 12261
f 12262 12261 12263
f 12264 12263 12265
f 12266 12265 12267
f 12268 12267 12269
f 12270 12269 12271
f 12272 12271 12273
f 12274 12273 12275
f 12276 12275 12277
f 12278 12277 12279
f 12280 12279 12281
f 12282 12281 12283
f 12284 12283 12285
f 12286 12285 12287
f 12288 12287 12289
f 12290 12289 12291
f 12292 12291 12293
f 12294 12293 12295
f 12296 12295 12297
f 12298 12297 12299
f 12300 12299 12301
f 12302 12301 12303
f 12304 12303 12305
f 12306 12305 12307
f 12308 12307 12309
f 12310 12309 12311
f 12312 12311 12313
f 12314 12313 12315
f 12316 12315 12317
f 12318 12317 12319
f 12320 12319 12321
f 12322 12321 12323
f 12324 12323 12325
f 12326 12325 12327
f 12328 12327 12329
f 12330 12329 12331
f 12332 12331 12333
f 12334 12333 12335
f 12336 12335 12337
f 12338 12337 12339
f 12340 12339 12341
f 12342 12341 12343
f 12344 12343 12345
f 12346 12345 12347
f 12348 12347 5087
f 12350 12349 12351
f 12352 12351 12353
f 12354 12353 12355
f 12356 12355 12357
f 12358 12357 12359
f 12360 12359 12361
f 12362 12361 12363
f 12364 12363 12365
f 12366 12365 12367
f 12368 12367 12369
f 12370 12369 12371
f 12372 12371 12373
f 12374 12373 12375
f 12376 12375 12377
f 12378 12377 12379
f 12380 12379 12381
f 12382 12381 12383
f 12384 12383 12385
f 12386 12385 12387
f 12388 12387 12389
f 12390 12389 12391
f 12392 12391 12393
f 12394 12393 12395
f 12396 12395 12397
f 12398 12397 12399
f 12400 12399 12401
f 12402 12401 12403
f 12404 12403 12405
f 12406 12405 12407
f 12408 12407 12409
f 12410 12409 12411
f 12412 12411 12413
f 12414 12413 12415
f 12416 12415 12417
f 12418 12417 12419
f 12420 12419 12421
f 12422 12421 12423
f 12424 12423 12425
f 12426 12425 12427
f 12428 12427 12429
f 12430 12429 12431
f 12432 12431 12433
f 12434 12433 12435
f 12436 12435 12437
f 12438 12437 12439
f 12440 12439 12441
f 12442 12441 12443
f 12444 12443 12445
f 12446 12445 12447
f 12448 12447 12449
f 12450 12449 12451
f 12452 12451 12453
f 12454 12453 12455
f 12456 12455 12457
f 12458 12457 12459
f 12460 12459 12461
f 12462 12461 12463
f 12464 12463 12465
f 12466 12465 12467
f 12468 12467 12469
f 12470 12469 12471
f 5085 12471 5089
f 12473 12472 12474
f 12475 12474 12476
f 12477 12476 12478
f 12479 12478 12480
f 12481 12480 12482
f 12483 12482 12484
f 12485 12484 12486
f 12487 12486 12488
f 12489 12488 12490
f 12491 12490 12492
f 12493 12492 12494
f 12495 12494 12496
f 12497 12496 12498
f 12499 12498 12500
f 12501 12500 12502
f 12503 12502 12504
f 12505 12504 12506
f 12507 12506 12508
f 12509 12508 12510
f 12511 12510 12512
f 12513 12512 12514
f 12515 12514 12516
f 12517 12516 12518
f 12519 12518 12520
f 12521 12520 12522
f 12523 12522 12524
f 12525 12524 12526
f 12527 12526 12528
f 12529 12528 12530
f 12531 12530 12532
f 12533 12532 12534
f 12535 12534 12536
f 12537 12536 12538
f 12539 12538 12540
f 12541 12540 12542
f 12543 12542 12544
f 12545 12544 12546
f 12547 12546 12548
f 12549 12548 12550
f 12551 12550 12552
f 12553 12552 12554
f 12555 12554 12556
f 12557 12556 12558
f 12559 12558 12560
f 12561 12560 12562
f 12563 12562 12564
f 12565 12564 12566
f 12567 12566 12568
f 12569 12568 12570
f 12571 12570 12572
f 12573 12572 12574
f 12575 12574 12576
f 12577 12576 12578
f 12579 12578 12580
f 12581 12580 12582
f 12583 12582 12584
f 12585 12584 12586
f 12587 12586 12588
f 9749 12588 12589
f 5092 12589 5090
f 12591 12590 12592
f 12593 12592 12594
f 12595 12594 12596
f 12597 12596 12598
f 12599 12598 12600
f 12601 12600 12602
f 12603 12602 12604
f 12605 12604 12606
f 12607 12606 12608
f 12609 12608 12610
f 12611 12610 12612
f 12613 12612 12614
f 12615 12614 12616
f 12617 12616 12618
f 12619 12618 12620
f 12621 12620 12622
f 12623 12622 12624
f 12625 12624 12626
f 12627 12626 12628
f 12629 12628 12630
f 12631 12630 12632
f 12633 12632 12634
f 12635 12634 12636
f 12637 12636 12638
f 12639 12638 12640
f 12641 12640 12642
f 12643 12642 12644
f 12645 12644 12646
f 12647 12646 12648
f 12649 12648 12650
f 12651 12650 12652
f 12653 12652 12654
f 12655 12654 12656
f 12657 12656 12658
f 12659 12658 12660
f 12661 12660 12662
f 12663 12662 12664
f 12665 12664 12666
f 12667 12666 12668
f 12669 12668 12670
f 12671 12670 12672
f 12673 12672 12674
f 12675 12674 12676
f 12677 12676 12678
f 12679 12678 12680
f 12681 12680 12682
f 12683 12682 12684
f 12685 12684 12686
f 12687 12686 12688
f 12689 12688 12690
f 12691 12690 12692
f 12693 12692 12694
f 12695 12694 12696
f 12697 12696 12698
f 12699 12698 12700
f 12701 12700 12702
f 9750 12702 12703
f 5062 12704 12705
f 12705 12706 12707
f 12707 12708 12709
f 12709 12710 12711
f 12711 12712 12713
f 12713 12714 12715
f 12715 12716 12717
f 12717 12718 12719
f 12719 12720 12721
f 12721 12722 12723
f 12723 12724 12725
f 12725 12726 12727
f 12727 12728 12729
f 12729 12730 12731
f 12731 12732 12733
f 12733 12734 12735
f 12735 12736 12737
f 12737 12738 12739
f 12739 12740 12741
f 12741 12742 12743
f 12743 12744 12745
f 12745 12746 12747
f 12747 12748 12749
f 12749 12750 12751
f 12751 12752 12753
f 12753 12754 12755
f 12755 12756 12757
f 12757 12758 12759
f 12759 12760 12761
f 12761 12762 12763
f 12763 12764 12765
f 12765 12766 12767
f 12767 12768 12769
f 12769 12770 12771
f 12771 12772 12773
f 12773 12774 12775
f 12775 12776 12777
f 12777 12778 12779
f 12779 12780 12781
f 12781 12782 12783
f 12783 12784 12785
f 12785 12786 12787
f 12787 12788 12789
f 12789 12790 12791
f 12791 12792 12793
f 12793 12794 12795
f 12795 12796 12797
f 12797 12798 12799
f 12799 12800 12801
f 12801 12802 12803
f 12803 12804 12805
f 12805 12806 12807
f 12807 12808 12809
f 12809 12810 12811
f 12811 12812 12813
f 12813 12814 5103
f 5062 12815 12816
f 12816 12817 12818
f 12818 12819 12820
f 12820 12821 12822
f 12822 12823 12824
f 12824 12825 12826
f 12826 12827 12828
f 12828 12829 12830
f 12830 12831 12832
f 12832 12833 12834
f 12834 12835 12836
f 12836 12837 12838
f 12838 12839 12840
f 12840 12841 12842
f 12842 12843 12844
f 12844 12845 12846
f 12846 12847 12848
f 12848 12849 12850
f 12850 12851 12852
f 12852 12853 12854
f 12854 12855 12856
f 12856 12857 12858
f 12858 12859 12860
f 12860 12861 12862
f 12862 12863 12864
f 12864 12865 12866
f 12866 12867 12868
f 12868 12869 12870
f 12870 12871 12872
f 12872 12873 12874
f 12874 12875 12876
f 12876 12877 12878
f 12878 12879 12880
f 12880 12881 12882
f 12882 12883 12884
f 12884 12885 12886
f 12886 12887 12888
f 12888 12889 12890
f 12890 12891 12892
f 12892 12893 12894
f 12894 12895 12896
f 12896 12897 12898
f 12898 12899 12900
f 12900 12901 12902
f 12902 12903 12904
f 12904 12905 12906
f 12906 12907 12908
f 12908 12909 12910
f 12910 12911 12912
f 12912 12913 12914
f 12914 12915 12916
f 12916 12917 12918
f 12918 12919 9751
f 9751 12920 5105
f 12922 12921 12923
f 12924 12923 12925
f 12926 12925 12927
f 12928 12927 12929
f 12930 12929 12931
f 12932 12931 12933
f 12934 12933 12935
f 12936 12935 12937
f 12938 12937 12939
f 12940 12939 12941
f 12942 12941 12943
f 12944 12943 12945
f 12946 12945 12947
f 12948 12947 12949
f 12950 12949 12951
f 12952 12951 12953
f 12954 12953 12955
f 12956 12955 12957
f 12958 12957 12959
f 12960 12959 12961
f 12962 12961 12963
f 12964 12963 12965
f 12966 12965 12967
f 12968 12967 12969
f 12970 12969 12971
f 12972 12971 12973
f 12974 12973 12975
f 12976 12975 12977
f 12978 12977 12979
f 12980 12979 12981
f 12982 12981 12983
f 12984 12983 12985
f 12986 12985 12987
f 12988 12987 12989
f 12990 12989 12991
f 12992 12991 12993
f 12994 12993 12995
f 12996 12995 12997
f 12998 12997 12999
f 13000 12999 13001
f 13002 13001 13003
f 13004 13003 13005
f 13006 13005 13007
f 13008 13007 13009
f 13010 13009 13011
f 13012 13011 13013
f 13014 13013 13015
f 13016 13015 13017
f 13018 13017 13019
f 13020 13019 13021
f 9752 13021 13022
f 5062 13023 13024
f 13024 13025 13026
f 13026 13027 13028
f 13028 13029 13030
f 13030 13031 13032
f 13032 13033 13034
f 13034 13035 13036
f 13036 13037 13038
f 13038 13039 13040
f 13040 13041 13042
f 13042 13043 13044
f 13044 13045 13046
f 13046 13047 13048
f 13048 13049 13050
f 13050 13051 13052
f 13052 13053 13054
f 13054 13055 13056
f 13056 13057 13058
f 13058 13059 13060
f 13060 13061 13062
f 13062 13063 13064
f 13064 13065 13066
f 13066 13067 13068
f 13068 13069 13070
f 13070 13071 13072
f 13072 13073 13074
f 13074 13075 13076
f 13076 13077 13078
f 13078 13079 13080
f 13080 13081 13082
f 13082 13083 13084
f 13084 13085 13086
f 13086 13087 13088
f 13088 13089 13090
f 13090 13091 13092
f 13092 13093 13094
f 13094 13095 13096
f 13096 13097 13098
f 13098 13099 13100
f 13100 13101 13102
f 13102 13103 13104
f 13104 13105 13106
f 13106 13107 13108
f 13108 13109 13110
f 13110 13111 13112
f 13112 13113 13114
f 13114 13115 13116
f 13116 13117 13118
f 13118 13119 9753
f 9753 13120 5115
f 13122 13121 13123
f 13124 13123 13125
f 13126 13125 13127
f 13128 13127 13129
f 13130 13129 13131
f 13132 13131 13133
f 13134 13133 13135
f 13136 13135 13137
f 13138 13137 13139
f 13140 13139 13141
f 13142 13141 13143
f 13144 13143 13145
f 13146 13145 13147
f 13148 13147 13149
f 13150 13149 13151
f 13152 13151 13153
f 13154 13153 13155
f 13156 13155 13157
f 13158 13157 13159
f 13160 13159 13161
f 13162 13161 13163
f 13164 13163 13165
f 13166 13165 13167
f 13168 13167 13169
f 13170 13169 13171
f 13172 13171 13173
f 13174 13173 13175
f 13176 13175 13177
f 13178 13177 13179
f 13180 13179 13181
f 13182 13181 13183
f 13184 13183 13185
f 13186 13185 13187
f 13188 13187 13189
f 13190 13189 13191
f 13192 13191 13193
f 13194 13193 13195
f 13196 13195 13197
f 13198 13197 13199
f 13200 13199 13201
f 13202 13201 13203
f 13204 13203 13205
f 13206 13205 13207
f 13208 13207 13209
f 13210 13209 13211
f 13212 13211 13213
f 9754 13213 13214
f 5062 13215 13216
f 13216 13217 13218
f 13218 13219 13220
f 13220 13221 13222
f 13222 13223 13224
f 13224 13225 13226
f 13226 13227 13228
f 13228 13229 13230
f 13230 13231 13232
f 13232 13233 13234
f 13234 13235 13236
f 13236 13237 13238
f 13238 13239 13240
f 13240 13241 13242
f 13242 13243 13244
f 13244 13245 13246
f 13246 13247 13248
f 13248 13249 13250
f 13250 13251 13252
f 13252 13253 13254
f 13254 13255 13256
f 13256 13257 13258
f 13258 13259 13260
f 13260 13261 13262
f 13262 13263 13264
f 13264 13265 13266
f 13266 13267 13268
f 13268 13269 13270
f 13270 13271 13272
f 13272 13273 13274
f 13274 13275 13276
f 13276 13277 13278
f 13278 13279 13280
f 13280 13281 13282
f 13282 13283 13284
f 13284 13285 13286
f 13286 13287 13288
f 13288 13289 13290
f 13290 13291 13292
f 13292 13293 13294
f 13294 13295 13296
f 13296 13297 13298
f 13298 13299 13300
f 13300 13301 13302
f 13302 13303 9755
f 9755 13304 5126
f 5062 13305 13306
f 13306 13307 13308
f 13308 13309 13310
f 13310 13311 13312
f 13312 13313 13314
f 13314 13315 13316
f 13316 13317 13318
f 13318 13319 13320
f 13320 13321 13322
f 13322 13323 13324
f 13324 13325 13326
f 13326 13327 13328
f 13328 13329 13330
f 13330 13331 13332
f 13332 13333 13334
f 13334 13335 13336
f 13336 13337 13338
f 13338 13339 13340
f 13340 13341 13342
f 13342 13343 13344
f 13344 13345 13346
f 13346 13347 13348
f 13348 13349 13350
f 13350 13351 13352
f 13352 13353 13354
f 13354 13355 13356
f 13356 13357 13358
f 13358 13359 13360
f 13360 13361 13362
f 13362 13363 13364
f 13364 13365 13366
f 13366 13367 13368
f 13368 13369 13370
f 13370 13371 13372
f 13372 13373 13374
f 13374 13375 13376
f 13376 13377 13378
f 13378 13379 13380
f 13380 13381 13382
f 13382 13383 13384
f 13384 13385 13386
f 13386 13387 13388
f 13388 13389 9756
f 9756 13390 5128
f 5062 13391 13392
f 13392 13393 13394
f 13394 13395 13396
f 13396 13397 13398
f 13398 13399 13400
f 13400 13401 13402
f 13402 13403 13404
f 13404 13405 13406
f 13406 13407 13408
f 13408 13409 13410
f 13410 13411 13412
f 13412 13413 13414
f 13414 13415 13416
f 13416 13417 13418
f 13418 13419 13420
f 13420 13421 13422
f 13422 13423 13424
f 13424 13425 13426
f 13426 13427 13428
f 13428 13429 13430
f 13430 13431 13432
f 13432 13433 13434
f 13434 13435 13436
f 13436 13437 13438
f 13438 13439 13440
f 13440 13441 13442
f 13442 13443 13444
f 13444 13445 13446
f 13446 13447 13448
f 13448 13449 13450
f 13450 13451 13452
f 13452 13453 13454
f 13454 13455 13456
f 13456 13457 13458
f 13458 13459 13460
f 13460 13461 13462
f 13462 13463 13464
f 13464 13465 13466
f 13466 13467 13468
f 13468 13469 13470
f 13470 13471 13472
f 13472 13473 5131
f 5062 13474 13475
f 13475 13476 13477
f 13477 13478 13479
f 13479 13480 13481
f 13481 13482 13483
f 13483 13484 13485
f 13485 13486 13487
f 13487 13488 13489
f 13489 13490 13491
f 13491 13492 13493
f 13493 13494 13495
f 13495 13496 13497
f 13497 13498 13499
f 13499 13500 13501
f 13501 13502 13503
f 13503 13504 13505
f 13505 13506 13507
f 13507 13508 13509
f 13509 13510 13511
f 13511 13512 13513
f 13513 13514 13515
f 13515 13516 13517
f 13517 13518 13519
f 13519 13520 13521
f 13521 13522 13523
f 13523 13524 13525
f 13525 13526 13527
f 13527 13528 13529
f 13529 13530 13531
f 13531 13532 13533
f 13533 13534 13535
f 13535 13536 13537
f 13537 13538 13539
f 13539 13540 13541
f 13541 13542 13543
f 13543 13544 13545
f 13545 13546 13547
f 13547 13548 13549
f 13549 13550 9757
f 9757 13551 5137
f 5062 13552 13553
f 13553 13554 13555
f 13555 13556 13557
f 13557 13558 13559
f 13559 13560 13561
f 13561 13562 13563
f 13563 13564 13565
f 13565 13566 13567
f 13567 13568 13569
f 13569 13570 13571
f 13571 13572 13573
f 13573 13574 13575
f 13575 13576 13577
f 13577 13578 13579
f 13579 13580 13581
f 13581 13582 13583
f 13583 13584 13585
f 13585 13586 13587
f 13587 13588 13589
f 13589 13590 13591
f 13591 13592 13593
f 13593 13594 13595
f 13595 13596 13597
f 13597 13598 13599
f 13599 13600 13601
f 13601 13602 13603
f 13603 13604 13605
f 13605 13606 13607
f 13607 13608 13609
f 13609 13610 13611
f 13611 13612 13613
f 13613 13614 13615
f 13615 13616 13617
f 13617 13618 13619
f 13619 13620 13621
f 13621 13622 13623
f 13623 13624 13625
f 13625 13626 5143
f 5062 13627 13628
f 13628 13629 13630
f 13630 13631 13632
f 13632 13633 13634
f 13634 13635 13636
f 13636 13637 13638
f 13638 13639 13640
f 13640 13641 13642
f 13642 13643 13644
f 13644 13645 13646
f 13646 13647 13648
f 13648 13649 13650
f 13650 13651 13652
f 13652 13653 13654
f 13654 13655 13656
f 13656 13657 13658
f 13658 13659 13660
f 13660 13661 13662
f 13662 13663 13664
f 13664 13665 13666
f 13666 13667 13668
f 13668 13669 13670
f 13670 13671 13672
f 13672 13673 13674
f 13674 13675 13676
f 13676 13677 13678
f 13678 13679 13680
f 13680 13681 13682
f 13682 13683 13684
f 13684 13685 13686
f 13686 13687 13688
f 13688 13689 13690
f 13690 13691 13692
f 13692 13693 13694
f 13694 13695 13696
f 13696 13697 5147
f 5062 13698 13699
f 13699 13700 13701
f 13701 13702 13703
f 13703 13704 13705
f 13705 13706 13707
f 13707 13708 13709
f 13709 13710 13711
f 13711 13712 13713
f 13713 13714 13715
f 13715 13716 13717
f 13717 13718 13719
f 13719 13720 13721
f 13721 13722 13723
f 13723 13724 13725
f 13725 13726 13727
f 13727 13728 13729
f 13729 13730 13731
f 13731 13732 13733
f 13733 13734 13735
f 13735 13736 13737
f 13737 13738 13739
f 13739 13740 13741
f 13741 13742 13743
f 13743 13744 13745
f 13745 13746 13747
f 13747 13748 13749
f 13749 13750 13751
f 13751 13752 13753
f 13753 13754 13755
f 13755 13756 13757
f 13757 13758 13759
f 13759 13760 13761
f 13761 13762 9758
f 9758 13763 5150
f 5062 13764 13765
f 13765 13766 13767
f 13767 13768 13769
f 13769 13770 13771
f 13771 13772 13773
f 13775 9744 13776
f 13776 9743 13777
f 13779 13778 13780
f 13781 13780 13782
f 13783 13782 13784
f 13785 13784 13786
f 13787 13786 13788
f 13789 13788 13790
f 13791 13790 13792
f 13793 13792 13794
f 13795 13794 9763
f 5202 9763 5197
f 13797 13796 13798
f 13799 13798 13800
f 13801 13800 13802
f 13803 13802 13804
f 13805 13804 13806
f 13807 13806 13808
f 13809 13808 13810
f 13811 13810 13812
f 13813 13812 13814
f 13815 13814 13816
f 13817 13816 13818
f 13819 13818 13820
f 13821 13820 9761
f 5195 9761 5190
f 13823 13822 13824
f 13825 13824 13826
f 13827 13826 13828
f 13829 13828 13830
f 13831 13830 13832
f 13833 13832 13834
f 13835 13834 13836
f 13837 13836 13838
f 13839 13838 13840
f 13841 13840 13842
f 13843 13842 9762
f 5199 9762 5076
f 13845 13844 13846
f 13847 13846 13848
f 13849 13848 13850
f 13851 13850 13852
f 13853 13852 13854
f 13855 13854 13856
f 13857 13856 13858
f 5206 13858 5204
f 9746 9745 9744
f 9748 9744 13775
f 5206 5207 13857
f 13857 13774 13855
f 13855 13772 13853
f 13853 13770 13851
f 13851 13768 13849
f 13849 13766 13847
f 13847 13764 13845
f 13773 13777 13771
f 13771 9743 13769
f 13769 9745 13767
f 13767 9747 13765
f 5199 5198 13843
f 13843 9763 13841
f 13841 13794 13839
f 13839 13792 13837
f 13837 13790 13835
f 13835 13788 13833
f 13833 13786 13831
f 13831 13784 13829
f 13829 13782 13827
f 13827 13780 13825
f 13825 13778 13823
f 5062 13860 13796
f 13796 13861 13798
f 13798 13862 13800
f 13800 13863 13802
f 13802 13864 13804
f 13804 13865 13806
f 13806 13866 13808
f 13808 13867 13810
f 13810 13868 13812
f 13812 13869 13814
f 13814 13870 13816
f 13816 13871 13818
f 13818 13872 13820
f 13820 13873 9761
f 9761 13874 5191
f 5195 5196 13821
f 13821 9762 13819
f 13819 13842 13817
f 13817 13840 13815
f 13815 13838 13813
f 13813 13836 13811
f 13811 13834 13809
f 13809 13832 13807
f 13807 13830 13805
f 13805 13828 13803
f 13803 13826 13801
f 13801 13824 13799
f 13799 13822 13797
f 5202 5204 13795
f 13795 13858 13793
f 13793 13856 13791
f 13791 13854 13789
f 13789 13852 13787
f 13787 13850 13785
f 13785 13848 13783
f 13783 13846 13781
f 13781 13844 13779
f 5062 13875 13860
f 13860 13876 13861
f 13861 13877 13862
f 13862 13878 13863
f 13863 13879 13864
f 13864 13880 13865
f 13865 13881 13866
f 13866 13882 13867
f 13867 13883 13868
f 13868 13884 13869
f 13869 13885 13870
f 13870 13886 13871
f 13871 13887 13872
f 13872 13888 13873
f 13873 13889 13874
f 13874 9760 5192
f 5062 13890 13891
f 13891 13892 13893
f 13893 13894 13895
f 13895 13896 13897
f 13897 13898 13899
f 13899 13900 13901
f 13901 13902 13903
f 13903 13904 13905
f 13905 13906 13907
f 13907 13908 13909
f 13909 13910 13911
f 13911 13912 13913
f 13913 13914 13915
f 13915 13916 13917
f 13917 13918 13919
f 13919 13920 13921
f 13921 13922 13923
f 13923 9759 5188
f 5062 13924 13925
f 13925 13926 13927
f 13927 13928 13929
f 13929 13930 13931
f 13931 13932 13933
f 13933 13934 13935
f 13935 13936 13937
f 13937 13938 13939
f 13939 13940 13941
f 13941 13942 13943
f 13943 13944 13945
f 13945 13946 13947
f 13947 13948 13949
f 13949 13950 13951
f 13951 13952 13953
f 13953 13954 13955
f 13955 13956 13957
f 13957 13958 13959
f 13959 13960 13961
f 13961 13962 13963
f 13963 13964 13965
f 5062 13967 13968
f 13968 13969 13970
f 13970 13971 13972
f 13972 13973 13974
f 13974 13975 13976
f 13976 13977 13978
f 13978 13979 13980
f 13980 13981 13982
f 13982 13983 13984
f 13984 13985 13986
f 13986 13987 13988
f 13988 13989 13990
f 13990 13991 13992
f 13992 13993 13994
f 13994 13995 13996
f 13996 13997 13998
f 13998 13999 14000
f 14000 14001 14002
f 14002 14003 14004
f 5062 14005 14006
f 14006 14007 14008
f 14008 14009 14010
f 14010 14011 14012
f 14012 14013 14014
f 14014 14015 14016
f 14016 14017 14018
f 14018 14019 14020
f 14020 14021 14022
f 14022 14023 14024
f 14024 14025 14026
f 14026 14027 14028
f 14028 14029 14030
f 14030 14031 14032
f 14032 14033 14034
f 14034 14035 14036
f 14036 14037 14038
f 14038 14039 14040
f 14040 14041 14042
f 14042 14043 14044
f 14044 14045 14046
f 14046 14047 14048
f 14048 14049 14050
f 14050 14051 14052
f 14052 14053 14054
f 5062 14056 14057
f 14057 14058 14059
f 14059 14060 14061
f 14061 14062 14063
f 14063 14064 14065
f 14065 14066 14067
f 14067 14068 14069
f 14069 14070 14071
f 14071 14072 14073
f 14073 14074 14075
f 14075 14076 14077
f 14077 14078 14079
f 14079 14080 14081
f 14081 14082 14083
f 14083 14084 14085
f 14085 14086 14087
f 14087 14088 14089
f 14089 14090 14091
f 14091 14092 14093
f 14093 14094 14095
f 14095 14096 14097
f 14097 14098 14099
f 14099 14100 14101
f 14101 14102 14103
f 14103 14104 14105
f 14105 14106 14107
f 14107 14108 14109
f 14109 14110 14111
f 14111 14112 14113
f 5062 14115 14116
f 14116 14117 14118
f 14118 14119 14120
f 14120 14121 14122
f 14122 14123 14124
f 14124 14125 14126
f 14126 14127 14128
f 14128 14129 14130
f 14130 14131 14132
f 14132 14133 14134
f 14134 14135 14136
f 14136 14137 14138
f 14138 14139 14140
f 14140 14141 14142
f 14142 14143 14144
f 14144 14145 14146
f 14146 14147 14148
f 14148 14149 14150
f 14150 14151 14152
f 14152 14153 14154
f 14154 14155 14156
f 14156 14157 14158
f 14158 14159 14160
f 14160 14161 14162
f 14162 14163 14164
f 14164 14165 14166
f 14166 14167 14168
f 5062 14170 14171
f 14171 14172 14173
f 14173 14174 14175
f 14175 14176 14177
f 14177 14178 14179
f 14179 14180 14181
f 14181 14182 14183
f 14183 14184 14185
f 14185 14186 14187
f 14187 14188 14189
f 14189 14190 14191
f 14191 14192 14193
f 14193 14194 14195
f 14195 14196 14197
f 14197 14198 14199
f 14199 14200 14201
f 14201 14202 14203
f 14203 14204 14205
f 14205 14206 14207
f 14207 14208 14209
f 14209 14210 14211
f 14211 14212 14213
f 14213 14214 14215
f 5179 5181 9764
f 9764 5183 14004
f 14004 9759 14002
f 14002 13922 14000
f 14000 13920 13998
f 13998 13918 13996
f 13996 13916 13994
f 13994 13914 13992
f 13992 13912 13990
f 13990 13910 13988
f 13988 13908 13986
f 13986 13906 13984
f 13984 13904 13982
f 13982 13902 13980
f 13980 13900 13978
f 13978 13898 13976
f 13976 13896 13974
f 13974 13894 13972
f 13972 13892 13970
f 13970 13890 13968
f 14215 13966 14213
f 14213 13964 14211
f 14211 13962 14209
f 14209 13960 14207
f 14207 13958 14205
f 14205 13956 14203
f 14203 13954 14201
f 14201 13952 14199
f 14199 13950 14197
f 14197 13948 14195
f 14195 13946 14193
f 14193 13944 14191
f 14191 13942 14189
f 14189 13940 14187
f 14187 13938 14185
f 14185 13936 14183
f 14183 13934 14181
f 14181 13932 14179
f 14179 13930 14177
f 14177 13928 14175
f 14175 13926 14173
f 14173 13924 14171
f 5170 5172 9765
f 9765 5174 14215
f 14215 5176 13966
f 13966 5178 13965
f 13965 9764 13963
f 13963 14003 13961
f 13961 14001 13959
f 13959 13999 13957
f 13957 13997 13955
f 13955 13995 13953
f 13953 13993 13951
f 13951 13991 13949
f 13949 13989 13947
f 13947 13987 13945
f 13945 13985 13943
f 13943 13983 13941
f 13941 13981 13939
f 13939 13979 13937
f 13937 13977 13935
f 13935 13975 13933
f 13933 13973 13931
f 13931 13971 13929
f 13929 13969 13927
f 13927 13967 13925
f 14168 14055 14166
f 14166 14053 14164
f 14164 14051 14162
f 14162 14049 14160
f 14160 14047 14158
f 14158 14045 14156
f 14156 14043 14154
f 14154 14041 14152
f 14152 14039 14150
f 14150 14037 14148
f 14148 14035 14146
f 14146 14033 14144
f 14144 14031 14142
f 14142 14029 14140
f 14140 14027 14138
f 14138 14025 14136
f 14136 14023 14134
f 14134 14021 14132
f 14132 14019 14130
f 14130 14017 14128
f 14128 14015 14126
f 14126 14013 14124
f 14124 14011 14122
f 14122 14009 14120
f 14120 14007 14118
f 14118 14005 14116
f 5062 14216 14056
f 14056 14217 14058
f 14058 14218 14060
f 14060 14219 14062
f 14062 14220 14064
f 14064 14221 14066
f 14066 14222 14068
f 14068 14223 14070
f 14070 14224 14072
f 14072 14225 14074
f 14074 14226 14076
f 14076 14227 14078
f 14078 14228 14080
f 14080 14229 14082
f 14082 14230 14084
f 14084 14231 14086
f 14086 14232 14088
f 14088 14233 14090
f 14090 14234 14092
f 14092 14235 14094
f 14094 14236 14096
f 14096 14237 14098
f 14098 14238 14100
f 14100 14239 14102
f 14102 14240 14104
f 14104 14241 14106
f 14106 14242 14108
f 14108 14243 14110
f 14110 14244 14112
f 14112 14245 14114
f 14114 14246 5157
f 14113 14169 14111
f 14111 14167 14109
f 14109 14165 14107
f 14107 14163 14105
f 14105 14161 14103
f 14103 14159 14101
f 14101 14157 14099
f 14099 14155 14097
f 14097 14153 14095
f 14095 14151 14093
f 14093 14149 14091
f 14091 14147 14089
f 14089 14145 14087
f 14087 14143 14085
f 14085 14141 14083
f 14083 14139 14081
f 14081 14137 14079
f 14079 14135 14077
f 14077 14133 14075
f 14075 14131 14073
f 14073 14129 14071
f 14071 14127 14069
f 14069 14125 14067
f 14067 14123 14065
f 14065 14121 14063
f 14063 14119 14061
f 14061 14117 14059
f 14059 14115 14057
f 5157 5159 14114
f 14114 5161 14113
f 14113 5163 14169
f 14169 5165 14168
f 14168 5167 14055
f 14055 5169 14054
f 14054 9765 14052
f 14052 14214 14050
f 14050 14212 14048
f 14048 14210 14046
f 14046 14208 14044
f 14044 14206 14042
f 14042 14204 14040
f 14040 14202 14038
f 14038 14200 14036
f 14036 14198 14034
f 14034 14196 14032
f 14032 14194 14030
f 14030 14192 14028
f 14028 14190 14026
f 14026 14188 14024
f 14024 14186 14022
f 14022 14184 14020
f 14020 14182 14018
f 14018 14180 14016
f 14016 14178 14014
f 14014 14176 14012
f 14012 14174 14010
f 14010 14172 14008
f 14008 14170 14006
f 5062 14247 14216
f 14216 14248 14217
f 14217 14249 14218
f 14218 14250 14219
f 14219 14251 14220
f 14220 14252 14221
f 14221 14253 14222
f 14222 14254 14223
f 14223 14255 14224
f 14224 14256 14225
f 14225 14257 14226
f 14226 14258 14227
f 14227 14259 14228
f 14228 14260 14229
f 14229 14261 14230
f 14230 14262 14231
f 14231 14263 14232
f 14232 14264 14233
f 14233 14265 14234
f 14234 14266 14235
f 14235 14267 14236
f 14236 14268 14237
f 14237 14269 14238
f 14238 14270 14239
f 14239 14271 14240
f 14240 14272 14241
f 14241 14273 14242
f 14242 14274 14243
f 14243 14275 14244
f 14244 14276 14245
f 14245 14277 14246
f 14246 14278 5156
f 5188 5189 13923
f 13923 9760 13921
f 13921 13889 13919
f 13919 13888 13917
f 13917 13887 13915
f 13915 13886 13913
f 13913 13885 13911
f 13911 13884 13909
f 13909 13883 13907
f 13907 13882 13905
f 13905 13881 13903
f 13903 13880 13901
f 13901 13879 13899
f 13899 13878 13897
f 13897 13877 13895
f 13895 13876 13893
f 13893 13875 13891
f 9679 9471 10377
f 10377 9470 10422
f 10422 5050 10420
f 10420 5049 10418
f 10418 9632 10416
f 10416 9578 10414
f 10414 9579 10412
f 10412 9710 10410
f 10410 9742 10408
f 10408 9223 9772
f 9772 9224 9157
f 10379 10545 10544
f 10380 10544 10543
f 10381 10543 10542
f 10382 10542 10541
f 10383 10541 10540
f 10384 10540 10539
f 10385 10539 10538
f 10386 10538 10537
f 10387 10537 10536
f 10388 10536 10535
f 10389 10535 10534
f 10390 10534 10533
f 10391 10533 10532
f 10392 10532 10531
f 10393 10531 10530
f 10394 10530 10529
f 10395 10529 10528
f 10396 10528 10527
f 10397 10527 10526
f 10398 10526 10525
f 10399 10525 10524
f 10400 10524 10523
f 10401 10523 10522
f 10402 10522 10521
f 10403 10521 10520
f 10404 10520 10519
f 10405 10519 10518
f 10406 10518 10517
f 10407 10517 10516
f 10409 10516 10515
f 10411 10515 10514
f 10413 10514 10513
f 10415 10513 10511
f 10417 10511 10509
f 10419 10509 10507
f 10421 10507 10505
f 10423 10505 10503
f 10424 10503 10501
f 10425 10501 10499
f 10426 10499 10497
f 10427 10497 10495
f 10428 10495 10493
f 10429 10493 10491
f 10430 10491 10489
f 10431 10489 10487
f 10432 10487 10485
f 10433 10485 10483
f 10435 10483 10481
f 10437 10481 10479
f 10439 10479 10477
f 10440 10477 10475
f 10441 10475 10473
f 10442 10473 10471
f 10443 10471 10469
f 10444 10469 10467
f 10445 10467 10465
f 10446 10465 10463
f 10447 10463 10461
f 10448 10461 10459
f 10449 10459 10457
f 10450 10457 10455
f 10451 10455 10453
f 10452 5062 10453
f 7811 5791 9785
f 10614 10546 10616
f 10616 10548 10618
f 10618 10550 10620
f 10620 10552 10622
f 10622 10554 10624
f 10624 10556 10626
f 10626 10558 10628
f 10628 10560 10630
f 10630 10562 10632
f 10632 10564 10634
f 10634 10566 10636
f 10636 10568 10638
f 10638 10570 10640
f 10640 10572 10642
f 10642 10574 10644
f 10644 10576 10646
f 10646 10578 10648
f 10648 10580 10650
f 10650 10582 10652
f 10652 10584 10654
f 10654 10586 10656
f 10656 10588 10658
f 10658 10590 10660
f 10660 10592 10662
f 10662 10594 10664
f 10664 10596 10666
f 10666 10598 10668
f 10668 10600 10670
f 10670 10602 10672
f 10672 10604 10674
f 10674 10606 10676
f 10676 10608 10678
f 10678 10610 10680
f 10680 10612 10682
f 10685 10613 10687
f 10687 10615 10689
f 10689 10617 10691
f 10691 10619 10693
f 10693 10621 10695
f 10695 10623 10697
f 10697 10625 10699
f 10699 10627 10701
f 10701 10629 10703
f 10703 10631 10705
f 10705 10633 10707
f 10707 10635 10709
f 10709 10637 10711
f 10711 10639 10713
f 10713 10641 10715
f 10715 10643 10717
f 10717 10645 10719
f 10719 10647 10721
f 10721 10649 10723
f 10723 10651 10725
f 10725 10653 10727
f 10727 10655 10729
f 10729 10657 10731
f 10731 10659 10733
f 10733 10661 10735
f 10735 10663 10737
f 10737 10665 10739
f 10739 10667 10741
f 10741 10669 10743
f 10743 10671 10745
f 10745 10673 10747
f 10747 10675 10749
f 10749 10677 10751
f 10751 10679 10753
f 10753 10681 10755
f 10755 10683 10757
f 10760 10684 10762
f 10762 10686 10764
f 10764 10688 10766
f 10766 10690 10768
f 10768 10692 10770
f 10770 10694 10772
f 10772 10696 10774
f 10774 10698 10776
f 10776 10700 10778
f 10778 10702 10780
f 10780 10704 10782
f 10782 10706 10784
f 10784 10708 10786
f 10786 10710 10788
f 10788 10712 10790
f 10790 10714 10792
f 10792 10716 10794
f 10794 10718 10796
f 10796 10720 10798
f 10798 10722 10800
f 10800 10724 10802
f 10802 10726 10804
f 10804 10728 10806
f 10806 10730 10808
f 10808 10732 10810
f 10810 10734 10812
f 10812 10736 10814
f 10814 10738 10816
f 10816 10740 10818
f 10818 10742 10820
f 10820 10744 10822
f 10822 10746 10824
f 10824 10748 10826
f 10826 10750 10828
f 10828 10752 10830
f 10830 10754 10832
f 10832 10756 10834
f 10834 10758 10836
f 10839 10759 10841
f 10841 10761 10843
f 10843 10763 10845
f 10845 10765 10847
f 10847 10767 10849
f 10849 10769 10851
f 10851 10771 10853
f 10853 10773 10855
f 10855 10775 10857
f 10857 10777 10859
f 10859 10779 10861
f 10861 10781 10863
f 10863 10783 10865
f 10865 10785 10867
f 10867 10787 10869
f 10869 10789 10871
f 10871 10791 10873
f 10873 10793 10875
f 10875 10795 10877
f 10877 10797 10879
f 10879 10799 10881
f 10881 10801 10883
f 10883 10803 10885
f 10885 10805 10887
f 10887 10807 10889
f 10889 10809 10891
f 10891 10811 10893
f 10893 10813 10895
f 10895 10815 10897
f 10897 10817 10899
f 10899 10819 10901
f 10901 10821 10903
f 10903 10823 10905
f 10905 10825 10907
f 10907 10827 10909
f 10909 10829 10911
f 10911 10831 10913
f 10913 10833 10915
f 10915 10835 10917
f 10917 10837 10919
f 10922 10838 10924
f 10924 10840 10926
f 10926 10842 10928
f 10928 10844 10930
f 10930 10846 10932
f 10932 10848 10934
f 10934 10850 10936
f 10936 10852 10938
f 10938 10854 10940
f 10940 10856 10942
f 10942 10858 10944
f 10944 10860 10946
f 10946 10862 10948
f 10948 10864 10950
f 10950 10866 10952
f 10952 10868 10954
f 10954 10870 10956
f 10956 10872 10958
f 10958 10874 10960
f 10960 10876 10962
f 10962 10878 10964
f 10964 10880 10966
f 10966 10882 10968
f 10968 10884 10970
f 10970 10886 10972
f 10972 10888 10974
f 10974 10890 10976
f 10976 10892 10978
f 10978 10894 10980
f 10980 10896 10982
f 10982 10898 10984
f 10984 10900 10986
f 10986 10902 10988
f 10988 10904 10990
f 10990 10906 10992
f 10992 10908 10994
f 10994 10910 10996
f 10996 10912 10998
f 10998 10914 11000
f 11000 10916 11002
f 11002 10918 11004
f 11004 10920 11006
f 11009 10921 11011
f 11011 10923 11013
f 11013 10925 11015
f 11015 10927 11017
f 11017 10929 11019
f 11019 10931 11021
f 11021 10933 11023
f 11023 10935 11025
f 11025 10937 11027
f 11027 10939 11029
f 11029 10941 11031
f 11031 10943 11033
f 11033 10945 11035
f 11035 10947 11037
f 11037 10949 11039
f 11039 10951 11041
f 11041 10953 11043
f 11043 10955 11045
f 11045 10957 11047
f 11047 10959 11049
f 11049 10961 11051
f 11051 10963 11053
f 11053 10965 11055
f 11055 10967 11057
f 11057 10969 11059
f 11059 10971 11061
f 11061 10973 11063
f 11063 10975 11065
f 11065 10977 11067
f 11067 10979 11069
f 11069 10981 11071
f 11071 10983 11073
f 11073 10985 11075
f 11075 10987 11077
f 11077 10989 11079
f 11079 10991 11081
f 11081 10993 11083
f 11083 10995 11085
f 11085 10997 11087
f 11087 10999 11089
f 11089 11001 11091
f 11091 11003 11093
f 11093 11005 11095
f 11095 11007 11097
f 11100 11008 11102
f 11102 11010 11104
f 11104 11012 11106
f 11106 11014 11108
f 11108 11016 11110
f 11110 11018 11112
f 11112 11020 11114
f 11114 11022 11116
f 11116 11024 11118
f 11118 11026 11120
f 11120 11028 11122
f 11122 11030 11124
f 11124 11032 11126
f 11126 11034 11128
f 11128 11036 11130
f 11130 11038 11132
f 11132 11040 11134
f 11134 11042 11136
f 11136 11044 11138
f 11138 11046 11140
f 11140 11048 11142
f 11142 11050 11144
f 11144 11052 11146
f 11146 11054 11148
f 11148 11056 11150
f 11150 11058 11152
f 11152 11060 11154
f 11154 11062 11156
f 11156 11064 11158
f 11158 11066 11160
f 11160 11068 11162
f 11162 11070 11164
f 11164 11072 11166
f 11166 11074 11168
f 11168 11076 11170
f 11170 11078 11172
f 11172 11080 11174
f 11174 11082 11176
f 11176 11084 11178
f 11178 11086 11180
f 11180 11088 11182
f 11182 11090 11184
f 11184 11092 11186
f 11186 11094 11188
f 11188 11096 11190
f 11190 11098 11192
f 11195 11099 11197
f 11197 11101 11199
f 11199 11103 11201
f 11201 11105 11203
f 11203 11107 11205
f 11205 11109 11207
f 11207 11111 11209
f 11209 11113 11211
f 11211 11115 11213
f 11213 11117 11215
f 11215 11119 11217
f 11217 11121 11219
f 11219 11123 11221
f 11221 11125 11223
f 11223 11127 11225
f 11225 11129 11227
f 11227 11131 11229
f 11229 11133 11231
f 11231 11135 11233
f 11233 11137 11235
f 11235 11139 11237
f 11237 11141 11239
f 11239 11143 11241
f 11241 11145 11243
f 11243 11147 11245
f 11245 11149 11247
f 11247 11151 11249
f 11249 11153 11251
f 11251 11155 11253
f 11253 11157 11255
f 11255 11159 11257
f 11257 11161 11259
f 11259 11163 11261
f 11261 11165 11263
f 11263 11167 11265
f 11265 11169 11267
f 11267 11171 11269
f 11269 11173 11271
f 11271 11175 11273
f 11273 11177 11275
f 11275 11179 11277
f 11277 11181 11279
f 11279 11183 11281
f 11281 11185 11283
f 11283 11187 11285
f 11285 11189 11287
f 11287 11191 11289
f 11289 11193 11291
f 11294 11194 11296
f 11296 11196 11298
f 11298 11198 11300
f 11300 11200 11302
f 11302 11202 11304
f 11304 11204 11306
f 11306 11206 11308
f 11308 11208 11310
f 11310 11210 11312
f 11312 11212 11314
f 11314 11214 11316
f 11316 11216 11318
f 11318 11218 11320
f 11320 11220 11322
f 11322 11222 11324
f 11324 11224 11326
f 11326 11226 11328
f 11328 11228 11330
f 11330 11230 11332
f 11332 11232 11334
f 11334 11234 11336
f 11336 11236 11338
f 11338 11238 11340
f 11340 11240 11342
f 11342 11242 11344
f 11344 11244 11346
f 11346 11246 11348
f 11348 11248 11350
f 11350 11250 11352
f 11352 11252 11354
f 11354 11254 11356
f 11356 11256 11358
f 11358 11258 11360
f 11360 11260 11362
f 11362 11262 11364
f 11364 11264 11366
f 11366 11266 11368
f 11368 11268 11370
f 11370 11270 11372
f 11372 11272 11374
f 11374 11274 11376
f 11376 11276 11378
f 11378 11278 11380
f 11380 11280 11382
f 11382 11282 11384
f 11384 11284 11386
f 11386 11286 11388
f 11388 11288 11390
f 11390 11290 11392
f 11392 11292 11394
f 11397 11293 11399
f 11399 11295 11401
f 11401 11297 11403
f 11403 11299 11405
f 11405 11301 11407
f 11407 11303 11409
f 11409 11305 11411
f 11411 11307 11413
f 11413 11309 11415
f 11415 11311 11417
f 11417 11313 11419
f 11419 11315 11421
f 11421 11317 11423
f 11423 11319 11425
f 11425 11321 11427
f 11427 11323 11429
f 11429 11325 11431
f 11431 11327 11433
f 11433 11329 11435
f 11435 11331 11437
f 11437 11333 11439
f 11439 11335 11441
f 11441 11337 11443
f 11443 11339 11445
f 11445 11341 11447
f 11447 11343 11449
f 11449 11345 11451
f 11451 11347 11453
f 11453 11349 11455
f 11455 11351 11457
f 11457 11353 11459
f 11459 11355 11461
f 11461 11357 11463
f 11463 11359 11465
f 11465 11361 11467
f 11467 11363 11469
f 11469 11365 11471
f 11471 11367 11473
f 11473 11369 11475
f 11475 11371 11477
f 11477 11373 11479
f 11479 11375 11481
f 11481 11377 11483
f 11483 11379 11485
f 11485 11381 11487
f 11487 11383 11489
f 11489 11385 11491
f 11491 11387 11493
f 11493 11389 11495
f 11495 11391 11497
f 11497 11393 11499
f 11499 11395 11501
f 11504 11396 11506
f 11506 11398 11508
f 11508 11400 11510
f 11510 11402 11512
f 11512 11404 11514
f 11514 11406 11516
f 11516 11408 11518
f 11518 11410 11520
f 11520 11412 11522
f 11522 11414 11524
f 11524 11416 11526
f 11526 11418 11528
f 11528 11420 11530
f 11530 11422 11532
f 11532 11424 11534
f 11534 11426 11536
f 11536 11428 11538
f 11538 11430 11540
f 11540 11432 11542
f 11542 11434 11544
f 11544 11436 11546
f 11546 11438 11548
f 11548 11440 11550
f 11550 11442 11552
f 11552 11444 11554
f 11554 11446 11556
f 11556 11448 11558
f 11558 11450 11560
f 11560 11452 11562
f 11562 11454 11564
f 11564 11456 11566
f 11566 11458 11568
f 11568 11460 11570
f 11570 11462 11572
f 11572 11464 11574
f 11574 11466 11576
f 11576 11468 11578
f 11578 11470 11580
f 11580 11472 11582
f 11582 11474 11584
f 11584 11476 11586
f 11586 11478 11588
f 11588 11480 11590
f 11590 11482 11592
f 11592 11484 11594
f 11594 11486 11596
f 11596 11488 11598
f 11598 11490 11600
f 11600 11492 11602
f 11602 11494 11604
f 11604 11496 11606
f 11606 11498 11608
f 11608 11500 11610
f 11610 11502 11612
f 11615 11503 11617
f 11617 11505 11619
f 11619 11507 11621
f 11621 11509 11623
f 11623 11511 11625
f 11625 11513 11627
f 11627 11515 11629
f 11629 11517 11631
f 11631 11519 11633
f 11633 11521 11635
f 11635 11523 11637
f 11637 11525 11639
f 11639 11527 11641
f 11641 11529 11643
f 11643 11531 11645
f 11645 11533 11647
f 11647 11535 11649
f 11649 11537 11651
f 11651 11539 11653
f 11653 11541 11655
f 11655 11543 11657
f 11657 11545 11659
f 11659 11547 11661
f 11661 11549 11663
f 11663 11551 11665
f 11665 11553 11667
f 11667 11555 11669
f 11669 11557 11671
f 11671 11559 11673
f 11673 11561 11675
f 11675 11563 11677
f 11677 11565 11679
f 11679 11567 11681
f 11681 11569 11683
f 11683 11571 11685
f 11685 11573 11687
f 11687 11575 11689
f 11689 11577 11691
f 11691 11579 11693
f 11693 11581 11695
f 11695 11583 11697
f 11697 11585 11699
f 11699 11587 11701
f 11701 11589 11703
f 11703 11591 11705
f 11705 11593 11707
f 11707 11595 11709
f 11709 11597 11711
f 11711 11599 11713
f 11713 11601 11715
f 11715 11603 11717
f 11717 11605 11719
f 11719 11607 11721
f 11721 11609 11723
f 11723 11611 11725
f 11725 11613 11727
f 11730 11614 11732
f 11732 11616 11734
f 11734 11618 11736
f 11736 11620 11738
f 11738 11622 11740
f 11740 11624 11742
f 11742 11626 11744
f 11744 11628 11746
f 11746 11630 11748
f 11748 11632 11750
f 11750 11634 11752
f 11752 11636 11754
f 11754 11638 11756
f 11756 11640 11758
f 11758 11642 11760
f 11760 11644 11762
f 11762 11646 11764
f 11764 11648 11766
f 11766 11650 11768
f 11768 11652 11770
f 11770 11654 11772
f 11772 11656 11774
f 11774 11658 11776
f 11776 11660 11778
f 11778 11662 11780
f 11780 11664 11782
f 11782 11666 11784
f 11784 11668 11786
f 11786 11670 11788
f 11788 11672 11790
f 11790 11674 11792
f 11792 11676 11794
f 11794 11678 11796
f 11796 11680 11798
f 11798 11682 11800
f 11800 11684 11802
f 11802 11686 11804
f 11804 11688 11806
f 11806 11690 11808
f 11808 11692 11810
f 11810 11694 11812
f 11812 11696 11814
f 11814 11698 11816
f 11816 11700 11818
f 11818 11702 11820
f 11820 11704 11822
f 11822 11706 11824
f 11824 11708 11826
f 11826 11710 11828
f 11828 11712 11830
f 11830 11714 11832
f 11832 11716 11834
f 11834 11718 11836
f 11836 11720 11838
f 11838 11722 11840
f 11840 11724 11842
f 11842 11726 11844
f 11844 11728 11846
f 11849 11729 11851
f 11851 11731 11853
f 11853 11733 11855
f 11855 11735 11857
f 11857 11737 11859
f 11859 11739 11861
f 11861 11741 11863
f 11863 11743 11865
f 11865 11745 11867
f 11867 11747 11869
f 11869 11749 11871
f 11871 11751 11873
f 11873 11753 11875
f 11875 11755 11877
f 11877 11757 11879
f 11879 11759 11881
f 11881 11761 11883
f 11883 11763 11885
f 11885 11765 11887
f 11887 11767 11889
f 11889 11769 11891
f 11891 11771 11893
f 11893 11773 11895
f 11895 11775 11897
f 11897 11777 11899
f 11899 11779 11901
f 11901 11781 11903
f 11903 11783 11905
f 11905 11785 11907
f 11907 11787 11909
f 11909 11789 11911
f 11911 11791 11913
f 11913 11793 11915
f 11915 11795 11917
f 11917 11797 11919
f 11919 11799 11921
f 11921 11801 11923
f 11923 11803 11925
f 11925 11805 11927
f 11927 11807 11929
f 11929 11809 11931
f 11931 11811 11933
f 11933 11813 11935
f 11935 11815 11937
f 11937 11817 11939
f 11939 11819 11941
f 11941 11821 11943
f 11943 11823 11945
f 11945 11825 11947
f 11947 11827 11949
f 11949 11829 11951
f 11951 11831 11953
f 11953 11833 11955
f 11955 11835 11957
f 11957 11837 11959
f 11959 11839 11961
f 11961 11841 11963
f 11963 11843 11965
f 11965 11845 11967
f 11967 11847 11969
f 11971 11848 11973
f 11973 11850 11975
f 11975 11852 11977
f 11977 11854 11979
f 11979 11856 11981
f 11981 11858 11983
f 11983 11860 11985
f 11985 11862 11987
f 11987 11864 11989
f 11989 11866 11991
f 11991 11868 11993
f 11993 11870 11995
f 11995 11872 11997
f 11997 11874 11999
f 11999 11876 12001
f 12001 11878 12003
f 12003 11880 12005
f 12005 11882 12007
f 12007 11884 12009
f 12009 11886 12011
f 12011 11888 12013
f 12013 11890 12015
f 12015 11892 12017
f 12017 11894 12019
f 12019 11896 12021
f 12021 11898 12023
f 12023 11900 12025
f 12025 11902 12027
f 12027 11904 12029
f 12029 11906 12031
f 12031 11908 12033
f 12033 11910 12035
f 12035 11912 12037
f 12037 11914 12039
f 12039 11916 12041
f 12041 11918 12043
f 12043 11920 12045
f 12045 11922 12047
f 12047 11924 12049
f 12049 11926 12051
f 12051 11928 12053
f 12053 11930 12055
f 12055 11932 12057
f 12057 11934 12059
f 12059 11936 12061
f 12061 11938 12063
f 12063 11940 12065
f 12065 11942 12067
f 12067 11944 12069
f 12069 11946 12071
f 12071 11948 12073
f 12073 11950 12075
f 12075 11952 12077
f 12077 11954 12079
f 12079 11956 12081
f 12081 11958 12083
f 12083 11960 12085
f 12085 11962 12087
f 12087 11964 12089
f 12089 11966 12091
f 12091 11968 12093
f 12093 11970 12095
f 5062 12098 12223
f 12223 12100 12225
f 12225 12102 12227
f 12227 12104 12229
f 12229 12106 12231
f 12231 12108 12233
f 12233 12110 12235
f 12235 12112 12237
f 12237 12114 12239
f 12239 12116 12241
f 12241 12118 12243
f 12243 12120 12245
f 12245 12122 12247
f 12247 12124 12249
f 12249 12126 12251
f 12251 12128 12253
f 12253 12130 12255
f 12255 12132 12257
f 12257 12134 12259
f 12259 12136 12261
f 12261 12138 12263
f 12263 12140 12265
f 12265 12142 12267
f 12267 12144 12269
f 12269 12146 12271
f 12271 12148 12273
f 12273 12150 12275
f 12275 12152 12277
f 12277 12154 12279
f 12279 12156 12281
f 12281 12158 12283
f 12283 12160 12285
f 12285 12162 12287
f 12287 12164 12289
f 12289 12166 12291
f 12291 12168 12293
f 12293 12170 12295
f 12295 12172 12297
f 12297 12174 12299
f 12299 12176 12301
f 12301 12178 12303
f 12303 12180 12305
f 12305 12182 12307
f 12307 12184 12309
f 12309 12186 12311
f 12311 12188 12313
f 12313 12190 12315
f 12315 12192 12317
f 12317 12194 12319
f 12319 12196 12321
f 12321 12198 12323
f 12323 12200 12325
f 12325 12202 12327
f 12327 12204 12329
f 12329 12206 12331
f 12331 12208 12333
f 12333 12210 12335
f 12335 12212 12337
f 12337 12214 12339
f 12339 12216 12341
f 12341 12218 12343
f 12343 12220 12345
f 12345 12222 12347
f 5087 5089 12348
f 12348 12471 12346
f 12346 12469 12344
f 12344 12467 12342
f 12342 12465 12340
f 12340 12463 12338
f 12338 12461 12336
f 12336 12459 12334
f 12334 12457 12332
f 12332 12455 12330
f 12330 12453 12328
f 12328 12451 12326
f 12326 12449 12324
f 12324 12447 12322
f 12322 12445 12320
f 12320 12443 12318
f 12318 12441 12316
f 12316 12439 12314
f 12314 12437 12312
f 12312 12435 12310
f 12310 12433 12308
f 12308 12431 12306
f 12306 12429 12304
f 12304 12427 12302
f 12302 12425 12300
f 12300 12423 12298
f 12298 12421 12296
f 12296 12419 12294
f 12294 12417 12292
f 12292 12415 12290
f 12290 12413 12288
f 12288 12411 12286
f 12286 12409 12284
f 12284 12407 12282
f 12282 12405 12280
f 12280 12403 12278
f 12278 12401 12276
f 12276 12399 12274
f 12274 12397 12272
f 12272 12395 12270
f 12270 12393 12268
f 12268 12391 12266
f 12266 12389 12264
f 12264 12387 12262
f 12262 12385 12260
f 12260 12383 12258
f 12258 12381 12256
f 12256 12379 12254
f 12254 12377 12252
f 12252 12375 12250
f 12250 12373 12248
f 12248 12371 12246
f 12246 12369 12244
f 12244 12367 12242
f 12242 12365 12240
f 12240 12363 12238
f 12238 12361 12236
f 12236 12359 12234
f 12234 12357 12232
f 12232 12355 12230
f 12230 12353 12228
f 12228 12351 12226
f 12226 12349 12224
f 5085 5090 12470
f 12470 12589 12468
f 12468 12588 12466
f 12466 12586 12464
f 12464 12584 12462
f 12462 12582 12460
f 12460 12580 12458
f 12458 12578 12456
f 12456 12576 12454
f 12454 12574 12452
f 12452 12572 12450
f 12450 12570 12448
f 12448 12568 12446
f 12446 12566 12444
f 12444 12564 12442
f 12442 12562 12440
f 12440 12560 12438
f 12438 12558 12436
f 12436 12556 12434
f 12434 12554 12432
f 12432 12552 12430
f 12430 12550 12428
f 12428 12548 12426
f 12426 12546 12424
f 12424 12544 12422
f 12422 12542 12420
f 12420 12540 12418
f 12418 12538 12416
f 12416 12536 12414
f 12414 12534 12412
f 12412 12532 12410
f 12410 12530 12408
f 12408 12528 12406
f 12406 12526 12404
f 12404 12524 12402
f 12402 12522 12400
f 12400 12520 12398
f 12398 12518 12396
f 12396 12516 12394
f 12394 12514 12392
f 12392 12512 12390
f 12390 12510 12388
f 12388 12508 12386
f 12386 12506 12384
f 12384 12504 12382
f 12382 12502 12380
f 12380 12500 12378
f 12378 12498 12376
f 12376 12496 12374
f 12374 12494 12372
f 12372 12492 12370
f 12370 12490 12368
f 12368 12488 12366
f 12366 12486 12364
f 12364 12484 12362
f 12362 12482 12360
f 12360 12480 12358
f 12358 12478 12356
f 12356 12476 12354
f 12354 12474 12352
f 12352 12472 12350
f 5094 5096 9749
f 9749 12703 12587
f 12587 12702 12585
f 12585 12700 12583
f 12583 12698 12581
f 12581 12696 12579
f 12579 12694 12577
f 12577 12692 12575
f 12575 12690 12573
f 12573 12688 12571
f 12571 12686 12569
f 12569 12684 12567
f 12567 12682 12565
f 12565 12680 12563
f 12563 12678 12561
f 12561 12676 12559
f 12559 12674 12557
f 12557 12672 12555
f 12555 12670 12553
f 12553 12668 12551
f 12551 12666 12549
f 12549 12664 12547
f 12547 12662 12545
f 12545 12660 12543
f 12543 12658 12541
f 12541 12656 12539
f 12539 12654 12537
f 12537 12652 12535
f 12535 12650 12533
f 12533 12648 12531
f 12531 12646 12529
f 12529 12644 12527
f 12527 12642 12525
f 12525 12640 12523
f 12523 12638 12521
f 12521 12636 12519
f 12519 12634 12517
f 12517 12632 12515
f 12515 12630 12513
f 12513 12628 12511
f 12511 12626 12509
f 12509 12624 12507
f 12507 12622 12505
f 12505 12620 12503
f 12503 12618 12501
f 12501 12616 12499
f 12499 12614 12497
f 12497 12612 12495
f 12495 12610 12493
f 12493 12608 12491
f 12491 12606 12489
f 12489 12604 12487
f 12487 12602 12485
f 12485 12600 12483
f 12483 12598 12481
f 12481 12596 12479
f 12479 12594 12477
f 12477 12592 12475
f 12475 12590 12473
f 5099 5101 9750
f 9750 12814 12701
f 12701 12812 12699
f 12699 12810 12697
f 12697 12808 12695
f 12695 12806 12693
f 12693 12804 12691
f 12691 12802 12689
f 12689 12800 12687
f 12687 12798 12685
f 12685 12796 12683
f 12683 12794 12681
f 12681 12792 12679
f 12679 12790 12677
f 12677 12788 12675
f 12675 12786 12673
f 12673 12784 12671
f 12671 12782 12669
f 12669 12780 12667
f 12667 12778 12665
f 12665 12776 12663
f 12663 12774 12661
f 12661 12772 12659
f 12659 12770 12657
f 12657 12768 12655
f 12655 12766 12653
f 12653 12764 12651
f 12651 12762 12649
f 12649 12760 12647
f 12647 12758 12645
f 12645 12756 12643
f 12643 12754 12641
f 12641 12752 12639
f 12639 12750 12637
f 12637 12748 12635
f 12635 12746 12633
f 12633 12744 12631
f 12631 12742 12629
f 12629 12740 12627
f 12627 12738 12625
f 12625 12736 12623
f 12623 12734 12621
f 12621 12732 12619
f 12619 12730 12617
f 12617 12728 12615
f 12615 12726 12613
f 12613 12724 12611
f 12611 12722 12609
f 12609 12720 12607
f 12607 12718 12605
f 12605 12716 12603
f 12603 12714 12601
f 12601 12712 12599
f 12599 12710 12597
f 12597 12708 12595
f 12595 12706 12593
f 12593 12704 12591
f 5103 5105 12813
f 12813 12920 12811
f 12811 12919 12809
f 12809 12917 12807
f 12807 12915 12805
f 12805 12913 12803
f 12803 12911 12801
f 12801 12909 12799
f 12799 12907 12797
f 12797 12905 12795
f 12795 12903 12793
f 12793 12901 12791
f 12791 12899 12789
f 12789 12897 12787
f 12787 12895 12785
f 12785 12893 12783
f 12783 12891 12781
f 12781 12889 12779
f 12779 12887 12777
f 12777 12885 12775
f 12775 12883 12773
f 12773 12881 12771
f 12771 12879 12769
f 12769 12877 12767
f 12767 12875 12765
f 12765 12873 12763
f 12763 12871 12761
f 12761 12869 12759
f 12759 12867 12757
f 12757 12865 12755
f 12755 12863 12753
f 12753 12861 12751
f 12751 12859 12749
f 12749 12857 12747
f 12747 12855 12745
f 12745 12853 12743
f 12743 12851 12741
f 12741 12849 12739
f 12739 12847 12737
f 12737 12845 12735
f 12735 12843 12733
f 12733 12841 12731
f 12731 12839 12729
f 12729 12837 12727
f 12727 12835 12725
f 12725 12833 12723
f 12723 12831 12721
f 12721 12829 12719
f 12719 12827 12717
f 12717 12825 12715
f 12715 12823 12713
f 12713 12821 12711
f 12711 12819 12709
f 12709 12817 12707
f 12707 12815 12705
f 5108 5110 9751
f 9751 13022 12918
f 12918 13021 12916
f 12916 13019 12914
f 12914 13017 12912
f 12912 13015 12910
f 12910 13013 12908
f 12908 13011 12906
f 12906 13009 12904
f 12904 13007 12902
f 12902 13005 12900
f 12900 13003 12898
f 12898 13001 12896
f 12896 12999 12894
f 12894 12997 12892
f 12892 12995 12890
f 12890 12993 12888
f 12888 12991 12886
f 12886 12989 12884
f 12884 12987 12882
f 12882 12985 12880
f 12880 12983 12878
f 12878 12981 12876
f 12876 12979 12874
f 12874 12977 12872
f 12872 12975 12870
f 12870 12973 12868
f 12868 12971 12866
f 12866 12969 12864
f 12864 12967 12862
f 12862 12965 12860
f 12860 12963 12858
f 12858 12961 12856
f 12856 12959 12854
f 12854 12957 12852
f 12852 12955 12850
f 12850 12953 12848
f 12848 12951 12846
f 12846 12949 12844
f 12844 12947 12842
f 12842 12945 12840
f 12840 12943 12838
f 12838 12941 12836
f 12836 12939 12834
f 12834 12937 12832
f 12832 12935 12830
f 12830 12933 12828
f 12828 12931 12826
f 12826 12929 12824
f 12824 12927 12822
f 12822 12925 12820
f 12820 12923 12818
f 12818 12921 12816
f 5113 5115 9752
f 9752 13120 13020
f 13020 13119 13018
f 13018 13117 13016
f 13016 13115 13014
f 13014 13113 13012
f 13012 13111 13010
f 13010 13109 13008
f 13008 13107 13006
f 13006 13105 13004
f 13004 13103 13002
f 13002 13101 13000
f 13000 13099 12998
f 12998 13097 12996
f 12996 13095 12994
f 12994 13093 12992
f 12992 13091 12990
f 12990 13089 12988
f 12988 13087 12986
f 12986 13085 12984
f 12984 13083 12982
f 12982 13081 12980
f 12980 13079 12978
f 12978 13077 12976
f 12976 13075 12974
f 12974 13073 12972
f 12972 13071 12970
f 12970 13069 12968
f 12968 13067 12966
f 12966 13065 12964
f 12964 13063 12962
f 12962 13061 12960
f 12960 13059 12958
f 12958 13057 12956
f 12956 13055 12954
f 12954 13053 12952
f 12952 13051 12950
f 12950 13049 12948
f 12948 13047 12946
f 12946 13045 12944
f 12944 13043 12942
f 12942 13041 12940
f 12940 13039 12938
f 12938 13037 12936
f 12936 13035 12934
f 12934 13033 12932
f 12932 13031 12930
f 12930 13029 12928
f 12928 13027 12926
f 12926 13025 12924
f 12924 13023 12922
f 5118 5120 9753
f 9753 13214 13118
f 13118 13213 13116
f 13116 13211 13114
f 13114 13209 13112
f 13112 13207 13110
f 13110 13205 13108
f 13108 13203 13106
f 13106 13201 13104
f 13104 13199 13102
f 13102 13197 13100
f 13100 13195 13098
f 13098 13193 13096
f 13096 13191 13094
f 13094 13189 13092
f 13092 13187 13090
f 13090 13185 13088
f 13088 13183 13086
f 13086 13181 13084
f 13084 13179 13082
f 13082 13177 13080
f 13080 13175 13078
f 13078 13173 13076
f 13076 13171 13074
f 13074 13169 13072
f 13072 13167 13070
f 13070 13165 13068
f 13068 13163 13066
f 13066 13161 13064
f 13064 13159 13062
f 13062 13157 13060
f 13060 13155 13058
f 13058 13153 13056
f 13056 13151 13054
f 13054 13149 13052
f 13052 13147 13050
f 13050 13145 13048
f 13048 13143 13046
f 13046 13141 13044
f 13044 13139 13042
f 13042 13137 13040
f 13040 13135 13038
f 13038 13133 13036
f 13036 13131 13034
f 13034 13129 13032
f 13032 13127 13030
f 13030 13125 13028
f 13028 13123 13026
f 13026 13121 13024
f 5123 5125 9754
f 9754 13304 13212
f 13212 13303 13210
f 13210 13301 13208
f 13208 13299 13206
f 13206 13297 13204
f 13204 13295 13202
f 13202 13293 13200
f 13200 13291 13198
f 13198 13289 13196
f 13196 13287 13194
f 13194 13285 13192
f 13192 13283 13190
f 13190 13281 13188
f 13188 13279 13186
f 13186 13277 13184
f 13184 13275 13182
f 13182 13273 13180
f 13180 13271 13178
f 13178 13269 13176
f 13176 13267 13174
f 13174 13265 13172
f 13172 13263 13170
f 13170 13261 13168
f 13168 13259 13166
f 13166 13257 13164
f 13164 13255 13162
f 13162 13253 13160
f 13160 13251 13158
f 13158 13249 13156
f 13156 13247 13154
f 13154 13245 13152
f 13152 13243 13150
f 13150 13241 13148
f 13148 13239 13146
f 13146 13237 13144
f 13144 13235 13142
f 13142 13233 13140
f 13140 13231 13138
f 13138 13229 13136
f 13136 13227 13134
f 13134 13225 13132
f 13132 13223 13130
f 13130 13221 13128
f 13128 13219 13126
f 13126 13217 13124
f 13124 13215 13122
f 5082 5129 9755
f 9755 13390 13302
f 13302 13389 13300
f 13300 13387 13298
f 13298 13385 13296
f 13296 13383 13294
f 13294 13381 13292
f 13292 13379 13290
f 13290 13377 13288
f 13288 13375 13286
f 13286 13373 13284
f 13284 13371 13282
f 13282 13369 13280
f 13280 13367 13278
f 13278 13365 13276
f 13276 13363 13274
f 13274 13361 13272
f 13272 13359 13270
f 13270 13357 13268
f 13268 13355 13266
f 13266 13353 13264
f 13264 13351 13262
f 13262 13349 13260
f 13260 13347 13258
f 13258 13345 13256
f 13256 13343 13254
f 13254 13341 13252
f 13252 13339 13250
f 13250 13337 13248
f 13248 13335 13246
f 13246 13333 13244
f 13244 13331 13242
f 13242 13329 13240
f 13240 13327 13238
f 13238 13325 13236
f 13236 13323 13234
f 13234 13321 13232
f 13232 13319 13230
f 13230 13317 13228
f 13228 13315 13226
f 13226 13313 13224
f 13224 13311 13222
f 13222 13309 13220
f 13220 13307 13218
f 13218 13305 13216
f 5127 5133 9756
f 9756 13473 13388
f 13388 13471 13386
f 13386 13469 13384
f 13384 13467 13382
f 13382 13465 13380
f 13380 13463 13378
f 13378 13461 13376
f 13376 13459 13374
f 13374 13457 13372
f 13372 13455 13370
f 13370 13453 13368
f 13368 13451 13366
f 13366 13449 13364
f 13364 13447 13362
f 13362 13445 13360
f 13360 13443 13358
f 13358 13441 13356
f 13356 13439 13354
f 13354 13437 13352
f 13352 13435 13350
f 13350 13433 13348
f 13348 13431 13346
f 13346 13429 13344
f 13344 13427 13342
f 13342 13425 13340
f 13340 13423 13338
f 13338 13421 13336
f 13336 13419 13334
f 13334 13417 13332
f 13332 13415 13330
f 13330 13413 13328
f 13328 13411 13326
f 13326 13409 13324
f 13324 13407 13322
f 13322 13405 13320
f 13320 13403 13318
f 13318 13401 13316
f 13316 13399 13314
f 13314 13397 13312
f 13312 13395 13310
f 13310 13393 13308
f 13308 13391 13306
f 5131 5138 13472
f 13472 13551 13470
f 13470 13550 13468
f 13468 13548 13466
f 13466 13546 13464
f 13464 13544 13462
f 13462 13542 13460
f 13460 13540 13458
f 13458 13538 13456
f 13456 13536 13454
f 13454 13534 13452
f 13452 13532 13450
f 13450 13530 13448
f 13448 13528 13446
f 13446 13526 13444
f 13444 13524 13442
f 13442 13522 13440
f 13440 13520 13438
f 13438 13518 13436
f 13436 13516 13434
f 13434 13514 13432
f 13432 13512 13430
f 13430 13510 13428
f 13428 13508 13426
f 13426 13506 13424
f 13424 13504 13422
f 13422 13502 13420
f 13420 13500 13418
f 13418 13498 13416
f 13416 13496 13414
f 13414 13494 13412
f 13412 13492 13410
f 13410 13490 13408
f 13408 13488 13406
f 13406 13486 13404
f 13404 13484 13402
f 13402 13482 13400
f 13400 13480 13398
f 13398 13478 13396
f 13396 13476 13394
f 13394 13474 13392
f 5136 5141 9757
f 9757 13626 13549
f 13549 13624 13547
f 13547 13622 13545
f 13545 13620 13543
f 13543 13618 13541
f 13541 13616 13539
f 13539 13614 13537
f 13537 13612 13535
f 13535 13610 13533
f 13533 13608 13531
f 13531 13606 13529
f 13529 13604 13527
f 13527 13602 13525
f 13525 13600 13523
f 13523 13598 13521
f 13521 13596 13519
f 13519 13594 13517
f 13517 13592 13515
f 13515 13590 13513
f 13513 13588 13511
f 13511 13586 13509
f 13509 13584 13507
f 13507 13582 13505
f 13505 13580 13503
f 13503 13578 13501
f 13501 13576 13499
f 13499 13574 13497
f 13497 13572 13495
f 13495 13570 13493
f 13493 13568 13491
f 13491 13566 13489
f 13489 13564 13487
f 13487 13562 13485
f 13485 13560 13483
f 13483 13558 13481
f 13481 13556 13479
f 13479 13554 13477
f 13477 13552 13475
f 5143 5145 13625
f 13625 13697 13623
f 13623 13695 13621
f 13621 13693 13619
f 13619 13691 13617
f 13617 13689 13615
f 13615 13687 13613
f 13613 13685 13611
f 13611 13683 13609
f 13609 13681 13607
f 13607 13679 13605
f 13605 13677 13603
f 13603 13675 13601
f 13601 13673 13599
f 13599 13671 13597
f 13597 13669 13595
f 13595 13667 13593
f 13593 13665 13591
f 13591 13663 13589
f 13589 13661 13587
f 13587 13659 13585
f 13585 13657 13583
f 13583 13655 13581
f 13581 13653 13579
f 13579 13651 13577
f 13577 13649 13575
f 13575 13647 13573
f 13573 13645 13571
f 13571 13643 13569
f 13569 13641 13567
f 13567 13639 13565
f 13565 13637 13563
f 13563 13635 13561
f 13561 13633 13559
f 13559 13631 13557
f 13557 13629 13555
f 13555 13627 13553
f 5147 5149 13696
f 13696 13763 13694
f 13694 13762 13692
f 13692 13760 13690
f 13690 13758 13688
f 13688 13756 13686
f 13686 13754 13684
f 13684 13752 13682
f 13682 13750 13680
f 13680 13748 13678
f 13678 13746 13676
f 13676 13744 13674
f 13674 13742 13672
f 13672 13740 13670
f 13670 13738 13668
f 13668 13736 13666
f 13666 13734 13664
f 13664 13732 13662
f 13662 13730 13660
f 13660 13728 13658
f 13658 13726 13656
f 13656 13724 13654
f 13654 13722 13652
f 13652 13720 13650
f 13650 13718 13648
f 13648 13716 13646
f 13646 13714 13644
f 13644 13712 13642
f 13642 13710 13640
f 13640 13708 13638
f 13638 13706 13636
f 13636 13704 13634
f 13634 13702 13632
f 13632 13700 13630
f 13630 13698 13628
f 5152 5154 9758
f 9758 14278 13761
f 13761 14277 13759
f 13759 14276 13757
f 13757 14275 13755
f 13755 14274 13753
f 13753 14273 13751
f 13751 14272 13749
f 13749 14271 13747
f 13747 14270 13745
f 13745 14269 13743
f 13743 14268 13741
f 13741 14267 13739
f 13739 14266 13737
f 13737 14265 13735
f 13735 14264 13733
f 13733 14263 13731
f 13731 14262 13729
f 13729 14261 13727
f 13727 14260 13725
f 13725 14259 13723
f 13723 14258 13721
f 13721 14257 13719
f 13719 14256 13717
f 13717 14255 13715
f 13715 14254 13713
f 13713 14253 13711
f 13711 14252 13709
f 13709 14251 13707
f 13707 14250 13705
f 13705 14249 13703
f 13703 14248 13701
f 13701 14247 13699
f 5062 11972 12097
f 12097 11974 12099
f 12099 11976 12101
f 12101 11978 12103
f 12103 11980 12105
f 12105 11982 12107
f 12107 11984 12109
f 12109 11986 12111
f 12111 11988 12113
f 12113 11990 12115
f 12115 11992 12117
f 12117 11994 12119
f 12119 11996 12121
f 12121 11998 12123
f 12123 12000 12125
f 12125 12002 12127
f 12127 12004 12129
f 12129 12006 12131
f 12131 12008 12133
f 12133 12010 12135
f 12135 12012 12137
f 12137 12014 12139
f 12139 12016 12141
f 12141 12018 12143
f 12143 12020 12145
f 12145 12022 12147
f 12147 12024 12149
f 12149 12026 12151
f 12151 12028 12153
f 12153 12030 12155
f 12155 12032 12157
f 12157 12034 12159
f 12159 12036 12161
f 12161 12038 12163
f 12163 12040 12165
f 12165 12042 12167
f 12167 12044 12169
f 12169 12046 12171
f 12171 12048 12173
f 12173 12050 12175
f 12175 12052 12177
f 12177 12054 12179
f 12179 12056 12181
f 12181 12058 12183
f 12183 12060 12185
f 12185 12062 12187
f 12187 12064 12189
f 12189 12066 12191
f 12191 12068 12193
f 12193 12070 12195
f 12195 12072 12197
f 12197 12074 12199
f 12199 12076 12201
f 12201 12078 12203
f 12203 12080 12205
f 12205 12082 12207
f 12207 12084 12209
f 12209 12086 12211
f 12211 12088 12213
f 12213 12090 12215
f 12215 12092 12217
f 12217 12094 12219
f 12219 12096 12221
f 10547 10354 10549
f 10549 10352 10551
f 10551 10350 10553
f 10553 10348 10555
f 10555 10346 10557
f 10557 10344 10559
f 10559 10342 10561
f 10561 10340 10563
f 10563 10338 10565
f 10565 10336 10567
f 10567 10334 10569
f 10569 10332 10571
f 10571 10330 10573
f 10573 10328 10575
f 10575 10326 10577
f 10577 10324 10579
f 10579 10322 10581
f 10581 10320 10583
f 10583 10318 10585
f 10585 10316 10587
f 10587 10314 10589
f 10589 10312 10591
f 10591 10310 10593
f 10593 10308 10595
f 10595 10306 10597
f 10597 10304 10599
f 10599 10302 10601
f 10601 10300 10603
f 10603 10298 10605
f 10605 10296 10607
f 10607 10294 10609
f 10609 10292 10611
f 10355 10354 10512
f 10512 10547 10510
f 10510 10546 10508
f 10508 10614 10506
f 10506 10613 10504
f 10504 10685 10502
f 10502 10684 10500
f 10500 10760 10498
f 10498 10759 10496
f 10496 10839 10494
f 10494 10838 10492
f 10492 10922 10490
f 10490 10921 10488
f 10488 11009 10486
f 10486 11008 10484
f 10484 11100 10482
f 10482 11099 10480
f 10480 11195 10478
f 10478 11194 10476
f 10476 11294 10474
f 10474 11293 10472
f 10472 11397 10470
f 10470 11396 10468
f 10468 11504 10466
f 10466 11503 10464
f 10464 11615 10462
f 10462 11614 10460
f 10460 11730 10458
f 10458 11729 10456
f 10456 11849 10454
f 10454 11848 10452
f 10452 11971 5062
f 5207 5073 13774
f 13774 5214 13773
f 13773 5213 13777
f 13777 5211 13776
f 13776 5209 13775
f 13775 5071 13859
f 14279 486 487
f 14280 402 404
f 14281 14282 406
f 406 411 14283
f 14283 14284 404
f 409 410 14281
f 14281 14285 14282
f 14287 14286 14288
f 409 14288 408
f 412 14287 413
f 14289 413 14290
f 14291 14290 415
f 416 415 14292
f 14293 14292 14294
f 14294 417 418
f 420 14296 421
f 14297 421 14298
f 417 14298 419
f 14295 422 14299
f 14300 14301 423
f 428 14302 14303
f 14303 14304 426
f 426 425 14300
f 14300 14305 14301
f 428 427 14302
f 14306 14307 14308
f 433 432 14309
f 14309 14310 430
f 430 431 14307
f 433 14312 434
f 14311 435 14313
f 14314 14315 436
f 14316 440 439
f 14314 438 14317
f 441 14318 14316
f 14316 14319 440
f 14322 14321 443
f 441 442 14318
f 445 14322 444
f 14323 444 14324
f 446 14324 447
f 14325 447 14326
f 14327 14326 449
f 14328 454 453
f 14329 452 14330
f 450 14330 14331
f 455 14332 14328
f 14328 14333 454
f 14336 14335 457
f 455 456 14332
f 459 14336 458
f 14337 458 14338
f 460 14338 461
f 14339 461 14340
f 14341 14340 463
f 14342 468 467
f 14343 466 14344
f 464 14344 14345
f 469 14346 14342
f 14342 14347 468
f 469 470 14346
f 472 14350 473
f 14348 473 14351
f 475 474 14349
f 14349 14352 14350
f 475 14354 476
f 14353 477 14355
f 481 14356 14357
f 14357 14358 478
f 14359 482 481
f 483 14360 14359
f 14359 14361 482
f 14279 14362 485
f 483 484 14360
f 487 1316 14363
f 14363 14364 485
f 485 1315 14365
f 14365 1314 14360
f 14360 14366 14367
f 14367 14368 482
f 482 1313 14369
f 14369 1311 14356
f 14356 14370 14371
f 14371 14372 479
f 479 1309 477
f 14373 1308 14374
f 14354 14374 14375
f 14376 14375 1306
f 474 1305 14377
f 14377 14378 14350
f 14350 14379 14380
f 14380 1303 14381
f 14381 14382 471
f 471 1302 14383
f 14383 1300 14346
f 14346 14384 14385
f 14385 14386 468
f 466 1298 14387
f 14387 14388 14345
f 14345 14389 14390
f 14390 1296 463
f 14391 1295 14392
f 14339 14392 14393
f 1294 14393 1293
f 14394 1292 14395
f 14396 14395 1290
f 14334 1290 14397
f 14398 14397 14399
f 457 14399 1289
f 14400 1289 1288
f 14332 1288 14401
f 14402 14401 14403
f 454 14403 1287
f 14404 1287 1285
f 14405 1285 14406
f 14331 14406 14407
f 451 14407 1284
f 14408 1283 14409
f 14325 14409 14410
f 14411 14410 1282
f 446 1281 14412
f 14412 14413 445
f 445 1279 14320
f 14320 14414 14415
f 14415 14416 443
f 443 1278 14417
f 14417 1277 14318
f 14318 14418 14319
f 14319 14419 440
f 440 1276 14420
f 14420 1274 14421
f 14421 14422 14315
f 14315 14423 437
f 437 1272 435
f 14424 1271 14425
f 14312 14425 14426
f 1270 14426 1269
f 14427 1268 14428
f 14429 14428 1266
f 14307 1266 14430
f 14431 14430 14432
f 429 14432 1265
f 14433 1265 1263
f 14302 1263 14434
f 14435 14434 14436
f 14437 14436 1262
f 14438 1262 14439
f 14301 14439 14440
f 14441 14440 1260
f 422 1259 14299
f 14299 14442 14296
f 14296 14443 14444
f 14444 1257 14445
f 14445 14446 419
f 1255 1254 14294
f 14294 14447 14448
f 14448 14449 416
f 1252 1251 14291
f 14291 14450 14451
f 14451 14452 1250
f 407 1248 14453
f 14453 14454 14288
f 14288 14455 14456
f 14456 1246 410
f 14457 1245 14458
f 14282 14458 14459
f 411 14459 1243
f 14460 1243 14461
f 405 14461 1242
f 14462 1242 1241
f 14280 1241 14463
f 402 401 14464
f 14465 14464 14466
f 14468 14469 14470
f 14470 14467 14471
f 14472 14473 14468
f 14468 14474 14469
f 14473 14475 14476
f 14477 14476 14478
f 14479 14478 14480
f 14481 14480 14482
f 14483 14482 14484
f 14485 14484 14486
f 14486 14488 14487
f 14487 14489 14490
f 14490 14491 14492
f 14492 14493 14494
f 14494 14495 14496
f 595 14496 14497
f 14497 14498 14499
f 14499 14500 14501
f 14501 14502 14503
f 14504 14503 14505
f 14506 14505 14507
f 14507 14509 14508
f 14508 1754 14510
f 14511 1754 14512
f 14513 14512 14514
f 14516 14517 14518
f 14518 14515 14519
f 14520 14521 14516
f 14516 14522 14517
f 14521 14523 14524
f 14525 14524 603
f 603 14526 14527
f 14527 14528 14529
f 14532 14531 14529
f 14533 14529 14528
f 14530 14535 14536
f 14534 14537 14535
f 14535 14538 14539
f 14539 14540 14541
f 14541 14542 14543
f 14543 14544 14545
f 14545 14546 14547
f 14547 14548 14549
f 14549 14550 14551
f 14552 14551 14553
f 14554 14553 14555
f 14555 14557 14556
f 14556 14558 608
f 14559 14558 14560
f 14561 14560 14562
f 14562 14564 14563
f 14563 14565 14566
f 14566 14567 14568
f 14568 14569 14570
f 14570 14571 1765
f 14572 1765 14573
f 14573 14574 14575
f 14575 14576 14577
f 14580 14579 14577
f 14581 14577 14576
f 14578 14583 14584
f 14582 14585 14583
f 14583 14586 14587
f 14587 487 486
f 14591 1431 14592
f 14596 14597 14598
f 14600 14470 14601
f 14601 14471 14602
f 14602 14603 14599
f 14599 14464 401
f 14606 14605 14480
f 14607 14480 14478
f 14608 14478 14609
f 14610 14609 14475
f 14611 14475 14612
f 14600 14612 14468
f 14488 14613 14604
f 14604 14484 14605
f 14615 14489 14488
f 14616 14488 14604
f 1437 14596 14495
f 14617 14495 14618
f 14614 14618 14491
f 14502 14619 14598
f 14598 14498 14596
f 14621 14503 14502
f 14622 14502 14598
f 14623 14593 14509
f 14624 14509 14625
f 14620 14625 14505
f 14626 14518 14627
f 14627 14519 14628
f 14628 14629 14595
f 14595 14512 14593
f 14630 14591 14523
f 14631 14523 14632
f 14626 14632 14516
f 14633 14532 14634
f 14634 14533 14635
f 14635 14636 14592
f 14592 14526 14591
f 14639 14638 14542
f 14640 14542 14540
f 14641 14540 14642
f 14643 14642 14537
f 14644 14537 14645
f 14633 14645 14530
f 14550 14646 14637
f 14637 14546 14638
f 14648 14551 14550
f 14649 14550 14637
f 1421 14588 14557
f 14650 14557 14651
f 14647 14651 14553
f 14564 14562 14590
f 14590 14560 14588
f 14564 14652 14653
f 14565 14653 14654
f 14567 14654 14569
f 14569 14655 14571
f 14571 14656 1836
f 1836 14657 14658
f 14574 14658 14659
f 14659 14660 14581
f 14581 14661 14580
f 14580 14662 14578
f 14663 14662 14664
f 14585 14664 14665
f 14666 14665 1316
