# LOD50 crude face decimation from models/go1/meshes_obj/thigh.obj
o thigh
v -0.02924758 -0.02219992 0.00385046
v -0.02949988 -0.02219992 0
v -0.04624992 -0.02219992 0.01374769
v 0.02924758 -0.02219992 -0.00385046
v 0.02949988 -0.02219992 0
v 0.04624992 -0.02219992 -0.01374769
v -0.04624992 -0.02219992 -0.01374769
v 0.04624992 -0.02219992 0.01374769
v 0.01475 -0.02219992 -0.02554774
v 0.01795846 -0.02219992 -0.02340388
v 0.02983266 -0.02219992 -0.0379219
v 0.03355801 -0.02219992 -0.03466874
v 0.02085953 -0.02219992 -0.02085953
v 0.03693068 -0.02219992 -0.03105121
v 0.02340388 -0.02219992 -0.01795846
v 0.03991538 -0.02219992 -0.02710747
v 0.02554774 -0.02219992 -0.01475
v 0.04248064 -0.02219992 -0.022879
v -0.01128906 -0.02219992 -0.0272544
v -0.02148401 -0.02219992 -0.04320287
v -0.01475 -0.02219992 -0.02554774
v -0.02579391 -0.02219992 -0.04077661
v -0.01795846 -0.02219992 -0.02340388
v -0.02983266 -0.02219992 -0.0379219
v -0.02085953 -0.02219992 -0.02085953
v -0.03355801 -0.02219992 -0.03466874
v -0.02340388 -0.02219992 -0.01795846
v -0.02924758 -0.02219992 -0.00385046
v -0.02849477 -0.02219992 -0.007635056
v -0.04459965 -0.02219992 -0.01841002
v -0.0272544 -0.02219992 -0.01128906
v -0.04248064 -0.02219992 -0.022879
v -0.02554774 -0.02219992 -0.01475
v -0.03991538 -0.02219992 -0.02710747
v -0.03693068 -0.02219992 -0.03105121
v 0.04459965 -0.02219992 -0.01841002
v 0.0272544 -0.02219992 -0.01128906
v 0.02849477 -0.02219992 -0.007635056
v 0.02924758 -0.02219992 0.00385046
v 0.02849477 -0.02219992 0.007635056
v 0.04459965 -0.02219992 0.01841002
v 0.0272544 -0.02219992 0.01128906
v 0.04248064 -0.02219992 0.022879
v 0.02554774 -0.02219992 0.01475
v 0.03991538 -0.02219992 0.02710747
v 0.02340388 -0.02219992 0.01795846
v 0 -0.02219992 -0.02949988
v -0.002472877 -0.02219992 -0.04818654
v -0.00385046 -0.02219992 -0.02924758
v -0.007392764 -0.02219992 -0.04768019
v -0.007635056 -0.02219992 -0.02849477
v -0.01223486 -0.02219992 -0.04667294
v -0.01694852 -0.02219992 -0.04517531
v 0.02579391 -0.02219992 -0.04077661
v 0.02148401 -0.02219992 -0.04320287
v 0.01128906 -0.02219992 -0.0272544
v 0.01694852 -0.02219992 -0.04517531
v 0.007635056 -0.02219992 -0.02849477
v 0.01223486 -0.02219992 -0.04667294
v 0.00385046 -0.02219992 -0.02924758
v 0.007392764 -0.02219992 -0.04768019
v 0.002472877 -0.02219992 -0.04818654
v -0.01475 -0.02219992 0.02554774
v -0.01795846 -0.02219992 0.02340388
v -0.02983266 -0.02219992 0.0379219
v 0.01128906 -0.02219992 0.0272544
v 0.02148401 -0.02219992 0.04320287
v 0.01475 -0.02219992 0.02554774
v 0.02579391 -0.02219992 0.04077661
v 0.01795846 -0.02219992 0.02340388
v 0.02983266 -0.02219992 0.0379219
v 0.02085953 -0.02219992 0.02085953
v 0.03355801 -0.02219992 0.03466874
v 0.03693068 -0.02219992 0.03105121
v -0.00385046 -0.02219992 0.02924758
v -0.002472877 -0.02219992 0.04818654
v 0 -0.02219992 0.02949988
v 0.002472877 -0.02219992 0.04818654
v 0.00385046 -0.02219992 0.02924758
v 0.007392764 -0.02219992 0.04768019
v 0.007635056 -0.02219992 0.02849477
v 0.01223486 -0.02219992 0.04667294
v 0.01694852 -0.02219992 0.04517531
v -0.03355801 -0.02219992 0.03466874
v -0.02085953 -0.02219992 0.02085953
v -0.03693068 -0.02219992 0.03105121
v -0.02340388 -0.02219992 0.01795846
v -0.03991538 -0.02219992 0.02710747
v -0.02554774 -0.02219992 0.01475
v -0.04248064 -0.02219992 0.022879
v -0.02579391 -0.02219992 0.04077661
v -0.02148401 -0.02219992 0.04320287
v -0.01128906 -0.02219992 0.0272544
v -0.01694852 -0.02219992 0.04517531
v -0.007635056 -0.02219992 0.02849477
v -0.01223486 -0.02219992 0.04667294
v -0.007392764 -0.02219992 0.04768019
v -0.04459965 -0.02219992 0.01841002
v -0.0272544 -0.02219992 0.01128906
v -0.02849477 -0.02219992 0.007635056
v 0.03099989 -0.05519998 0
v 0.0309363 -0.05519998 0.001986086
v 0 -0.05519998 0
v 0.0309363 -0.05519998 -0.001986086
v 0.02793002 -0.05519998 -0.01345038
v 0.02942073 -0.05519998 -0.009768307
v 0.03042829 -0.05519998 -0.005925834
v 0.0208413 -0.05519998 -0.02294862
v 0.02360481 -0.05519998 -0.02009505
v 0.02598071 -0.05519998 -0.01691156
v 0.01070624 -0.05519998 -0.02909249
v 0.01433867 -0.05519998 -0.02748453
v 0.0177356 -0.05519998 -0.02542531
v -0.000993599 -0.05519998 -0.03098404
v 0.002976596 -0.05519998 -0.03085666
v 0.006898105 -0.05519998 -0.03022271
v -0.0125482 -0.05519998 -0.02834671
v -0.008820354 -0.05519998 -0.02971863
v -0.004947543 -0.05519998 -0.03060263
v -0.02226883 -0.05519998 -0.02156615
v -0.01932811 -0.05519998 -0.02423667
v -0.01607006 -0.05519998 -0.0265094
v -0.02873438 -0.05519998 -0.01163321
v -0.02701079 -0.05519998 -0.01521217
v -0.02484381 -0.05519998 -0.01854139
v -0.03099989 -0.05519998 0
v -0.03074538 -0.05519998 -0.003964126
v -0.02998614 -0.05519998 -0.007863283
v -0.02873438 -0.05519998 0.01163321
v -0.02998614 -0.05519998 0.007863283
v -0.03074538 -0.05519998 0.003964126
v -0.02226883 -0.05519998 0.02156615
v -0.02484381 -0.05519998 0.01854139
v -0.02701079 -0.05519998 0.01521217
v -0.0125482 -0.05519998 0.02834671
v -0.01607006 -0.05519998 0.0265094
v -0.01932811 -0.05519998 0.02423667
v -0.000993599 -0.05519998 0.03098404
v -0.004947543 -0.05519998 0.03060263
v -0.008820354 -0.05519998 0.02971863
v 0.01070624 -0.05519998 0.02909249
v 0.006898105 -0.05519998 0.03022271
v 0.002976596 -0.05519998 0.03085666
v 0.0208413 -0.05519998 0.02294862
v 0.0177356 -0.05519998 0.02542531
v 0.01433867 -0.05519998 0.02748453
v 0.02793002 -0.05519998 0.01345038
v 0.02598071 -0.05519998 0.01691156
v 0.02360481 -0.05519998 0.02009505
v 0.03042829 -0.05519998 0.005925834
v 0.02942073 -0.05519998 0.009768307
v 0.0309363 -0.04819995 -0.001986086
v 0.0309363 -0.04819995 0.001986086
v 0.03042829 -0.04819995 0.005925834
v 0.02942073 -0.04819995 0.009768307
v 0.02793002 -0.04819995 0.01345038
v 0.02598071 -0.04819995 0.01691156
v 0.02360481 -0.04819995 0.02009505
v 0.0208413 -0.04819995 0.02294862
v 0.0177356 -0.04819995 0.02542531
v 0.01433867 -0.04819995 0.02748453
v 0.01186317 -0.04819995 0.02864027
v 0.03042829 -0.04819995 -0.005925834
v 0.02942073 -0.04819995 -0.009768307
v 0.02793002 -0.04819995 -0.01345038
v 0.02598071 -0.04819995 -0.01691156
v 0.02360481 -0.04819995 -0.02009505
v 0.0208413 -0.04819995 -0.02294862
v 0.0177356 -0.04819995 -0.02542531
v 0.01433867 -0.04819995 -0.02748453
v 0.01070624 -0.04819995 -0.02909249
v 0.006898105 -0.04819995 -0.03022271
v 0.002976596 -0.04819995 -0.03085666
v -0.000993599 -0.04819995 -0.03098404
v -0.004947543 -0.04819995 -0.03060263
v -0.008820354 -0.04819995 -0.02971863
v -0.0125482 -0.04819995 -0.02834671
v -0.01607006 -0.04819995 -0.0265094
v -0.01932811 -0.04819995 -0.02423667
v -0.02226883 -0.04819995 -0.02156615
v -0.02484381 -0.04819995 -0.01854139
v -0.02701079 -0.04819995 -0.01521217
v -0.02873438 -0.04819995 -0.01163321
v -0.02998614 -0.04819995 -0.007863283
v -0.03074538 -0.04819995 -0.003964126
v -0.03099989 -0.04819995 0
v -0.03074538 -0.04819995 0.003964126
v -0.02998614 -0.04819995 0.007863283
v -0.02873438 -0.04819995 0.01163321
v -0.02701079 -0.04819995 0.01521217
v -0.02484381 -0.04819995 0.01854139
v -0.02226883 -0.04819995 0.02156615
v -0.01932811 -0.04819995 0.02423667
v -0.01607006 -0.04819995 0.0265094
v -0.0125482 -0.04819995 0.02834671
v -0.008820354 -0.04819995 0.02971863
v -0.004947543 -0.04819995 0.03060263
v -0.000993599 -0.04819995 0.03098404
v 0.002976596 -0.04819995 0.03085666
v 0.006898105 -0.04819995 0.03022271
v 0.01070624 -0.04819995 0.02909249
v 0.04624992 -0.04819995 -0.01374769
v 0.04624992 -0.04819995 0.01374769
v 0.04459965 -0.04819995 -0.01841002
v 0.02983266 -0.04819995 -0.0379219
v 0.03355801 -0.04819995 -0.03466874
v 0.03693068 -0.04819995 -0.03105121
v 0.03991538 -0.04819995 -0.02710747
v 0.04248064 -0.04819995 -0.022879
v -0.01694852 -0.04819995 0.04517531
v -0.02148401 -0.04819995 0.04320287
v -0.02579391 -0.04819995 0.04077661
v -0.02983266 -0.04819995 0.0379219
v -0.03355801 -0.04819995 0.03466874
v -0.03693068 -0.04819995 0.03105121
v -0.03991538 -0.04819995 0.02710747
v -0.04248064 -0.04819995 0.022879
v -0.04459965 -0.04819995 0.01841002
v -0.04624992 -0.04819995 0.01374769
v 0.007392764 -0.04819995 -0.04768019
v 0.01223486 -0.04819995 -0.04667294
v 0.01694852 -0.04819995 -0.04517531
v 0.02148401 -0.04819995 -0.04320287
v 0.02579391 -0.04819995 -0.04077661
v 0.01694852 -0.04819995 0.04517531
v 0.01223486 -0.04819995 0.04667294
v 0.007392764 -0.04819995 0.04768019
v 0.002472877 -0.04819995 0.04818654
v -0.002472877 -0.04819995 0.04818654
v -0.007392764 -0.04819995 0.04768019
v -0.01223486 -0.04819995 0.04667294
v 0.04459965 -0.04819995 0.01841002
v 0.04248064 -0.04819995 0.022879
v 0.03991538 -0.04819995 0.02710747
v 0.03693068 -0.04819995 0.03105121
v -0.04624992 -0.04819995 -0.01374769
v -0.01694852 -0.04819995 -0.04517531
v -0.01223486 -0.04819995 -0.04667294
v -0.007392764 -0.04819995 -0.04768019
v -0.002472877 -0.04819995 -0.04818654
v 0.002472877 -0.04819995 -0.04818654
v 0.03355801 -0.04819995 0.03466874
v 0.02983266 -0.04819995 0.0379219
v 0.02579391 -0.04819995 0.04077661
v 0.02148401 -0.04819995 0.04320287
v -0.03693068 -0.04819995 -0.03105121
v -0.03355801 -0.04819995 -0.03466874
v -0.02983266 -0.04819995 -0.0379219
v -0.02579391 -0.04819995 -0.04077661
v -0.02148401 -0.04819995 -0.04320287
v -0.04459965 -0.04819995 -0.01841002
v -0.04248064 -0.04819995 -0.022879
v -0.03991538 -0.04819995 -0.02710747
v 0.0192945 -0.02035194 -0.02231526
v 0.02085953 -0.02035182 -0.02085953
v 0.02942252 -0.02035194 -0.002135992
v 0.02949988 -0.02035182 0
v 0.02231526 -0.02035194 0.0192945
v 0.02085953 -0.02035182 0.02085953
v 0.002135992 -0.02035194 0.02942252
v 0 -0.02035182 0.02949988
v -0.0192945 -0.02035194 0.02231526
v -0.02085953 -0.02035182 0.02085953
v -0.02942252 -0.02035194 0.002135992
v -0.02949988 -0.02035182 0
v -0.02231526 -0.02035194 -0.0192945
v -0.02085953 -0.02035194 -0.02085953
v -0.002135992 -0.02035194 -0.02942252
v 0 -0.02035182 -0.02949988
v 0.002135992 -0.02035194 -0.02942252
v 0.002317965 -0.02036726 -0.02940875
v 0.002499282 -0.02041304 -0.02939391
v 0.00258702 -0.02044558 -0.02938634
v 0.002593398 -0.02044808 -0.02938574
v -0.00385046 -0.0205 -0.02924758
v -0.002738893 -0.02050209 -0.02937257
v -0.002700388 -0.02049356 -0.02937608
v -0.002564847 -0.02043676 -0.02938818
v -0.002383351 -0.02038025 -0.02940344
v -0.002211213 -0.0203545 -0.02941691
v -0.007635056 -0.0205 -0.02849477
v -0.005122542 -0.0205 -0.02905178
v -0.01475 -0.0205 -0.02554774
v -0.01231139 -0.0205 -0.02680814
v -0.01128906 -0.0205 -0.0272544
v -0.008788943 -0.0205 -0.02816033
v -0.0192945 -0.02035194 -0.02231526
v -0.01915597 -0.02036726 -0.02243423
v -0.01901727 -0.02041304 -0.02255189
v -0.0188328 -0.02050209 -0.02270627
v -0.01894497 -0.02044808 -0.02261269
v -0.01894992 -0.02044558 -0.02260851
v -0.01869791 -0.0205 -0.02281737
v -0.01795846 -0.0205 -0.02340388
v -0.01563251 -0.0205 -0.02501738
v -0.02340388 -0.0205 -0.01795846
v -0.02281737 -0.0205 -0.01869791
v -0.02270627 -0.02050209 -0.0188328
v -0.02268153 -0.02049356 -0.01886254
v -0.02259427 -0.02043676 -0.01896697
v -0.02247673 -0.02038025 -0.01910609
v -0.02236443 -0.0203545 -0.01923733
v -0.02501738 -0.0205 -0.01563251
v -0.02554774 -0.0205 -0.01475
v -0.02680814 -0.0205 -0.01231139
v -0.0272544 -0.0205 -0.01128906
v -0.02816033 -0.0205 -0.008788943
v -0.02849477 -0.0205 -0.007635056
v -0.02905178 -0.0205 -0.005122542
v -0.02924758 -0.0205 -0.00385046
v -0.02942252 -0.02035194 -0.002135992
v -0.02940875 -0.02036726 -0.002317965
v -0.02939391 -0.02041304 -0.002499282
v -0.02938634 -0.02044558 -0.00258702
v -0.02938574 -0.02044808 -0.002593398
v -0.02937257 -0.02050209 -0.002738893
v -0.02924758 -0.0205 0.00385046
v -0.02937257 -0.02050209 0.002738893
v -0.02937608 -0.02049356 0.002700388
v -0.02938818 -0.02043676 0.002564847
v -0.02940344 -0.02038025 0.002383351
v -0.02941691 -0.0203545 0.002211213
v -0.02885532 -0.0205 0.006133317
v -0.02849477 -0.0205 0.007635056
v -0.02783644 -0.0205 0.00976634
v -0.0272544 -0.0205 0.01128906
v -0.02636212 -0.0205 0.01323956
v -0.02554774 -0.0205 0.01475
v -0.02445656 -0.0205 0.01649618
v -0.02340388 -0.0205 0.01795846
v -0.02231526 -0.02035194 0.0192945
v -0.02243423 -0.02036726 0.01915597
v -0.02255189 -0.02041304 0.01901727
v -0.02260851 -0.02044558 0.01894992
v -0.02261269 -0.02044808 0.01894497
v -0.02270627 -0.02050209 0.0188328
v -0.01795846 -0.0205 0.02340388
v -0.01883339 -0.02050316 0.02270573
v -0.01886254 -0.02049356 0.02268153
v -0.01896697 -0.02043676 0.02259427
v -0.01910609 -0.02038025 0.02247673
v -0.01923733 -0.0203545 0.02236443
v -0.01128906 -0.0205 0.0272544
v -0.01323956 -0.0205 0.02636212
v -0.01475 -0.0205 0.02554774
v -0.01649618 -0.0205 0.02445656
v -0.00385046 -0.0205 0.02924758
v -0.006133317 -0.0205 0.02885532
v -0.007635056 -0.0205 0.02849477
v -0.00976634 -0.0205 0.02783644
v -0.002135992 -0.02035194 0.02942252
v -0.002317905 -0.02036726 0.02940875
v -0.002498984 -0.02041298 0.02939391
v -0.002586901 -0.02044564 0.02938634
v -0.002593398 -0.0204482 0.02938574
v -0.002738893 -0.02050215 0.02937257
v 0.00385046 -0.0205 0.02924758
v 0.002738714 -0.02050197 0.02937257
v 0.00270009 -0.02049326 0.02937608
v 0.002564728 -0.02043664 0.02938818
v 0.002383172 -0.02038013 0.0294035
v 0.002210736 -0.02035444 0.02941697
v 0.007635056 -0.0205 0.02849477
v 0.005122542 -0.0205 0.02905178
v 0.01475 -0.0205 0.02554774
v 0.01231139 -0.0205 0.02680814
v 0.01128906 -0.0205 0.0272544
v 0.008788943 -0.0205 0.02816033
v 0.0192945 -0.02035194 0.02231526
v 0.01915603 -0.02036726 0.02243417
v 0.01901751 -0.02041298 0.02255171
v 0.0188328 -0.02050215 0.02270627
v 0.01894491 -0.0204482 0.02261275
v 0.01894998 -0.02044564 0.02260851
v 0.01869791 -0.0205 0.02281737
v 0.01795846 -0.0205 0.02340388
v 0.01563251 -0.0205 0.02501738
v 0.02340388 -0.0205 0.01795846
v 0.02281737 -0.0205 0.01869791
v 0.02270615 -0.02050197 0.01883292
v 0.02268135 -0.02049326 0.01886278
v 0.02259421 -0.02043664 0.01896709
v 0.02247661 -0.02038013 0.0191062
v 0.02236419 -0.02035444 0.01923763
v 0.02501738 -0.0205 0.01563251
v 0.02554774 -0.0205 0.01475
v 0.02680814 -0.0205 0.01231139
v 0.0272544 -0.0205 0.01128906
v 0.02816033 -0.0205 0.008788943
v 0.02849477 -0.0205 0.007635056
v 0.02905178 -0.0205 0.005122542
v 0.02924758 -0.0205 0.00385046
v 0.02942252 -0.02035194 0.002135992
v 0.02940875 -0.02036726 0.002317905
v 0.02939391 -0.02041298 0.002498984
v 0.02938634 -0.02044564 0.002586901
v 0.02938574 -0.0204482 0.002593398
v 0.02937257 -0.02050215 0.002738893
v 0.02924758 -0.0205 -0.00385046
v 0.02937257 -0.02050197 -0.002738714
v 0.02937608 -0.02049326 -0.00270009
v 0.02938818 -0.02043664 -0.002564728
v 0.0294035 -0.02038013 -0.002383172
v 0.02941697 -0.02035444 -0.002210736
v 0.02885532 -0.0205 -0.006133317
v 0.02849477 -0.0205 -0.007635056
v 0.02783644 -0.0205 -0.00976634
v 0.0272544 -0.0205 -0.01128906
v 0.02636212 -0.0205 -0.01323956
v 0.02554774 -0.0205 -0.01475
v 0.02445656 -0.0205 -0.01649618
v 0.02340388 -0.0205 -0.01795846
v 0.02231526 -0.02035194 -0.0192945
v 0.02243417 -0.02036726 -0.01915603
v 0.02255171 -0.02041298 -0.01901751
v 0.02260851 -0.02044564 -0.01894998
v 0.02261275 -0.0204482 -0.01894491
v 0.02270627 -0.02050215 -0.0188328
v 0.01795846 -0.0205 -0.02340388
v 0.01883292 -0.02050197 -0.02270615
v 0.01886278 -0.02049326 -0.02268135
v 0.01896709 -0.02043664 -0.02259421
v 0.0191062 -0.02038013 -0.02247661
v 0.01923763 -0.02035444 -0.02236419
v 0.01475 -0.0205 -0.02554774
v 0.01649618 -0.0205 -0.02445656
v 0.007635056 -0.0205 -0.02849477
v 0.00976634 -0.0205 -0.02783644
v 0.01128906 -0.0205 -0.0272544
v 0.01323956 -0.0205 -0.02636212
v 0.002738893 -0.02050209 -0.02937257
v 0.00385046 -0.0205 -0.02924758
v 0.006133317 -0.0205 -0.02885532
v 0.0215792 -0.01389998 0.01655822
v 0.02355587 -0.01389998 0.01359999
v -0.01923328 -0.01389998 -0.01923328
v 0.02512943 -0.01389998 0.01040887
v 0.02627313 -0.01389998 0.007039785
v -0.007039785 -0.01389998 0.02627313
v -0.01040887 -0.01389998 0.02512943
v -0.0215792 -0.01389998 -0.01655822
v -0.02355587 -0.01389998 -0.01359999
v -0.02512943 -0.01389998 -0.01040887
v -0.02627313 -0.01389998 -0.007039785
v -0.02696722 -0.01389998 -0.003550291
v -0.01655822 -0.01389998 0.0215792
v -0.02696722 -0.01389998 0.003550291
v -0.01923328 -0.01389998 0.01923328
v -0.02627313 -0.01389998 0.007039785
v -0.02512943 -0.01389998 0.01040887
v -0.02355587 -0.01389998 0.01359999
v -0.0215792 -0.01389998 0.01655822
v -0.003550291 -0.01389998 0.02696722
v 0 -0.01389998 0.02719998
v 0.003550291 -0.01389998 0.02696722
v 0.007039785 -0.01389998 0.02627313
v 0.01040887 -0.01389998 0.02512943
v 0.01359999 -0.01389998 0.02355587
v 0.02696722 -0.01389998 0.003550291
v 0.02719998 -0.01389998 0
v 0.02696722 -0.01389998 -0.003550291
v 0.02512943 -0.01389998 -0.01040887
v -0.01040887 -0.01389998 -0.02512943
v -0.01359999 -0.01389998 -0.02355587
v -0.01359999 -0.01389998 0.02355587
v -0.02719998 -0.01389998 0
v 0.01655822 -0.01389998 0.0215792
v 0.01923328 -0.01389998 0.01923328
v 0.02355587 -0.01389998 -0.01359999
v 0.0215792 -0.01389998 -0.01655822
v 0.007039785 -0.01389998 -0.02627313
v 0.01923328 -0.01389998 -0.01923328
v 0.003550291 -0.01389998 -0.02696722
v 0 -0.01389998 -0.02719998
v -0.003550291 -0.01389998 -0.02696722
v -0.007039785 -0.01389998 -0.02627313
v 0.02627313 -0.01389998 -0.007039785
v -0.01655822 -0.01389998 -0.0215792
v 0.01655822 -0.01389998 -0.0215792
v 0.01359999 -0.01389998 -0.02355587
v 0.01040887 -0.01389998 -0.02512943
v -0.02074956 -0.01604431 -0.02074956
v -0.02328044 -0.01604431 -0.01786369
v -0.02488541 -0.01604431 -0.01555007
v -0.02541291 -0.01604431 -0.01467216
v -0.02666676 -0.01604431 -0.01224648
v -0.02711069 -0.01604431 -0.01122957
v -0.02801173 -0.01604431 -0.00874257
v -0.02834451 -0.01604431 -0.007594883
v -0.02889853 -0.01604431 -0.005095601
v -0.02909332 -0.01604431 -0.003830194
v -0.02931261 -0.01604431 -0.001365244
v -0.02719998 -0.01389998 0
v -0.02934432 -0.01604431 0
v -0.0292471 -0.01604431 0.002387404
v -0.02909332 -0.01604431 0.003830194
v -0.02870315 -0.01604431 0.006101012
v -0.02834451 -0.01604431 0.007594883
v -0.02768963 -0.01604431 0.009714841
v -0.02711069 -0.01604431 0.01122957
v -0.02622312 -0.01604431 0.01316964
v -0.02541291 -0.01604431 0.01467216
v -0.02432757 -0.01604431 0.01640909
v -0.02328044 -0.01604431 0.01786369
v -0.02203404 -0.01604431 0.01938015
v -0.02074956 -0.01604431 0.02074956
v -0.01938015 -0.01604431 0.02203404
v -0.01786369 -0.01604431 0.02328044
v -0.01640909 -0.01604431 0.02432757
v -0.01467216 -0.01604431 0.02541291
v -0.01316964 -0.01604431 0.02622312
v -0.01122957 -0.01604431 0.02711069
v -0.009714841 -0.01604431 0.02768963
v -0.007594883 -0.01604431 0.02834451
v -0.006101012 -0.01604431 0.02870315
v -0.003830194 -0.01604431 0.02909332
v -0.002387404 -0.01604431 0.0292471
v 0 -0.01389998 0.02719998
v 0 -0.01604431 0.02934432
v 0.001365244 -0.01604431 0.02931261
v 0.003830194 -0.01604431 0.02909332
v 0.005095601 -0.01604431 0.02889853
v 0.007594883 -0.01604431 0.02834451
v 0.00874257 -0.01604431 0.02801173
v 0.01122957 -0.01604431 0.02711069
v 0.01224648 -0.01604431 0.02666676
v 0.01467216 -0.01604431 0.02541291
v 0.01555007 -0.01604431 0.02488541
v 0.01786369 -0.01604431 0.02328044
v 0.02074956 -0.01604431 0.02074956
v 0.02328044 -0.01604431 0.01786369
v 0.02488541 -0.01604431 0.01555007
v 0.02541291 -0.01604431 0.01467216
v 0.02666676 -0.01604431 0.01224648
v 0.02711069 -0.01604431 0.01122957
v 0.02801173 -0.01604431 0.00874257
v 0.02834451 -0.01604431 0.007594883
v 0.02889853 -0.01604431 0.005095601
v 0.02909332 -0.01604431 0.003830194
v 0.02931261 -0.01604431 0.001365244
v 0.02719998 -0.01389998 0
v 0.02934432 -0.01604431 0
v 0.0292471 -0.01604431 -0.002387404
v 0.02909332 -0.01604431 -0.003830194
v 0.02870315 -0.01604431 -0.006101012
v 0.02834451 -0.01604431 -0.007594883
v 0.02768963 -0.01604431 -0.009714841
v 0.02711069 -0.01604431 -0.01122957
v 0.02622312 -0.01604431 -0.01316964
v 0.02541291 -0.01604431 -0.01467216
v 0.02432757 -0.01604431 -0.01640909
v 0.02328044 -0.01604431 -0.01786369
v 0.02203404 -0.01604431 -0.01938015
v 0.02074956 -0.01604431 -0.02074956
v 0.01938015 -0.01604431 -0.02203404
v 0.01786369 -0.01604431 -0.02328044
v 0.01640909 -0.01604431 -0.02432757
v 0.01467216 -0.01604431 -0.02541291
v 0.01316964 -0.01604431 -0.02622312
v 0.01122957 -0.01604431 -0.02711069
v 0.009714841 -0.01604431 -0.02768963
v 0.007594883 -0.01604431 -0.02834451
v 0.006101012 -0.01604431 -0.02870315
v 0.003830194 -0.01604431 -0.02909332
v 0.002387404 -0.01604431 -0.0292471
v 0 -0.01389998 -0.02719998
v 0 -0.01604431 -0.02934432
v -0.001365244 -0.01604431 -0.02931261
v -0.003830194 -0.01604431 -0.02909332
v -0.005095601 -0.01604431 -0.02889853
v -0.007594883 -0.01604431 -0.02834451
v -0.00874257 -0.01604431 -0.02801173
v -0.01122957 -0.01604431 -0.02711069
v -0.01224648 -0.01604431 -0.02666676
v -0.01467216 -0.01604431 -0.02541291
v -0.01555007 -0.01604431 -0.02488541
v -0.01786369 -0.01604431 -0.02328044
v -0.002450764 -0.02038109 0.02939492
v -0.002296805 -0.02034258 0.02940613
v -0.002135634 -0.02032965 0.02941793
v -0.002604842 -0.02042251 0.02938187
v -0.00245738 -0.02035981 0.02939242
v -0.002300143 -0.02032053 0.02940386
v -0.002135515 -0.02030694 0.02941584
v 0 -0.02032965 0.02949523
v 0 -0.02035194 0.02949988
v 0.002135634 -0.02032965 0.02941793
v 0 -0.02030694 0.02949321
v 0.001372098 -0.02030694 0.02946132
v 0.002135515 -0.02030694 0.02941584
v 0.002595305 -0.02044248 0.02938467
v 0.002450883 -0.02038109 0.02939498
v 0.002296864 -0.02034258 0.02940613
v 0.002300262 -0.02032053 0.0294038
v 0.00245738 -0.02035975 0.02939242
v 0.002604842 -0.02042239 0.02938187
v -0.01893419 -0.02042245 0.02261805
v -0.01894289 -0.02044254 0.02261316
v -0.01905238 -0.02038109 0.02251839
v -0.01916915 -0.02034258 0.02241742
v -0.01929146 -0.02032965 0.02231168
v -0.01904588 -0.02035975 0.02252113
v -0.01916509 -0.02032053 0.02241814
v -0.01929003 -0.02030694 0.02231007
v -0.02231007 -0.02030694 0.01929003
v -0.02231168 -0.02032965 0.01929146
v -0.0221458 -0.02030694 0.01947844
v -0.02085632 -0.02032965 0.02085632
v -0.02085489 -0.02030694 0.02085489
v -0.02085953 -0.02035194 0.02085953
v -0.01947844 -0.02030694 0.0221458
v -0.02241742 -0.02034258 0.01916915
v -0.02251839 -0.02038109 0.01905226
v -0.02261805 -0.02042245 0.01893419
v -0.02252113 -0.02035975 0.01904582
v -0.02241814 -0.02032053 0.01916509
v -0.02938187 -0.02042245 0.002604842
v -0.02938467 -0.02044254 0.002595305
v -0.02939498 -0.02038109 0.002450764
v -0.02940613 -0.02034258 0.002296805
v -0.02941793 -0.02032965 0.002135634
v -0.02939242 -0.02035975 0.00245738
v -0.0294038 -0.02032053 0.002300143
v -0.02941584 -0.02030694 0.002135515
v -0.02949988 -0.02035194 0
v -0.02949523 -0.02032965 0
v -0.02946132 -0.02030694 -0.001372098
v -0.02941584 -0.02030694 -0.002135515
v -0.02941793 -0.02032965 -0.002135634
v -0.02949321 -0.02030694 0
v -0.02940613 -0.02034258 -0.002296805
v -0.02939498 -0.02038109 -0.002450764
v -0.02938187 -0.02042245 -0.002604842
v -0.02939242 -0.02035975 -0.00245738
v -0.0294038 -0.02032053 -0.002300143
v -0.02261805 -0.02042245 -0.01893419
v -0.02261316 -0.02044254 -0.01894289
v -0.02251839 -0.02038109 -0.01905238
v -0.02241742 -0.02034258 -0.01916915
v -0.02231168 -0.02032965 -0.01929146
v -0.02252113 -0.02035975 -0.01904588
v -0.02241814 -0.02032053 -0.01916509
v -0.02231007 -0.02030694 -0.01929003
v 0.01905238 -0.02038109 0.02251827
v 0.01916915 -0.02034258 0.0224173
v 0.01929146 -0.02032965 0.02231168
v 0.01893413 -0.02042251 0.02261811
v 0.01904588 -0.02035981 0.02252113
v 0.01916509 -0.02032053 0.02241808
v 0.01929003 -0.02030694 0.02231007
v 0.02085632 -0.02032965 0.02085632
v 0.02085953 -0.02035194 0.02085953
v 0.02231168 -0.02032965 0.01929146
v 0.02085489 -0.02030694 0.02085489
v 0.02231007 -0.02030694 0.01929003
v 0.02261316 -0.02044248 0.01894295
v 0.02251839 -0.02038109 0.01905226
v 0.02241748 -0.02034258 0.01916909
v 0.0224182 -0.02032053 0.01916503
v 0.02252119 -0.02035975 0.01904582
v 0.02261805 -0.02042239 0.01893419
v -0.02085489 -0.02030694 -0.02085489
v -0.01929003 -0.02030694 -0.02231007
v -0.01929146 -0.02032965 -0.02231168
v -0.02085632 -0.02032965 -0.02085632
v -0.01916915 -0.02034258 -0.02241742
v -0.01905226 -0.02038109 -0.02251839
v -0.01893419 -0.02042245 -0.02261805
v -0.01904582 -0.02035975 -0.02252113
v -0.01916509 -0.02032053 -0.02241814
v -0.002604842 -0.02042245 -0.02938187
v -0.002595305 -0.02044254 -0.02938467
v -0.002450764 -0.02038109 -0.02939498
v -0.002296805 -0.02034258 -0.02940613
v -0.002135634 -0.02032965 -0.02941793
v -0.00245738 -0.02035975 -0.02939242
v -0.002300143 -0.02032053 -0.0294038
v -0.002135515 -0.02030694 -0.02941584
v 0.002135634 -0.02032965 -0.02941793
v 0 -0.02032965 -0.02949523
v 0 -0.02035194 -0.02949988
v 0.002135515 -0.02030694 -0.02941584
v 0 -0.02030694 -0.02949321
v -0.001372098 -0.02030694 -0.02946132
v 0.002296805 -0.02034258 -0.02940613
v 0.002450764 -0.02038109 -0.02939498
v 0.002604842 -0.02042245 -0.02938187
v 0.00245738 -0.02035975 -0.02939242
v 0.002300143 -0.02032053 -0.0294038
v 0.02251827 -0.02038109 -0.01905238
v 0.0224173 -0.02034258 -0.01916915
v 0.02231168 -0.02032965 -0.01929146
v 0.02261811 -0.02042251 -0.01893413
v 0.02252113 -0.02035981 -0.01904588
v 0.02241808 -0.02032053 -0.01916509
v 0.02231007 -0.02030694 -0.01929003
v 0.0221458 -0.02030694 -0.01947844
v 0.02085632 -0.02032965 -0.02085632
v 0.02085489 -0.02030694 -0.02085489
v 0.02085953 -0.02035194 -0.02085953
v 0.01929146 -0.02032965 -0.02231168
v 0.01947844 -0.02030694 -0.0221458
v 0.01929003 -0.02030694 -0.02231007
v 0.01894295 -0.02044248 -0.02261316
v 0.01905226 -0.02038109 -0.02251839
v 0.01916909 -0.02034258 -0.02241748
v 0.01916503 -0.02032053 -0.0224182
v 0.01904582 -0.02035975 -0.02252119
v 0.01893419 -0.02042239 -0.02261805
v 0.02939492 -0.02038109 0.002450764
v 0.02940613 -0.02034258 0.002296805
v 0.02941793 -0.02032965 0.002135634
v 0.02938187 -0.02042251 0.002604842
v 0.02939242 -0.02035981 0.00245738
v 0.02940386 -0.02032053 0.002300143
v 0.02941584 -0.02030694 0.002135515
v 0.02949988 -0.02035194 0
v 0.02949523 -0.02032965 0
v 0.02946132 -0.02030694 0.001372098
v 0.02949321 -0.02030694 0
v 0.02941793 -0.02032965 -0.002135634
v 0.02941584 -0.02030694 -0.002135515
v 0.02938467 -0.02044248 -0.002595305
v 0.02939498 -0.02038109 -0.002450883
v 0.02940613 -0.02034258 -0.002296864
v 0.0294038 -0.02032053 -0.002300262
v 0.02939242 -0.02035975 -0.00245738
v 0.02938187 -0.02042239 -0.002604842
v 0 -0.01604431 -0.02934432
v 0 -0.02030694 -0.02949321
v 0.02934432 -0.01604431 0
v 0.02949321 -0.02030694 0
v 0 -0.01604431 0.02934432
v 0 -0.02030694 0.02949321
v -0.02934432 -0.01604431 0
v 0.04572707 -0.02219992 0.01539772
v -0.04572707 -0.02219992 0.01539772
v -0.04600465 -0.02219992 0.01440787
v -0.04541534 -0.02219992 0.01629436
v 0.04541534 -0.02219992 0.01629436
v -0.04260081 -0.02219992 0.02265453
v 0.04619705 -0.02219992 0.01323324
v 0.04600465 -0.02219992 0.01440787
v -0.04624992 -0.02219992 0.01220655
v -0.04619705 -0.02219992 0.01323324
v 0.04600465 -0.02219992 -0.01440787
v 0.04619705 -0.02219992 -0.01323324
v -0.04624992 -0.02219992 -0.01220655
v 0.04624992 -0.02219992 -0.01220655
v 0.04624992 -0.02219992 0.01220655
v 0.04572707 -0.02219992 -0.01539772
v -0.04619705 -0.02219992 -0.01323324
v -0.04600465 -0.02219992 -0.01440787
v -0.03890115 -0.02219992 -0.02854394
v -0.03439313 -0.02219992 -0.03384035
v 0.04541534 -0.02219992 -0.01629436
v -0.03890115 -0.02219992 0.02854394
v 0.04260081 -0.02219992 0.02265453
v 0.03890115 -0.02219992 0.02854394
v -0.04572707 -0.02219992 -0.01539772
v -0.04541534 -0.02219992 -0.01629436
v -0.04260081 -0.02219992 -0.02265453
v 0.03439313 -0.02219992 0.03384035
v 0.02917051 -0.02219992 0.03843361
v 0.02334171 -0.02219992 0.04222822
v -0.02917051 -0.02219992 -0.03843361
v -0.02334171 -0.02219992 -0.04222822
v -0.01702797 -0.02219992 -0.04514539
v -0.01036036 -0.02219992 -0.04712456
v -0.003477454 -0.02219992 -0.04812449
v 0.003477454 -0.02219992 -0.04812449
v 0.01036036 -0.02219992 -0.04712456
v 0.01702797 -0.02219992 -0.04514539
v 0.04260081 -0.02219992 -0.02265453
v 0.02334171 -0.02219992 -0.04222822
v 0.02917051 -0.02219992 -0.03843361
v 0.003477454 -0.02219992 0.04812449
v -0.003477454 -0.02219992 0.04812449
v 0.01036036 -0.02219992 0.04712456
v -0.01036036 -0.02219992 0.04712456
v -0.01702797 -0.02219992 0.04514539
v -0.02334171 -0.02219992 0.04222822
v -0.02917051 -0.02219992 0.03843361
v 0.01702797 -0.02219992 0.04514539
v -0.03439313 -0.02219992 0.03384035
v 0.03439313 -0.02219992 -0.03384035
v 0.03890115 -0.02219992 -0.02854394
v 0.02272659 -0.002999961 0.02131712
v 0.02171826 -0.002999961 0.02242618
v 0.02175855 -0.003771781 0.02246701
v 0.002990782 -0.003789067 0.03085237
v 0.002985537 -0.002999961 0.03079324
v 0 -0.002999961 0.03097677
v 0.03887724 -0.01830369 0.02807456
v 0.04021728 -0.0182963 0.02610808
v 0.03990024 -0.01784545 0.02595663
v 0.04048794 -0.01907718 0.02623456
v 0.04047477 -0.01897364 0.02622818
v 0.03912281 -0.01897567 0.02820658
v 0.03890115 -0.0191999 0.02854394
v 0.03913998 -0.0191999 0.02821552
v 0.03913539 -0.01907801 0.02821362
v 0.04049319 -0.0191999 0.02623659
v 0.0443924 -0.01687824 0.01296716
v 0.04371988 -0.0164265 0.0128501
v 0.04325222 -0.01642805 0.01498079
v 0.04624992 -0.0191999 0.01220655
v 0.04624992 -0.0191999 0.01216143
v 0.04624879 -0.01912415 0.01216125
v 0.007179439 -0.01879113 0.04763466
v 0.009544432 -0.01879018 0.04721862
v 0.00952959 -0.01858514 0.04712802
v 0.002403855 -0.0190863 0.04818493
v 0.004764974 -0.01908981 0.04800927
v 0.004801869 -0.01908612 0.0480048
v 0.007187724 -0.0190863 0.04770588
v 0.01188522 -0.01878911 0.04668581
v 0.01419615 -0.01878786 0.04603707
v 0.01417285 -0.01858156 0.04595005
v 0.003065109 -0.006128132 0.03164929
v 0 -0.006142795 0.03180778
v 0 -0.007297813 0.03247559
v 0 -0.003762066 0.03103023
v 0 -0.004706323 0.0312348
v 0.003006458 -0.004576683 0.0310238
v 0.01032584 -0.003783822 0.02938091
v 0.008886098 -0.003785312 0.02979844
v 0.008933186 -0.00456649 0.02997004
v 0.003271818 -0.009047806 0.03367733
v 0.006521165 -0.009013891 0.03324025
v 0.006289601 -0.007597625 0.03215217
v 0.0131396 -0.003780603 0.02834653
v 0.01174521 -0.003782153 0.02889776
v 0.01180756 -0.004559457 0.02906399
v 0.01736164 -0.005303204 0.0266425
v 0.01721584 -0.004545748 0.02641272
v 0.01458185 -0.004552245 0.02788341
v 0.02068728 -0.003772497 0.02351969
v 0.02079838 -0.004538774 0.02364808
v 0.01966065 -0.004540622 0.0246421
v 0.01982772 -0.005295157 0.02485263
v 0.01451671 -0.01231819 0.03490453
v 0.01393389 -0.01136714 0.03377789
v 0.01055771 -0.01141387 0.03490144
v 0.01649677 -0.01018607 0.03123348
v 0.01946413 -0.01014429 0.02952617
v 0.01872116 -0.00887072 0.02855145
v 0.02106714 -0.01221776 0.03154635
v 0.02184671 -0.01296722 0.03248214
v 0.02489072 -0.01291781 0.03023368
v 0.0257973 -0.005285084 0.01795297
v 0.02557486 -0.004534006 0.01781255
v 0.02384734 -0.004535377 0.02029639
v 0.02818077 -0.003769457 0.01237213
v 0.02802532 -0.002999961 0.01259654
v 0.02686727 -0.002999961 0.01508074
v 0.03063285 -0.01000976 0.01676857
v 0.03184729 -0.01109826 0.017313
v 0.03331184 -0.01108419 0.01406723
v 0.03107726 -0.002999961 0.001905322
v 0.03084093 -0.002999961 0.003203392
v 0.03089058 -0.003739476 0.003207147
v 0.03393745 -0.01107949 0.01239913
v 0.0344401 -0.01107203 0.01068019
v 0.03317421 -0.009987235 0.01037907
v 0.03505599 -0.01104927 0.00715363
v 0.03752505 -0.0127629 0.003801584
v 0.03806948 -0.0130639 0
v 0.03730791 -0.0124365 0
v 0.03551131 -0.01104629 0.003589808
v 0.03596824 -0.01119947 0
v 0.03583317 -0.01106548 0
v 0.03332227 -0.008698165 0.003399074
v 0.03440105 -0.009937405 0.003489971
v 0.03524237 -0.01045578 0
v 0.03374397 -0.00869286 0
v 0.03359603 -0.008495509 0
v 0.03341871 -0.008251428 0
v 0.03281462 -0.007343113 0
v 0.03235083 -0.007356405 0.003321111
v 0.03235816 -0.006540775 0
v 0.03156262 -0.005940735 0.003259301
v 0.03273385 -0.008722603 0.00677073
v 0.03136789 -0.002999961 0
v 0.03173089 -0.005081415 0
v 0.03155308 -0.004466593 0
v 0.03103381 -0.004478693 0.003218114
v 0.0314452 -0.003934442 0
v 0.03141355 -0.003713548 0
v 0.03056496 -0.005239069 0.0064345
v 0.03088152 -0.005969285 0.006483972
v 0.03126651 -0.006685793 0.006543695
v 0.03171002 -0.007385551 0.006612241
v 0.02979332 -0.002999961 0.00757724
v 0.02920562 -0.002999961 0.009470343
v 0.03017657 -0.003750503 0.006373286
v 0.02925992 -0.003765225 0.009483098
v 0.03032666 -0.004498243 0.006396949
v 0.02941733 -0.004524648 0.009520888
v 0.02966779 -0.00527364 0.009580373
v 0.03000092 -0.006009221 0.009658336
v 0.03040671 -0.00672847 0.009751617
v 0.0308749 -0.007429122 0.009857773
v 0.0320599 -0.005924344 0
v 0.02691823 -0.003769934 0.01510512
v 0.02833586 -0.004532158 0.01242697
v 0.02706658 -0.004533112 0.01517778
v 0.02858287 -0.005283117 0.01251292
v 0.02730298 -0.005284011 0.01529151
v 0.02891153 -0.006019592 0.01262497
v 0.02761763 -0.006020009 0.01543933
v 0.0297746 -0.007439792 0.01290977
v 0.03205221 -0.0100001 0.01364547
v 0.02947402 -0.008781254 0.01625978
v 0.02784544 -0.008789718 0.01913714
v 0.02687335 -0.007442474 0.01859271
v 0.02505064 -0.007447779 0.02121299
v 0.02432769 -0.006023406 0.02067625
v 0.02231287 -0.006027579 0.02302151
v 0.02206319 -0.005289912 0.02277731
v 0.02329546 -0.002999961 0.02063405
v 0.02276879 -0.003771424 0.02135533
v 0.02371811 -0.003771007 0.02019017
v 0.02460676 -0.003770709 0.01897758
v 0.0254352 -0.003770411 0.01772278
v 0.02187585 -0.004537284 0.02258837
v 0.02405327 -0.005286872 0.02046203
v 0.02609372 -0.006020963 0.01813501
v 0.02844464 -0.00744009 0.01581275
v 0.03084719 -0.008776724 0.01325315
v 0.02894228 -0.0100255 0.01975423
v 0.02595371 -0.008802533 0.02184808
v 0.02297168 -0.007456064 0.02363175
v 0.02063989 -0.007469296 0.02580255
v 0.02584308 -0.002999961 0.01694363
v 0.02538722 -0.002999961 0.0176925
v 0.02456051 -0.002999961 0.01894456
v 0.02367389 -0.002999961 0.02015459
v 0.03195911 -0.008764505 0.01010054
v 0.03387528 -0.009952604 0.006954014
v 0.01856577 -0.01301687 0.03438836
v 0.01788228 -0.0122683 0.03339493
v 0.01718163 -0.01131862 0.03232741
v 0.02025949 -0.01127064 0.03054624
v 0.02402567 -0.0121687 0.02936106
v 0.02766168 -0.01287055 0.0276637
v 0.02222299 -0.01010644 0.0274949
v 0.0231207 -0.0112254 0.02843481
v 0.0247333 -0.0100739 0.02516019
v 0.02572578 -0.01118469 0.02601385
v 0.02805417 -0.01114952 0.02332514
v 0.02137982 -0.008842289 0.0266003
v 0.02379667 -0.008819699 0.024351
v 0.02697581 -0.01004707 0.02256518
v 0.03009563 -0.01112031 0.02041143
v 0.01012212 -0.0102728 0.0336886
v 0.006791651 -0.01031345 0.0344507
v 0.003408551 -0.01034939 0.03491467
v 0 -0.01152122 0.03637486
v 0 -0.01300776 0.03843033
v 0.003560066 -0.0114926 0.03619301
v 0.003884196 -0.01317876 0.03855705
v 0.007088959 -0.01145642 0.03570383
v 0.007715702 -0.01314771 0.03802877
v 0.01146268 -0.01310902 0.03716123
v 0.0150913 -0.01306486 0.03594821
v 0.03013771 -0.01282739 0.02480953
v 0.03230482 -0.01279032 0.0217092
v 0.03415614 -0.01276105 0.01840013
v 0.03569018 -0.01274186 0.01491856
v 0.03633809 -0.01273649 0.01312351
v 0.03681021 -0.01273441 0.01129561
v 0.0200507 -0.00603497 0.02512437
v 0.01846486 -0.004543006 0.02556478
v 0.01712465 -0.003775835 0.0262652
v 0.01709336 -0.002999961 0.02621531
v 0.01583522 -0.003777325 0.02703195
v 0.01580631 -0.002999961 0.02698022
v 0.01807171 -0.007488012 0.02768009
v 0.0175563 -0.006046116 0.02693921
v 0.01470524 -0.005313575 0.02812969
v 0.01450479 -0.003778874 0.02772527
v 0.01836681 -0.003774464 0.02542322
v 0.01955598 -0.003773391 0.02450704
v 0.02064907 -0.002999961 0.02347636
v 0.02049064 -0.002999961 0.02362179
v 0.0195201 -0.002999961 0.02446138
v 0.01833343 -0.002999961 0.02537578
v 0.01743131 -0.002999961 0.02599716
v 0.009109616 -0.006094992 0.03058755
v 0.009379088 -0.007567942 0.0314697
v 0.009722828 -0.008977353 0.03251963
v 0.01336896 -0.01022958 0.03261888
v 0.01586085 -0.00890392 0.03018498
v 0.0153076 -0.007511675 0.02924561
v 0.0148701 -0.006060719 0.02844834
v 0.01190733 -0.005325198 0.02932351
v 0.005990982 -0.004572451 0.03061825
v 0.009008526 -0.005337119 0.03023844
v 0.01204103 -0.006077349 0.02965992
v 0.01239627 -0.007538855 0.03050512
v 0.01284766 -0.0089401 0.03150475
v 0.003031492 -0.005357623 0.0312938
v 0.006041288 -0.005348265 0.03089034
v 0.007429659 -0.003786683 0.03015244
v 0.00595963 -0.003787755 0.0304448
v 0.005385637 -0.002999961 0.0304811
v 0 -0.005365133 0.0314604
v 0 -0.005870938 0.03167665
v 0.0100212 -0.002999961 0.02941191
v 0.008870005 -0.002999961 0.02974003
v 0.007416129 -0.002999961 0.03009331
v 0.005948901 -0.002999961 0.03038537
v 0.00610888 -0.006112337 0.03124594
v 0.00315541 -0.007626473 0.03256487
v 0 -0.009079039 0.03383892
v 0.01447838 -0.002999961 0.02767187
v 0.0138033 -0.002999961 0.02798956
v 0.01311576 -0.002999961 0.02829158
v 0.01172381 -0.002999961 0.02884125
v 0.01030719 -0.002999961 0.02932339
v 0 -0.01116967 0.03595709
v 0.03279232 -0.0191999 0.03539377
v 0.03439313 -0.0191999 0.03384035
v 0.03450727 -0.01908046 0.0337159
v 0.03278785 -0.01908129 0.03539031
v 0.03098732 -0.01908195 0.03697788
v 0.03099107 -0.0191999 0.0369811
v 0.03428977 -0.01832646 0.03354024
v 0.03403443 -0.01788944 0.03333073
v 0.03258466 -0.01833367 0.03520309
v 0.03234589 -0.01789993 0.03497982
v 0.03079855 -0.01834028 0.03677934
v 0.03088027 -0.01855546 0.03686565
v 0.03438389 -0.01854491 0.03361672
v 0.0305764 -0.01790982 0.03654253
v 0.02893543 -0.01834648 0.03826457
v 0.02706861 -0.01856434 0.03975045
v 0.02906656 -0.01877355 0.03842258
v 0.02711969 -0.01877629 0.03982079
v 0.02873021 -0.017919 0.03801465
v 0.03028428 -0.01747941 0.03622895
v 0.0265631 -0.01750278 0.03904461
v 0.02917051 -0.0191999 0.03843361
v 0.02910953 -0.01908266 0.03847432
v 0.02911281 -0.0191999 0.0384773
v 0.02715903 -0.01908326 0.03987514
v 0.02716201 -0.0191999 0.0398783
v 0.02514046 -0.01908367 0.04117715
v 0.02514338 -0.0191999 0.04118084
v 0.02305912 -0.01908415 0.04237729
v 0.02306127 -0.01912552 0.04238039
v 0.02334171 -0.0191999 0.04222822
v 0.02306199 -0.0191999 0.04238164
v 0.02510476 -0.01877892 0.04112017
v 0.02298539 -0.01857149 0.04224115
v 0.02302712 -0.01878112 0.04231786
v 0.02092301 -0.0191999 0.04347735
v 0.02092242 -0.01912552 0.0434761
v 0.01873153 -0.01912546 0.04446446
v 0.02305293 -0.01899069 0.04236513
v 0.02091503 -0.01899158 0.04346019
v 0.02092063 -0.01908451 0.04347282
v 0.01872998 -0.01908481 0.04446119
v 0.01647132 -0.01878643 0.0452736
v 0.01870507 -0.01878494 0.04439735
v 0.0186727 -0.01857709 0.04431498
v 0.02089208 -0.01878315 0.04341119
v 0.02699953 -0.01835215 0.03965473
v 0.0249173 -0.01814603 0.04082071
v 0.02499562 -0.01835709 0.0409463
v 0.02285844 -0.01815176 0.04200571
v 0.02292895 -0.01836162 0.04213654
v 0.02074211 -0.01815676 0.04308712
v 0.01850831 -0.01795351 0.04389518
v 0.02066767 -0.01794797 0.04292559
v 0.02277475 -0.01794183 0.04185014
v 0.0185737 -0.01816141 0.04406213
v 0.01862859 -0.01836925 0.04420262
v 0.02080488 -0.01836568 0.04322296
v 0.0225709 -0.01752233 0.04147148
v 0.02482438 -0.01793491 0.04067146
v 0.0268113 -0.01792734 0.03939211
v 0.01393735 -0.0175516 0.04507702
v 0.01834863 -0.01753842 0.0434888
v 0.01421415 -0.01908528 0.04610455
v 0.01421529 -0.0191254 0.04610806
v 0.01414102 -0.01837527 0.04583132
v 0.01410108 -0.01816904 0.04568272
v 0.01405364 -0.01796293 0.04550629
v 0.009181201 -0.01675367 0.04506438
v 0.01363086 -0.01673668 0.0439648
v 0.01793044 -0.0167154 0.04243499
v 0.02203989 -0.01668995 0.0404883
v 0.02591937 -0.01665991 0.03814148
v 0.02952903 -0.01662534 0.0354126
v 0.03369891 -0.01745265 0.03305304
v 0.03283464 -0.01658684 0.03232848
v 0.009509325 -0.01838004 0.04700452
v 0.009483933 -0.01817506 0.04684996
v 0.009453594 -0.01797032 0.04666656
v 0.009379029 -0.01756197 0.04622024
v 0.01190078 -0.01912546 0.04675841
v 0.01189988 -0.01908558 0.04675471
v 0.009556472 -0.0191254 0.04729253
v 0.009555816 -0.01908576 0.04728883
v 0 -0.0190953 0.04824501
v 0 -0.01912564 0.04824787
v 0.002404034 -0.01912552 0.04818868
v 0 -0.0191999 0.0482499
v 0.003477454 -0.0191999 0.04812449
v 0 -0.01902723 0.04823577
v 0.00955671 -0.0191999 0.04729408
v 0.01036036 -0.0191999 0.04712456
v 0.01421535 -0.0191999 0.04610836
v 0.01702797 -0.0191999 0.04514539
v 0.01873201 -0.0191999 0.04446542
v 0 -0.01884925 0.04819244
v 0.002403378 -0.01899641 0.04817008
v 0.004800796 -0.01899605 0.04799014
v 0.007186055 -0.0189957 0.04769122
v 0.009553551 -0.01899516 0.04727447
v 0.01189696 -0.01899456 0.04674065
v 0.01421064 -0.01899403 0.04609078
v 0.01648855 -0.01899325 0.04532587
v 0.01872503 -0.01899254 0.04444801
v 0.004796445 -0.01879209 0.04793298
v 0.004789531 -0.01858788 0.04784017
v 0.004780054 -0.01838386 0.04771369
v 0.004768073 -0.01817983 0.04755568
v 0.004753649 -0.01797616 0.04736787
v 0.004718244 -0.01756995 0.04691118
v 0.004623413 -0.01676654 0.04572916
v 0.004502177 -0.01598191 0.04429519
v 0.008931279 -0.01596397 0.04366123
v 0.01324784 -0.01594018 0.04261296
v 0.01741248 -0.01591086 0.04115253
v 0.0213871 -0.01587623 0.03929007
v 0.02513355 -0.01583647 0.03703868
v 0.02861279 -0.01579219 0.03441321
v 0.03179144 -0.01574409 0.031439
v 0.02955389 -0.01419174 0.02945393
v 0.02662318 -0.01424765 0.03219819
v 0.02340322 -0.01430219 0.0346077
v 0.0199266 -0.01435357 0.03666085
v 0.01623255 -0.01440048 0.03834921
v 0.01235795 -0.01444166 0.03966647
v 0.008337855 -0.01447594 0.04060941
v 0.004207253 -0.01450192 0.04118108
v 0 -0.01879328 0.04817295
v 0.002401292 -0.01879274 0.04811269
v 0 -0.01865655 0.04811412
v 0 -0.01858961 0.04807955
v 0 -0.01838254 0.04794991
v 0 -0.01818263 0.04779326
v 0 -0.01801329 0.04763782
v 0 -0.01745516 0.04698967
v 0 -0.01677381 0.04595571
v 0 -0.01645261 0.04539161
v 0.04619705 -0.0191999 0.01323324
v 0.04624992 -0.0191999 0.01105213
v 0.0462439 -0.01907545 0.01105141
v 0.0462439 -0.01907461 0.01216059
v 0.04622787 -0.01896858 0.01104933
v 0.04606032 -0.01850539 0.01102823
v 0.04616338 -0.01873433 0.01214933
v 0.04616361 -0.01873695 0.01104134
v 0.04620069 -0.01885074 0.01215451
v 0.04622781 -0.01896715 0.01215839
v 0.04618763 -0.01907402 0.01326358
v 0.0461927 -0.01912373 0.01326417
v 0.04619377 -0.0191999 0.01326435
v 0.04572707 -0.0191999 0.01539772
v 0.04587465 -0.0191999 0.01492053
v 0.04586845 -0.01907366 0.01491951
v 0.04599207 -0.01896542 0.01436114
v 0.04600811 -0.01907366 0.01436394
v 0.04611372 -0.01907378 0.01381283
v 0.04600465 -0.0191999 0.01440787
v 0.04611992 -0.0191999 0.01381373
v 0.04569178 -0.01907372 0.0154829
v 0.04567605 -0.0189656 0.0154798
v 0.04485219 -0.01896673 0.01772582
v 0.04486763 -0.01907414 0.01772958
v 0.04487395 -0.0191999 0.01773095
v 0.04541534 -0.0191999 0.01629436
v 0.04614454 -0.01884895 0.01325678
v 0.04610723 -0.01873207 0.01325094
v 0.04592794 -0.01873105 0.01435005
v 0.04600358 -0.01849848 0.01323467
v 0.04582458 -0.0184971 0.01433205
v 0.04586333 -0.01826518 0.01321232
v 0.04568493 -0.01826363 0.01430737
v 0.04561239 -0.01873153 0.01546758
v 0.04550999 -0.01849794 0.01544761
v 0.04469019 -0.01850134 0.01768714
v 0.04617166 -0.01896589 0.01326102
v 0.04596513 -0.01884818 0.01435649
v 0.04624992 -0.0191999 0.008836627
v 0.04624408 -0.01907694 0.00883609
v 0.04622799 -0.01897138 0.00883454
v 0.04616415 -0.01874214 0.008828341
v 0.04606127 -0.01851248 0.008818268
v 0.04592055 -0.01827377 0.01101016
v 0.04592227 -0.01828265 0.00880444
v 0.04574692 -0.01804214 0.01098757
v 0.04554563 -0.01782244 0.008766174
v 0.04554188 -0.01781082 0.01096051
v 0.0456891 -0.01803231 0.01318413
v 0.04551136 -0.01803058 0.01427644
v 0.04498672 -0.01733678 0.01306807
v 0.04450541 -0.01733714 0.01524507
v 0.04524838 -0.01756787 0.01311177
v 0.04476416 -0.01756793 0.01529812
v 0.04391789 -0.0168792 0.01512265
v 0.04371047 -0.0173456 0.01744335
v 0.04624992 -0.0191999 0
v 0.04623442 -0.01901125 0
v 0.0462284 -0.01897895 0
v 0.04617637 -0.0187816 0
v 0.04607564 -0.01854789 0
v 0.04590952 -0.01827341 0
v 0.04555946 -0.01784843 0
v 0.04505401 -0.01736307 0.008714914
v 0.0448867 -0.01723623 0
v 0.04380476 -0.01645606 0.008578717
v 0.04353821 -0.01628988 0
v 0.04233288 -0.01558184 0.008406341
v 0.04167002 -0.01874393 0.0241633
v 0.04281634 -0.01874029 0.02206426
v 0.04272252 -0.01851087 0.02203214
v 0.04385721 -0.01873677 0.01991176
v 0.04479008 -0.01873373 0.0177111
v 0.04564929 -0.01884847 0.01547461
v 0.04393911 -0.0191999 0.01993519
v 0.04393243 -0.01907473 0.01993346
v 0.04289567 -0.0191999 0.02209115
v 0.04288899 -0.01907557 0.02208912
v 0.04260081 -0.0191999 0.02265453
v 0.04174 -0.01907628 0.02419126
v 0.04174602 -0.0191999 0.0241934
v 0.04172623 -0.01897186 0.02418553
v 0.04287475 -0.01897001 0.02208399
v 0.04391753 -0.01896822 0.01992899
v 0.04537153 -0.01826471 0.01542037
v 0.04455512 -0.01826924 0.01765424
v 0.04362905 -0.01827514 0.01984524
v 0.04519951 -0.01803189 0.01538622
v 0.0443874 -0.01803743 0.01761311
v 0.04346615 -0.01804476 0.01979702
v 0.04259574 -0.01828187 0.02198815
v 0.04225212 -0.01782459 0.02186703
v 0.04327362 -0.01781487 0.0197395
v 0.04418921 -0.01780623 0.01756387
v 0.04499626 -0.01779961 0.01534533
v 0.04530638 -0.01779788 0.01423943
v 0.04548341 -0.01779979 0.01315057
v 0.04042083 -0.01874762 0.02620345
v 0.04033434 -0.0185219 0.02616316
v 0.04145765 -0.01828896 0.02407747
v 0.03767335 -0.0189777 0.0301156
v 0.0390715 -0.0187515 0.0281794
v 0.03754615 -0.01853328 0.0300377
v 0.03762453 -0.01875543 0.03008598
v 0.03768527 -0.01907885 0.03012329
v 0.0376898 -0.0191999 0.03012531
v 0.03614109 -0.01907968 0.03195869
v 0.0361458 -0.0191999 0.0319615
v 0.03451204 -0.0191999 0.03371906
v 0.02513349 -0.01898956 0.04116547
v 0.02715134 -0.01898825 0.039864
v 0.02910119 -0.01898682 0.03846371
v 0.0309782 -0.01898527 0.03696787
v 0.03277814 -0.01898354 0.03538084
v 0.03449678 -0.01898163 0.03370702
v 0.03612995 -0.0189796 0.03195053
v 0.03094065 -0.01877033 0.03692895
v 0.03273767 -0.01876688 0.03534424
v 0.03445351 -0.01876324 0.03367263
v 0.03608381 -0.01875931 0.0319184
v 0.03677588 -0.01742398 0.02955049
v 0.03715276 -0.01786726 0.02979069
v 0.03857463 -0.01785624 0.02790826
v 0.03744024 -0.01831132 0.02997171
v 0.0424872 -0.01643943 0.01712596
v 0.04065114 -0.0164709 0.02128255
v 0.04180228 -0.01736915 0.02170592
v 0.04112672 -0.0178349 0.02394109
v 0.03948473 -0.01739585 0.0257554
v 0.03841954 -0.01650732 0.02522808
v 0.03580731 -0.01654648 0.02892243
v 0.03590971 -0.01831895 0.03179514
v 0.03563809 -0.01787847 0.0315997
v 0 -0.0146737 0.04172444
v 0.03464323 -0.01569491 0.02814877
v 0.03714406 -0.01564776 0.02457576
v 0.03927737 -0.01560491 0.02075672
v 0.04103159 -0.01556873 0.01672989
v 0.04176306 -0.01555562 0.01465022
v 0.04221785 -0.01555293 0.01257663
v 0.04085433 -0.01475 0
v 0.03964519 -0.01408118 0
v 0.03936243 -0.01401454 0.007995903
v 0.03818535 -0.01336002 0.007779479
v 0.03722721 -0.01274079 0.007568717
v 0.03217262 -0.01413708 0.02640861
v 0.03446221 -0.01408684 0.02309638
v 0.03641229 -0.01404333 0.01955294
v 0.03801804 -0.01400917 0.01581436
v 0.03869038 -0.01399761 0.01388245
v 0.03913527 -0.01399415 0.0119372
v 0.001493871 -0.01327538 -0.227384
v 0.001616299 -0.01291084 -0.2275009
v 0.00273317 -0.01334881 -0.2271928
v -0.002325475 -0.01218152 -0.2275555
v -0.002166092 -0.01185643 -0.2276573
v -0.000967353 -0.01252257 -0.2276421
v 0.005167067 -0.01137489 -0.2270042
v 0.006171464 -0.01160472 -0.2265621
v 0.006180465 -0.01210272 -0.2264715
v 0.0134015 -0.01436156 -0.2159408
v 0.01352638 -0.01409441 -0.2162421
v 0.01400679 -0.01356559 -0.2152112
v 0.01416879 -0.01122897 -0.2176882
v 0.01376825 -0.01165527 -0.2186047
v 0.01362735 -0.01093888 -0.219172
v 0.01130294 -0.01581048 -0.2186521
v 0.01053184 -0.01607424 -0.2196053
v 0.01088023 -0.01553452 -0.2201827
v 0.01218062 -0.01512938 -0.2089754
v 0.01201117 -0.01542884 -0.2095178
v 0.01271551 -0.01490634 -0.21006
v 0.01181817 -0.01601767 -0.212186
v 0.01231426 -0.01549708 -0.2111399
v 0.01159507 -0.01597219 -0.2105731
v 0.01382565 -0.01071548 -0.2072608
v 0.01361787 -0.01015317 -0.2067136
v 0.01345282 -0.01047122 -0.2063952
v 0.0144332 -0.01212537 -0.2101572
v 0.0143916 -0.01255214 -0.2107167
v 0.01453471 -0.01228612 -0.2110417
v 0.002067029 -0.01826077 -0.2210886
v 0.001310408 -0.01853537 -0.2202392
v -0.000688568 -0.01813834 -0.2215391
v -0.003184676 -0.01671499 -0.2239193
v -0.002565979 -0.01632392 -0.2246659
v -0.001454353 -0.01678711 -0.2242475
v -0.007526755 -0.01296001 -0.2253363
v -0.006930828 -0.01340705 -0.2254559
v -0.007186055 -0.01366567 -0.2251815
v 0.01274794 -0.01137661 -0.2052955
v 0.01274728 -0.01139158 -0.2052998
v 0.01284134 -0.0115208 -0.2055188
v 0.01263785 -0.01283937 -0.2059748
v 0.01258718 -0.01320499 -0.206238
v 0.01281839 -0.01289516 -0.2063871
v 0.01141667 -0.01596647 -0.2098514
v 0.01120567 -0.01619571 -0.2102987
v -0.003334105 -0.01783758 -0.2216424
v -0.004539728 -0.01750105 -0.2219294
v -0.003480792 -0.01779323 -0.2217233
v -0.01040148 -0.01396948 -0.2228756
v -0.009863257 -0.01437586 -0.2229782
v -0.01011246 -0.01463621 -0.2225743
v -0.009325206 -0.01476061 -0.2230437
v -0.01158839 -0.01378571 -0.2220461
v -0.01184231 -0.01354432 -0.2219889
v -0.01169127 -0.01340484 -0.2222052
v -0.01315504 -0.0118193 -0.2215963
v -0.01274055 -0.01245439 -0.2217619
v -0.01267361 -0.01259326 -0.2217602
v -0.00557661 -0.00999999 -0.2268337
v -0.004896104 -0.00999999 -0.2271032
v -0.004622042 -0.01024901 -0.2271994
v -0.001576304 -0.00999999 -0.2279165
v -0.001672208 -0.01045042 -0.2278961
v -0.002389132 -0.00999999 -0.2277992
v 0.002091825 -0.00999999 -0.2278534
v 0.003054857 -0.00999999 -0.2276856
v 0.003071427 -0.01075768 -0.2276595
v 0.004082143 -0.00999999 -0.2274338
v 0.004083514 -0.01005083 -0.2274333
v 0.004031658 -0.00999999 -0.227448
v 0.006947875 -0.00999999 -0.2262939
v 0.007835626 -0.00999999 -0.2257907
v 0.007879912 -0.01028066 -0.22576
v 0.009106814 -0.00999999 -0.2249191
v 0.0145877 -0.00999999 -0.2164926
v 0.01432794 -0.01012945 -0.2174365
v 0.01430988 -0.00999999 -0.2174974
v 0.01446712 -0.00999999 -0.2090376
v 0.01450341 -0.01013588 -0.2091765
v 0.01455318 -0.00999999 -0.2093665
v 0.01277309 -0.0100035 -0.2051075
v 0.01301831 -0.01023024 -0.2055529
v 0.01308763 -0.00999999 -0.205671
v 0.01351732 -0.00999999 -0.2064976
v 0.01355147 -0.00999999 -0.206569
v 0.01369822 -0.00999999 -0.2068879
v 0.01382136 -0.00999999 -0.2071716
v 0.01439744 -0.0103991 -0.2088231
v 0.01428025 -0.00999999 -0.2084095
v 0.01406455 -0.00999999 -0.2077858
v 0.01442605 -0.00999999 -0.2088903
v 0.01491469 -0.00999999 -0.2114028
v 0.01475292 -0.00999999 -0.2102888
v 0.01484125 -0.01063179 -0.210983
v 0.01462376 -0.00999999 -0.2096616
v 0.01476579 -0.01088166 -0.2106256
v 0.01467305 -0.01113772 -0.2102749
v 0.01493006 -0.00999999 -0.2115542
v 0.01494377 -0.01014918 -0.2117164
v 0.0149616 -0.00999999 -0.2119274
v 0.01494097 -0.01100969 -0.2127574
v 0.01499938 -0.00999999 -0.2128722
v 0.01495176 -0.00999999 -0.2142009
v 0.01495069 -0.01002889 -0.214215
v 0.01494956 -0.00999999 -0.2142287
v 0.01472073 -0.01018214 -0.2158719
v 0.01468372 -0.00999999 -0.2160639
v 0.01378148 -0.00999999 -0.2189218
v 0.01448762 -0.01074022 -0.216777
v 0.01401644 -0.01056402 -0.2183001
v 0.01340705 -0.01016825 -0.2197242
v 0.01257407 -0.00999999 -0.2211787
v 0.01242673 -0.01063638 -0.2213716
v 0.01225417 -0.00999999 -0.2216506
v 0.01183247 -0.01079386 -0.2221786
v 0.01100063 -0.00999999 -0.2231973
v 0.011173 -0.01090115 -0.2229614
v 0.01095557 -0.00999999 -0.2232457
v 0.01045221 -0.01095908 -0.2237102
v 0.01024776 -0.00999999 -0.2239536
v 0.009674429 -0.01096886 -0.2244173
v 0.009483873 -0.00999999 -0.2246212
v 0.008844494 -0.01093119 -0.2250755
v 0.007967472 -0.01084673 -0.225678
v 0.00609225 -0.01053982 -0.2266954
v 0.006030499 -0.00999999 -0.2267343
v 0.004586577 -0.00999999 -0.2272815
v -0.000342077 -0.01028126 -0.2279924
v 0.000866349 -0.00999999 -0.227975
v 0.000808133 -0.01081609 -0.2279502
v 0.001206219 -0.00999999 -0.2279514
v 0.001932621 -0.01128733 -0.2278063
v 0.00196737 -0.01083737 -0.2278426
v 0.001984179 -0.01036912 -0.2278631
v 0.001985073 -0.00999999 -0.227868
v -0.001393735 -0.00999999 -0.2279351
v -0.000463859 -0.00999999 -0.2279928
v -0.000310674 -0.00999999 -0.2279968
v -0.003105342 -0.01043784 -0.2276408
v -0.003702282 -0.00999999 -0.2274948
v -0.003141105 -0.00999999 -0.2276417
v -0.005137801 -0.01117175 -0.2269383
v -0.005331397 -0.01146817 -0.2268176
v -0.005951285 -0.01099264 -0.2266193
v -0.008633971 -0.01056104 -0.2252218
v -0.008241534 -0.00999999 -0.2254772
v -0.008155941 -0.00999999 -0.2255278
v -0.01231634 -0.00999999 -0.2225522
v -0.01221251 -0.00999999 -0.222639
v -0.01225697 -0.01005446 -0.2226016
v -0.01131039 -0.00999999 -0.2233654
v -0.01250898 -0.00999999 -0.2223899
v -0.01267498 -0.01078373 -0.2222094
v -0.01361715 -0.01000994 -0.221414
v -0.0128768 -0.01116091 -0.2219861
v -0.01356714 -0.01059705 -0.221435
v -0.01307129 -0.01154661 -0.2217416
v -0.01342904 -0.01116216 -0.2214912
v -0.01254695 -0.01208454 -0.2220584
v -0.01130688 -0.01403552 -0.2221032
v -0.01029193 -0.01482087 -0.2222578
v -0.01047408 -0.01469093 -0.2222357
v -0.01049888 -0.01467305 -0.2222325
v -0.009768545 -0.0151714 -0.2223085
v -0.009336471 -0.01543831 -0.2223366
v -0.008787393 -0.01512503 -0.2230731
v -0.009238004 -0.01549667 -0.2223414
v -0.0082497 -0.0154705 -0.2230675
v -0.008146464 -0.01608735 -0.2223533
v -0.00870037 -0.01579976 -0.2223563
v -0.00879985 -0.01574552 -0.2223548
v -0.002158463 -0.01811128 -0.2212951
v -0.002768874 -0.01749294 -0.2226414
v -0.001718938 -0.01784783 -0.2221195
v 0.000720726 -0.0185635 -0.2201565
v -0.00100255 -0.01833021 -0.2208881
v -0.00202459 -0.01813918 -0.2212514
v 0.005231976 -0.01857668 -0.2174195
v 0.003372073 -0.01868766 -0.2187101
v 0.004736602 -0.01813149 -0.2204001
v 0.003227949 -0.01868885 -0.2187998
v 0.003200769 -0.01868909 -0.2188166
v 0.001081228 -0.01859784 -0.2199836
v 0.007572174 -0.0180881 -0.2163076
v 0.005922496 -0.01848602 -0.2168693
v 0.007210433 -0.01823139 -0.2157173
v 0.008147954 -0.01796209 -0.2147527
v 0.009140729 -0.01758718 -0.2144934
v 0.008857071 -0.01770013 -0.2139331
v 0.01113003 -0.01627129 -0.2104514
v 0.01088303 -0.01649814 -0.2109264
v 0.01108914 -0.01645433 -0.2115936
v 0.009806513 -0.01724392 -0.2126769
v 0.01050496 -0.01688265 -0.2125851
v 0.01166331 -0.0156548 -0.2092813
v 0.01187509 -0.01533389 -0.2087401
v 0.01232075 -0.01480811 -0.2084227
v 0.01222735 -0.01460975 -0.2076858
v 0.01205927 -0.01499474 -0.208218
v 0.01205128 -0.01501107 -0.2082421
v 0.01266056 -0.01264005 -0.2058483
v 0.01276892 -0.01058346 -0.2051396
v 0.01275151 -0.01128137 -0.2052696
v 0.0130639 -0.01115429 -0.2057991
v -0.009439527 -0.01283639 -0.2241935
v -0.008956909 -0.01226615 -0.2247198
v -0.008862853 -0.01330769 -0.2243629
v -0.008367002 -0.01276105 -0.2249215
v -0.008285701 -0.01375162 -0.2244869
v -0.01170927 -0.01066541 -0.2230231
v -0.0121383 -0.01136165 -0.2225812
v -0.01234602 -0.01171988 -0.2223309
v -0.01221752 -0.01294314 -0.222005
v -0.01201522 -0.01259648 -0.2223283
v -0.0118066 -0.0122531 -0.2226272
v -0.01159226 -0.01191413 -0.2229031
v -0.01115155 -0.01125043 -0.2233924
v -0.01070427 -0.01060461 -0.2238056
v -0.01027524 -0.00999999 -0.2241405
v -0.01025211 -0.00999999 -0.2241571
v -0.01016324 -0.01368767 -0.2232398
v -0.009923219 -0.01340454 -0.2235804
v -0.009613573 -0.01411247 -0.2233588
v -0.009363353 -0.01384633 -0.2237163
v -0.008803486 -0.01426309 -0.2238106
v -0.009223997 -0.00999999 -0.2248628
v -0.009674727 -0.01057708 -0.2245426
v -0.01012754 -0.01118785 -0.2241632
v -0.0105859 -0.01180791 -0.2237101
v -0.01103937 -0.01243931 -0.223176
v -0.0112614 -0.01275914 -0.2228763
v -0.01147872 -0.01308143 -0.222553
v -0.01116418 -0.01383978 -0.2223653
v -0.01094025 -0.01353871 -0.2227346
v -0.01071292 -0.01323717 -0.2230798
v -0.01048237 -0.01293605 -0.2234011
v -0.01001453 -0.01233673 -0.2239766
v -0.009544372 -0.01174181 -0.2244676
v -0.009081363 -0.01115036 -0.2248806
v -0.008707702 -0.00999999 -0.225193
v -0.00713402 -0.01456278 -0.2246068
v -0.00659734 -0.0140776 -0.2252443
v -0.00633645 -0.01382684 -0.2255306
v -0.007128953 -0.01537668 -0.2238612
v -0.006560683 -0.01493263 -0.2246071
v -0.00601089 -0.01446443 -0.2252656
v -0.005744457 -0.01422113 -0.2255625
v -0.008244276 -0.01465612 -0.223865
v -0.005427241 -0.01482754 -0.225248
v -0.00598973 -0.01528012 -0.2245706
v -0.006573677 -0.0157063 -0.2238066
v -0.006926119 -0.01664537 -0.2222859
v -0.007015824 -0.01660752 -0.2222936
v -0.006640136 -0.01639914 -0.2228545
v -0.007712364 -0.01579773 -0.2230281
v -0.007685959 -0.01502698 -0.2238814
v -0.007709205 -0.01416963 -0.2245675
v -0.00777626 -0.01322728 -0.2250747
v -0.00812304 -0.01248472 -0.2251691
v -0.008483529 -0.01169335 -0.2251648
v -0.004922032 -0.0165801 -0.2234575
v -0.005574882 -0.01693129 -0.2225679
v -0.005854368 -0.01706355 -0.2221615
v -0.004569888 -0.01493769 -0.2255094
v -0.004270136 -0.01548731 -0.2251064
v -0.004846811 -0.01516819 -0.225194
v -0.004856467 -0.01591265 -0.2243967
v -0.005421519 -0.01560664 -0.2244997
v -0.006020367 -0.01601636 -0.2237197
v 0.005996346 -0.01635873 -0.2237774
v 0.005539119 -0.01686763 -0.2232033
v 0.004980564 -0.01620507 -0.2244625
v 0.004523873 -0.01672095 -0.2239043
v 0.003935456 -0.01598036 -0.2250876
v 0.003480434 -0.01650381 -0.2245491
v 0.002862811 -0.01568454 -0.2256476
v 0.002410054 -0.01621574 -0.2251321
v 0.001546204 -0.01559329 -0.2258998
v 0.001313865 -0.01585626 -0.2256461
v 0.000192523 -0.01542419 -0.2260819
v -5.12325e-05 -0.01567929 -0.2258235
v -0.001193702 -0.0151782 -0.2261825
v -0.001446127 -0.0154277 -0.2259187
v -0.002606809 -0.01485502 -0.2261863
v -0.002865076 -0.01510143 -0.2259173
v -0.004039824 -0.01445353 -0.226077
v -0.004300713 -0.01469957 -0.2258036
v -0.005484402 -0.01397132 -0.2258381
v -0.006081283 -0.01357066 -0.2257956
v -0.006680727 -0.01314383 -0.2257094
v -0.00728172 -0.01268947 -0.2255772
v -0.007883071 -0.01220625 -0.2253964
v 0.005012989 -0.01731938 -0.2225754
v 0.00400114 -0.0171799 -0.2232878
v 0.002961993 -0.01697129 -0.2239478
v 0.001896858 -0.01669287 -0.2245495
v 0.00080667 -0.01634389 -0.2250857
v -0.000307954 -0.01592284 -0.2255464
v -0.001710176 -0.01566678 -0.2256353
v -0.003133296 -0.01533854 -0.2256278
v -0.003697574 -0.01578587 -0.2249875
v -0.00429517 -0.01619899 -0.2242642
v 0.000703838 -0.01750123 -0.2231807
v 3.09548e-05 -0.01783961 -0.222394
v -0.000364071 -0.01717871 -0.2237482
v -0.001020073 -0.01753246 -0.2229702
v -0.002092421 -0.01715838 -0.2234829
v -0.003837287 -0.0170713 -0.2230923
v -0.004520714 -0.01739531 -0.2221853
v 0.005399346 -0.01778447 -0.2211315
v 0.002769589 -0.0179457 -0.2218798
v 0.001748621 -0.01775646 -0.2225553
v -0.005729854 -0.01710838 -0.2221432
v -0.003410995 -0.01556652 -0.225318
v -0.001985192 -0.01589566 -0.2253322
v -0.00085826 -0.01637607 -0.2249352
v 0.00024609 -0.01678359 -0.2244532
v 0.001326858 -0.01712018 -0.2238992
v 0.00238353 -0.01738744 -0.2232833
v 0.003415226 -0.0175867 -0.222613
v 0.006761193 -0.01670056 -0.2227498
v 0.006980299 -0.01644176 -0.223037
v 0.007929563 -0.01645433 -0.2222453
v 0.01032638 -0.01632463 -0.2193061
v 0.01182764 -0.01573044 -0.2173701
v 0.01010048 -0.0165627 -0.2189999
v 0.01161563 -0.015971 -0.2170661
v 0.01228713 -0.0155788 -0.2160604
v 0.01206147 -0.0158143 -0.2157551
v 0.01267576 -0.01536327 -0.2147291
v 0.01243609 -0.01559799 -0.214425
v 0.009854078 -0.01678913 -0.2186869
v 0.007866084 -0.01732957 -0.2201656
v 0.008391618 -0.01688987 -0.2208053
v 0.009795546 -0.01715314 -0.216773
v 0.008993685 -0.01740366 -0.2177078
v 0.009587287 -0.01700448 -0.2183672
v 0.007265985 -0.01772069 -0.2194882
v 0.00988692 -0.01723027 -0.2151612
v 0.008321285 -0.01776385 -0.2170213
v 0.006593585 -0.01806765 -0.2187733
v 0.01397919 -0.01041632 -0.2075886
v 0.01427483 -0.01067221 -0.2084784
v 0.01450532 -0.01091432 -0.209376
v 0.01321446 -0.01484656 -0.2136811
v 0.01298469 -0.01508957 -0.2133793
v 0.01245087 -0.01556253 -0.2127802
v 0.01331382 -0.01437902 -0.2106232
v 0.0129323 -0.01500922 -0.2117172
v 0.01357257 -0.01411491 -0.2109143
v 0.01320236 -0.01476114 -0.212011
v 0.01263624 -0.01525455 -0.2114269
v 0.0130282 -0.01464301 -0.2103385
v 0.01427346 -0.01239895 -0.2098354
v 0.01427739 -0.01194727 -0.2092697
v 0.01410132 -0.012232 -0.2089532
v 0.01406413 -0.011756 -0.208384
v 0.0138725 -0.01205527 -0.2080749
v 0.01379102 -0.01155602 -0.2075062
v 0.01358485 -0.01187366 -0.2072067
v 0.0134567 -0.01135307 -0.2066427
v 0.01323837 -0.011693 -0.2063544
v 0.01434701 -0.0130642 -0.2121414
v 0.01430946 -0.01295179 -0.2112733
v 0.01422482 -0.01282215 -0.2103994
v 0.01408958 -0.0126785 -0.2095227
v 0.01390063 -0.01252448 -0.2086474
v 0.01365596 -0.01236432 -0.2077782
v 0.013354 -0.01220309 -0.2069208
v 0.01299774 -0.01204687 -0.2060788
v 0.01270663 -0.01212096 -0.2055716
v 0.01038187 -0.01674556 -0.2174206
v 0.01112592 -0.01642447 -0.2164466
v 0.01054924 -0.01684337 -0.2158119
v 0.01124858 -0.01647561 -0.2148259
v 0.01059424 -0.01688104 -0.2141942
v 0.01124113 -0.01647752 -0.213203
v 0.01138162 -0.01620227 -0.2167583
v 0.01181322 -0.01604211 -0.2154476
v 0.0118857 -0.0160495 -0.2138156
v 0.01186585 -0.0153492 -0.208765
v 0.01233083 -0.01431781 -0.2073228
v 0.01242834 -0.01446241 -0.2078605
v 0.01267415 -0.01451838 -0.20868
v 0.0128743 -0.01457971 -0.2095065
v 0.01252925 -0.01368743 -0.2067144
v 0.01249933 -0.01408964 -0.2072902
v 0.01283329 -0.0137661 -0.2075405
v 0.01277303 -0.01415622 -0.2081136
v 0.0130909 -0.013852 -0.208375
v 0.01300066 -0.01422899 -0.2089444
v 0.01329994 -0.01394128 -0.2092171
v 0.01252353 -0.01356542 -0.2065406
v 0.01285004 -0.01334625 -0.2069635
v 0.01314055 -0.01344645 -0.2078002
v 0.01338142 -0.01355111 -0.2086461
v 0.01357156 -0.01365613 -0.2094989
v 0.01314485 -0.01301079 -0.2072232
v 0.01342087 -0.01313227 -0.2080709
v 0.01364439 -0.01325488 -0.2089277
v 0.01381582 -0.01337432 -0.2097899
v 0.01371186 -0.0137574 -0.2103552
v 0.01393687 -0.01348662 -0.2106537
v 0.01380461 -0.01385116 -0.2112119
v 0.01401042 -0.01358813 -0.2115158
v 0.01344656 -0.01451081 -0.2123089
v 0.01366519 -0.01425826 -0.2126104
v 0.01249116 -0.01371973 -0.2066839
v 0.01273483 -0.01241338 -0.2058148
v 0.01309847 -0.01254409 -0.2066479
v 0.01341342 -0.01268309 -0.2074944
v 0.01367413 -0.01282471 -0.2083532
v 0.01388025 -0.01296389 -0.2092199
v 0.01403325 -0.01309627 -0.2100902
v 0.01413577 -0.01321792 -0.2109599
v 0.01419097 -0.01332575 -0.2118258
v 0.01385873 -0.01400369 -0.2129157
v 0.01402783 -0.01374703 -0.2132245
v 0.01341986 -0.01459932 -0.2139844
v 0.0136013 -0.01434767 -0.2142893
v 0.01289182 -0.01512247 -0.2150326
v 0.01308465 -0.01487541 -0.2153359
v 0.01249027 -0.0153355 -0.2163636
v 0.01267093 -0.0150839 -0.2166645
v 0.009006977 -0.01293164 -0.2245246
v 0.008957564 -0.01379472 -0.2241679
v 0.008039474 -0.01374733 -0.2248764
v 0.008099913 -0.01240134 -0.2253428
v 0.008969724 -0.01197826 -0.2248277
v 0.008100986 -0.01287257 -0.2252016
v 0.00808072 -0.0133211 -0.225046
v 0.008823096 -0.01457262 -0.2237596
v 0.00860548 -0.015271 -0.2233018
v 0.007668077 -0.01524353 -0.2240609
v 0.00779134 -0.01489943 -0.2242848
v 0.007894515 -0.01453584 -0.2244955
v 0.007977306 -0.01415205 -0.2246928
v 0.00830686 -0.0158962 -0.2227964
v 0.007180809 -0.01616746 -0.2233119
v 0.007362604 -0.01587677 -0.2235742
v 0.007525086 -0.01556915 -0.2238239
v 0.008625805 -0.01665043 -0.2211108
v 0.00884056 -0.01639693 -0.2214066
v 0.009709477 -0.01627016 -0.2205251
v 0.009210824 -0.01584535 -0.2219687
v 0.0100702 -0.01572471 -0.2210958
v 0.009500503 -0.01522928 -0.2224902
v 0.01034849 -0.0151183 -0.2216314
v 0.00970757 -0.01454234 -0.2229692
v 0.01054292 -0.01444458 -0.22213
v 0.009830117 -0.0137782 -0.2234036
v 0.01065194 -0.01369738 -0.2225896
v 0.009866416 -0.0129311 -0.2237912
v 0.01067405 -0.01287078 -0.2230076
v 0.009814977 -0.01199603 -0.2241297
v 0.01060783 -0.01195949 -0.2233818
v 0.006523907 -0.01694434 -0.2224504
v 0.01163625 -0.01527529 -0.2192351
v 0.01114469 -0.01493805 -0.2207309
v 0.01188439 -0.01468902 -0.2197949
v 0.01132434 -0.01427918 -0.221248
v 0.01204693 -0.01404631 -0.2203301
v 0.0114181 -0.01355183 -0.221732
v 0.01212364 -0.01334112 -0.2208384
v 0.01142477 -0.01274991 -0.2221804
v 0.01211386 -0.01256769 -0.2213176
v 0.01134347 -0.01186782 -0.2225909
v 0.01201719 -0.01172018 -0.2217651
v 0.01201802 -0.0154801 -0.2176703
v 0.01233339 -0.01494848 -0.2182587
v 0.01256239 -0.01437216 -0.2188304
v 0.01270574 -0.01374644 -0.2193838
v 0.01276379 -0.01306581 -0.2199171
v 0.01273685 -0.01232439 -0.2204278
v 0.01262474 -0.01151633 -0.2209135
v 0.01296567 -0.01455479 -0.2172594
v 0.01317334 -0.01398831 -0.217844
v 0.01329571 -0.0133804 -0.2184171
v 0.01333421 -0.0127263 -0.2189767
v 0.01328969 -0.01202023 -0.2195206
v 0.01316249 -0.01125591 -0.2200459
v 0.01382976 -0.01232308 -0.2180255
v 0.01424556 -0.01185566 -0.2170705
v 0.01457595 -0.01132279 -0.2161175
v 0.01381123 -0.01294881 -0.2174372
v 0.0142458 -0.01245081 -0.2164503
v 0.01459223 -0.01188474 -0.2154616
v 0.01484102 -0.01124501 -0.2144724
v 0.01481473 -0.01071918 -0.2151678
v 0.01497817 -0.01051735 -0.213478
v 0.01409769 -0.01329523 -0.2155203
v 0.01371085 -0.01353782 -0.2168421
v 0.0138942 -0.01383095 -0.2149029
v 0.01439595 -0.01296466 -0.2141694
v 0.01429551 -0.01322776 -0.2138516
v 0.01467907 -0.01228398 -0.2131175
v 0.01459002 -0.01254343 -0.2127878
v 0.01483559 -0.01151072 -0.2120551
v 0.01475542 -0.01176571 -0.2117115
v 0.01447498 -0.01269918 -0.2144895
v 0.01474779 -0.0120247 -0.2134512
v 0.01489716 -0.0112589 -0.2124038
v 0.01496911 -0.00999999 -0.2139617
v 0.01479727 -0.01176536 -0.2137883
v 0.01453363 -0.0124309 -0.2148117
v 0.01416742 -0.01301956 -0.21583
v 0.0141341 -0.01095575 -0.2081432
v 0.01437884 -0.01118582 -0.2090356
v 0.01456171 -0.0114004 -0.2099315
v 0.01468586 -0.01159495 -0.210825
v 0.01283311 -0.01058989 -0.2052552
v 0.01326811 -0.01080453 -0.2060906
v 0.01365214 -0.01102751 -0.206945
v 0.01397347 -0.01125019 -0.2078188
v 0.01423233 -0.01146626 -0.2087047
v 0.01443034 -0.01167017 -0.209596
v 0.01457017 -0.01185739 -0.2104873
v 0.01465559 -0.01202416 -0.2113735
v 0.01447963 -0.01280355 -0.2124623
v 0.01417315 -0.01348853 -0.2135366
v 0.01375913 -0.01409161 -0.2145954
v 0.01325446 -0.01462185 -0.2156386
v 0.008033275 -0.01138871 -0.2255811
v 0.006142139 -0.0110839 -0.2266368
v 0.004117846 -0.01058226 -0.2274104
v 0.003061056 -0.01123774 -0.2276218
v 0.003032088 -0.01169794 -0.227568
v 0.002984583 -0.01213872 -0.2274983
v 0.002918899 -0.01256036 -0.2274126
v 0.00187999 -0.0117191 -0.2277539
v 0.001809597 -0.0121333 -0.2276857
v 0.000675196 -0.01164144 -0.2278639
v -0.000485517 -0.01108235 -0.2279394
v 0.004132926 -0.0110926 -0.2273715
v 0.005169332 -0.01186984 -0.2269315
v 0.008077383 -0.01190686 -0.2254694
v 0.007158637 -0.01227992 -0.2259405
v 0.004128754 -0.01158159 -0.2273163
v 0.005151987 -0.01234287 -0.2268426
v 0.004105627 -0.01204955 -0.227245
v 0.005115032 -0.01279419 -0.2267377
v 0.004063427 -0.01249688 -0.2271577
v 0.005058526 -0.01322454 -0.226617
v 0.004002273 -0.01292395 -0.2270542
v 0.007153332 -0.01275449 -0.2258167
v 0.006169021 -0.01257795 -0.2263651
v 0.007127285 -0.01320654 -0.2256777
v 0.006137371 -0.01303076 -0.226243
v 0.007080674 -0.01363635 -0.2255238
v 0.006085753 -0.01346194 -0.2261055
v -0.003546059 -0.01142239 -0.2274317
v -0.003718554 -0.01173412 -0.2273281
v -0.004954755 -0.01087009 -0.227042
v -0.006036818 -0.00999999 -0.2266331
v -0.006286025 -0.00999999 -0.2265185
v -0.006572008 -0.01048749 -0.2263695
v -0.007084548 -0.00999999 -0.2261232
v -0.00759536 -0.01053714 -0.2258332
v -0.008027493 -0.01111721 -0.2255342
v -0.003385961 -0.01110273 -0.2275181
v -0.004531443 -0.00999999 -0.227234
v -0.001889348 -0.01117569 -0.2278098
v -0.00069502 -0.01182806 -0.227824
v 0.000348263 -0.01276439 -0.2276157
v 0.000473834 -0.01240468 -0.2277147
v 0.000206656 -0.01311016 -0.2274997
v -0.001125872 -0.01285195 -0.2275249
v -0.002498269 -0.01249676 -0.227436
v -0.00390309 -0.01203823 -0.2272072
v -0.004713714 -0.01191502 -0.2269665
v -0.002961218 -0.00999999 -0.2276836
v 0.003922462 -0.01333141 -0.2269349
v 0.004982829 -0.01363408 -0.2264805
v 0.006014168 -0.01387184 -0.2259525
v 0.007013559 -0.01404458 -0.2253552
v 0.006926417 -0.01443201 -0.225172
v 0.005923092 -0.01426124 -0.2257844
v 0.004887998 -0.01402384 -0.2263283
v 0.003824055 -0.01371967 -0.2267995
v 0.002613723 -0.01371669 -0.2270584
v 0.001354694 -0.01362437 -0.2272505
v 4.94768e-05 -0.01344245 -0.2273663
v -0.001298666 -0.01316976 -0.2273899
v -0.002683997 -0.01280272 -0.2272987
v -0.00409919 -0.012335 -0.2270685
v 0.006819367 -0.01479911 -0.2249745
v 0.006692647 -0.01514691 -0.2247627
v 0.005812585 -0.01463073 -0.2256011
v 0.005682945 -0.01498097 -0.225403
v 0.004774451 -0.01439416 -0.2261605
v 0.004642248 -0.01474589 -0.2259771
v 0.003707528 -0.01408958 -0.226648
v 0.00357306 -0.01444149 -0.2264805
v 0.002476871 -0.01406782 -0.2269076
v 0.002323091 -0.0144028 -0.22674
v 0.001199126 -0.01395863 -0.2271
v 0.001027703 -0.01427853 -0.2269321
v -0.000122813 -0.01376187 -0.2272152
v -0.00030974 -0.01406878 -0.227046
v -0.001485168 -0.01347661 -0.2272368
v -0.001685023 -0.01377266 -0.227065
v -0.002882122 -0.01309943 -0.227143
v -0.003092229 -0.01338726 -0.2269687
v -0.004306137 -0.01262462 -0.2269116
v -0.004523396 -0.01290726 -0.226736
v -0.005134165 -0.01249003 -0.2266528
v -0.007418394 -0.01164281 -0.2257927
v -0.006979644 -0.01107019 -0.2261156
v -0.006808578 -0.012138 -0.2259991
v -0.006363451 -0.01157265 -0.226345
v -0.0061993 -0.01260393 -0.2261553
v -0.005747795 -0.01204562 -0.2265233
v -0.00559175 -0.01304161 -0.2262638
v -0.00475049 -0.01318323 -0.2265413
v -0.003313541 -0.01366639 -0.2267754
v -0.001897752 -0.01405829 -0.2268744
v -0.000510807 -0.0143634 -0.2268583
v 0.000840929 -0.01458454 -0.2267466
v 0.002152681 -0.01472228 -0.2265557
v 0.003420889 -0.01477634 -0.2262967
v 0.004491925 -0.01507955 -0.2257781
v 0.005534708 -0.01531279 -0.2251899
v 0.006546676 -0.01547586 -0.2245371
v 0.00638175 -0.01578712 -0.2242975
v 0.005367875 -0.01562684 -0.2249621
v 0.00432384 -0.01539611 -0.2255635
v 0.003251612 -0.01509469 -0.2260968
v 0.001966059 -0.01502686 -0.2263543
v 0.000639105 -0.0148772 -0.2265433
v -0.000725507 -0.01464635 -0.2266521
v -0.002122581 -0.01433372 -0.2266647
v -0.003545582 -0.01393699 -0.2265625
v -0.004986763 -0.01345252 -0.2263271
v 0.006198227 -0.01608115 -0.2240443
v 0.0051831 -0.01592409 -0.2247196
v 0.004138231 -0.0156961 -0.2253333
v 0.003065407 -0.01539725 -0.2258804
v 0.001763761 -0.01531708 -0.2261357
v 0.000422804 -0.01515698 -0.2263218
v -0.000953324 -0.01491785 -0.2264268
v -0.002359092 -0.01459926 -0.2264354
v -0.003787875 -0.01419931 -0.2263299
v -0.005231678 -0.0137152 -0.2260929
v -0.00583291 -0.013309 -0.2260398
v -0.006436586 -0.01287621 -0.2259424
v -0.00704205 -0.0124154 -0.225798
v -0.007647871 -0.01192563 -0.2256041
v 0.005996048 -0.01739031 -0.2218151
v 0.04619705 -0.0191999 -0.01323324
v 0.04624992 -0.0191999 -0.01220655
v 0.04572707 -0.0191999 -0.01539772
v 0.04600465 -0.0191999 -0.01440787
v -0.04572707 -0.0191999 0.01539772
v -0.04541534 -0.0191999 0.01629436
v -0.03735995 -0.0191999 0.03053349
v -0.03890115 -0.0191999 0.02854394
v -0.04017794 -0.0191999 0.02671682
v -0.04260081 -0.0191999 0.02265453
v -0.04462492 -0.0191999 0.01834869
v -0.03439313 -0.0191999 0.03384035
v -0.03066951 -0.0191999 0.03724831
v -0.02917051 -0.0191999 0.03843361
v -0.02067542 -0.0191999 0.04359573
v -0.01850616 -0.0191999 0.04455977
v -0.01702797 -0.0191999 0.04514539
v -0.02279454 -0.0191999 0.042526
v -0.02334171 -0.0191999 0.04222822
v -0.0268622 -0.0191999 0.04008096
v -0.003477454 -0.0191999 0.04812449
v -0.004740715 -0.0191999 0.04801642
v -0.01036036 -0.0191999 0.04712456
v -0.01403898 -0.0191999 0.0461623
v -0.04624992 -0.0191999 0.01220655
v -0.04600465 -0.0191999 0.01440787
v -0.04611277 -0.0191999 0.01385688
v -0.04619705 -0.0191999 0.01323324
v -0.04624992 -0.0191999 0.009220719
v -0.04624992 -0.0191999 0
v -0.04624992 -0.0191999 -0.009507119
v -0.04624992 -0.0191999 -0.01220655
v -0.04600465 -0.0191999 -0.01440787
v -0.04572707 -0.0191999 -0.01539772
v -0.04621291 -0.0191999 -0.01306664
v -0.04619705 -0.0191999 -0.01323324
v 0.03850162 -0.0191999 -0.02908068
v 0.03890115 -0.0191999 -0.02854394
v 0.04541534 -0.0191999 -0.01629436
v 0.04260081 -0.0191999 -0.02265453
v 0.0428847 -0.0191999 -0.02211225
v 0.04410511 -0.0191999 -0.01956522
v 0.04516386 -0.0191999 -0.0169788
v 0.04150462 -0.0191999 -0.02460539
v 0.0364561 -0.0191999 -0.03160709
v 0.03439313 -0.0191999 -0.03384035
v 0.02602851 -0.0191999 -0.04062736
v 0.02917051 -0.0191999 -0.03843361
v 0.03241878 -0.0191999 -0.0357362
v 0.02200835 -0.0191999 -0.04293817
v 0.02334171 -0.0191999 -0.04222822
v 0.007974088 -0.0191999 -0.0475865
v 0.01036036 -0.0191999 -0.04712456
v 0.01271945 -0.0191999 -0.04654324
v 0.01702797 -0.0191999 -0.04514539
v 0.003477454 -0.0191999 -0.04812449
v -0.001475214 -0.0191999 -0.04822736
v -0.003477454 -0.0191999 -0.04812449
v -0.01702797 -0.0191999 -0.04514539
v -0.01491248 -0.0191999 -0.04588758
v -0.01058018 -0.0191999 -0.04707562
v -0.01036036 -0.0191999 -0.04712456
v -0.006089568 -0.0191999 -0.04786407
v -0.02334171 -0.0191999 -0.04222822
v -0.02298665 -0.0191999 -0.04242253
v -0.02105033 -0.0191999 -0.0434159
v -0.01905721 -0.0191999 -0.04432696
v -0.02667891 -0.0191999 -0.04020315
v -0.02917051 -0.0191999 -0.03843361
v -0.03327804 -0.0191999 -0.0349375
v -0.03439313 -0.0191999 -0.03384035
v -0.03890115 -0.0191999 -0.02854394
v -0.03850162 -0.0191999 -0.02908056
v -0.03615427 -0.0191999 -0.03195196
v -0.03971195 -0.0191999 -0.02740478
v -0.04225522 -0.0191999 -0.02329277
v -0.04541534 -0.0191999 -0.01629436
v -0.04442346 -0.0191999 -0.01883125
v -0.04260081 -0.0191999 -0.02265453
v -0.01866805 -0.01102972 -0.06362551
v -0.01714092 -0.01094698 -0.06699985
v -0.0116505 -0.01103365 -0.06699991
v -0.01058447 -0.01866197 -0.04710996
v -0.02298104 -0.01896059 -0.04243755
v -0.0229752 -0.01872378 -0.0424748
v -0.02104014 -0.01870918 -0.04346495
v -0.02666163 -0.01853621 -0.04032802
v -0.02665507 -0.01831722 -0.04041916
v -0.02483898 -0.01828682 -0.04155486
v -0.0361588 -0.0190258 -0.03196597
v -0.03616338 -0.01884537 -0.03201663
v -0.03327888 -0.01882511 -0.03500217
v -0.002283692 -0.01466655 -0.05099886
v -0.002029359 -0.01541721 -0.05005568
v -0.006466448 -0.015428 -0.049739
v -0.007238209 -0.0128979 -0.05446338
v -0.01122999 -0.01292645 -0.05402988
v -0.01144552 -0.01207888 -0.05717098
v -0.01896411 -0.01088225 -0.06699997
v -0.02965128 -0.01164966 -0.05376446
v -0.0261448 -0.01190114 -0.05466675
v -0.026308 -0.01299011 -0.05032336
v -0.03491359 -0.01827633 -0.03372102
v -0.03473132 -0.01820468 -0.03396701
v -0.03476297 -0.01845818 -0.03373509
v -0.02983158 -0.01545655 -0.04200732
v -0.03001272 -0.01590144 -0.04102504
v -0.030725 -0.01616787 -0.0400753
v -0.03202533 -0.01131564 -0.05326879
v -0.03294026 -0.01005035 -0.05807441
v -0.02947312 -0.01069986 -0.0586102
v -0.0330851 -0.009979009 -0.05823266
v 0.002857863 -0.01126843 -0.05931127
v 0.002822816 -0.01098054 -0.06062018
v 0.003864586 -0.01036232 -0.06335836
v 0.004867732 -0.01314169 -0.0533207
v 0.005227327 -0.01339882 -0.05274206
v 0.00134927 -0.01334345 -0.05327612
v 0.008083164 -0.01492542 -0.0499227
v 0.006627321 -0.01465618 -0.05049449
v 0.006628215 -0.0144028 -0.0508452
v 0.02320545 -0.01882988 -0.04232275
v 0.02440202 -0.01904565 -0.04162806
v 0.02306425 -0.01880133 -0.04240298
v 0.02559745 -0.01918464 -0.04090029
v 0.02560001 -0.01918482 -0.04089874
v 0.02275979 -0.01873821 -0.0425747
v 0.02200281 -0.01872897 -0.0429719
v 0.02200931 -0.01857453 -0.04299169
v 0.02198225 -0.01856833 -0.04300659
v 0.02081358 -0.01829618 -0.0436396
v 0.01740479 -0.01871246 -0.04503208
v 0.020662 -0.0182597 -0.04372036
v 0.01734763 -0.01822835 -0.04514425
v 0.01985383 -0.01806211 -0.04414647
v 0.01724708 -0.01774841 -0.04533028
v 0.01873219 -0.0177809 -0.04472595
v 0.01961815 -0.01800364 -0.04426944
v 0.01710873 -0.01736479 -0.04554212
v 0.017228 -0.01739567 -0.04548299
v 0.01842302 -0.01770234 -0.04488337
v 0.01689589 -0.01730984 -0.04564726
v 0.01243317 -0.01723617 -0.04708838
v 0.01603323 -0.01708608 -0.04606968
v 0.0131551 -0.01633304 -0.04744428
v 0.0136463 -0.0164622 -0.04721242
v 0.01227796 -0.01677244 -0.04738318
v 0.01483899 -0.01677489 -0.04664534
v 0.01503127 -0.01682507 -0.04655325
v 0.009765625 -0.01630413 -0.04827654
v 0.01127034 -0.0158326 -0.04833233
v 0.01209378 -0.01632046 -0.04773539
v 0.01245605 -0.0161485 -0.04777342
v 0.01286196 -0.01625579 -0.04758226
v 0.007065892 -0.01544022 -0.04950731
v 0.008929014 -0.01518189 -0.04947346
v 0.009358167 -0.01544821 -0.04910832
v 0.01002323 -0.01549273 -0.04892915
v 0.006064355 -0.01412504 -0.05134463
v 0.002149224 -0.01466053 -0.05093532
v 0.005725145 -0.0138964 -0.05176466
v 0.003947079 -0.01272451 -0.05441391
v 0.002645969 -0.01161032 -0.05802559
v 0.002634227 -0.01184266 -0.0572015
v 4.20316e-05 -0.01187688 -0.05758082
v 0.00272876 -0.01202762 -0.05657202
v 0.000916337 -0.01278764 -0.05462586
v 0.002943754 -0.01222437 -0.05592751
v 0.003252387 -0.01241016 -0.05534362
v -0.00437659 -0.01138103 -0.06075358
v 0.000714344 -0.01043361 -0.06699985
v 0.004190683 -0.009928107 -0.06700015
v 0.004251122 -0.009941816 -0.06653112
v -0.03278619 -0.00932008 -0.06295794
v -0.03354614 -0.009113132 -0.06268435
v -0.03368312 -0.008732199 -0.06699991
v -0.02923423 -0.0143634 -0.04487764
v -0.02644145 -0.01430702 -0.04638969
v -0.02929329 -0.014687 -0.04403823
v -0.02649748 -0.01503753 -0.04467517
v -0.02933257 -0.01478552 -0.04378098
v -0.02972465 -0.01534676 -0.04230046
v -0.02654665 -0.01580917 -0.0431813
v -0.03180736 -0.01682841 -0.03821516
v -0.03177618 -0.01681107 -0.0382651
v -0.03004842 -0.01672208 -0.03964537
v -0.03326964 -0.01757246 -0.03600609
v -0.03316992 -0.01752555 -0.03615021
v -0.03007727 -0.0175513 -0.03860038
v -0.03299862 -0.01744365 -0.0363999
v -0.03006368 -0.01713609 -0.03907811
v -0.03426069 -0.01801246 -0.03460985
v -0.0336219 -0.01773428 -0.03550237
v -0.03327751 -0.01803928 -0.03550571
v -0.03343629 -0.01764982 -0.0357666
v -0.03449463 -0.01810944 -0.03428882
v -0.03327816 -0.01823967 -0.03533506
v -0.0332787 -0.01843768 -0.03519374
v -0.03327888 -0.01863276 -0.03508245
v -0.03605079 -0.01868253 -0.03222107
v -0.03557991 -0.01852303 -0.03283542
v -0.0355392 -0.01850867 -0.03288888
v -0.03746289 -0.01906776 -0.03041887
v -0.03695064 -0.01894706 -0.03106838
v -0.03643566 -0.01880288 -0.03172522
v -0.03625941 -0.01874893 -0.03195178
v -0.03820896 -0.01918643 -0.02946418
v -0.03765004 -0.01910519 -0.0301811
v -0.0293172 -0.0139575 -0.04592138
v -0.02959382 -0.01352971 -0.04701226
v -0.02980029 -0.01288014 -0.04897379
v -0.01891243 -0.01208096 -0.0561611
v -0.01520437 -0.01209694 -0.0567317
v -0.01514405 -0.0129677 -0.05338454
v -0.02926534 -0.01010113 -0.06314426
v -0.02595031 -0.01108217 -0.05910444
v -0.02572304 -0.01057583 -0.06332069
v -0.02487373 -0.01048612 -0.06699991
v -0.03259521 -0.009096324 -0.06699985
v -0.03141862 -0.009420633 -0.06699991
v -0.03031927 -0.009673953 -0.06699997
v -0.02591323 -0.01037347 -0.06699997
v -0.007643878 -0.0120542 -0.05746763
v -0.0116111 -0.01149052 -0.06050312
v 0.004237473 -0.0100122 -0.06566774
v 0.001936972 -0.010531 -0.06388795
v -0.002023637 -0.0106942 -0.06699979
v -0.004811823 -0.01101768 -0.06393861
v -0.006101012 -0.01865565 -0.04789608
v -0.0014925 -0.01865637 -0.04825925
v 0.003206849 -0.01866346 -0.0481742
v 0.007953703 -0.01867622 -0.04762017
v -0.01100015 -0.01404792 -0.05126476
v -0.006828606 -0.01401662 -0.05183035
v -0.01089102 -0.01471585 -0.05008101
v -0.006638348 -0.01468461 -0.0507062
v -0.01079154 -0.01545763 -0.04906064
v 0.002493262 -0.01542401 -0.0499857
v 0.001764059 -0.01396739 -0.05203896
v -0.002566695 -0.0139901 -0.05209583
v -0.002869606 -0.01338583 -0.05332571
v -0.003810465 -0.01198726 -0.05760872
v -0.003183782 -0.01285189 -0.05466806
v 0.007259786 -0.0158559 -0.04908025
v 0.002646267 -0.01583242 -0.04957515
v -0.001915752 -0.01582098 -0.04964792
v -0.00638926 -0.01582866 -0.04932075
v -0.01074683 -0.0158568 -0.04861891
v 0.01270258 -0.01869332 -0.04657828
v -0.01494783 -0.01632916 -0.0471419
v -0.0107063 -0.01627504 -0.04822677
v -0.006319165 -0.01624906 -0.04894977
v -0.001812577 -0.01624405 -0.04928642
v 0.00278455 -0.01625865 -0.0492109
v 0.007434368 -0.0162872 -0.04870098
v -0.03615921 -0.0187174 -0.03208088
v -0.03010386 -0.01858627 -0.03783464
v -0.02667349 -0.0189777 -0.04021936
v -0.0332753 -0.01763159 -0.03593122
v -0.031717 -0.01800549 -0.03689211
v -0.03172034 -0.01820874 -0.03672999
v -0.03008913 -0.01796633 -0.03821772
v -0.02660804 -0.0170319 -0.04144096
v -0.02662533 -0.01745432 -0.04101389
v -0.02838194 -0.01750332 -0.03984075
v -0.02664101 -0.01788294 -0.04067164
v -0.02839642 -0.01792478 -0.03947865
v -0.02840316 -0.01813644 -0.03933292
v -0.0300945 -0.01817345 -0.03806382
v -0.03009939 -0.01838016 -0.03793591
v -0.03172326 -0.01841056 -0.03659534
v -0.02482485 -0.01784211 -0.0417934
v -0.02664828 -0.01809936 -0.0405339
v -0.02840936 -0.01834863 -0.03921169
v -0.03010791 -0.01879173 -0.03776073
v -0.03327864 -0.01901417 -0.03495353
v -0.02102988 -0.01823145 -0.0435974
v -0.02101999 -0.01776695 -0.04380989
v -0.01904159 -0.01820755 -0.04449737
v -0.01903551 -0.01773422 -0.04469799
v -0.01700085 -0.01818674 -0.04531186
v -0.01904886 -0.01869606 -0.04437261
v -0.01700431 -0.01868486 -0.04519426
v -0.01490974 -0.01867538 -0.04592663
v -0.02485179 -0.01873964 -0.04140567
v -0.02296924 -0.01848948 -0.04253435
v -0.01699972 -0.01770579 -0.04550182
v -0.01491546 -0.01768201 -0.04621821
v -0.01491075 -0.01816946 -0.04603791
v -0.01061481 -0.01764726 -0.04737633
v -0.01059615 -0.01814442 -0.04721117
v -0.006158471 -0.01763093 -0.04814672
v -0.006124258 -0.0181328 -0.04799109
v -0.001577079 -0.01763099 -0.04850369
v -0.001526772 -0.01813346 -0.04835206
v 0.003097653 -0.01764637 -0.04842162
v 0.003163099 -0.01814568 -0.04826819
v 0.007824003 -0.0176745 -0.04787856
v 0.007903099 -0.01816773 -0.04771858
v 0.01255714 -0.0177111 -0.04685389
v 0.01264768 -0.018197 -0.04668289
v -0.02292311 -0.01692706 -0.043527
v -0.02293711 -0.01735937 -0.04314577
v -0.02480959 -0.01740586 -0.0421167
v -0.02295053 -0.01780313 -0.04284054
v -0.02296316 -0.01825803 -0.04261547
v -0.02484554 -0.01851218 -0.04146879
v -0.02666777 -0.01875638 -0.04026126
v -0.03011155 -0.01899629 -0.03771483
v -0.0210101 -0.0173158 -0.04409825
v -0.01902598 -0.0168339 -0.04531252
v -0.01903039 -0.0172764 -0.04497092
v -0.01493442 -0.01676195 -0.04677355
v -0.01492351 -0.01721286 -0.04646456
v -0.01067042 -0.01671284 -0.04788696
v -0.01063966 -0.01717013 -0.04760259
v -0.006256759 -0.01668936 -0.04862862
v -0.006202936 -0.01714986 -0.04836004
v -0.001721084 -0.01668649 -0.0489735
v -0.001642227 -0.01714879 -0.04871165
v 0.002906858 -0.01670295 -0.04889541
v 0.003011763 -0.01716554 -0.04863148
v 0.00758785 -0.01673418 -0.0483725
v 0.007718265 -0.01719665 -0.04809749
v -0.02269357 -0.01301658 -0.0515176
v -0.02279627 -0.01424753 -0.0479651
v -0.02283853 -0.01494807 -0.04642367
v -0.02287554 -0.01570183 -0.04508394
v -0.02656883 -0.0162087 -0.04252964
v -0.01896893 -0.01299828 -0.0525425
v -0.01506203 -0.01410514 -0.05041968
v -0.01899898 -0.01417213 -0.0493142
v -0.01501995 -0.01477634 -0.0491454
v -0.01900798 -0.01485431 -0.04791992
v -0.01498091 -0.01551741 -0.04804414
v -0.01901519 -0.01559937 -0.04671174
v -0.01901853 -0.01599532 -0.0461865
v -0.02289241 -0.01609802 -0.04450035
v -0.02290827 -0.01650649 -0.04398
v -0.02658927 -0.01661658 -0.04194784
v -0.01881641 -0.01142364 -0.05993402
v -0.01496338 -0.01591444 -0.04756653
v -0.01902204 -0.01640683 -0.04571884
v -0.03087681 -0.01243156 -0.04986071
v -0.01169127 -0.01114696 -0.0638411
v -0.006461024 -0.01094055 -0.06699997
v -0.04179775 -0.01186615 0.008091092
v -0.04268151 -0.01277428 0.008324563
v -0.04249072 -0.01280409 0.01037496
v -0.04259711 -0.01897329 0.02263492
v -0.04451048 -0.01550132 0.01326727
v -0.04489654 -0.01606523 0.01340937
v -0.0442509 -0.01608115 0.01559096
v -0.04594326 -0.01773595 0.009146213
v -0.04572123 -0.01719456 0.009091854
v -0.04579722 -0.01722252 0
v -0.04567158 -0.01718211 0.0125032
v -0.04569631 -0.01718622 0.01136493
v -0.04581964 -0.01745897 0.01140254
v -0.04624319 -0.01900064 0
v -0.007090449 -0.01879268 0.04764932
v -0.004736483 -0.0187934 0.04793977
v -0.004731476 -0.01858943 0.04784762
v -0.0160759 -0.01752561 0.04442328
v -0.01385289 -0.01753824 0.04514282
v -0.01364094 -0.01670747 0.04404127
v -0.02477151 -0.01834541 0.04112333
v -0.02676832 -0.0183379 0.0398615
v -0.02680879 -0.0185576 0.03995579
v -0.03060817 -0.01854568 0.037135
v -0.03064197 -0.01876765 0.03719729
v -0.0268383 -0.01877486 0.04002463
v -0.01996988 -0.002999961 0.02627539
v -0.02206844 -0.002999961 0.02490639
v -0.02209389 -0.003767549 0.02494072
v -0.02330559 -0.002999961 0.02395564
v -0.03892999 -0.007157564 0
v -0.03913718 -0.007535815 0
v -0.0385431 -0.007760763 0.00352174
v -0.03757309 -0.009795486 0.01273047
v -0.03829497 -0.009726107 0.01100254
v -0.04022067 -0.01120895 0.01169735
v -0.04063385 -0.01114785 0.009789705
v -0.04119139 -0.0119583 0.0120489
v -0.03971123 -0.008430063 0
v -0.03985786 -0.008633136 0
v -0.03921729 -0.008673131 0.003618836
v -0.04027915 -0.009179472 0
v -0.0399484 -0.009508311 0.003725886
v -0.04041957 -0.009351789 0
v -0.03924518 -0.009595453 0.007407844
v -0.04145145 -0.01102322 0.003953695
v -0.03842574 -0.008757889 0.007190406
v -0.03813678 -0.007794082 0.005266368
v -0.03767293 -0.007837355 0.006991147
v -0.03702366 -0.006816864 0.006820619
v -0.0380544 -0.004557967 0
v -0.03821307 -0.005301535 0
v -0.03750109 -0.005635917 0.003375649
v -0.03829944 -0.005610287 0
v -0.03771275 -0.006210029 0.003404617
v -0.03840178 -0.005928575 0
v -0.03795975 -0.006753981 0.003439009
v -0.03858035 -0.006403744 0
v -0.03871703 -0.006720066 0
v -0.03720104 -0.004390001 0.003335595
v -0.03802573 -0.004375874 0
v -0.03732913 -0.005029976 0.003352582
v -0.03632378 -0.005063176 0.006643176
v -0.03752261 -0.006781578 0.005140662
v -0.03726273 -0.006233811 0.005088329
v -0.03674924 -0.00626409 0.00674957
v -0.03704035 -0.005655467 0.0050444
v -0.03549689 -0.00634098 0.00996989
v -0.03645253 -0.006860435 0.008471369
v -0.03580302 -0.006907105 0.01008188
v -0.03714203 -0.007890701 0.008689403
v -0.03651446 -0.005680084 0.006690025
v -0.03391426 -0.00639981 0.01299303
v -0.03523522 -0.005742311 0.00987643
v -0.03652864 -0.007949054 0.01035112
v -0.03737252 -0.008883297 0.01066374
v -0.03578549 -0.008000135 0.01195651
v -0.03580766 -0.009009361 0.01394963
v -0.04068791 -0.01295554 0.0163185
v -0.0367875 -0.01152765 0.01881235
v -0.03869676 -0.01135516 0.01534759
v -0.03485202 -0.01003217 0.01765382
v -0.03674119 -0.009868979 0.01441228
v -0.03268706 -0.01021116 0.02072024
v -0.03393077 -0.009150743 0.01707291
v -0.03495508 -0.008051395 0.01351964
v -0.03179436 -0.009304285 0.02002793
v -0.03309065 -0.008163571 0.01652956
v -0.0342229 -0.006981015 0.01314783
v -0.035052 -0.006944715 0.01163536
v -0.02685672 -0.009622514 0.02540111
v -0.02614486 -0.008527994 0.02456176
v -0.02865731 -0.008407115 0.02205497
v -0.02799832 -0.007225811 0.02139753
v -0.030285 -0.007142484 0.01880854
v -0.02999192 -0.00652498 0.01857179
v -0.03206664 -0.006461024 0.01586127
v -0.03180748 -0.005830228 0.01569813
v -0.03365069 -0.005786061 0.01286429
v -0.03343701 -0.005138874 0.01276397
v -0.03502309 -0.005109608 0.009803235
v -0.03486526 -0.004442632 0.009750485
v -0.03618192 -0.004412055 0.006609082
v -0.03609347 -0.003725171 0.00658822
v -0.03712111 -0.003714025 0.003325164
v -0.03711789 -0.002999961 0.003232896
v -0.0379275 -0.002999961 0
v -0.02553635 -0.007305622 0.02382421
v -0.02772122 -0.006588459 0.02112317
v -0.02974176 -0.005875766 0.01837551
v -0.03159737 -0.005167186 0.01557159
v -0.03327804 -0.004459202 0.01269203
v -0.03476697 -0.003740191 0.009718179
v -0.03555959 -0.002999961 0.007868111
v -0.02764058 -0.01058846 0.02628314
v -0.02942752 -0.009463608 0.02280598
v -0.03098142 -0.008283972 0.01937651
v -0.03237009 -0.007059574 0.01605772
v -0.007072091 -0.009076237 0.03332167
v -0.007283151 -0.01035737 0.03454244
v -0.003771424 -0.01152276 0.03624713
v -0.007517874 -0.01147776 0.03580212
v -0.008024632 -0.01313328 0.03812742
v -0.02298951 -0.01254552 0.03276509
v -0.01831483 -0.01112365 0.03255772
v -0.02165061 -0.01095581 0.03081595
v -0.01777273 -0.01006865 0.03145051
v -0.02102196 -0.009928464 0.02978038
v -0.01728254 -0.0088647 0.03038358
v -0.02045267 -0.008758723 0.02878588
v -0.01686519 -0.007526636 0.0294367
v -0.01996731 -0.00745666 0.02790576
v -0.01976364 -0.006760776 0.02753603
v -0.02264171 -0.006704926 0.0256896
v -0.02244514 -0.005999505 0.02540791
v -0.02506256 -0.00596106 0.02326035
v -0.02488583 -0.005247116 0.02306318
v -0.02729308 -0.005222976 0.0207203
v -0.02715075 -0.004502356 0.02059519
v -0.0293883 -0.004489064 0.01811534
v -0.02929449 -0.003757834 0.01804941
v -0.03134399 -0.003752708 0.01542598
v -0.01437371 -0.0101912 0.03279155
v -0.01396971 -0.008956611 0.03166061
v -0.01362615 -0.007587075 0.03065431
v -0.01669013 -0.006813704 0.02903777
v -0.01959002 -0.00603801 0.02722853
v -0.02228587 -0.005269706 0.02519041
v -0.02475452 -0.004513621 0.02292263
v -0.02706193 -0.003762066 0.02051907
v -0.03052562 -0.002999961 0.01645869
v -0.03331661 -0.002999961 0.01234465
v -0.003545284 -0.009094059 0.03372287
v -0.003454804 -0.007669985 0.03260868
v -0.003416955 -0.006920278 0.0321294
v -0.006818175 -0.006915569 0.03176349
v -0.006754457 -0.006147742 0.0313667
v -0.01008749 -0.006132543 0.03075385
v -0.01001149 -0.005353868 0.03045457
v -0.01326048 -0.005337238 0.02959156
v -0.01318675 -0.004558563 0.02938932
v -0.01633054 -0.004547119 0.02825891
v -0.01627457 -0.00377506 0.02814501
v -0.01927971 -0.003771007 0.02671587
v -0.01925718 -0.002999961 0.02667796
v -0.009954929 -0.004568099 0.0302366
v -0.009919703 -0.003783047 0.03010207
v -0.01314067 -0.003779292 0.02926504
v -0.006640732 -0.003786087 0.03067207
v -0.006664693 -0.004575014 0.03081673
v -0.006702899 -0.005364716 0.03104972
v -0.00332731 -0.003788053 0.03098285
v -0.00333935 -0.004578649 0.03113758
v -0.003358781 -0.005368471 0.03138506
v -0.003384709 -0.006151378 0.03171807
v -0.005744636 -0.002999961 0.03072881
v -0.003323197 -0.002999961 0.03092837
v -0.000146449 -0.002999961 0.03098011
v -0.006632626 -0.002999961 0.03062075
v -0.01112312 -0.002999961 0.02977311
v -0.01115959 -0.002999961 0.02976393
v -0.013125 -0.002999961 0.0292204
v -0.01586657 -0.002999961 0.02826106
v -0.01934492 -0.004535079 0.02681982
v -0.01642024 -0.005316317 0.0284453
v -0.0133596 -0.006107628 0.02987152
v -0.01018154 -0.00689435 0.03113234
v -0.006893098 -0.007662296 0.03222995
v -0.02870017 -0.01832962 0.03850263
v -0.03056192 -0.01832062 0.03704977
v -0.02857989 -0.01787799 0.03825575
v -0.02980136 -0.01645708 0.03569442
v -0.03154301 -0.0164166 0.03422302
v -0.0320307 -0.01737362 0.0349906
v -0.02610266 -0.01653271 0.03836619
v -0.02798658 -0.01649594 0.03707689
v -0.02841824 -0.01741981 0.03792846
v -0.03026127 -0.01739728 0.03650432
v -0.03043365 -0.01786261 0.03681534
v -0.03221344 -0.01784646 0.03528511
v -0.03234952 -0.01831096 0.03550696
v -0.0340591 -0.01830101 0.0338782
v -0.03411108 -0.01853191 0.0339542
v -0.02415484 -0.01656746 0.03956025
v -0.02650547 -0.01744091 0.03925895
v -0.03414887 -0.01875913 0.03400957
v -0.0268563 -0.01898896 0.04006689
v -0.02485281 -0.01899027 0.04133838
v -0.02483618 -0.01877802 0.04129409
v -0.02277392 -0.0187807 0.04246377
v -0.02274888 -0.01856744 0.04238849
v -0.02671742 -0.01811587 0.03974318
v -0.0247243 -0.01812607 0.04099959
v -0.02665627 -0.01789218 0.03960233
v -0.02466768 -0.01790529 0.04085218
v -0.02452814 -0.01746058 0.04049319
v -0.0325548 -0.01540774 0.03177738
v -0.02780145 -0.01378232 0.03250491
v -0.03098249 -0.01360285 0.02978885
v -0.02627855 -0.01234424 0.03054207
v -0.02930086 -0.01213485 0.02797806
v -0.024773 -0.0107752 0.02871775
v -0.02406406 -0.009777963 0.02775746
v -0.0234211 -0.008645057 0.02683895
v -0.0228722 -0.007381916 0.02602893
v -0.02528071 -0.006648242 0.02351588
v -0.02748471 -0.005920112 0.02089577
v -0.02953898 -0.005195796 0.0182237
v -0.03144133 -0.004474282 0.01548111
v -0.0331791 -0.003746986 0.01264804
v -0.03473305 -0.002999961 0.009706735
v -0.02558863 -0.01563477 0.0372762
v -0.02170991 -0.01573419 0.03947383
v -0.02064174 -0.01411092 0.03687888
v -0.02921575 -0.01552474 0.03470289
v -0.024342 -0.0139535 0.03487521
v -0.01947331 -0.01273196 0.03462696
v -0.01629149 -0.01909446 0.04541224
v -0.01403892 -0.01909428 0.04615831
v -0.01628875 -0.01899433 0.04539918
v -0.01403594 -0.01899498 0.04614514
v -0.0140267 -0.01878911 0.04609245
v -0.02067053 -0.0189926 0.04357904
v -0.01850199 -0.01899343 0.04454296
v -0.01848959 -0.01878535 0.04449325
v -0.01627784 -0.01878738 0.04534792
v -0.01626008 -0.01857882 0.04526448
v -0.01401138 -0.0185818 0.04600656
v -0.01399028 -0.01837378 0.04588931
v -0.0117284 -0.01858443 0.04663687
v -0.01174122 -0.0187906 0.04672467
v -0.01174896 -0.01899564 0.04677867
v -0.00951904 -0.01901674 0.04728549
v -0.02278918 -0.01899147 0.04250997
v -0.0206567 -0.01878321 0.04353106
v -0.01846939 -0.01857537 0.04441237
v -0.01623558 -0.01836925 0.04515027
v -0.01620471 -0.01815891 0.04500728
v -0.01396363 -0.01816523 0.04574257
v -0.01616764 -0.01794797 0.04483723
v -0.01393175 -0.01795619 0.04556792
v -0.01836425 -0.01793873 0.043998
v -0.01840639 -0.01815176 0.04416292
v -0.01844149 -0.01836419 0.04430162
v -0.02060294 -0.01835846 0.04334586
v -0.02056366 -0.01814401 0.04321187
v -0.02051657 -0.01792854 0.04305249
v -0.01826012 -0.01751136 0.04359614
v -0.01583003 -0.01668453 0.04334974
v -0.0133686 -0.01589369 0.04270303
v -0.01798105 -0.01665884 0.04255402
v -0.02040028 -0.01749587 0.04266405
v -0.02261942 -0.01791739 0.04200309
v -0.02267134 -0.01813536 0.04215657
v -0.02271461 -0.01835227 0.04228568
v -0.007095158 -0.01899641 0.04770529
v -0.00473994 -0.01899433 0.04799598
v -0.007093191 -0.01889443 0.04768174
v -0.004738271 -0.01889491 0.04797261
v -0.00940299 -0.01838099 0.04703205
v -0.009417057 -0.01858663 0.04715436
v -0.009427249 -0.01879179 0.04724401
v -0.009433507 -0.01899605 0.04729902
v -0.004740536 -0.01909399 0.04801064
v -0.002372026 -0.01889503 0.04814773
v -0.002372086 -0.01890313 0.04815006
v -0.002371132 -0.01879364 0.04811459
v -0.004724383 -0.01838546 0.04772198
v -0.009385228 -0.0181753 0.04687899
v -0.004715621 -0.01818162 0.04756474
v -0.009363889 -0.01796942 0.04669702
v -0.004704952 -0.01797789 0.04737788
v -0.009311079 -0.01755869 0.04625409
v -0.004678726 -0.01757156 0.04692327
v -0.009169101 -0.01674455 0.04510712
v -0.004607737 -0.01676779 0.0457468
v -0.008986055 -0.01594877 0.043715
v -0.004516184 -0.0159831 0.04431957
v -0.004288077 -0.01450502 0.04122167
v -0.01269865 -0.01436519 0.03978818
v -0.01195287 -0.01303279 0.0373044
v -0.01121127 -0.01139175 0.03504168
v -0.01086646 -0.01028949 0.03381919
v -0.0105558 -0.009028792 0.03263628
v -0.01029199 -0.007633507 0.03158086
v -0.01348233 -0.006859481 0.03022861
v -0.016541 -0.006075203 0.0287047
v -0.01944941 -0.005293071 0.02699023
v -0.02216762 -0.004523754 0.02503526
v -0.02467262 -0.003765106 0.02283722
v -0.02676463 -0.002999961 0.02076596
v -0.01482141 -0.01127141 0.0339623
v -0.01578092 -0.01289665 0.03613823
v -0.01674723 -0.01424974 0.03851711
v -0.01762318 -0.01582121 0.04128623
v -0.02214843 -0.01660019 0.04065746
v -0.02008885 -0.01663064 0.04165589
v -0.02249133 -0.01747888 0.04162889
v -0.04621887 -0.01875805 0
v -0.0462138 -0.0187447 0.009212017
v -0.04619848 -0.0186215 0
v -0.04610949 -0.01825469 0.009186744
v -0.04624032 -0.01897442 0.01153033
v -0.04621213 -0.01873987 0.01152181
v -0.04616618 -0.01849716 0.01150792
v -0.04583936 -0.01897156 0.01500439
v -0.04546284 -0.01897162 0.01612854
v -0.04461461 -0.01897192 0.01834326
v -0.0457794 -0.01771998 0.01373445
v -0.04600667 -0.0179857 0.01261538
v -0.04587793 -0.0179829 0.01377069
v -0.04608792 -0.01824301 0.0126425
v -0.0459603 -0.01824033 0.01380097
v -0.04615241 -0.01849383 0.01266402
v -0.04602587 -0.01849138 0.01382505
v -0.0461995 -0.01873743 0.01267957
v -0.04607355 -0.01873552 0.01384264
v -0.04622828 -0.01897299 0.01268923
v -0.04610288 -0.01897192 0.01385331
v -0.04610306 -0.01824694 0.01148885
v -0.04602372 -0.01799011 0.01146477
v -0.04580998 -0.01873499 0.01499259
v -0.04576194 -0.01849085 0.01497316
v -0.04569602 -0.01823985 0.01494652
v -0.04561316 -0.01798284 0.01491302
v -0.04551416 -0.01772034 0.01487284
v -0.04566574 -0.01745218 0.01369261
v -0.04553759 -0.01718026 0.01364547
v -0.04592901 -0.01772707 0.01143586
v -0.04502397 -0.01745671 0.01593369
v -0.04513818 -0.01772296 0.01598447
v -0.04429239 -0.01772999 0.01817363
v -0.04523712 -0.0179845 0.0160284
v -0.04447263 -0.01824456 0.01826858
v -0.04531985 -0.01824092 0.01606518
v -0.04538553 -0.01849138 0.01609432
v -0.04591023 -0.01753187 0
v -0.04607272 -0.01805406 0
v -0.04615217 -0.01837867 0
v -0.04504299 -0.01558589 0
v -0.04529893 -0.01608848 0
v -0.04513472 -0.01606816 0.008947074
v -0.04569149 -0.01695638 0
v -0.04524099 -0.01662683 0.01353627
v -0.04537969 -0.01662713 0.01240539
v -0.04527086 -0.01718211 0.01477426
v -0.04497241 -0.01663058 0.0146535
v -0.04489523 -0.01718664 0.01587653
v -0.04405105 -0.01719826 0.01804667
v -0.04459726 -0.01663756 0.01574426
v -0.04375505 -0.01665455 0.01789152
v -0.04341065 -0.0161041 0.01771169
v -0.04508084 -0.01606476 0.01117658
v -0.04471063 -0.01549583 0.01106297
v -0.04439949 -0.01492369 0.008763492
v -0.04541146 -0.01663017 0.01127797
v -0.04129767 -0.01825988 0.0245921
v -0.04256874 -0.0187397 0.02261477
v -0.04140532 -0.01874196 0.02467912
v -0.04016906 -0.01897525 0.02670866
v -0.04543352 -0.01873517 0.0161156
v -0.0445854 -0.01873636 0.01832801
v -0.0436297 -0.01873791 0.02049607
v -0.04351806 -0.01824897 0.02042758
v -0.04245895 -0.01825398 0.02253711
v -0.04228335 -0.01774793 0.02241301
v -0.03735166 -0.01897811 0.03052371
v -0.03066259 -0.01898568 0.03723537
v -0.03417193 -0.01898187 0.03404355
v -0.04014194 -0.01874452 0.02668374
v -0.03878134 -0.01874756 0.02862375
v -0.04009771 -0.01850813 0.02664315
v -0.03873836 -0.0185132 0.02857941
v -0.04003697 -0.01826655 0.0265876
v -0.03867954 -0.018274 0.02851843
v -0.03851664 -0.01778388 0.02835065
v -0.03707093 -0.01779818 0.03019791
v -0.03685998 -0.01730293 0.02995592
v -0.03320837 -0.01637554 0.03266727
v -0.03348529 -0.01686352 0.03305464
v -0.03372251 -0.01734948 0.03339177
v -0.03391546 -0.01782983 0.03366929
v -0.03553593 -0.01781356 0.03197211
v -0.03568667 -0.01829135 0.03216791
v -0.0372281 -0.01828235 0.03037995
v -0.03728497 -0.01851892 0.03044605
v -0.03732633 -0.01875108 0.03049427
v -0.03660076 -0.01680082 0.02966153
v -0.03629851 -0.01629561 0.02932262
v -0.0429961 -0.01273351 0.004183948
v -0.04325598 -0.0127263 0
v -0.04339581 -0.01292192 0
v -0.04379355 -0.01378685 0.004293799
v -0.04398328 -0.01378864 0
v -0.04465144 -0.01487833 0
v -0.04467928 -0.01492661 0
v -0.04342705 -0.01382684 0.0106666
v -0.04356527 -0.01380962 0.008552312
v -0.04430741 -0.01492941 0.01093888
v -0.04281193 -0.01213222 0
v -0.04220676 -0.01180821 0.004069209
v -0.04270082 -0.01198995 0
v -0.04051798 -0.009470283 0
v -0.04186594 -0.01099741 0
v -0.04195493 -0.01109814 0
v -0.04254227 -0.01179146 0
v -0.0409432 -0.01109606 0.007861435
v -0.04154938 -0.01190775 0.01007848
v -0.04237872 -0.01282137 0.01139545
v -0.0433427 -0.01383721 0.01172071
v -0.04424726 -0.01493322 0.01202517
v -0.04316806 -0.01385098 0.01277381
v -0.04251009 -0.01389133 0.01482611
v -0.04218477 -0.01284188 0.0124129
v -0.04151719 -0.01289427 0.01439487
v -0.04051172 -0.01202052 0.0139628
v -0.0395267 -0.01127833 0.01354891
v -0.03794282 -0.008817255 0.008943259
v -0.04408931 -0.0149405 0.01311236
v -0.04343861 -0.01496815 0.01523292
v -0.04204821 -0.01722675 0.02224743
v -0.04175961 -0.01669526 0.02204537
v -0.04142361 -0.01615834 0.02181178
v -0.04063397 -0.01508766 0.02126973
v -0.03828775 -0.01518452 0.02502977
v -0.03972834 -0.01405358 0.02066069
v -0.03741633 -0.01418268 0.02428823
v -0.03875541 -0.01309508 0.02002388
v -0.03647774 -0.01325285 0.02351909
v -0.03456795 -0.01171976 0.02208346
v -0.03206378 -0.0119245 0.02514344
v -0.03027451 -0.01039898 0.02359974
v -0.03986912 -0.0177707 0.02643418
v -0.03964418 -0.01726186 0.02622973
v -0.03936779 -0.01674431 0.02598083
v -0.03904575 -0.01622265 0.02569371
v -0.03558599 -0.0152921 0.0285415
v -0.03476506 -0.01432418 0.0276739
v -0.03387814 -0.01342386 0.0267809
v -0.04386252 -0.01552283 0.01541954
v -0.04260271 -0.01500415 0.01729267
v -0.04167819 -0.01394063 0.0168187
v -0.008533239 -0.01445209 0.0406894
v -0.004029512 -0.01319152 0.03860986
v -0.02939242 -0.002999961 -0.1919605
v -0.02879405 -0.002999961 -0.1946007
v -0.02879405 -0.00999999 -0.1946007
v -0.03207653 -0.002999961 -0.1738364
v -0.03229749 -0.006857812 -0.1717728
v -0.03257638 -0.002999961 -0.1690378
v -0.03306496 -0.005131483 -0.1638983
v -0.03329205 -0.004633963 -0.1613585
v -0.03358399 -0.004048407 -0.157952
v -0.0339365 -0.003474116 -0.1536239
v -0.03403788 -0.002999961 -0.1523343
v -0.03448438 -0.003012955 -0.1464222
v -0.03458768 -0.002999961 -0.145
v -0.0292052 -0.009976983 -0.1928265
v -0.03013169 -0.009703159 -0.1881332
v -0.03051441 -0.002999961 -0.1858501
v -0.03051602 -0.009461641 -0.1858391
v -0.03104889 -0.002999961 -0.1822484
v -0.03118777 -0.00878793 -0.1812286
v -0.03207778 -0.007313787 -0.1738238
v 0.01308757 -0.002999961 -0.2056709
v 0.01277333 -0.002999961 -0.2051074
v -0.003141105 -0.002999961 -0.2276417
v -0.001393735 -0.002999961 -0.2279351
v -0.00557661 -0.002999961 -0.2268337
v -0.008707702 -0.002999961 -0.225193
v -0.01250898 -0.002999961 -0.2223899
v -0.01361715 -0.002999961 -0.221414
v -0.01601988 -0.002999961 -0.2190508
v -0.01519668 -0.00999999 -0.2198994
v -0.01756668 -0.002999961 -0.2173408
v -0.01756668 -0.00999999 -0.2173408
v -0.01981449 -0.002999961 -0.2145503
v -0.02080112 -0.00999999 -0.2131823
v -0.02080112 -0.002999961 -0.2131823
v -0.02254748 -0.002999961 -0.2104259
v -0.0221309 -0.00999999 -0.2111338
v -0.02325308 -0.002999961 -0.2091453
v -0.02587121 -0.00999999 -0.2036748
v -0.02528285 -0.002999961 -0.2050255
v -0.02433413 -0.00999999 -0.2070307
v -0.02325308 -0.00999999 -0.2091453
v -0.02790921 -0.00999999 -0.1979129
v -0.02751934 -0.002999961 -0.1991873
v -0.02777457 -0.00999999 -0.1983644
v -0.02587121 -0.002999961 -0.2036748
v -0.02553087 -0.002999961 -0.2044682
v 0.000216705 -0.002999961 -0.145
v 0.000155008 -0.003070533 -0.1463665
v 1.15088e-05 -0.002999961 -0.150765
v 4.21028e-05 -0.003611922 -0.1495572
v -2.56799e-05 -0.002999961 -0.1568713
v 0.000217323 -0.00779891 -0.1636239
v 0.000390065 -0.002999961 -0.1660068
v 7.56074e-05 -0.002999961 -0.160842
v -2.36615e-05 -0.004456341 -0.152799
v -2.56932e-05 -0.005700588 -0.1568707
v 6.00385e-05 -0.006830573 -0.1604363
v 0.000389552 -0.008461236 -0.1660004
v 0.000441302 -0.008617877 -0.166604
v 0.000729485 -0.002999961 -0.1694311
v 0.001033484 -0.00968784 -0.1718055
v 0.001444578 -0.009962201 -0.1744537
v 0.001492679 -0.002999961 -0.1747335
v 0.001491904 -0.009976089 -0.1747289
v 0.001679122 -0.002999961 -0.1757715
v 0.001679122 -0.00999999 -0.1757715
v 0.002057552 -0.002999961 -0.1776888
v 0.001899421 -0.01000005 -0.1769155
v 0.003194808 -0.002999961 -0.1824337
v 0.003194749 -0.01000064 -0.1824337
v 0.00398004 -0.002999961 -0.1851456
v 0.003699243 -0.01000094 -0.1842149
v 0.005501866 -0.002999961 -0.1896291
v 0.005328774 -0.01000177 -0.1891587
v 0.005501568 -0.01000183 -0.1896291
v 0.006529629 -0.002999961 -0.1922712
v 0.00826323 -0.01000338 -0.1962689
v 0.008501768 -0.002999961 -0.1967836
v 0.00850141 -0.0100035 -0.1967837
v 0.009830594 -0.002999961 -0.1995364
v 0.01023381 -0.01000422 -0.2003377
v 0.03750348 -0.01256728 -0.004993379
v 0.02508741 -0.01186847 -0.03869104
v 0.0244925 -0.01178079 -0.03964084
v 0.02467709 -0.01081752 -0.03932338
v 0.02506667 -0.004472911 -0.03760743
v 0.02348709 -0.004410803 -0.04161584
v 0.02338188 -0.003696203 -0.04141414
v 0.02173453 -0.006394386 -0.04606658
v 0.02182656 -0.005731225 -0.04594177
v 0.02267116 -0.005779564 -0.04395067
v 0.0215997 -0.007030785 -0.04618346
v 0.0206933 -0.006966531 -0.04813104
v 0.01611208 -0.007887721 -0.05616927
v 0.01650017 -0.007440209 -0.05618095
v 0.01739454 -0.007664442 -0.05412906
v 0.0152837 -0.007597327 -0.05827623
v 0.01485502 -0.007986247 -0.05825418
v 0.01373732 -0.007146239 -0.06254696
v 0.01661473 -0.005748808 -0.05829703
v 0.01635134 -0.0062536 -0.05830383
v 0.01501047 -0.005699694 -0.06259161
v 0.01408338 -0.004510164 -0.06700009
v 0.01417428 -0.004230022 -0.06700003
v 0.01487183 -0.004285097 -0.06477767
v 0.01427865 -0.003780603 -0.06700003
v 0.02217143 -0.0183233 -0.04293864
v 0.02099061 -0.01805526 -0.04360079
v 0.02112925 -0.0178231 -0.04356062
v 0.0199638 -0.01755309 -0.04421788
v 0.0129522 -0.01585602 -0.04785364
v 0.01565593 -0.01610773 -0.04672211
v 0.01679706 -0.01636809 -0.04610472
v 0.01646018 -0.01671236 -0.04609256
v 0.0152902 -0.01642829 -0.04668939
v 0.01412045 -0.0161429 -0.04727554
v 0.01451396 -0.01584649 -0.04732722
v 0.01793622 -0.01662749 -0.04547286
v 0.01737779 -0.01574039 -0.04609817
v 0.008055746 -0.0134294 -0.05211001
v 0.007501184 -0.01297259 -0.05312907
v 0.00964725 -0.01241648 -0.05348891
v 0.005394697 -0.01196807 -0.05610162
v 0.005013883 -0.01162594 -0.05725562
v 0.007325649 -0.01121002 -0.05754625
v 0.0153051 -0.01275742 -0.04957938
v 0.01612442 -0.01289117 -0.0488286
v 0.01538217 -0.01341682 -0.04883372
v 0.02204662 -0.01312249 -0.04298102
v 0.02132141 -0.01299875 -0.04385799
v 0.0214948 -0.01262825 -0.04374355
v 0.01369357 -0.01245641 -0.0510953
v 0.01449191 -0.01261466 -0.05033075
v 0.01361936 -0.01310205 -0.05026882
v 0.0415064 -0.01918393 -0.02460217
v 0.04623681 -0.01903134 -0.01158666
v 0.04343038 -0.01632988 -0.01365482
v 0.04225856 -0.0156399 -0.01341581
v 0.04231178 -0.01562285 -0.01073259
v 0.04519599 -0.01751613 -0.01264494
v 0.04518759 -0.01751112 -0.01127439
v 0.04567527 -0.01799112 -0.01138681
v 0.04549968 -0.0185554 -0.01556831
v 0.04586797 -0.01855307 -0.01424121
v 0.04593294 -0.01870733 -0.01427
v 0.0407921 -0.01639306 -0.02124828
v 0.03981059 -0.01570755 -0.02093565
v 0.04078179 -0.01568531 -0.01848185
v 0.03175735 -0.01650905 -0.03459233
v 0.03134822 -0.01580494 -0.03418868
v 0.03304678 -0.0157929 -0.03220278
v 0.03584212 -0.01372069 -0.02228564
v 0.03669255 -0.01370334 -0.01995736
v 0.03774863 -0.0144059 -0.02028697
v 0.0361936 -0.01328593 -0.01979213
v 0.0323562 -0.01333099 -0.02869713
v 0.03208708 -0.01288175 -0.02849143
v 0.03314745 -0.01287513 -0.026367
v 0.03049337 -0.01333081 -0.0317552
v 0.0298326 -0.01332813 -0.03274118
v 0.02967077 -0.01288259 -0.0325334
v 0.0337044 -0.008334934 -0.00454998
v 0.02938652 -0.011945 -0.03211832
v 0.02836352 -0.01287627 -0.03445863
v 0.03170442 -0.003719449 -0.004131913
v 0.03165549 -0.002999961 -0.004066944
v 0.03166413 -0.002999961 -0.004682183
v 0.0156461 -0.003461062 -0.06254112
v 0.01609253 -0.002999842 -0.06099528
v 0.01704216 -0.004113316 -0.05821251
v 0.01563733 -0.003926575 -0.06256771
v 0.01498377 -0.003429234 -0.06476187
v 0.01434695 -0.003087699 -0.06699997
v 0.01434791 -0.002999961 -0.06699997
v 0.02645021 -0.003367066 -0.03329205
v 0.02666723 -0.002999961 -0.03263366
v 0.02715164 -0.002999961 -0.03132277
v 0.02659636 -0.00449723 -0.03363448
v 0.02804642 -0.004499435 -0.02966803
v 0.02825546 -0.005993247 -0.03008836
v 0.02917337 -0.003743827 -0.0254333
v 0.02792489 -0.003742635 -0.02944022
v 0.02648288 -0.003740668 -0.03340423
v 0.03005522 -0.003369927 -0.02122682
v 0.0291357 -0.003369212 -0.02532655
v 0.02789139 -0.003368258 -0.02932953
v 0.02902442 -0.002999961 -0.02564632
v 0.02903622 -0.002999961 -0.02560317
v 0.03028011 -0.002999961 -0.01987946
v 0.03033936 -0.002999961 -0.01953768
v 0.02993816 -0.007382214 -0.02646422
v 0.02959638 -0.005984961 -0.02606326
v 0.02930772 -0.004499316 -0.0256524
v 0.03009587 -0.003744423 -0.02132511
v 0.03075259 -0.003369987 -0.01704055
v 0.03130596 -0.002999961 -0.01222515
v 0.03229349 -0.00581485 -0.004318237
v 0.03223896 -0.005870759 -0.008740842
v 0.03203725 -0.005133748 -0.004257917
v 0.03198021 -0.00517416 -0.00863707
v 0.0318371 -0.00443387 -0.004195809
v 0.03177571 -0.004458785 -0.008530199
v 0.0319209 -0.005919933 -0.01325112
v 0.03146016 -0.004480779 -0.01296997
v 0.03163599 -0.003730118 -0.008419632
v 0.02687168 -0.008701026 -0.03481096
v 0.02791553 -0.009870707 -0.03326135
v 0.02689677 -0.009875118 -0.03518193
v 0.02804458 -0.01094615 -0.03365695
v 0.026919 -0.01094722 -0.03555399
v 0.02673143 -0.005995512 -0.03404718
v 0.02868461 -0.00868982 -0.030896
v 0.02890002 -0.00986588 -0.03129869
v 0.02913129 -0.01094412 -0.03170615
v 0.03127205 -0.003368616 -0.01275318
v 0.03131252 -0.003739774 -0.01282483
v 0.0307936 -0.003743529 -0.01712602
v 0.03094083 -0.004491925 -0.01730006
v 0.03023952 -0.00449723 -0.02152609
v 0.03135824 -0.005951583 -0.01763361
v 0.03060042 -0.005971789 -0.0219075
v 0.03191411 -0.007321119 -0.01796245
v 0.0310589 -0.007356703 -0.02228182
v 0.03256177 -0.008587658 -0.01829081
v 0.03157949 -0.008633255 -0.02265501
v 0.03214687 -0.009808003 -0.02303051
v 0.03070598 -0.009842872 -0.02726399
v 0.03113251 -0.0109263 -0.02766966
v 0.02984035 -0.009856879 -0.0293008
v 0.0301702 -0.01093786 -0.02971094
v 0.03092026 -0.01288491 -0.0305438
v 0.03052902 -0.01194292 -0.03012603
v 0.03159219 -0.01193535 -0.02807956
v 0.03275811 -0.01089531 -0.02340984
v 0.03327697 -0.009759068 -0.01862138
v 0.0333057 -0.008523225 -0.01380777
v 0.03255462 -0.007270038 -0.01352941
v 0.03293585 -0.007115185 -0.004435718
v 0.03288602 -0.007198154 -0.008943438
v 0.03365826 -0.008437454 -0.009141445
v 0.03277695 -0.007239878 -0.01124769
v 0.0335592 -0.008486628 -0.01148873
v 0.02846759 -0.01331996 -0.03466004
v 0.02700626 -0.01286792 -0.03630578
v 0.02776509 -0.01331502 -0.03558897
v 0.02915662 -0.01332437 -0.03370952
v 0.02632755 -0.01330441 -0.03738421
v 0.0270496 -0.01330959 -0.03649461
v 0.02712708 -0.01372098 -0.03668302
v 0.02787446 -0.01372677 -0.03578436
v 0.02877277 -0.01410174 -0.03506159
v 0.03072196 -0.0137434 -0.03196316
v 0.03003263 -0.01374042 -0.03294807
v 0.02932733 -0.01373642 -0.03391391
v 0.02860814 -0.01373189 -0.03486067
v 0.03113675 -0.01333218 -0.03075265
v 0.03139299 -0.013745 -0.0309605
v 0.03048205 -0.0144546 -0.0333631
v 0.02893614 -0.01445096 -0.03526359
v 0.03195661 -0.01445513 -0.03137689
v 0.0341416 -0.009688317 -0.01408749
v 0.03404873 -0.01084846 -0.01895469
v 0.03341114 -0.01191109 -0.02379196
v 0.03410476 -0.01286518 -0.02417492
v 0.033468 -0.01332622 -0.02656656
v 0.03266614 -0.01374471 -0.02890139
v 0.0333389 -0.01445174 -0.0293104
v 0.03464299 -0.01577872 -0.03011906
v 0.03356343 -0.01649188 -0.03260481
v 0.03213226 -0.017268 -0.03498631
v 0.0280534 -0.01892173 -0.03923535
v 0.02810496 -0.0186541 -0.03914344
v 0.03031605 -0.01891678 -0.0375123
v 0.030348 -0.01864475 -0.03742039
v 0.0324859 -0.01891154 -0.03564572
v 0.03249871 -0.01863485 -0.03555428
v 0.03454947 -0.01890635 -0.03364533
v 0.03453189 -0.01905214 -0.03368967
v 0.03548938 -0.01056689 -0.004773199
v 0.0354529 -0.01068794 -0.009532272
v 0.03537654 -0.01073896 -0.01197052
v 0.03504478 -0.01077723 -0.01436883
v 0.03486996 -0.01186954 -0.01928997
v 0.03496861 -0.01285022 -0.02192759
v 0.03447455 -0.01331794 -0.02436578
v 0.03383034 -0.01374065 -0.02676457
v 0.03460901 -0.0144453 -0.02716016
v 0.0361213 -0.01576316 -0.02794086
v 0.03526222 -0.01647365 -0.03051131
v 0.03404104 -0.01724857 -0.03299576
v 0.03425353 -0.01766294 -0.03318619
v 0.03229612 -0.01768159 -0.03517907
v 0.03443259 -0.01811558 -0.03337299
v 0.03242897 -0.01813143 -0.03536856
v 0.03450083 -0.01836174 -0.03346484
v 0.03247559 -0.01837509 -0.0354619
v 0.03454422 -0.01862508 -0.03355562
v 0.0364803 -0.01904577 -0.03156805
v 0.03649395 -0.0189011 -0.03152149
v 0.03830778 -0.01889598 -0.02928614
v 0.0399608 -0.01874077 -0.02691292
v 0.03829514 -0.01874834 -0.02924489
v 0.03648918 -0.01875591 -0.03147834
v 0.03998064 -0.01889073 -0.02695184
v 0.04284346 -0.01872622 -0.02201169
v 0.03990834 -0.01892757 -0.02707153
v 0.03961068 -0.01641374 -0.02367705
v 0.04045361 -0.01716738 -0.02400171
v 0.03905034 -0.01718801 -0.0263822
v 0.04083853 -0.01758688 -0.02415883
v 0.03939628 -0.0176059 -0.02655023
v 0.04118013 -0.01805222 -0.02431195
v 0.0397014 -0.01806777 -0.0267142
v 0.04132413 -0.01830893 -0.02438706
v 0.03982847 -0.01832199 -0.02679461
v 0.04143798 -0.01858621 -0.02446091
v 0.03992664 -0.01859581 -0.02687376
v 0.03573662 -0.01283013 -0.01962536
v 0.03538417 -0.01330441 -0.02210748
v 0.03488647 -0.01373314 -0.02455484
v 0.03576594 -0.014436 -0.02493262
v 0.03870946 -0.0157274 -0.0233404
v 0.03747671 -0.01574623 -0.02567648
v 0.03829032 -0.01643455 -0.02603542
v 0.0368402 -0.01645439 -0.02831846
v 0.03751039 -0.01720827 -0.0286839
v 0.03583788 -0.0172286 -0.03089189
v 0.03781414 -0.01762491 -0.02886122
v 0.03609693 -0.01764392 -0.0310769
v 0.03807944 -0.01808363 -0.02903455
v 0.03632003 -0.0180996 -0.03125804
v 0.03818804 -0.01833516 -0.02911955
v 0.03640896 -0.01834845 -0.03134697
v 0.03826904 -0.01860547 -0.02920341
v 0.0364716 -0.01861524 -0.03143489
v 0.03861272 -0.01357936 -0.01012033
v 0.03857064 -0.01361691 -0.01269382
v 0.03743177 -0.01273441 -0.01245391
v 0.03929865 -0.01435238 -0.01548278
v 0.03810477 -0.01364523 -0.01520884
v 0.03753787 -0.01322495 -0.01507115
v 0.03701061 -0.01276671 -0.01493173
v 0.0398454 -0.01430034 -0.01031965
v 0.03981065 -0.01432949 -0.01293385
v 0.03748536 -0.01269102 -0.009923815
v 0.03860956 -0.01346057 -0.005102932
v 0.03981792 -0.01419776 -0.005213439
v 0.04163926 -0.0156567 -0.01601892
v 0.04183501 -0.01637119 -0.0187686
v 0.04171127 -0.01714754 -0.02155005
v 0.04213213 -0.01756876 -0.0216962
v 0.04250741 -0.01803737 -0.0218389
v 0.04266721 -0.01829659 -0.02190876
v 0.04279541 -0.01857715 -0.02197766
v 0.04199934 -0.01564568 -0.01474618
v 0.04275339 -0.01634472 -0.01627582
v 0.04282224 -0.01712757 -0.01904606
v 0.04327523 -0.01755088 -0.01918071
v 0.04368054 -0.01802295 -0.01931226
v 0.04385435 -0.01828461 -0.01937681
v 0.04399549 -0.01856833 -0.01944047
v 0.04314303 -0.01633477 -0.01499187
v 0.04421591 -0.01709628 -0.01522976
v 0.04379725 -0.0171048 -0.0165227
v 0.04470908 -0.01752352 -0.01534515
v 0.04427617 -0.01753103 -0.01664173
v 0.04287606 -0.01888084 -0.02204555
v 0.04509884 -0.01871204 -0.01689749
v 0.04514062 -0.01887094 -0.01692479
v 0.045605 -0.01886892 -0.01562231
v 0.04563033 -0.01903337 -0.01564908
v 0.04601055 -0.01903259 -0.01432728
v 0.04579061 -0.01840537 -0.01421242
v 0.0454263 -0.01840806 -0.01554101
v 0.04570287 -0.01826393 -0.01418358
v 0.04534286 -0.01826679 -0.01551353
v 0.04515182 -0.01800131 -0.0154581
v 0.04610174 -0.01886707 -0.01362252
v 0.04605132 -0.0187065 -0.01359319
v 0.04598414 -0.01855212 -0.01356393
v 0.04581475 -0.01826268 -0.01350528
v 0.04550343 -0.01799798 -0.01412558
v 0.04528176 -0.01775097 -0.01406753
v 0.04613298 -0.01903229 -0.01365172
v 0.04598134 -0.01886767 -0.01429867
v 0.04556053 -0.01870918 -0.01559537
v 0.04504066 -0.01855897 -0.01687002
v 0.04620879 -0.01903206 -0.01296859
v 0.04617542 -0.01886641 -0.01293897
v 0.04612272 -0.01870572 -0.01290947
v 0.0460534 -0.01855111 -0.01287984
v 0.04587966 -0.01826137 -0.01282089
v 0.04567176 -0.01799494 -0.01276212
v 0.04588997 -0.01825815 -0.01144337
v 0.04607081 -0.0185486 -0.01150041
v 0.04614371 -0.01870369 -0.01152908
v 0.04619991 -0.01886498 -0.01155781
v 0.04470539 -0.01800727 -0.01675754
v 0.04493868 -0.01775473 -0.01540195
v 0.04504382 -0.01751965 -0.01400905
v 0.04453426 -0.01709192 -0.01389169
v 0.04465305 -0.01708215 -0.01116353
v 0.04488986 -0.01827186 -0.01681429
v 0.04288935 -0.01904189 -0.02208328
v 0.009614288 -0.01062244 -0.05780708
v 0.009996712 -0.01091498 -0.05671477
v 0.007708013 -0.01152974 -0.05642855
v 0.01620304 -0.01144009 -0.05037641
v 0.01460689 -0.01193463 -0.05116236
v 0.01487052 -0.01117664 -0.05206078
v 0.01389914 -0.01176792 -0.05199038
v 0.01326882 -0.01154214 -0.05289071
v 0.0122568 -0.01201808 -0.05278086
v 0.01175779 -0.0116862 -0.05376923
v 0.01017481 -0.0128051 -0.05249345
v 0.01292914 -0.01226848 -0.05189663
v 0.008319854 -0.0118137 -0.05541288
v 0.01055544 -0.01116585 -0.0557028
v 0.009026229 -0.01208609 -0.05446714
v 0.01118803 -0.01140141 -0.05474728
v 0.01827579 -0.01174187 -0.0479145
v 0.01760029 -0.01242899 -0.04800516
v 0.01758301 -0.01164603 -0.04873865
v 0.0168454 -0.01231622 -0.04879605
v 0.016891 -0.01154649 -0.0495575
v 0.01609164 -0.01219904 -0.04958099
v 0.01534307 -0.01207393 -0.05036604
v 0.01858192 -0.01327139 -0.04652184
v 0.01776552 -0.01314562 -0.04730349
v 0.01835381 -0.01253992 -0.04720413
v 0.02033901 -0.01202875 -0.04538071
v 0.02101713 -0.01212882 -0.04451006
v 0.02019912 -0.01352798 -0.04490935
v 0.02287673 -0.0128647 -0.04195332
v 0.0221889 -0.01274436 -0.04285508
v 0.02168864 -0.01223278 -0.04362469
v 0.02418595 -0.0135073 -0.04026669
v 0.02355855 -0.01298695 -0.04103803
v 0.0242359 -0.01310706 -0.04011189
v 0.02301234 -0.01245307 -0.04181379
v 0.02431398 -0.01267957 -0.03995579
v 0.0249632 -0.0127815 -0.03901875
v 0.02491408 -0.01321589 -0.03918236
v 0.02560681 -0.01329165 -0.03826749
v 0.02562618 -0.01285219 -0.03809607
v 0.02631551 -0.01286363 -0.03720366
v 0.02099704 -0.0136612 -0.0440756
v 0.0217877 -0.01379853 -0.04322403
v 0.02257162 -0.01393967 -0.04235649
v 0.02722752 -0.01409274 -0.03687202
v 0.0264396 -0.01408839 -0.03774529
v 0.02637255 -0.01371568 -0.03756427
v 0.02561902 -0.01370257 -0.03843843
v 0.02560883 -0.01350188 -0.0383529
v 0.01449704 -0.01326429 -0.04955053
v 0.01367193 -0.01373702 -0.04949098
v 0.0127303 -0.01355171 -0.05017727
v 0.01694566 -0.01301968 -0.0480715
v 0.01626956 -0.01356339 -0.04811084
v 0.017156 -0.01370692 -0.04737669
v 0.0180391 -0.01384955 -0.04662805
v 0.01652824 -0.01424497 -0.04741907
v 0.02490061 -0.01342386 -0.03926378
v 0.02489489 -0.01362252 -0.03934514
v 0.02489537 -0.014346 -0.03967231
v 0.0256527 -0.01407611 -0.03861027
v 0.02568536 -0.01443153 -0.03878366
v 0.02732694 -0.01444512 -0.0370624
v 0.01093053 -0.01311111 -0.05163425
v 0.01193755 -0.0127117 -0.05177843
v 0.006832242 -0.01259255 -0.05412209
v 0.006056249 -0.01228308 -0.05507069
v 0.007204592 -0.01087284 -0.05870699
v 0.004952967 -0.01127833 -0.05846196
v 0.007238984 -0.01054298 -0.05986398
v 0.005081892 -0.01094675 -0.05966162
v 0.007435858 -0.00993812 -0.06218034
v 0.005494952 -0.01034653 -0.06205195
v 0.007578372 -0.0094437 -0.06454986
v 0.005839765 -0.009854972 -0.06448829
v 0.007575631 -0.009266376 -0.06576579
v 0.005218625 -0.009726941 -0.06700032
v 0.005818486 -0.009595513 -0.06700038
v 0.005919814 -0.009677886 -0.06573653
v 0.009202539 -0.008748531 -0.0657953
v 0.009289503 -0.008919298 -0.06461101
v 0.009351313 -0.00939691 -0.06230354
v 0.009372591 -0.00998491 -0.06005215
v 0.008891642 -0.01380574 -0.05126297
v 0.007109642 -0.00927174 -0.06700032
v 0.009914278 -0.01347357 -0.05146265
v 0.01182913 -0.01397192 -0.05005401
v 0.01091706 -0.01437085 -0.04989683
v 0.01462221 -0.01391178 -0.04880768
v 0.01384747 -0.0143857 -0.0487473
v 0.01557546 -0.01408004 -0.04811877
v 0.01486539 -0.01458036 -0.04809212
v 0.01413702 -0.01507502 -0.04802781
v 0.01305663 -0.01484835 -0.04864978
v 0.01747828 -0.01440858 -0.04670482
v 0.01689982 -0.01496094 -0.04674834
v 0.01588368 -0.0147714 -0.04742705
v 0.01629954 -0.01551955 -0.04675525
v 0.01521879 -0.01529812 -0.04739761
v 0.01791232 -0.01515024 -0.0460534
v 0.01842397 -0.01457262 -0.04597389
v 0.01891762 -0.0139932 -0.04586303
v 0.01939368 -0.01339834 -0.04572439
v 0.01965522 -0.01193159 -0.04623723
v 0.01896715 -0.0118364 -0.04708141
v 0.02487444 -0.01572901 -0.04033005
v 0.02580022 -0.01582437 -0.03948438
v 0.02584826 -0.01654535 -0.03983706
v 0.02481395 -0.01720285 -0.04098337
v 0.01178753 -0.01556652 -0.04842787
v 0.0133726 -0.01558363 -0.04792267
v 0.01223391 -0.01531749 -0.04851245
v 0.009981811 -0.01476311 -0.04970413
v 0.01762938 -0.01699537 -0.04548293
v 0.0239641 -0.0155844 -0.04118382
v 0.02387112 -0.01628744 -0.04147994
v 0.02375882 -0.01703184 -0.04176914
v 0.02477997 -0.01760935 -0.04114562
v 0.02585864 -0.01816511 -0.04054546
v 0.0258798 -0.01772385 -0.04036808
v 0.02587914 -0.01731216 -0.04019081
v 0.018628 -0.01748543 -0.04487192
v 0.01980954 -0.01777428 -0.04424452
v 0.01879721 -0.01727616 -0.04485827
v 0.01907283 -0.01688563 -0.04482442
v 0.02029651 -0.0149061 -0.04445374
v 0.02122223 -0.01507663 -0.04366368
v 0.01992118 -0.01553207 -0.04460644
v 0.02091634 -0.01572495 -0.04385322
v 0.01952201 -0.01618224 -0.04473102
v 0.02058696 -0.01640278 -0.04401916
v 0.02020668 -0.0171411 -0.04415875
v 0.0213384 -0.0173915 -0.04347562
v 0.02124208 -0.01760214 -0.0435189
v 0.02238929 -0.01785105 -0.04282951
v 0.02229362 -0.01808118 -0.04288458
v 0.02345746 -0.01831907 -0.04218775
v 0.0233522 -0.01856964 -0.04225552
v 0.02453333 -0.01877826 -0.04154801
v 0.02246785 -0.01763194 -0.04277324
v 0.0235958 -0.01785469 -0.04205048
v 0.02353543 -0.01808094 -0.04211944
v 0.02468222 -0.01827633 -0.04138761
v 0.0246219 -0.01852065 -0.04146796
v 0.02578854 -0.01864957 -0.04072278
v 0.02571511 -0.01891207 -0.04081147
v 0.02164793 -0.01662117 -0.0432887
v 0.02190601 -0.01591807 -0.04308122
v 0.02214175 -0.01524925 -0.04285526
v 0.02151215 -0.01444005 -0.04345291
v 0.02065467 -0.01428771 -0.0442757
v 0.02583289 -0.01840084 -0.04063415
v 0.0247246 -0.01804423 -0.04130715
v 0.02368789 -0.01742982 -0.04191082
v 0.02270478 -0.01683324 -0.0425387
v 0.02289044 -0.01610767 -0.04228973
v 0.02305519 -0.01542037 -0.04202795
v 0.01845222 -0.01596117 -0.04542404
v 0.01891988 -0.01534044 -0.04534006
v 0.01936376 -0.0147382 -0.04522407
v 0.01978993 -0.01413887 -0.04507935
v 0.02276539 -0.01325047 -0.04208976
v 0.02347803 -0.01338016 -0.04118406
v 0.02334892 -0.01408213 -0.04147267
v 0.02412164 -0.01422101 -0.0405752
v 0.02488768 -0.01503646 -0.04000133
v 0.02574491 -0.0151267 -0.03913301
v 0.02770477 -0.01582425 -0.03782659
v 0.02787989 -0.01654016 -0.03820705
v 0.02803248 -0.01730525 -0.03858464
v 0.02809113 -0.01771801 -0.0387721
v 0.0281248 -0.0181626 -0.03895843
v 0.02812498 -0.0184015 -0.03905105
v 0.0149542 -0.00385946 -0.06477242
v 0.01560837 -0.004158735 -0.06257712
v 0.01556146 -0.004389286 -0.06258368
v 0.01701933 -0.004393339 -0.05823642
v 0.01404088 -0.004622936 -0.06700009
v 0.01474004 -0.004701018 -0.0647785
v 0.01385718 -0.005029797 -0.06700015
v 0.01456731 -0.005102515 -0.06477725
v 0.01293951 -0.006301939 -0.06700003
v 0.01317983 -0.006035923 -0.06700015
v 0.0138325 -0.006195247 -0.06476104
v 0.01334762 -0.005829036 -0.06700015
v 0.01359325 -0.005483925 -0.06700015
v 0.01435554 -0.005486547 -0.06477373
v 0.01366913 -0.005364358 -0.06700015
v 0.01378875 -0.005158722 -0.06700015
v 0.02011448 -0.003322184 -0.04956656
v 0.02014964 -0.003650546 -0.04962784
v 0.01899945 -0.002999961 -0.0524317
v 0.01850688 -0.002999961 -0.05375891
v 0.01754397 -0.002999842 -0.05646461
v 0.01859605 -0.004227519 -0.05392915
v 0.0202285 -0.004317522 -0.0497539
v 0.02186816 -0.004357457 -0.04566282
v 0.01524019 -0.005280852 -0.06259369
v 0.01542401 -0.004842638 -0.06259089
v 0.01682114 -0.005219638 -0.05828046
v 0.01697212 -0.004671812 -0.05825483
v 0.01760411 -0.005350828 -0.05614316
v 0.01774483 -0.00476855 -0.05610913
v 0.01842808 -0.00546056 -0.05404156
v 0.0185545 -0.004848778 -0.05399501
v 0.01926505 -0.005591869 -0.0519647
v 0.02021479 -0.004986882 -0.04985678
v 0.02011948 -0.005646944 -0.04994058
v 0.01264768 -0.006587266 -0.06699991
v 0.01320493 -0.006818175 -0.06474262
v 0.01216393 -0.006994128 -0.06699979
v 0.012501 -0.007360637 -0.06472051
v 0.01567983 -0.0071792 -0.05829244
v 0.01443505 -0.006470859 -0.06257551
v 0.01094746 -0.008243501 -0.06466919
v 0.01052999 -0.008004188 -0.06700003
v 0.01086235 -0.007830977 -0.06699997
v 0.01295113 -0.007732093 -0.06250953
v 0.01338368 -0.00819385 -0.06034767
v 0.01392 -0.008682787 -0.05819517
v 0.01524382 -0.008692741 -0.05612725
v 0.0147733 -0.009054064 -0.05609816
v 0.01620072 -0.008996725 -0.05411142
v 0.01575309 -0.009383738 -0.05409383
v 0.01377785 -0.00970453 -0.0560255
v 0.01272642 -0.01027017 -0.05593448
v 0.01290655 -0.00928384 -0.05811911
v 0.01221883 -0.01005887 -0.0569517
v 0.01582384 -0.01050567 -0.05210733
v 0.01427882 -0.01097691 -0.05297875
v 0.01526749 -0.01033139 -0.05304408
v 0.01380729 -0.0107007 -0.05397188
v 0.01480638 -0.0100848 -0.05404323
v 0.01328742 -0.01046419 -0.05496054
v 0.01715511 -0.009335756 -0.05213445
v 0.01824474 -0.009503483 -0.05029964
v 0.01786202 -0.009935379 -0.05032581
v 0.01728814 -0.009852945 -0.05121845
v 0.01672774 -0.009750068 -0.05213093
v 0.01620423 -0.009600281 -0.05308717
v 0.01183593 -0.009803235 -0.05802804
v 0.01144331 -0.009223103 -0.06021738
v 0.01243942 -0.00874561 -0.06028765
v 0.01120966 -0.008681178 -0.06241583
v 0.0121029 -0.008239865 -0.06246548
v 0.01174342 -0.007832229 -0.06469589
v 0.01175427 -0.007290959 -0.06699979
v 0.01740807 -0.005914092 -0.05616748
v 0.01824831 -0.006053328 -0.0540784
v 0.01909935 -0.006217062 -0.05201566
v 0.0199775 -0.006287813 -0.05001622
v 0.02097481 -0.005688369 -0.04793721
v 0.02188283 -0.005048871 -0.04581087
v 0.02334553 -0.003344655 -0.04131656
v 0.02105695 -0.002999961 -0.04707276
v 0.02085787 -0.006340742 -0.0480386
v 0.01978337 -0.00690186 -0.05008184
v 0.02249795 -0.007100701 -0.0442329
v 0.02338415 -0.007178366 -0.04227632
v 0.01715427 -0.006452143 -0.05618101
v 0.01801162 -0.006620347 -0.05410444
v 0.0188778 -0.006815493 -0.05205577
v 0.02350562 -0.005833983 -0.04196238
v 0.03030961 -0.008666574 -0.02686291
v 0.02501225 -0.008620798 -0.03868043
v 0.02408808 -0.008510529 -0.04063117
v 0.02314847 -0.008401751 -0.04256904
v 0.02235949 -0.007717192 -0.04436469
v 0.02142769 -0.007636666 -0.04629391
v 0.02048712 -0.007561922 -0.04821616
v 0.01954358 -0.007485628 -0.050139
v 0.01860702 -0.007383406 -0.05208665
v 0.01772499 -0.007157981 -0.05412095
v 0.01684945 -0.006961405 -0.05618512
v 0.01603764 -0.006730914 -0.05830192
v 0.0147404 -0.006096959 -0.06258541
v 0.0217936 -0.009378314 -0.04473352
v 0.02073884 -0.00926572 -0.04659378
v 0.02099204 -0.008753657 -0.04649829
v 0.01967436 -0.009158194 -0.04843443
v 0.01997214 -0.008657455 -0.04836714
v 0.01860892 -0.009044826 -0.05026829
v 0.01895052 -0.008556842 -0.05023145
v 0.01756161 -0.008894085 -0.05213218
v 0.0179429 -0.008422613 -0.05212402
v 0.01662653 -0.008582592 -0.05412346
v 0.01702636 -0.008139133 -0.05412954
v 0.01569157 -0.008304655 -0.05615115
v 0.01829344 -0.007919371 -0.05210912
v 0.01926416 -0.008037447 -0.05018872
v 0.02024501 -0.008125722 -0.0482946
v 0.02122348 -0.008211076 -0.04639858
v 0.02219295 -0.008301973 -0.04449152
v 0.02283257 -0.00950098 -0.04284769
v 0.02247059 -0.01049149 -0.04311662
v 0.02018553 -0.01020807 -0.04677301
v 0.01960515 -0.0101422 -0.04766696
v 0.01935672 -0.009630262 -0.0484972
v 0.01902329 -0.01007622 -0.04855531
v 0.01844155 -0.01000809 -0.04944032
v 0.01958966 -0.01105934 -0.04693651
v 0.01895576 -0.01098001 -0.04780066
v 0.0183205 -0.01089996 -0.04865741
v 0.01768553 -0.01081711 -0.04950982
v 0.01705366 -0.01072835 -0.05036222
v 0.01642972 -0.01062858 -0.05122298
v 0.02046877 -0.00974965 -0.04668527
v 0.02133703 -0.01034426 -0.04496282
v 0.02084738 -0.01122188 -0.04517942
v 0.02385306 -0.009634912 -0.04093647
v 0.02358323 -0.01065224 -0.04123502
v 0.02208495 -0.01139611 -0.0433765
v 0.02569371 -0.01192873 -0.03775393
v 0.02819162 -0.01194292 -0.03405648
v 0.02695274 -0.0119394 -0.03592872
v 0.02632266 -0.01193743 -0.03684341
v 0.02577537 -0.01094138 -0.03741317
v 0.03034609 -0.01838856 -0.03732764
v 0.03032237 -0.0181474 -0.03723424
v 0.03023815 -0.01770043 -0.03704535
v 0.03012591 -0.01728731 -0.03685396
v 0.02985972 -0.0165255 -0.03646486
v 0.02956467 -0.01581567 -0.03606873
v 0.01858854 -0.004538774 -0.05396527
v 0.02023476 -0.004652619 -0.04980862
v 0.02188742 -0.004703581 -0.04573988
v 0.02352535 -0.005127429 -0.04179716
v 0.02513808 -0.005951881 -0.03799301
v 0.02511471 -0.007347226 -0.03834635
v 0.02593278 -0.008700788 -0.03673195
v 0.008167386 -0.008955955 -0.06700009
v 0.009006083 -0.008664011 -0.06699997
v 0.04410624 -0.01918262 -0.01956236
v 0.04516226 -0.01903331 -0.01695513
v 0.04563575 -0.01911646 -0.01566243
v 0.0460177 -0.01911616 -0.01434165
v 0.04614114 -0.01911598 -0.01366645
v 0.04621803 -0.0191158 -0.0129835
v 0.04624778 -0.01911538 -0.01160115
v 0.03135818 -0.002999961 -0.0116502
v 0.03158634 -0.002999961 -0.008308708
v 0.0316658 -0.002999961 -0.005001962
v -0.0325827 -0.008425831 -0.1577188
v -0.03287172 -0.007849097 -0.1577804
v -0.03236967 -0.008934795 -0.1636372
v -0.02697652 -0.01592302 -0.1793225
v -0.0258494 -0.0163598 -0.1787379
v -0.02657866 -0.01532363 -0.1732738
v -0.03106397 -0.01014125 -0.1816622
v -0.02490729 -0.0169788 -0.1901351
v -0.02597326 -0.01641368 -0.1907905
v -0.02452176 -0.01640158 -0.1959494
v -0.02502948 -0.01606523 -0.196258
v -0.03019636 -0.01090776 -0.1873492
v -0.01124387 -0.01559799 -0.2206422
v -0.01618474 -0.0143575 -0.2169826
v -0.01570671 -0.01484286 -0.2169741
v -0.01724416 -0.01483863 -0.2150279
v -0.02209103 -0.01069623 -0.2111361
v -0.01795589 -0.01142179 -0.2167013
v -0.01647526 -0.01143985 -0.218394
v -0.01621031 -0.01210033 -0.2184901
v -5.99647e-05 -0.005341887 -0.153342
v -0.001262784 -0.01236009 -0.1639253
v -0.001715183 -0.01288354 -0.1640395
v -0.0013327 -0.01378214 -0.1676588
v -0.003238499 -0.011698 -0.1571441
v -0.00446105 -0.01238483 -0.1573275
v -0.003904283 -0.01449161 -0.1646558
v 0.001360297 -0.01128512 -0.1744987
v 0.01019167 -0.01201415 -0.200697
v 0.01020872 -0.01135736 -0.2005053
v 0.007959008 -0.01133918 -0.1958211
v 0.01011329 -0.01325654 -0.2012816
v 0.010163 -0.01264935 -0.2009577
v 0.00788033 -0.01262772 -0.1962124
v 0.009761691 -0.01485586 -0.2025478
v 0.01061695 -0.01559078 -0.2061187
v -0.009966194 -0.01159137 -0.1482244
v -0.009906232 -0.01139199 -0.1461656
v -0.01270657 -0.01167243 -0.1461983
v 0.00871247 -0.007835328 -0.07618403
v 0.009417235 -0.007353961 -0.07618367
v 0.01014113 -0.007581353 -0.07160121
v 0.009332418 -0.008043646 -0.07160085
v 0.008495032 -0.008443117 -0.07160061
v 0.007969558 -0.008258819 -0.07618463
v 0.004458785 -0.009426534 -0.08078944
v 0.004034221 -0.009367644 -0.08543235
v 0.005450487 -0.008749544 -0.08542883
v 0.006805956 -0.005271673 -0.09500265
v 0.006895244 -0.004949808 -0.095003
v 0.00798273 -0.005029857 -0.09015315
v 0.00653702 -0.007393062 -0.09015303
v 0.007335186 -0.007504343 -0.08542472
v 0.006749033 -0.007968068 -0.08542585
v 0.006697237 -0.005590379 -0.09500217
v 0.00564748 -0.005541265 -0.09994679
v 0.001707494 -0.009046137 -0.1048727
v 0.002288699 -0.008678138 -0.1048889
v 0.004047155 -0.008653163 -0.09498715
v 0.004630327 -0.008257746 -0.09499084
v -0.02396762 -0.01077711 -0.07625198
v -0.0275501 -0.01037585 -0.07626056
v -0.02887648 -0.01043266 -0.08552914
v -0.02528339 -0.01090478 -0.08551722
v -0.03354781 -0.008843302 -0.07627379
v -0.03434896 -0.008477509 -0.0762754
v -0.03477042 -0.008309245 -0.08092159
v -0.03673058 -0.00696069 -0.07163053
v -0.03708469 -0.006621479 -0.07163077
v -0.03714752 -0.00635761 -0.07628011
v -0.03838634 -0.004994988 -0.06699991
v -0.03852665 -0.00464648 -0.06699997
v -0.03836029 -0.004501283 -0.07163065
v -0.0378766 -0.005887091 -0.06700003
v -0.03804069 -0.005641341 -0.06699997
v -0.03796792 -0.005426943 -0.07163089
v -0.03834557 -0.003460884 -0.07628065
v -0.03836715 -0.002999842 -0.07628047
v -0.03792375 -0.002999961 -0.08555865
v -0.03722256 -0.005293369 -0.09468293
v -0.03730738 -0.00496602 -0.09468191
v -0.03716182 -0.004880428 -0.09918063
v -0.03555661 -0.007778584 -0.1082484
v -0.0356425 -0.007814228 -0.1037355
v -0.03606998 -0.007273674 -0.1037158
v -0.03396821 -0.009151995 -0.1038054
v -0.03458231 -0.008754253 -0.1037807
v -0.03442925 -0.00872749 -0.1128581
v -0.03439724 -0.006104469 -0.1412079
v -0.03416204 -0.006699085 -0.1412191
v -0.03556621 -0.006617665 -0.1218444
v -0.03704714 -0.00420165 -0.1036549
v -0.03699332 -0.003000259 -0.1052602
v -0.03669244 -0.003000319 -0.1110268
v -0.03607177 -0.004175007 -0.1217441
v -0.03608697 -0.006621778 -0.1127081
v -0.03621 -0.006318569 -0.1126939
v -0.03656238 -0.006390452 -0.1036906
v -0.03628063 -0.006647408 -0.1081953
v -0.03578174 -0.007207632 -0.1127399
v -0.03527706 -0.007201552 -0.1218841
v -0.03386884 -0.007270753 -0.1412323
v -0.03494596 -0.008266508 -0.1128154
v -0.03448879 -0.008265972 -0.1219787
v -0.03514355 -0.008308827 -0.1037573
v -0.03508341 -0.00828135 -0.1082795
v -0.03215122 -0.009201407 -0.1413003
v -0.03161102 -0.009576916 -0.1413199
v -0.03287458 -0.009531259 -0.1221472
v -0.03225135 -0.009863674 -0.1222078
v -0.03189307 -0.01011884 -0.1130477
v -0.03351795 -0.007812559 -0.1412472
v -0.03311151 -0.008317947 -0.1412637
v -0.03400051 -0.00873357 -0.1220321
v -0.03385823 -0.009141385 -0.1129031
v -0.0333085 -0.009504258 -0.1038312
v -0.03297924 -0.009527564 -0.0947237
v -0.03145176 -0.01006591 -0.09473711
v -0.03491657 -0.007753551 -0.1219291
v -0.03539943 -0.007758319 -0.1127759
v -0.03595787 -0.007231712 -0.1082202
v -0.03625458 -0.006987929 -0.1037068
v -0.03707456 -0.00300014 -0.10365
v -0.03748893 -0.003652751 -0.09467941
v -0.03750622 -0.002999961 -0.09467935
v -0.03768432 -0.003699362 -0.09014594
v -0.03702259 -0.006073117 -0.09014606
v -0.03711891 -0.005618274 -0.09468418
v -0.03699529 -0.005939066 -0.09468561
v -0.03701663 -0.005520284 -0.0991863
v -0.03691649 -0.005838513 -0.09918969
v -0.03687119 -0.005451858 -0.1036713
v -0.0366851 -0.006081283 -0.1036835
v -0.03646475 -0.005387485 -0.1126581
v -0.03631335 -0.006010413 -0.1126808
v -0.03593206 -0.005393922 -0.1217821
v -0.03578305 -0.006011128 -0.1218103
v -0.03457742 -0.005493879 -0.1411988
v -0.03678679 -0.006558239 -0.08555585
v -0.03684717 -0.006388247 -0.09014612
v -0.03685116 -0.006254017 -0.09468722
v -0.03679639 -0.006152987 -0.09919351
v -0.03665578 -0.006461679 -0.09919768
v -0.03668648 -0.006561458 -0.09468895
v -0.03665131 -0.006693363 -0.09014612
v -0.0365523 -0.006859958 -0.08555513
v -0.03594666 -0.007538557 -0.0901463
v -0.03620022 -0.007268965 -0.09014624
v -0.03629529 -0.007147312 -0.09469288
v -0.03631198 -0.007054746 -0.09920722
v -0.03610956 -0.007336795 -0.09921258
v -0.03607004 -0.007423996 -0.09469509
v -0.03582626 -0.007689118 -0.09469747
v -0.03567606 -0.007795572 -0.0901463
v -0.0353893 -0.008039832 -0.09014636
v -0.03512042 -0.008162617 -0.0855506
v -0.03641885 -0.006693184 -0.1036984
v -0.03649425 -0.006762683 -0.09920227
v -0.03650099 -0.0068596 -0.09469085
v -0.03643542 -0.006987214 -0.09014618
v -0.03629899 -0.007148027 -0.08555436
v -0.03782248 -0.00413537 -0.08555865
v -0.03787857 -0.003759503 -0.08555877
v -0.03800058 -0.004241347 -0.08093035
v -0.03781861 -0.004571497 -0.08324819
v -0.03775691 -0.00503236 -0.08092999
v -0.03789359 -0.00464195 -0.08093017
v -0.03786772 -0.005219161 -0.07628083
v -0.0379123 -0.003380537 -0.08555877
v -0.03807795 -0.003832519 -0.08093041
v -0.03828251 -0.003917098 -0.07628083
v -0.03818154 -0.004364252 -0.07628089
v -0.0388264 -0.002999842 -0.06699997
v -0.03876602 -0.00372529 -0.06700009
v -0.03870892 -0.004019916 -0.06700009
v -0.03868728 -0.004112303 -0.06700009
v -0.03859257 -0.004451513 -0.06700003
v -0.03826814 -0.005241692 -0.06699991
v -0.0381866 -0.004974544 -0.07163071
v -0.03804314 -0.004799306 -0.07628083
v -0.03741228 -0.006252527 -0.07163095
v -0.03770828 -0.00585401 -0.07163101
v -0.03741699 -0.006000161 -0.07628047
v -0.03765797 -0.005620241 -0.07628071
v -0.0376262 -0.005511403 -0.07860654
v -0.03724962 -0.006627321 -0.06699997
v -0.0373677 -0.006506145 -0.06699997
v -0.03756028 -0.006292343 -0.06700003
v -0.03772431 -0.006091833 -0.06700003
v -0.03782212 -0.00596261 -0.06700003
v -0.0359646 -0.007557392 -0.07163012
v -0.03635573 -0.007272005 -0.07163035
v -0.0365377 -0.007004976 -0.07627916
v -0.03685307 -0.00669229 -0.07627969
v -0.03690117 -0.006566703 -0.07860517
v -0.03716784 -0.006234288 -0.07860571
v -0.03718292 -0.006119549 -0.08092868
v -0.03740006 -0.00577265 -0.08092927
v -0.0373857 -0.005671381 -0.08324718
v -0.03755509 -0.005316019 -0.08324766
v -0.03751552 -0.00522989 -0.08555793
v -0.0376411 -0.004872143 -0.08555823
v -0.03751653 -0.004740059 -0.09014594
v -0.03759032 -0.004395127 -0.09014594
v -0.03742665 -0.004308581 -0.0946803
v -0.03574013 -0.007682502 -0.08555263
v -0.03602772 -0.007422149 -0.08555352
v -0.0356093 -0.007765293 -0.08324164
v -0.03620761 -0.007240772 -0.0832436
v -0.03512167 -0.008055329 -0.07627689
v -0.0358563 -0.00756818 -0.07627815
v -0.0352993 -0.007951796 -0.07860159
v -0.03598558 -0.007450819 -0.0786032
v -0.03543728 -0.007929325 -0.08555161
v -0.03731071 -0.005418539 -0.090146
v -0.0371772 -0.005749464 -0.090146
v -0.0371952 -0.005916774 -0.08555704
v -0.03700143 -0.006243526 -0.08555644
v -0.03697592 -0.006342232 -0.08324599
v -0.03673881 -0.006656587 -0.08324527
v -0.03668087 -0.006763875 -0.08092737
v -0.03610295 -0.007341682 -0.08092576
v -0.03546202 -0.007855057 -0.08092385
v -0.03741037 -0.005882263 -0.07860618
v -0.03759199 -0.005409896 -0.08092969
v -0.03769969 -0.004948854 -0.08324795
v -0.03774344 -0.004506707 -0.08555847
v -0.03492969 -0.008164465 -0.07395213
v -0.03571498 -0.00769186 -0.07395297
v -0.03620481 -0.007296681 -0.07627868
v -0.0366137 -0.006879985 -0.07860457
v -0.03556025 -0.007818698 -0.07162994
v -0.03472286 -0.008276998 -0.07162952
v -0.03493577 -0.008203744 -0.06699991
v -0.03521025 -0.008067071 -0.06699985
v -0.03555452 -0.00788182 -0.06699979
v -0.03567194 -0.007814645 -0.06699979
v -0.03694236 -0.006449997 -0.08092808
v -0.03719216 -0.006013751 -0.08324664
v -0.03736668 -0.005578577 -0.08555752
v -0.03742361 -0.005081593 -0.090146
v -0.03612315 -0.00753504 -0.06699979
v -0.03628617 -0.007424414 -0.06699979
v -0.03655993 -0.007225513 -0.06699979
v -0.03697723 -0.006883502 -0.06699991
v -0.03708422 -0.006786525 -0.06699991
v -0.03588777 -0.007608056 -0.09921824
v -0.03564757 -0.007867813 -0.09922426
v -0.03556489 -0.00794214 -0.09469997
v -0.03511601 -0.008351147 -0.09923714
v -0.03499418 -0.008410751 -0.09470534
v -0.03452467 -0.008784651 -0.09925109
v -0.0343675 -0.008829116 -0.09471118
v -0.03369349 -0.009200274 -0.09471732
v -0.03339529 -0.009242951 -0.09014678
v -0.03265035 -0.00955373 -0.09014689
v -0.03220927 -0.009590923 -0.08554059
v -0.03477203 -0.008489847 -0.09014648
v -0.03410476 -0.008889615 -0.09014666
v -0.03444933 -0.008589923 -0.08554834
v -0.03373593 -0.008967339 -0.08554589
v -0.03327292 -0.009059488 -0.08091646
v -0.03403794 -0.008708894 -0.08091908
v -0.03272593 -0.009161412 -0.07627218
v -0.0316683 -0.00963509 -0.08091062
v -0.03058183 -0.01006907 -0.08553498
v -0.02930814 -0.0100739 -0.07626467
v -0.03103727 -0.009679079 -0.07626855
v -0.006011784 -0.01106953 -0.08546042
v -0.01290732 -0.01112478 -0.07622653
v -0.01366716 -0.01124489 -0.08548223
v -0.02031505 -0.01099103 -0.0762434
v -0.0215035 -0.01114028 -0.08550536
v -0.03210258 -0.009275794 -0.07162815
v -0.03386127 -0.00866419 -0.07162904
v -0.0342679 -0.008502721 -0.06699997
v -0.03103977 -0.009909391 -0.1413403
v -0.03159672 -0.01015567 -0.1222696
v -0.03042775 -0.01058351 -0.1131483
v -0.03032839 -0.01052808 -0.1039405
v -0.02724492 -0.01118582 -0.1133525
v -0.02696228 -0.01109945 -0.1040531
v -0.02382487 -0.01148605 -0.1135562
v -0.02333503 -0.01137989 -0.1041654
v -0.01663649 -0.01160854 -0.1139522
v -0.01569509 -0.01148641 -0.1043841
v -0.008244812 -0.01129114 -0.1045899
v -0.009678661 -0.01135271 -0.1419682
v -0.006853759 -0.01081126 -0.1420343
v -0.005961716 -0.0107339 -0.1334348
v -0.004571974 -0.010315 -0.1335155
v -0.00331521 -0.01018786 -0.1243751
v -0.002002418 -0.009635031 -0.1244589
v -0.000536479 -0.009490787 -0.1147999
v 0.000645929 -0.008783757 -0.1148597
v 0.000478727 -0.00300002 -0.1403909
v 0.000610763 -0.00300002 -0.1384719
v 0.000257089 -0.004464745 -0.1421563
v -0.01253408 -0.01164138 -0.1418965
v -0.008853554 -0.01129549 -0.1332584
v -0.004709899 -0.01061761 -0.1242834
v -0.00184375 -0.01004815 -0.114732
v -0.005471706 -0.0104022 -0.1420645
v -0.004132986 -0.009865999 -0.1420919
v -0.003243327 -0.009771108 -0.133589
v -0.002004981 -0.00906974 -0.1336532
v -0.000798799 -0.008928239 -0.1245323
v -0.000250354 -0.008506894 -0.1245643
v 0.001179814 -0.008364379 -0.1148858
v 0.001665294 -0.007895588 -0.1149089
v 0.00332272 -0.007806777 -0.1049168
v 0.003756701 -0.007297754 -0.1049278
v -0.003250837 -0.01048487 -0.1146581
v -0.007673203 -0.01120007 -0.1240836
v -0.01184064 -0.01160049 -0.1330673
v -0.01795208 -0.01178437 -0.1326546
v -0.01823145 -0.01181048 -0.1417413
v -0.02403694 -0.01162362 -0.1322131
v -0.02383339 -0.01163536 -0.141575
v -0.02697688 -0.01129788 -0.1319857
v -0.02656328 -0.01130676 -0.1414893
v -0.02919572 -0.01068019 -0.1414034
v -0.0304436 -0.01020187 -0.1413609
v -0.03021115 -0.01063299 -0.1223958
v -0.02722251 -0.01125425 -0.1226518
v -0.02404129 -0.01157009 -0.1229072
v -0.01739782 -0.01171243 -0.1234032
v -0.01080912 -0.01151973 -0.1238679
v -0.004817426 -0.01095896 -0.1046863
v -0.003377497 -0.01084935 -0.09493654
v -0.03265362 -0.008781671 -0.1412814
v -0.03345996 -0.009155154 -0.1220884
v -0.03324085 -0.009509444 -0.11295
v -0.03187799 -0.0100857 -0.1038851
v -0.02981656 -0.01047497 -0.09475088
v -0.0262975 -0.01100313 -0.09477889
v -0.02252835 -0.01126152 -0.09480684
v -0.01461917 -0.01136034 -0.09486126
v -0.006920874 -0.01117211 -0.09491252
v -0.002426207 -0.01077127 -0.08545023
v -0.002050757 -0.01070135 -0.07620298
v -0.005598485 -0.01096171 -0.07621061
v 0.001090586 -0.00937426 -0.1048552
v 0.003427386 -0.00900644 -0.0949831
v -0.000239039 -0.009925961 -0.1048172
v 0.002774417 -0.00932151 -0.09497874
v 0.003476381 -0.009330511 -0.09015262
v 0.005652189 -0.007324635 -0.09499686
v 0.006009459 -0.007871747 -0.09015297
v 0.005168676 -0.007815778 -0.09499412
v 0.005431056 -0.008301079 -0.09015291
v 0.004811525 -0.008684217 -0.09015285
v -0.00167793 -0.01036065 -0.1047759
v 0.001378417 -0.009851872 -0.09496927
v 0.002524971 -0.009855568 -0.08543634
v 0.002829909 -0.008266448 -0.1049036
v 0.004255414 -0.007796049 -0.09992736
v 0.00470829 -0.007294893 -0.09993398
v 0.008546113 -0.006123006 -0.08542281
v 0.008337616 -0.00642544 -0.08542311
v 0.007406592 -0.006294429 -0.09015315
v 0.007214725 -0.006586492 -0.09015309
v 0.006256341 -0.006503224 -0.09500002
v 0.006072342 -0.006787776 -0.09499913
v 0.005094826 -0.006748855 -0.0999394
v 0.007868707 -0.005356848 -0.09015315
v 0.009050965 -0.005147099 -0.08542233
v 0.007020711 -0.00430119 -0.09500366
v 0.007087469 -0.003650546 -0.09500408
v 0.008151173 -0.004362881 -0.09015321
v 0.00824666 -0.003684163 -0.09015321
v 0.009355306 -0.004095077 -0.08542203
v 0.004894495 -0.00300002 -0.1049584
v 0.005572617 -0.002999961 -0.1017338
v 0.004850745 -0.004250109 -0.1049553
v 0.006019711 -0.002999961 -0.09971451
v 0.006117761 -0.008381724 -0.08542722
v -0.000121729 -0.01027071 -0.09495896
v 0.00093847 -0.01023972 -0.08544069
v 0.001236259 -0.01024323 -0.0807988
v 0.006699264 -0.008494436 -0.08078366
v 0.007197201 -0.008630216 -0.07618558
v 0.005973637 -0.008843421 -0.08078545
v 0.006403744 -0.008956193 -0.07618677
v 0.004775345 -0.009496569 -0.07618945
v 0.006768763 -0.009090006 -0.07160121
v 0.001410841 -0.01024603 -0.07619565
v 0.007395625 -0.008099794 -0.08078211
v -0.002868533 -0.00916934 -0.1421157
v -0.001433849 -0.008649468 -0.1336809
v 0.000251885 -0.008034706 -0.1245924
v 0.002091944 -0.007375836 -0.1149283
v 0.004122734 -0.006743907 -0.1049368
v 0.00587064 -0.007061719 -0.09499806
v 0.007005274 -0.006866931 -0.09015309
v 0.008111119 -0.006714642 -0.0854234
v 0.008784115 -0.0065068 -0.08309298
v 0.009223222 -0.005888462 -0.08309251
v 0.006779015 -0.007135868 -0.09015309
v 0.007867753 -0.006990551 -0.08542382
v 0.007608771 -0.007253766 -0.08542424
v 0.008273839 -0.007068037 -0.08309382
v 0.007703483 -0.007574915 -0.08309483
v 0.008054077 -0.00765419 -0.08078092
v 0.009046196 -0.007250547 -0.07847797
v 0.008389532 -0.007741272 -0.07847869
v 0.008665859 -0.007155001 -0.08077996
v 0.01026535 -0.004939377 -0.08077841
v 0.01010334 -0.005299091 -0.08077853
v 0.009578466 -0.005219042 -0.08309221
v 0.009412169 -0.005559623 -0.08309233
v 0.008904039 -0.005482435 -0.08542245
v 0.008735358 -0.005808234 -0.08542263
v 0.007734239 -0.005677998 -0.09015315
v 0.007579982 -0.005991101 -0.09015315
v 0.006569266 -0.005903363 -0.09500157
v 0.006422162 -0.006208181 -0.09500086
v 0.005409002 -0.006162405 -0.09994369
v 0.01039999 -0.004567742 -0.0807783
v 0.009720802 -0.004867732 -0.08309209
v 0.009838223 -0.004507005 -0.08309197
v 0.00917536 -0.004803419 -0.08542221
v 0.009276866 -0.004452407 -0.08542209
v 0.008076548 -0.004698157 -0.09015321
v 0.01115268 -0.005481958 -0.07618367
v 0.01091784 -0.005842626 -0.07618367
v 0.0104171 -0.005740225 -0.0784772
v 0.01018214 -0.006076753 -0.07847726
v 0.009704828 -0.005978167 -0.08077877
v 0.00964868 -0.006697893 -0.07847744
v 0.009220421 -0.006597757 -0.08077919
v 0.01166784 -0.004294157 -0.07618296
v 0.01050537 -0.004185736 -0.08077812
v 0.01007115 -0.006806254 -0.07618349
v 0.010374 -0.006504595 -0.07618355
v 0.01065731 -0.006183505 -0.07618361
v 0.01090615 -0.0070436 -0.07160168
v 0.01053035 -0.007322788 -0.07160145
v 0.009751558 -0.007088959 -0.07618355
v 0.01221007 -0.005689263 -0.07160282
v 0.01192212 -0.006065905 -0.0716027
v 0.01160603 -0.006416559 -0.07160246
v 0.01126605 -0.00674206 -0.07160204
v 0.01246505 -0.005287528 -0.07160282
v 0.01135849 -0.005102634 -0.07618355
v 0.01062744 -0.005386888 -0.07847714
v 0.009915828 -0.005645692 -0.08077865
v 0.01268136 -0.004862666 -0.07160258
v 0.01184433 -0.002999961 -0.0761823
v 0.01182907 -0.00343734 -0.07618361
v 0.01110261 -0.002999961 -0.07899999
v 0.01062667 -0.003399074 -0.08077818
v 0.01064062 -0.002999961 -0.08077782
v 0.00945425 -0.002999961 -0.08542191
v 0.00903517 -0.002999961 -0.08709061
v 0.009410679 -0.003732681 -0.08542197
v 0.01058036 -0.003795087 -0.08077794
v 0.01176452 -0.003869414 -0.0761823
v 0.01285231 -0.004416823 -0.07160192
v 0.003143966 -0.004270434 -0.1149751
v 0.003498554 -0.00300002 -0.1128718
v 0.003911793 -0.00300002 -0.1102922
v 0.003649771 -0.01905274 -0.2147493
v 0.001561105 -0.0191791 -0.2162435
v -0.01088958 -0.01851481 -0.1934243
v -0.008767545 -0.01862454 -0.198446
v -0.006434798 -0.01856601 -0.1967717
v -0.006143093 -0.0183022 -0.1901017
v 0.007345557 -0.01815843 -0.2112573
v 0.005589485 -0.01871383 -0.2130846
v 0.002171099 -0.01743572 -0.1964502
v 0.000255374 -0.01813435 -0.1983051
v 0.003831923 -0.01803863 -0.2024454
v 0.002913177 -0.01838725 -0.2034021
v 0.005839169 -0.01838934 -0.2086071
v 0.00399667 -0.01894491 -0.210456
v 0.000940104 -0.0188964 -0.2052516
v -0.001820623 -0.01857388 -0.2001169
v -0.00416702 -0.01836812 -0.1950516
v -0.007074058 -0.01329898 -0.1577622
v -0.007217824 -0.01226651 -0.1539527
v -0.009938955 -0.0127598 -0.1542683
v -0.007114589 -0.01085925 -0.1461355
v -0.007191359 -0.01107019 -0.1481339
v -0.007233381 -0.01139736 -0.1500973
v 0.008876323 -0.01736491 -0.2092797
v 0.009539663 -0.01686382 -0.2082422
v 0.004227221 -0.01604068 -0.1941459
v 0.003856182 -0.01637858 -0.194597
v 0.006218314 -0.01649385 -0.1995036
v 0.003048956 -0.0169602 -0.1955184
v 0.00549525 -0.0171048 -0.2004881
v 0.004695773 -0.01761484 -0.2014724
v 0.006682515 -0.01801979 -0.2076343
v 0.01012432 -0.01627939 -0.2071827
v 0.009570181 -0.01530838 -0.2030343
v 0.009345531 -0.01572299 -0.203538
v -0.001992583 -0.0179829 -0.1932991
v 4.81838e-05 -0.0173397 -0.1915358
v 0.000998587 -0.01688814 -0.1906627
v 0.001883566 -0.01632517 -0.1898092
v 0.002681136 -0.01562708 -0.1889939
v -0.000994167 -0.0164107 -0.1806969
v -0.00309509 -0.01700609 -0.1770482
v -0.002020776 -0.01696777 -0.1814072
v -0.004236042 -0.0174362 -0.1777152
v -0.003105998 -0.01740193 -0.18215
v -0.005386412 -0.01799046 -0.1836904
v -0.005411863 -0.01776397 -0.1784057
v -0.005138993 -0.01708137 -0.1734666
v -0.002810359 -0.01609432 -0.1723342
v -0.002008855 -0.01644903 -0.1764163
v -0.002268373 -0.01575762 -0.1720777
v -0.001494646 -0.01611447 -0.1761186
v -0.001750588 -0.0153777 -0.1718357
v -0.001004993 -0.01573801 -0.1758361
v -0.001262128 -0.0149517 -0.1716107
v 0.01114523 -0.01430368 -0.2046
v 0.01133728 -0.01324206 -0.2037371
v 0.01139068 -0.01264995 -0.2033843
v 0.01125711 -0.01379412 -0.2041464
v 0.01003336 -0.01382946 -0.2016611
v 0.006030023 -0.01132386 -0.1912575
v 0.007804811 -0.01323992 -0.1964956
v 0.005891263 -0.01259833 -0.1916032
v 0.005975127 -0.01196986 -0.1914029
v 0.004354119 -0.01195544 -0.1869527
v 0.004428923 -0.01131331 -0.186829
v 0.003139138 -0.01130872 -0.182552
v 0.009916841 -0.01436334 -0.2020866
v 0.007541537 -0.01436591 -0.1972116
v 0.007693648 -0.0138213 -0.1968311
v 0.005613446 -0.01377332 -0.1921561
v 0.005772352 -0.01320207 -0.1918557
v 0.004087686 -0.0131812 -0.1873447
v 0.004241645 -0.01258081 -0.1871252
v 0.002916634 -0.01257795 -0.1827964
v 0.003049731 -0.01195085 -0.182653
v 0.002028465 -0.01195669 -0.1785188
v 0.002129495 -0.01131141 -0.1784393
v 0.007113516 -0.01533359 -0.1980736
v 0.007347226 -0.01486998 -0.1976287
v 0.005169868 -0.0148015 -0.192875
v 0.005412459 -0.01430743 -0.1924982
v 0.003647387 -0.01427954 -0.1879101
v 0.003889501 -0.01374894 -0.1876081
v 0.002508044 -0.01375383 -0.1832069
v 0.002736449 -0.0131818 -0.1829816
v 0.001677989 -0.01320004 -0.1787862
v 0.001878917 -0.01258903 -0.1786341
v 0.001082897 -0.01257693 -0.1746507
v 0.001248002 -0.01193708 -0.1745598
v 0.00066773 -0.0115202 -0.1707825
v 0.000791598 -0.01085758 -0.1707365
v 0.000384537 -0.01011568 -0.1671318
v 0.000249375 -0.01078939 -0.1671653
v 5.32101e-05 -0.01144951 -0.1672181
v 0.000486844 -0.01217073 -0.1708527
v 0.000247009 -0.01279991 -0.1709496
v 0.000862525 -0.01319617 -0.1747732
v 0.000586364 -0.0137847 -0.174928
v 0.001424849 -0.01378005 -0.1789746
v 0.00112152 -0.01432424 -0.179197
v 0.00223273 -0.01428925 -0.1834686
v 0.001913011 -0.01478505 -0.1837626
v 0.003363013 -0.0147702 -0.1882455
v 0.003039062 -0.01521939 -0.1886088
v 0.004888117 -0.01525449 -0.1932796
v 0.004572153 -0.01566708 -0.1937053
v 0.00684458 -0.01575738 -0.1985385
v 0.006545126 -0.01614308 -0.1990169
v 0.009091079 -0.01610207 -0.204052
v 0.008809685 -0.01644891 -0.204571
v 0.008177101 -0.01705986 -0.2056092
v 0.007464826 -0.01757943 -0.2066336
v -0.003949642 -0.01665288 -0.1728827
v -0.004618406 -0.01595747 -0.1688905
v -0.00584954 -0.01638126 -0.1693857
v -0.00343281 -0.01540195 -0.1684284
v -0.002866089 -0.01506567 -0.1682137
v -0.002322912 -0.01468545 -0.1680124
v -0.001808941 -0.01425802 -0.1678262
v -0.005130231 -0.01503795 -0.1650308
v -0.005750179 -0.01290768 -0.1575357
v -0.006397247 -0.01545172 -0.165435
v -0.005740523 -0.01045382 -0.1461217
v -0.005822837 -0.01066982 -0.1480926
v -0.004490137 -0.01014077 -0.1480548
v -0.002692759 -0.009376823 -0.1498754
v -0.003282964 -0.009791612 -0.1499004
v -0.003315091 -0.01067644 -0.1535587
v -0.004544198 -0.01047831 -0.1499582
v -0.004561126 -0.01135885 -0.153675
v -0.005871534 -0.0110026 -0.1500245
v -0.005872607 -0.01187801 -0.1538078
v -0.004404067 -0.009920239 -0.1461093
v -0.003224611 -0.00944966 -0.1480222
v -0.003136575 -0.00922507 -0.1460984
v 0.005810678 -0.004903495 -0.099949
v 0.00477308 -0.004885971 -0.1049528
v 0.004631102 -0.005524992 -0.1049492
v 0.002939999 -0.005567491 -0.1149652
v 0.002733111 -0.006205201 -0.1149563
v 0.001382172 -0.006322205 -0.1246491
v 0.001076757 -0.006937325 -0.1246347
v -1.77723e-05 -0.007074475 -0.1337409
v -0.000429752 -0.007650852 -0.1337251
v -0.001229405 -0.007751882 -0.1421421
v -0.001729846 -0.00827831 -0.1421348
v -0.001990437 -0.008334934 -0.1460897
v -0.002544343 -0.008806347 -0.1460938
v 0.001551926 -0.01523834 -0.1840848
v 0.000771279 -0.01482844 -0.1794506
v 0.000257139 -0.01433736 -0.175114
v -5.15914e-05 -0.01339799 -0.1710746
v -0.000205224 -0.01208716 -0.1672928
v -0.000249548 -0.0105412 -0.1636999
v -3.93352e-05 -0.009873867 -0.1636615
v 0.000106221 -0.009191334 -0.1636379
v 0.000190336 -0.008498191 -0.1636263
v -0.002750456 -0.01378256 -0.1643209
v -0.002667129 -0.01128339 -0.1570637
v -0.002731919 -0.0102638 -0.153508
v -0.002186298 -0.009799182 -0.1534636
v -0.002140343 -0.008909642 -0.1498535
v -0.001635015 -0.008388638 -0.1498355
v -0.001484513 -0.007809162 -0.1460865
v -0.001037359 -0.007232308 -0.1460838
v -0.000789297 -0.007174134 -0.1421477
v -0.000417376 -0.006548762 -0.1421518
v 0.00032304 -0.00645256 -0.1337526
v 0.000589379 -0.005790591 -0.1337604
v 0.001611769 -0.005671381 -0.1246591
v 0.001767337 -0.005002975 -0.1246654
v 0.003073394 -0.004916965 -0.1149712
v -0.002214074 -0.01335775 -0.1641722
v -0.002132952 -0.01081746 -0.1569928
v -0.001645505 -0.01029986 -0.1569329
v -0.001687347 -0.009281694 -0.1534264
v -0.001244962 -0.008714914 -0.1533966
v -0.001187264 -0.007817268 -0.1498212
v -0.000805 -0.00719887 -0.1498106
v -0.00065695 -0.006607711 -0.146082
v -0.00034808 -0.005939841 -0.1460808
v -0.000118087 -0.005880415 -0.1421545
v 0.000106204 -0.00518167 -0.1421558
v 0.000780812 -0.005104124 -0.1337649
v 0.00090243 -0.004406929 -0.133767
v 0.001857399 -0.004332542 -0.1246692
v 0.001626074 -0.00300014 -0.1272397
v 0.001945137 -0.00300014 -0.1243961
v -0.000149958 -0.007102549 -0.1567935
v -5.66033e-05 -0.006392717 -0.1567894
v -0.00121361 -0.009734272 -0.1568843
v -0.000866716 -0.008102536 -0.153374
v -0.000492991 -0.006537914 -0.1498035
v -0.000113702 -0.00524044 -0.1460801
v -0.000311014 -0.00779891 -0.1568032
v -0.0001553 -0.006060719 -0.1533437
v 5.11313e-06 -0.004403889 -0.1497976
v 0.01153165 -0.004706025 -0.07618337
v 0.004414916 -0.006150722 -0.104944
v 0.00244987 -0.006810486 -0.1149441
v 0.000697854 -0.007509887 -0.1246159
v -0.00090552 -0.008177161 -0.1337051
v -0.002279341 -0.0087502 -0.1421259
v -0.01492983 -0.01145797 -0.2200088
v -0.01587468 -0.01271933 -0.2185923
v -0.0154829 -0.01329845 -0.218685
v -0.01852279 -0.01327258 -0.2150755
v -0.01407659 -0.01482445 -0.2188349
v -0.01457518 -0.0143485 -0.2188091
v -0.01504647 -0.01384073 -0.2187585
v -0.02605193 -0.01195776 -0.2025715
v -0.02618604 -0.01131689 -0.2026126
v -0.02420359 -0.01134133 -0.2070201
v -0.02430218 -0.01067823 -0.207027
v -0.01663249 -0.01384007 -0.2169646
v -0.01770555 -0.01434993 -0.2150713
v -0.01813411 -0.01382809 -0.2150869
v -0.02047628 -0.0143156 -0.2110143
v -0.01463508 -0.01211822 -0.2201212
v -0.01426541 -0.01273036 -0.2202433
v -0.01383942 -0.01329749 -0.2203595
v -0.01337081 -0.01382464 -0.2204599
v -0.01287013 -0.01431524 -0.2205399
v -0.01234567 -0.01477307 -0.2205973
v -0.01180255 -0.01520001 -0.2206315
v -0.01009207 -0.01631122 -0.2205926
v -0.008908987 -0.01692169 -0.2204535
v -0.007710099 -0.01744055 -0.2202332
v -0.0118941 -0.01643294 -0.218691
v -0.01073002 -0.017071 -0.2184783
v -0.01358008 -0.01647728 -0.2166856
v -0.01243197 -0.01712 -0.2164011
v -0.01516115 -0.01646894 -0.2145949
v -0.01402652 -0.01710045 -0.2142418
v -0.01664412 -0.01643192 -0.2124328
v -0.01821392 -0.01527607 -0.212899
v -0.0167551 -0.01529455 -0.2149575
v -0.01520377 -0.01529693 -0.2169398
v -0.01355594 -0.01526999 -0.2188359
v -0.01907891 -0.01566904 -0.2106041
v -0.01771062 -0.01569509 -0.2127676
v -0.01624238 -0.0157178 -0.2148612
v -0.01467937 -0.01572042 -0.2168799
v -0.01301658 -0.01568615 -0.2188122
v -0.01869159 -0.01482212 -0.2130044
v -0.0195738 -0.01525497 -0.2107678
v -0.02004116 -0.01480364 -0.2109052
v -0.02200686 -0.01523703 -0.2063229
v -0.02705007 -0.01130676 -0.2002857
v -0.02712225 -0.01065677 -0.2003124
v -0.02626621 -0.01066315 -0.2026342
v -0.02782356 -0.01129794 -0.1978717
v -0.02245408 -0.01478558 -0.2065119
v -0.02417021 -0.01524549 -0.2016949
v -0.02087378 -0.01379162 -0.2110936
v -0.02286458 -0.01429438 -0.2066717
v -0.02459931 -0.01478832 -0.2019194
v -0.02596253 -0.01526653 -0.196819
v -0.02269905 -0.01636523 -0.2008802
v -0.02370655 -0.01565974 -0.2014445
v -0.02152872 -0.01564764 -0.2061077
v -0.01886433 -0.01268333 -0.2150398
v -0.02122747 -0.01323288 -0.211143
v -0.02323341 -0.01376563 -0.2068004
v -0.02498781 -0.01428967 -0.2021147
v -0.02637571 -0.01480126 -0.1970637
v -0.02739036 -0.01526266 -0.1916677
v -0.01915037 -0.01206034 -0.2149878
v -0.02153223 -0.01264166 -0.2111642
v -0.02355509 -0.01320183 -0.2068969
v -0.0253309 -0.01375263 -0.2022778
v -0.02674514 -0.01429361 -0.1972795
v -0.02779102 -0.01478993 -0.1919178
v -0.02852797 -0.01492142 -0.186255
v -0.02551162 -0.01568764 -0.1965491
v -0.02647507 -0.01607322 -0.1911002
v -0.02658301 -0.01630192 -0.1881269
v -0.02551907 -0.01686817 -0.1874848
v -0.02344876 -0.01696234 -0.1952916
v -0.02378273 -0.01741302 -0.1894463
v -0.004119992 -0.01854515 -0.2191549
v -0.005309224 -0.01824492 -0.2195776
v -0.006507754 -0.01787889 -0.2199389
v -0.007143676 -0.01844322 -0.2173892
v -0.004760742 -0.01899582 -0.2163606
v -0.01047819 -0.01841735 -0.212783
v -0.01285874 -0.01762646 -0.2138154
v -0.01006215 -0.01811176 -0.2156081
v -0.01125454 -0.01766043 -0.2160386
v -0.009542107 -0.01761144 -0.2181847
v -0.00294435 -0.01878446 -0.218675
v -0.000645967 -0.0190916 -0.2175568
v -0.00242722 -0.0193082 -0.2151333
v -0.000170177 -0.01939934 -0.2137297
v 0.001981616 -0.0192784 -0.2121668
v -0.005721807 -0.01920861 -0.2101712
v -0.008087217 -0.01892727 -0.211557
v -0.006473541 -0.01902377 -0.2139824
v -0.008863806 -0.01848387 -0.2151179
v -0.008343875 -0.01806581 -0.217819
v -0.01576101 -0.01746386 -0.2091965
v -0.01340138 -0.01816427 -0.2079797
v -0.01101511 -0.01859688 -0.2066131
v -0.008638024 -0.01882606 -0.2051268
v -0.003409624 -0.01929098 -0.2086481
v -0.006296217 -0.01889175 -0.2035397
v -0.00117892 -0.01919001 -0.2070041
v -0.004014909 -0.01881426 -0.201866
v -0.01114183 -0.01857143 -0.2000637
v -0.01573485 -0.01830399 -0.1966224
v -0.0135352 -0.01838165 -0.2016125
v -0.01813858 -0.01796323 -0.1981428
v -0.01592236 -0.01800662 -0.2030761
v -0.02048504 -0.01736193 -0.1995799
v -0.01826781 -0.01737087 -0.2044271
v -0.01940548 -0.01691979 -0.2050452
v -0.01691216 -0.01698243 -0.2097327
v -0.01802551 -0.01639068 -0.2102071
v -0.006358206 -0.01740586 -0.1740749
v -0.006612896 -0.01800918 -0.1791138
v -0.009060859 -0.0183137 -0.1805645
v -0.00775814 -0.0183134 -0.1852689
v -0.01403647 -0.01847451 -0.1835392
v -0.01263529 -0.01849502 -0.1884557
v -0.01899874 -0.01829737 -0.1865342
v -0.01755082 -0.01830345 -0.1916012
v -0.02142971 -0.01798909 -0.1880108
v -0.01997131 -0.01798206 -0.193128
v -0.03085446 -0.0114023 -0.181506
v -0.03010958 -0.01154237 -0.1872819
v -0.02913421 -0.01126176 -0.1927779
v -0.0317924 -0.009028494 -0.1758035
v -0.03158438 -0.01029533 -0.1756641
v -0.03140926 -0.0109111 -0.1755589
v -0.03260123 -0.008332371 -0.1637169
v -0.032781 -0.007709801 -0.1637825
v -0.03300029 -0.006428599 -0.1638704
v -0.0249384 -0.01708394 -0.1841449
v -0.02606272 -0.01665091 -0.1847944
v -0.02712571 -0.0160833 -0.185416
v -0.02526807 -0.01352578 -0.1617194
v -0.02769088 -0.01289719 -0.1623313
v -0.02771186 -0.01487654 -0.1737741
v -0.02804023 -0.01534873 -0.179884
v -0.02762413 -0.01574003 -0.1857111
v -0.02708292 -0.01596015 -0.188431
v -0.02755445 -0.01557523 -0.1887201
v -0.02694946 -0.01569014 -0.1913937
v -0.03310662 -0.007246673 -0.1578329
v -0.03328973 -0.006624937 -0.1578763
v -0.03351593 -0.005345523 -0.1579342
v -0.0322405 -0.008970677 -0.157649
v -0.03208398 -0.009510576 -0.1635438
v -0.03118109 -0.01150548 -0.1754302
v -0.03067749 -0.01201504 -0.1813868
v -0.02997708 -0.0121687 -0.1871854
v -0.02903777 -0.01189875 -0.1927132
v -0.03609395 -0.003000438 -0.1217321
v -0.03520077 -0.003000319 -0.1361116
v -0.0347945 -0.004250109 -0.141187
v -0.03460228 -0.002999961 -0.1447975
v -0.03440862 -0.004281461 -0.1465217
v -0.03698629 -0.004821479 -0.1036617
v -0.03602343 -0.0047791 -0.12176
v -0.03470802 -0.004874229 -0.1411918
v -0.03418081 -0.005533993 -0.1465163
v -0.03398388 -0.004611134 -0.1521239
v -0.03375393 -0.005879104 -0.1520947
v -0.03356856 -0.00649625 -0.1520726
v -0.03333109 -0.007094681 -0.1520458
v -0.03303915 -0.007668495 -0.1520143
v -0.03269308 -0.008211493 -0.1519786
v -0.03229492 -0.008717238 -0.1519392
v -0.02771127 -0.0119366 -0.1978155
v -0.02889382 -0.01252567 -0.1926186
v -0.02979379 -0.01278007 -0.1870585
v -0.03044706 -0.0126053 -0.1812402
v -0.03089827 -0.01207095 -0.1752785
v -0.03174537 -0.01005327 -0.163438
v -0.03184705 -0.009477555 -0.1575721
v -0.0318489 -0.009181022 -0.1518967
v -0.03008955 -0.01022714 -0.1464424
v -0.03123456 -0.009605646 -0.146461
v -0.03083872 -0.009976208 -0.1518048
v -0.03136128 -0.009600758 -0.1518517
v -0.03092604 -0.01036173 -0.1574012
v -0.03140676 -0.009941875 -0.1574891
v -0.0309208 -0.01101773 -0.1631951
v -0.03135603 -0.01055723 -0.1633211
v -0.03017681 -0.01309061 -0.1749143
v -0.0305624 -0.01260113 -0.1751058
v -0.02982318 -0.01368969 -0.1808676
v -0.03016144 -0.01316571 -0.1810663
v -0.02926445 -0.01392465 -0.1867126
v -0.02955663 -0.01336795 -0.1869007
v -0.02844899 -0.01372152 -0.1923326
v -0.0286985 -0.01313602 -0.192492
v -0.02733409 -0.01316809 -0.1976138
v -0.02754884 -0.01256197 -0.1977306
v -0.02586442 -0.01258087 -0.2025046
v -0.0240435 -0.01198559 -0.2070015
v -0.02197152 -0.01137059 -0.2111498
v -0.01951473 -0.01071655 -0.2148918
v -0.0339961 -0.006145298 -0.1465121
v -0.03375822 -0.006739199 -0.146507
v -0.03346455 -0.007309377 -0.1465011
v -0.03311538 -0.007849335 -0.1464943
v -0.03271269 -0.008352637 -0.1464866
v -0.03226065 -0.008814334 -0.1464786
v -0.03176569 -0.009232103 -0.14647
v -0.00898236 -0.01598691 -0.1663026
v -0.008376479 -0.0169357 -0.1704417
v -0.01158237 -0.01625639 -0.1672253
v -0.010935 -0.01722186 -0.1715569
v -0.016725 -0.01638305 -0.1691765
v -0.016034 -0.01737231 -0.1738962
v -0.02175003 -0.01621013 -0.1712152
v -0.02104163 -0.01721954 -0.176317
v -0.02277374 -0.01386845 -0.1611068
v -0.024203 -0.01590633 -0.1722487
v -0.0234856 -0.01692724 -0.1775354
v -0.02377367 -0.01740962 -0.1834782
v -0.009754955 -0.01379442 -0.1582532
v -0.01265138 -0.01299726 -0.1546087
v -0.01242941 -0.01403093 -0.1587807
v -0.01796776 -0.01307529 -0.1553409
v -0.01767367 -0.01410448 -0.1599102
v -0.02313941 -0.01283365 -0.1561204
v -0.02567064 -0.01248365 -0.1565208
v -0.02813053 -0.01184445 -0.1569216
v -0.02884823 -0.01242268 -0.1626316
v -0.02878034 -0.01428943 -0.1742563
v -0.02853775 -0.01500099 -0.1801515
v -0.02809375 -0.01535332 -0.1859919
v -0.00999093 -0.01190626 -0.1502562
v -0.01274448 -0.01216185 -0.1504282
v -0.01824265 -0.01183193 -0.146269
v -0.01815581 -0.01227498 -0.1507998
v -0.02365857 -0.01165258 -0.1463448
v -0.02343034 -0.01205813 -0.1511968
v -0.02630537 -0.01132524 -0.1463838
v -0.0260117 -0.01171612 -0.1514012
v -0.02886921 -0.01070261 -0.1464231
v -0.02851819 -0.01108193 -0.1516062
v -0.02971434 -0.01060169 -0.1517069
v -0.02930551 -0.01136308 -0.1571187
v -0.03041148 -0.01073724 -0.1573096
v -0.02993828 -0.01180475 -0.1629223
v -0.03044605 -0.01143354 -0.1630616
v -0.02927923 -0.01393455 -0.1744866
v -0.02974689 -0.01353526 -0.1747069
v -0.02900511 -0.01460921 -0.1804068
v -0.02943587 -0.01417201 -0.1806467
v -0.02892023 -0.01444423 -0.1864964
v -0.02814549 -0.01427471 -0.1921404
v -0.02706593 -0.01374757 -0.1974635
v -0.02562373 -0.01318114 -0.2024075
v -0.02382624 -0.01260703 -0.2069626
v -0.02178239 -0.01202023 -0.2111635
v -0.01937139 -0.01140409 -0.2149326
v -0.01811391 -0.01072758 -0.2166464
v -0.02232158 -0.01739686 -0.1945949
v -0.0226196 -0.01774269 -0.1887358
v -0.02258139 -0.01765036 -0.182801
v -0.0201435 -0.01794523 -0.1814306
v -0.0151534 -0.01810199 -0.1786834
v -0.01010656 -0.01794338 -0.1759962
v -0.007597446 -0.01764696 -0.1747021
v -0.0205006 -0.01635313 -0.2056112
v -0.02161628 -0.01692414 -0.2002525
v -5.19896e-05 -0.01570546 -0.1800367
v -0.000544757 -0.01531654 -0.1755715
v -0.000811115 -0.01447838 -0.1714066
v -0.000902579 -0.01325863 -0.1675134
v -0.000864156 -0.01179212 -0.1638306
v -0.000844445 -0.009124875 -0.156847
v -0.000557343 -0.007448971 -0.1533583
v -0.000254488 -0.005845487 -0.1497995
v 4.65672e-05 -0.004520714 -0.14608
v 0.000368956 -0.002999961 -0.1421553
v 0.000138168 -0.003786981 -0.1460801
v -8.97893e-05 -0.005132079 -0.1497977
v -0.000320029 -0.006765007 -0.1533487
v -0.00054264 -0.008476257 -0.1568204
v -0.000525015 -0.01118397 -0.1637557
v -0.000525049 -0.01269209 -0.1673911
v -0.000405766 -0.01395905 -0.1712273
v -0.000121446 -0.01484936 -0.1753293
v 0.000377718 -0.01528906 -0.1797321
v 0.001156032 -0.01564878 -0.1844297
v 0.000282471 -0.01634746 -0.1851682
v -0.000676934 -0.01690459 -0.1859521
v -0.001698136 -0.01734429 -0.1867632
v -0.003864884 -0.01795393 -0.188424
v -0.04105353 -0.009401738 -0.004281282
v -0.04160159 -0.009455561 -0.008582353
v -0.04282027 -0.01127642 -0.008764863
v -0.04153037 -0.008543848 -0.01274669
v -0.04107838 -0.007522284 -0.01261132
v -0.04122632 -0.007539749 -0.01466763
v -0.03906941 -0.005307078 -0.004084527
v -0.04011535 -0.006428062 -0.008295059
v -0.03980696 -0.005315721 -0.008195638
v -0.04041564 -0.005327165 -0.012331
v -0.04046303 -0.01073402 -0.02715665
v -0.04060947 -0.009783148 -0.02702182
v -0.04048812 -0.009775757 -0.02807521
v -0.04057663 -0.008774816 -0.0290206
v -0.04443889 -0.01866018 -0.01871562
v -0.04620695 -0.01864737 -0.01181989
v -0.04620593 -0.0186426 -0.00945574
v -0.04610103 -0.01809966 -0.009405434
v -0.04620486 -0.01892304 -0.01303052
v -0.04231607 -0.01866507 -0.02313441
v -0.04234027 -0.01814746 -0.02298349
v -0.0399174 -0.01815342 -0.02702838
v -0.03873419 -0.01765161 -0.02870839
v -0.03861826 -0.01815038 -0.02888536
v -0.03843814 -0.01762056 -0.02918088
v -0.03815788 -0.01756852 -0.02966725
v -0.03800237 -0.01806426 -0.02982652
v -0.03625035 -0.01759034 -0.03268855
v -0.03566777 -0.0173999 -0.03362751
v -0.04049253 -0.01435923 -0.02592426
v -0.0403493 -0.01527726 -0.0261507
v -0.04133075 -0.01525759 -0.02421927
v -0.03895372 -0.01425898 -0.0299313
v -0.03858453 -0.01514357 -0.03011101
v -0.03891497 -0.01522779 -0.02902472
v -0.03883278 -0.01242935 -0.03395408
v -0.03929346 -0.01157593 -0.03380656
v -0.03884738 -0.01153063 -0.03587234
v -0.0379002 -0.01129871 -0.03992718
v -0.03747719 -0.01109623 -0.04196155
v -0.0367006 -0.01181793 -0.04204833
v -0.03651404 -0.007434546 -0.06480485
v -0.03997093 -0.005154848 -0.04547864
v -0.04019409 -0.005350828 -0.04119867
v -0.04012107 -0.002999842 -0.04090923
v -0.04043632 -0.00541985 -0.03695303
v -0.04052889 -0.002999842 -0.03232187
v -0.04066169 -0.005444586 -0.03272914
v -0.04083156 -0.002999961 -0.02570676
v -0.03694063 -0.007115483 -0.06480735
v -0.03560328 -0.007993459 -0.0647996
v -0.03658407 -0.007662594 -0.06262546
v -0.0356242 -0.008242964 -0.06261634
v -0.03460609 -0.008724033 -0.06260484
v -0.03759181 -0.007581233 -0.05833274
v -0.0366041 -0.008370995 -0.05833119
v -0.03550481 -0.009023129 -0.05831986
v -0.03433221 -0.009549617 -0.05829733
v -0.03539681 -0.0116117 -0.0462017
v -0.03547465 -0.01210355 -0.04415643
v -0.03626579 -0.01103764 -0.04615098
v -0.03635537 -0.01148563 -0.04409873
v -0.03707152 -0.01040244 -0.046085
v -0.03717011 -0.01080709 -0.04402339
v -0.0358572 -0.01248264 -0.04211592
v -0.03837102 -0.01143985 -0.0379045
v -0.03718942 -0.01206058 -0.04002916
v -0.03830111 -0.01235902 -0.03600746
v -0.03773957 -0.01223742 -0.03802353
v -0.03641211 -0.01277083 -0.04011166
v -0.03886502 -0.01331537 -0.03197765
v -0.03831619 -0.01325517 -0.03408849
v -0.03769338 -0.01315069 -0.03612548
v -0.03704339 -0.01299035 -0.03812336
v -0.03150469 -0.0133261 -0.04622876
v -0.03150731 -0.01401245 -0.04417902
v -0.03356575 -0.01316523 -0.04421293
v -0.03273689 -0.01191824 -0.05008512
v -0.03202819 -0.0126149 -0.04818481
v -0.03389662 -0.01193344 -0.0482074
v -0.03351932 -0.01258116 -0.04625326
v -0.03454214 -0.01266258 -0.04419505
v -0.03496038 -0.01309251 -0.04216259
v -0.03558123 -0.01343238 -0.04017239
v -0.0340175 -0.01365095 -0.04218643
v -0.03470242 -0.01404911 -0.04020977
v -0.03549671 -0.01437717 -0.03825902
v -0.03604698 -0.01549804 -0.03539431
v -0.03558063 -0.01535367 -0.03636515
v -0.03478533 -0.0160501 -0.0364018
v -0.0346542 -0.01501995 -0.03829091
v -0.0337671 -0.01563602 -0.03829586
v -0.03378057 -0.01462435 -0.04022115
v -0.03281742 -0.01516342 -0.04020416
v -0.03303462 -0.01416075 -0.04218524
v -0.03201478 -0.01462632 -0.04215657
v -0.03393614 -0.01674079 -0.03641402
v -0.03450775 -0.01697462 -0.03548777
v -0.03530406 -0.01623547 -0.03545129
v -0.03582274 -0.01640599 -0.03449404
v -0.03650814 -0.01562714 -0.03441327
v -0.03695839 -0.01574224 -0.0334177
v -0.03282845 -0.01623356 -0.03827136
v -0.03180801 -0.01567304 -0.04015648
v -0.03372514 -0.01064378 -0.0541101
v -0.0344215 -0.01127499 -0.05011552
v -0.03563833 -0.01103228 -0.04816877
v -0.03644478 -0.01049572 -0.04812932
v -0.03719282 -0.009900867 -0.04807776
v -0.03952354 -0.01343435 -0.02865129
v -0.03981685 -0.01253938 -0.02849471
v -0.0396474 -0.0124979 -0.02961295
v -0.03995323 -0.0116052 -0.02946436
v -0.03967046 -0.01158642 -0.03167778
v -0.03965049 -0.01346129 -0.02811324
v -0.03937488 -0.01436042 -0.02829247
v -0.0394625 -0.01437258 -0.02803587
v -0.03629434 -0.01370209 -0.03820252
v -0.03633022 -0.01464259 -0.0363056
v -0.03703528 -0.01390993 -0.03622519
v -0.03674525 -0.0147525 -0.03531819
v -0.03775495 -0.01405894 -0.0342099
v -0.03715157 -0.01484745 -0.03431832
v -0.03809165 -0.0141136 -0.03317707
v -0.03754276 -0.01492887 -0.03330135
v -0.03840476 -0.0141595 -0.03212088
v -0.03791308 -0.01500034 -0.0322622
v -0.03825837 -0.01506865 -0.03119736
v -0.04063421 -0.01344794 -0.02572166
v -0.04330641 -0.0133031 -0.0176624
v -0.04379892 -0.01326435 -0.01554596
v -0.04301041 -0.01237237 -0.01749819
v -0.04340565 -0.01233148 -0.0154004
v -0.0426886 -0.01144492 -0.01733601
v -0.04298353 -0.01140516 -0.01525527
v -0.04307591 -0.01209431 -0.004420757
v -0.04241973 -0.0111888 -0.004374623
v -0.043841 -0.01518416 -0.01800799
v -0.04451155 -0.01515555 -0.01584684
v -0.04416894 -0.01420444 -0.01569408
v -0.0444011 -0.01418524 -0.0146144
v -0.04398787 -0.01324331 -0.01447641
v -0.04409575 -0.01322084 -0.01339232
v -0.04362136 -0.01228696 -0.01326501
v -0.04394453 -0.01312708 -0.008943319
v -0.04339951 -0.01219236 -0.008854746
v -0.04123646 -0.01715707 -0.02474743
v -0.04233735 -0.01714813 -0.02270221
v -0.04224842 -0.01523536 -0.02221125
v -0.04308372 -0.01521056 -0.02013552
v -0.04274165 -0.01334071 -0.01974856
v -0.04254847 -0.01241308 -0.01956808
v -0.04233205 -0.01148593 -0.01939147
v -0.0392909 -0.01245999 -0.03183054
v -0.03930962 -0.01338005 -0.02976691
v -0.03922092 -0.01432746 -0.02882581
v -0.03909981 -0.01526659 -0.02849954
v -0.03883051 -0.01618796 -0.02874082
v -0.03920221 -0.01528114 -0.0282464
v -0.03894907 -0.01620453 -0.02849233
v -0.0393157 -0.01529008 -0.02800345
v -0.03907722 -0.0162149 -0.02825278
v -0.0402081 -0.01620918 -0.02640658
v -0.03840547 -0.01609331 -0.02977991
v -0.03820616 -0.01604235 -0.03031039
v -0.03781872 -0.0169655 -0.03053361
v -0.0378068 -0.01594322 -0.03136622
v -0.03733438 -0.01683819 -0.03154659
v -0.03508597 -0.0171945 -0.03455972
v -0.03633666 -0.0165621 -0.03352642
v -0.03684151 -0.01670503 -0.03254491
v -0.03739243 -0.01584571 -0.03240317
v -0.03683167 -0.01776593 -0.0317409
v -0.03741347 -0.01792621 -0.03078496
v -0.03761976 -0.01744014 -0.0306555
v -0.03806149 -0.0170269 -0.030025
v -0.03861081 -0.01614344 -0.0292539
v -0.03830921 -0.01708459 -0.02951925
v -0.03856813 -0.01713418 -0.02902269
v -0.03884738 -0.01716423 -0.02854454
v -0.0371949 -0.01842683 -0.03092241
v -0.03655982 -0.01824826 -0.03184407
v -0.0431171 -0.0113632 -0.01313686
v -0.04334944 -0.01713711 -0.02057665
v -0.0449652 -0.01512134 -0.01365244
v -0.04478514 -0.01513922 -0.01475602
v -0.04513317 -0.01610893 -0.01490288
v -0.04482072 -0.01612174 -0.01600623
v -0.04508399 -0.01710981 -0.01617354
v -0.0442686 -0.01712441 -0.01839232
v -0.04568219 -0.01709115 -0.01392984
v -0.04580479 -0.01708078 -0.01278942
v -0.04544574 -0.0160799 -0.01265966
v -0.04539388 -0.01603466 -0.009213268
v -0.04494673 -0.01504606 -0.009121596
v -0.04534882 -0.01609474 -0.01378834
v -0.04543191 -0.01710098 -0.01505649
v -0.04519182 -0.01761496 -0.01626062
v -0.04440718 -0.01813673 -0.01860404
v -0.04608595 -0.01811528 -0.01292479
v -0.04598355 -0.01838475 -0.01411634
v -0.04593807 -0.01812046 -0.01407814
v -0.04565501 -0.01812547 -0.01521795
v -0.04582279 -0.01760083 -0.01400303
v -0.04555583 -0.01760834 -0.01513618
v -0.0461781 -0.01865005 -0.01299488
v -0.04530704 -0.0183916 -0.0163961
v -0.04532814 -0.0186569 -0.01644253
v -0.04601836 -0.01865249 -0.01415514
v -0.04603946 -0.01892423 -0.01419442
v -0.04527616 -0.01812982 -0.0163502
v -0.0453363 -0.01892632 -0.01648986
v -0.04610592 -0.01810973 -0.01175779
v -0.04578846 -0.01704943 -0.009307682
v -0.0458067 -0.01706987 -0.01163697
v -0.04543012 -0.01606416 -0.01152026
v -0.04500418 -0.01508325 -0.01140689
v -0.04084336 -0.005448818 -0.02849924
v -0.04070925 -0.00772649 -0.02886003
v -0.04082816 -0.007728815 -0.02673625
v -0.0410279 -0.005418539 -0.0243197
v -0.03999811 -0.009767591 -0.03348028
v -0.03984665 -0.01023668 -0.0335654
v -0.03998392 -0.01069176 -0.03151947
v -0.03967982 -0.01069283 -0.03364819
v -0.03949618 -0.01113843 -0.03372853
v -0.04025679 -0.008783817 -0.03330338
v -0.04023855 -0.009761571 -0.03135526
v -0.04040962 -0.009761393 -0.02917218
v -0.04030758 -0.01071965 -0.02821123
v -0.040169 -0.01165133 -0.02780932
v -0.04028058 -0.01165825 -0.02729529
v -0.03992033 -0.01256048 -0.02795451
v -0.04005509 -0.01257133 -0.02744328
v -0.03981041 -0.01347637 -0.02760583
v -0.03956186 -0.01437973 -0.02779006
v -0.04131019 -0.007584929 -0.01869523
v -0.04154664 -0.008623659 -0.01887249
v -0.04160815 -0.008593499 -0.01685392
v -0.04140269 -0.01341372 -0.02378511
v -0.04076999 -0.01253581 -0.02553695
v -0.04142737 -0.01249545 -0.02359145
v -0.04088604 -0.01161724 -0.02536374
v -0.0414313 -0.01157277 -0.02340674
v -0.04096055 -0.01068991 -0.0251984
v -0.0413953 -0.01064378 -0.02322822
v -0.04100388 -0.009738147 -0.02503663
v -0.04133296 -0.009692609 -0.02305269
v -0.04119169 -0.007649958 -0.02269238
v -0.0421099 -0.01337778 -0.02179288
v -0.04202401 -0.01245433 -0.02160149
v -0.04191631 -0.01152873 -0.02141648
v -0.04176992 -0.01059925 -0.02123606
v -0.04104459 -0.007688701 -0.02470105
v -0.04076802 -0.002999961 -0.01894068
v -0.04065638 -0.004181206 -0.01616728
v -0.04022085 -0.00417304 -0.0121864
v -0.04102468 -0.005374193 -0.02030378
v -0.04102516 -0.006474316 -0.0165196
v -0.04081332 -0.005344212 -0.01634597
v -0.04070293 -0.006447613 -0.01247262
v -0.03960961 -0.004167795 -0.008095085
v -0.04006022 -0.002999961 -0.0115996
v -0.03864616 -0.002999961 -0.003274083
v -0.03940355 -0.0064134 -0.004134774
v -0.04129183 -0.007560074 -0.01668894
v -0.04161971 -0.00856769 -0.01481813
v -0.04203957 -0.009513974 -0.01287859
v -0.04206103 -0.009544372 -0.01496523
v -0.04196143 -0.009575605 -0.01701557
v -0.04180848 -0.009610474 -0.019046
v -0.04103177 -0.008500158 -0.008488893
v -0.04041892 -0.00846225 -0.004233539
v -0.04299235 -0.0113191 -0.01096552
v -0.03986001 -0.007467389 -0.004184544
v -0.04052877 -0.007491946 -0.008393049
v -0.04405283 -0.01317358 -0.01118642
v -0.04160219 -0.009649693 -0.0210579
v -0.04127943 -0.00761497 -0.02069389
v -0.03931915 -0.0042786 -0.05829727
v -0.03906202 -0.003828704 -0.06263959
v -0.03903013 -0.004105687 -0.0626403
v -0.03897964 -0.004380345 -0.0626406
v -0.03891164 -0.004651427 -0.0626406
v -0.03872668 -0.005178153 -0.06264001
v -0.03927409 -0.004598498 -0.05830216
v -0.0392065 -0.004914343 -0.05830651
v -0.0390774 -0.003551006 -0.06263858
v -0.03926354 -0.002999842 -0.05827206
v -0.03934162 -0.003634393 -0.05828619
v -0.03969734 -0.002999842 -0.04956698
v -0.03978705 -0.004816472 -0.04970645
v -0.0398637 -0.002999842 -0.04619383
v -0.03991091 -0.002999842 -0.04523068
v -0.03898894 -0.007357299 -0.04989373
v -0.03943723 -0.0071823 -0.04571008
v -0.03936105 -0.006560683 -0.0498346
v -0.03977084 -0.006195068 -0.04559665
v -0.0396322 -0.005708098 -0.04977196
v -0.04059708 -0.006615877 -0.03292614
v -0.04031437 -0.00658375 -0.03712671
v -0.0400123 -0.006480455 -0.04134196
v -0.0404585 -0.007732748 -0.03311806
v -0.04021418 -0.007146239 -0.03721296
v -0.04009056 -0.007692873 -0.03729832
v -0.03987282 -0.007024884 -0.04141271
v -0.03970414 -0.007552862 -0.04148232
v -0.03954303 -0.007409334 -0.04359698
v -0.03818267 -0.006142199 -0.06263732
v -0.03848129 -0.005676627 -0.06263893
v -0.03783774 -0.006572425 -0.06263518
v -0.03734064 -0.006767213 -0.06480967
v -0.03901118 -0.005527019 -0.05831432
v -0.0387426 -0.006103992 -0.05832099
v -0.0384112 -0.006639063 -0.05832648
v -0.03853219 -0.007302165 -0.05408757
v -0.0380252 -0.007130861 -0.05833035
v -0.03745281 -0.006967723 -0.0626325
v -0.03928601 -0.008552074 -0.04161715
v -0.03904038 -0.009021937 -0.04168146
v -0.03930646 -0.009146153 -0.03960788
v -0.03977829 -0.008732438 -0.03746449
v -0.03959238 -0.009224474 -0.03754472
v -0.0398752 -0.009268581 -0.03547829
v -0.04013454 -0.009283721 -0.0333929
v -0.04036504 -0.008266866 -0.03321164
v -0.0399447 -0.008221805 -0.0373823
v -0.03950786 -0.008062243 -0.04155057
v -0.03909349 -0.008374035 -0.04371821
v -0.03779703 -0.009705424 -0.04600632
v -0.03799438 -0.008759438 -0.04999691
v -0.0373879 -0.009369373 -0.05003893
v -0.03757894 -0.00840187 -0.05412423
v -0.03671526 -0.009925305 -0.05007302
v -0.03702014 -0.008881866 -0.05413651
v -0.0359897 -0.01042801 -0.05009776
v -0.03641802 -0.009318292 -0.05414348
v -0.03511857 -0.01006275 -0.05414021
v -0.03951841 -0.01021397 -0.03564429
v -0.03970545 -0.009749233 -0.03556257
v -0.03916293 -0.01015543 -0.03769767
v -0.03938722 -0.00969851 -0.03762257
v -0.03880697 -0.01005589 -0.03974485
v -0.03906714 -0.009610116 -0.03967767
v -0.03848081 -0.009903609 -0.0418027
v -0.0387718 -0.00947225 -0.04174345
v -0.0385431 -0.009259223 -0.04383111
v -0.03909093 -0.01110249 -0.03579938
v -0.03931391 -0.0106644 -0.0357232
v -0.03865587 -0.01102423 -0.03783881
v -0.03891932 -0.01059681 -0.03776985
v -0.03822422 -0.01089853 -0.03986984
v -0.03852599 -0.01048487 -0.03980892
v -0.0378338 -0.01071405 -0.04191195
v -0.03816819 -0.01031702 -0.04185897
v -0.03790044 -0.01006746 -0.04393339
v -0.04008597 -0.01163578 -0.02834933
v -0.04020506 -0.01069808 -0.02931857
v -0.03843766 -0.008940219 -0.04591661
v -0.03808432 -0.007876873 -0.05410778
v -0.03853029 -0.008090317 -0.04994815
v -0.03898757 -0.008099734 -0.04581743
v -0.04454529 -0.01416456 -0.01352089
v -0.04006773 -0.01716387 -0.02669733
v -0.03781658 0.003439903 0.000383495
v -0.0376628 0.003872573 0.000766423
v -0.03769099 0.004017949 0.000524909
v 0.0277723 0.007459402 0.00637567
v 0.02852892 0.006967425 0.005496144
v 0.02838051 0.00747627 0.003764212
v 0.02707326 0.007585704 0.008295476
v 0.02717846 0.007231116 0.009282708
v 0.02794981 0.006826758 0.008175671
v 0.02893149 0.003548622 0.01019275
v 0.02998173 0.003382623 0.006857812
v 0.02997702 0.00373888 0.006742477
v 0.03079432 0.003559648 0.00330013
v 0.02996951 0.00407052 0.006556332
v 0.02753233 0.00521028 0.0126037
v 0.02755695 0.004933357 0.0128346
v 0.02889317 0.004525423 0.009744703
v 0.02996468 0.004227638 0.006438314
v 0.02995926 0.004379153 0.006304562
v 0.0288611 0.004959166 0.009370565
v 0.0218665 0.005712211 0.0212571
v 0.02185148 0.005923867 0.02108705
v 0.0193637 0.006177604 0.02331143
v 0.01933586 0.006617546 0.02289187
v 0.01056671 0.004365563 0.02907383
v 0.01367753 0.004313826 0.02788454
v 0.01367533 0.004921913 0.02768725
v 0.03112459 0.00344491 0.001511931
v 0.03136789 0.002999961 0
v 0.0311324 0.003518044 0.001419067
v 0.02382993 0.007305622 0.01645958
v 0.02377396 0.007592618 0.0159201
v 0.02158725 0.008073627 0.01808929
v 0.02961277 0.005677938 0.005323827
v 0.02931225 0.005925536 0.005902349
v 0.02935075 0.005646169 0.006479859
v 0.01640474 0.009482026 0.01998722
v 0.01633358 0.01005339 0.018206
v 0.01357883 0.01038748 0.01928114
v 0.01904529 0.009101569 0.01850962
v 0.01893579 0.009647488 0.01686006
v -0.02250921 0.003635585 0.02453827
v -0.02251839 0.002999961 0.0245732
v -0.01996988 0.002999961 0.02627539
v -0.01838153 0.009890556 0.01981467
v -0.01793545 0.01052165 0.01804894
v -0.02045488 0.0102303 0.01689451
v -0.03252756 0.003398299 0.01359456
v -0.03331661 0.002999961 0.01234465
v -0.03052562 0.002999961 0.01645869
v -0.03759956 0.003387272 0.001306653
v -0.0379275 0.002999961 0
v -0.03722089 0.003392577 0.002789497
v -0.02550524 0.008902132 0.01551628
v -0.02510404 0.009480416 0.01413357
v -0.02728044 0.009028971 0.01262116
v -0.03744685 0.004066348 0.00147289
v -0.03763747 0.003720521 0.000982808
v -0.03761607 0.003559589 0.001165688
v 0.03063356 0.00540328 0.000871924
v 0.03039103 0.005746603 0.001152873
v 0.03039401 0.005517423 0.001906335
v 0.02685093 0.008432865 0.004879713
v 0.02757424 0.008014261 0.004366517
v 0.02757155 0.008049845 0.004175961
v -0.03252053 0.007783651 0.00725466
v -0.03290694 0.007623732 0.006903231
v -0.03309392 0.007272124 0.007611334
v -0.0350672 0.006489515 0.004495501
v -0.03529608 0.006360769 0.004225373
v -0.03535825 0.006342232 0.004343569
v -0.03587186 0.006036937 0.00354588
v -0.03603923 0.005914211 0.003308773
v -0.03605794 0.005819976 0.003485262
v -0.03714996 0.004881203 0.001532018
v -0.03723156 0.00469017 0.001529932
v -0.03696233 0.005068123 0.00191015
v -0.03772932 0.003958821 0.000420525
v -0.03781545 0.003722488 0.000240726
v -0.03783768 0.003513336 0.000262648
v -0.03787046 0.003516197 0.000123354
v -0.03790265 0.003342509 5.40931e-05
v -0.03754478 0.004325926 0.000791982
v -0.03765511 0.004121482 0.000572168
v -0.03746664 0.004290759 0.001148521
v -0.0374822 0.004428565 0.000914203
v -0.03741729 0.004527509 0.001038849
v -0.03668332 0.005374073 0.002326369
v -0.03685975 0.00520128 0.00203526
v -0.03696775 0.00508815 0.001851677
v -0.03654909 0.005497217 0.002541065
v -0.03668177 0.005375564 0.002328813
v -0.03669053 0.005220115 0.0026232
v -0.03671562 0.005009829 0.002935349
v -0.03356957 0.007331669 0.006262958
v -0.0339297 0.00689888 0.00670892
v -0.03375107 0.007229626 0.006048738
v -0.03415358 0.007003307 0.005573689
v -0.03038769 0.008561432 0.008952081
v -0.0220732 0.0106703 0.0131601
v -0.02454292 0.01014858 0.01219749
v -0.02678608 0.009608209 0.01113981
v -0.01528948 0.01075488 0.0190078
v -0.01439374 0.01176625 0.01516938
v -0.01714527 0.01146388 0.01459342
v -0.008887529 0.01215893 0.01594352
v -0.01160258 0.01199644 0.01561951
v -0.01255035 0.01093518 0.01978695
v -0.003265619 0.01232326 0.01630622
v -0.003292322 0.01228672 0.01649487
v 0.000665317 0.01230764 0.0163151
v 0.002368271 0.01220303 0.01658928
v 0.002409875 0.01227283 0.01621741
v 0.005773067 0.01216042 0.01581484
v 0.005200624 0.01208215 0.0164377
v 0.008016943 0.01190656 0.01613879
v 0.02104085 0.01004463 0.01189345
v 0.01920676 0.01082497 0.01082098
v 0.01868975 0.01056897 0.01314795
v 0.01735889 0.01114332 0.01188105
v 0.01617318 0.01101082 0.01419758
v 0.01544857 0.01140886 0.01283979
v 0.01353001 0.01137638 0.01503598
v 0.01255273 0.01171934 0.0140444
v 0.01080101 0.01167291 0.01567739
v 0.01071363 0.0118727 0.01466298
v 0.007467091 0.01207947 0.01549971
v 0.02320814 0.009433388 0.01046723
v 0.0231834 0.009859561 0.008061945
v 0.02085864 0.01047688 0.009756743
v 0.02669972 0.008507609 0.005024135
v 0.02494633 0.009261012 0.006613314
v 0.02518314 0.008727848 0.008904933
v 0.02384185 0.009651243 0.007537782
v 0.02894479 0.007154047 0.002758443
v 0.02912861 0.006885886 0.00315243
v 0.02925366 0.006909251 0.002425432
v 0.02980595 0.006235659 0.002532601
v 0.02978217 0.006433308 0.001843333
v 0.0301125 0.005885422 0.002220213
v 0.03003853 0.006167173 0.001555204
v 0.03134721 0.003423929 2.51775e-05
v 0.03130406 0.003443539 0.000319856
v 0.03131771 0.003657042 6.08187e-05
v 0.03127318 0.003327488 0.000598879
v -0.03673881 0.004792571 0.003222525
v -0.03698331 0.004712164 0.002449512
v -0.0372262 0.004244685 0.002153754
v -0.0372278 0.004397571 0.001961827
v -0.03743016 0.003828585 0.001746892
v -0.03675967 0.004567325 0.003481566
v -0.03722476 0.004086792 0.002326965
v -0.03677809 0.004333317 0.003709435
v -0.03722345 0.003923118 0.002479076
v -0.03679358 0.004089534 0.003902733
v -0.03562772 0.005395293 0.005754888
v -0.03627163 0.004705846 0.00492841
v -0.03570169 0.005045533 0.00613147
v -0.03629148 0.00455302 0.005062878
v -0.03573459 0.004864037 0.006298661
v -0.03630959 0.004396617 0.005185425
v -0.03576457 0.004677951 0.00645107
v -0.02764606 0.008477449 0.01385593
v -0.02935034 0.008518755 0.01103031
v -0.02967113 0.008000373 0.01210945
v -0.03129529 0.007938623 0.009359896
v -0.03156179 0.00746119 0.0102756
v -0.0258671 0.008269608 0.01676344
v -0.02797573 0.007878661 0.01496964
v -0.02996051 0.007441878 0.01308292
v -0.03180205 0.006951153 0.01110154
v -0.03191161 0.006682634 0.0114777
v -0.03021496 0.006838858 0.01393878
v -0.02826571 0.007227361 0.01594901
v -0.03329658 0.006846189 0.008355975
v -0.03347939 0.006394982 0.009027659
v -0.03680616 0.003835201 0.004058599
v -0.03632599 0.004236519 0.005295336
v -0.03722155 0.003576636 0.002712488
v -0.03722244 0.003753244 0.002608418
v -0.03779757 0.003363192 0.000491767
v -0.03522872 0.00449419 0.008003771
v -0.03519546 0.004719138 0.007859766
v -0.03579139 0.004487216 0.006587862
v -0.03636294 0.003732681 0.005545437
v -0.03635269 0.0039047 0.005475938
v -0.03388643 0.004861772 0.01052367
v -0.03393071 0.004576325 0.01068669
v -0.03239578 0.004855692 0.01314175
v -0.03244429 0.004510879 0.01330858
v -0.03073376 0.004718065 0.01568377
v -0.03077989 0.00431329 0.01583927
v -0.02885687 0.004906177 0.0179457
v -0.03506976 0.005357563 0.007315099
v -0.03511577 0.005150616 0.007514595
v -0.03371143 0.005664706 0.009880602
v -0.03377646 0.005405545 0.01011955
v -0.03219282 0.005818188 0.01244431
v -0.03226965 0.00550884 0.01270836
v -0.03052341 0.005841076 0.01497656
v -0.03060501 0.005481362 0.01525104
v -0.02871024 0.005746424 0.01745051
v -0.03501975 0.005559027 0.007098615
v -0.03364002 0.005915701 0.009618222
v -0.03210735 0.006116688 0.01215034
v -0.03043097 0.006186783 0.01466542
v -0.02861726 0.00614053 0.01713645
v -0.02667307 0.005986869 0.01954156
v -0.03403097 0.00333631 0.01105499
v -0.03401798 0.003661692 0.01100748
v -0.03531378 0.003527224 0.00837177
v -0.03530001 0.00377959 0.008312523
v -0.03637701 0.00337553 0.005640387
v -0.03081351 0.003892362 0.01595211
v -0.03248274 0.004153311 0.01344043
v -0.03396767 0.004281342 0.01082235
v -0.03525733 0.004262804 0.008127808
v -0.03634029 0.004072606 0.005392432
v -0.02683401 0.005077481 0.02009618
v -0.0289095 0.004458785 0.01812356
v -0.03528124 0.004024744 0.008230924
v -0.03399688 0.003976643 0.01092964
v -0.03251057 0.003782629 0.01353627
v -0.03083389 0.003454804 0.01602095
v -0.02696782 0.002999961 0.02055776
v -0.03722018 0.002999961 0.002853572
v -0.03711789 0.002999961 0.003232896
v -0.0363819 0.002999961 0.005672872
v -0.03555959 0.002999961 0.007868111
v -0.03403532 0.002999961 0.01107096
v -0.0264554 0.006817996 0.01879113
v -0.02618527 0.007576942 0.01786017
v -0.02839452 0.006880462 0.01638406
v -0.02364778 0.008620083 0.01846444
v -0.02326166 0.00928086 0.01709055
v -0.02283364 0.009880781 0.0155676
v -0.01965957 0.01110309 0.01393377
v -0.01929491 0.007979094 0.02342998
v -0.01913774 0.008403539 0.02280795
v -0.02165216 0.008170127 0.02134919
v -0.01878392 0.009187221 0.02140748
v -0.02129977 0.008928775 0.0200383
v -0.02089905 0.009613037 0.01854747
v -0.01877737 0.01124024 0.01418101
v -0.01611644 0.009394407 0.0225448
v -0.01646131 0.008590877 0.02401959
v -0.01675403 0.007693707 0.02527177
v -0.02693372 0.004083812 0.02043998
v -0.0269593 0.003553569 0.02052807
v -0.02481323 0.003596842 0.02261096
v -0.02676463 0.002999961 0.02076596
v -0.02330559 0.002999961 0.02395564
v -0.02689176 0.004591584 0.02029538
v -0.02474117 0.00471282 0.0223546
v -0.02478593 0.004167497 0.0225138
v -0.02248096 0.00424236 0.02443289
v -0.01999855 0.003668189 0.02621489
v -0.0173096 0.002999961 0.02764791
v -0.03515774 0.004937887 0.00769639
v -0.03383487 0.005138099 0.01033437
v -0.03233742 0.005188167 0.0129413
v -0.03067529 0.005107223 0.01548725
v -0.02879029 0.005335152 0.01772075
v -0.02676093 0.005542278 0.01984429
v -0.02460145 0.005730867 0.02185767
v -0.02467948 0.005233705 0.02213513
v -0.02237045 0.00537312 0.02402198
v -0.02243453 0.004821181 0.0242601
v -0.01992338 0.004912555 0.02591764
v -0.01997005 0.004305422 0.02610236
v -0.01727247 0.004356265 0.02748912
v -0.01730012 0.003694534 0.02760761
v -0.0144611 0.003715097 0.02873933
v -0.03452861 0.006792426 0.005131185
v -0.03458899 0.006814002 0.005205631
v -0.03471726 0.006493151 0.005788803
v -0.03484803 0.006133139 0.006355047
v -0.03409719 0.00650382 0.007365286
v -0.03496599 0.005755305 0.006865978
v -0.03424829 0.006087124 0.007957339
v -0.0335626 0.006159067 0.00933361
v -0.03201341 0.006404638 0.01182776
v -0.03032797 0.006519258 0.014319
v -0.02851188 0.006518363 0.01678043
v -0.02657109 0.00641185 0.01918989
v -0.02450782 0.00620532 0.02152431
v -0.02228957 0.005899012 0.02372092
v -0.01985919 0.005490541 0.02566331
v -0.01722699 0.004985988 0.02729463
v -0.01443475 0.004395902 0.02861595
v -0.01151466 0.003730475 0.02962893
v -0.02439892 0.006657779 0.02113693
v -0.02219229 0.006399691 0.02335906
v -0.01977795 0.006040394 0.02534157
v -0.01716428 0.005584955 0.02702677
v -0.01439154 0.005043447 0.02841347
v -0.01149016 0.004425585 0.02950173
v -0.008484065 0.003740966 0.0302881
v 0.01646906 0.008838117 0.0215938
v 0.01072365 0.01065653 0.02010363
v 0.0106582 0.009352982 0.02384448
v 0.007630646 0.009530067 0.02454626
v 0.007807612 0.01086658 0.0206952
v 0.004572868 0.009659647 0.02500092
v 0.004860401 0.01102221 0.0210787
v 0.001510739 0.009744942 0.02523142
v 0.001903533 0.01112687 0.02127289
v -0.001536667 0.009787857 0.02525597
v -0.003977954 0.01119047 0.0211519
v -0.00455749 0.009789824 0.02508789
v -0.004799187 0.008951544 0.02672904
v -0.001740992 0.008951723 0.02690821
v 0.001347005 0.008915424 0.02688205
v 0.004453003 0.008841276 0.02663654
v 0.007556796 0.008727431 0.02615207
v 0.01063084 0.008570969 0.02540439
v 0.01657348 0.007300317 0.0242058
v 0.01364481 0.007955074 0.02502965
v 0.01365172 0.007517457 0.0256353
v -0.005004227 0.008008599 0.02812248
v -0.001914501 0.008010268 0.02831101
v 0.001208007 0.007980763 0.02828329
v 0.004351258 0.007918834 0.02802509
v 0.007494211 0.007822871 0.02751535
v 0.01060765 0.007690191 0.02672863
v 0.02133697 0.009164988 0.01525127
v 0.02146852 0.00864911 0.01674342
v 0.02365112 0.008124351 0.01473557
v 0.02727526 0.006846547 0.0101909
v 0.02802866 0.006473243 0.008975565
v 0.02866196 0.006392896 0.007047951
v 0.02872109 0.00607419 0.007737398
v 0.02899497 0.006163597 0.006477177
v 0.02938562 0.005346596 0.007000744
v 0.02736252 0.006428182 0.01101005
v 0.02809989 0.006090462 0.00969702
v 0.02877438 0.005730748 0.008359432
v 0.0294162 0.005024671 0.007458627
v 0.02994656 0.004666805 0.005992174
v 0.0299316 0.004934906 0.005624294
v 0.03040874 0.004492521 0.004233479
v 0.02991455 0.005185544 0.00520581
v 0.03040677 0.004688322 0.003918528
v 0.01914387 0.008489072 0.01999741
v 0.01918888 0.008155465 0.02067518
v 0.02164131 0.007761538 0.01870226
v 0.02169156 0.007431983 0.01927268
v 0.02388209 0.007003605 0.01696157
v 0.02393013 0.006685853 0.01742422
v 0.0165255 0.008113563 0.02300643
v 0.01923066 0.007802486 0.02130568
v 0.01926916 0.007429063 0.02188682
v 0.02173793 0.00708431 0.01979833
v 0.02178019 0.006717622 0.02027738
v 0.02397388 0.006351709 0.01784569
v 0.02401316 0.006000339 0.01822435
v 0.02879863 0.005548954 0.008642733
v 0.02882122 0.005360007 0.008906304
v 0.02740234 0.006205201 0.01138311
v 0.0308113 0.00401926 0.002830982
v 0.03041046 0.004283905 0.004510462
v 0.03080463 0.003875792 0.003016233
v 0.03041195 0.004060924 0.004745543
v 0.03079891 0.003722786 0.00317347
v 0.03115141 0.003652036 0.001196444
v 0.01659411 0.006857991 0.02471935
v 0.01365798 0.00705415 0.02617919
v 0.01059782 0.007210016 0.0272957
v 0.007467389 0.007329404 0.02809906
v 0.004307568 0.007415652 0.0286197
v 0.001148462 0.007470965 0.02888339
v -0.001988708 0.007497072 0.02891165
v -0.005092144 0.007494926 0.02871912
v -0.008048295 0.007976353 0.02772539
v -0.007814764 0.008915543 0.02635169
v -0.00753957 0.009751617 0.02473372
v -0.009741604 0.01106673 0.02039945
v -0.005328953 0.01228922 0.01621794
v 0.01661223 0.006390452 0.02517235
v 0.01366353 0.006563961 0.02665889
v 0.01058906 0.006701648 0.02779597
v 0.007443726 0.006807029 0.02861404
v 0.004269123 0.006882905 0.0291441
v 0.00109589 0.006931424 0.02941268
v -0.002054274 0.006953895 0.02944147
v -0.00516963 0.006951451 0.02924543
v -0.008148312 0.007465124 0.02831363
v -0.01103299 0.007913768 0.02712202
v -0.01077491 0.008844137 0.02577823
v -0.0104708 0.009673655 0.02419537
v 0.01366823 0.006045877 0.02707189
v 0.01663464 0.005639791 0.02573287
v 0.01662772 0.005896747 0.02556222
v 0.01939809 0.005472183 0.02383047
v 0.02189296 0.005272448 0.02155661
v 0.02188032 0.005495131 0.02141368
v 0.0193876 0.005713582 0.02367252
v 0.01937609 0.005948603 0.02349936
v 0.01058155 0.006164193 0.02822655
v 0.01057529 0.005596518 0.02858477
v 0.007406473 0.005670845 0.02942603
v 0.007423341 0.006254613 0.02905726
v 0.004208505 0.005724132 0.0299713
v 0.004236102 0.006319463 0.02959561
v 0.0010131 0.005757868 0.03024744
v 0.001050651 0.006360769 0.02986836
v -0.002157568 0.005773127 0.03027701
v -0.00211066 0.006379663 0.02989751
v -0.005291759 0.005770683 0.03007543
v -0.005236268 0.006377041 0.02969849
v -0.008312523 0.006353497 0.02927917
v -0.008236527 0.00692451 0.02883255
v -0.01124107 0.00687325 0.02820497
v -0.01114362 0.007407844 0.0276975
v -0.01406127 0.00732249 0.02686578
v -0.01394212 0.007820188 0.0263077
v -0.01366388 0.00873661 0.0250042
v -0.01333624 0.009555339 0.02346891
v -0.02398729 0.007891774 0.01967233
v -0.02180868 0.007760465 0.02193146
v -0.01943808 0.007531583 0.02399682
v -0.01687937 0.007207453 0.02580791
v -0.01416629 0.006797194 0.02735817
v -0.01132506 0.006308913 0.02864187
v -0.008375704 0.005750775 0.02965074
v -0.005335748 0.005130887 0.03037357
v -0.002194643 0.005133092 0.03057712
v 0.000983403 0.005121529 0.03054732
v 0.004186809 0.00509572 0.03026837
v 0.007393062 0.005054712 0.0297178
v -0.02413809 0.007500112 0.02020895
v -0.02427554 0.007089078 0.02069783
v -0.02195119 0.007329583 0.02246206
v -0.02207928 0.00687623 0.02293866
v -0.01956683 0.007059872 0.02450603
v -0.01968026 0.006563246 0.02495509
v -0.01699 0.006694555 0.02628082
v -0.01708519 0.006154119 0.02668792
v -0.01425671 0.006242871 0.02778196
v -0.01433199 0.005658686 0.02813458
v -0.01139485 0.005713582 0.0290054
v -0.01145011 0.005086243 0.029293
v -0.008425652 0.00511527 0.02994465
v -0.008461952 0.004445672 0.0301581
v -0.005367577 0.004456639 0.03058993
v -0.005387008 0.003746688 0.0307219
v -0.002221643 0.004458308 0.03079497
v -0.002238035 0.003747642 0.03092777
v 0.000961807 0.004450619 0.03076493
v 0.000948643 0.003743827 0.03089761
v 0.004170954 0.004432976 0.03048402
v 0.007377386 0.003720343 0.03005862
v 0.01056444 0.003700137 0.02919924
v 0.0136789 0.003673434 0.02800476
v 0.01666307 0.003639698 0.02644318
v 0.01665848 0.004248321 0.02632957
v 0.01943475 0.004167795 0.02438306
v 0.01665508 0.004541218 0.02624547
v 0.01942956 0.004442036 0.02430516
v 0.02190428 0.005044043 0.02168554
v 0.01940757 0.005224466 0.02397298
v 0.01664078 0.005375862 0.02588677
v 0.01367223 0.005498886 0.02741551
v 0.01057028 0.004997313 0.02886807
v 0.007383227 0.004404902 0.02992945
v 0.004161298 0.003734827 0.03061544
v 0.01361995 0.0091241 0.02286905
v 0.01363712 0.008367955 0.02436506
v 0.01655066 0.007718563 0.02363407
v 0.01930433 0.00703448 0.02241635
v 0.0218181 0.006331086 0.02070754
v 0.02404779 0.005631089 0.01855838
v 0.02407765 0.005243301 0.01884585
v 0.02410238 0.004836082 0.01908499
v 0.03111779 0.003366947 0.001590669
v 0.03079092 0.003385365 0.003393769
v 0.01664626 0.00510478 0.02602368
v 0.01941597 0.004970312 0.02409976
v 0.02191442 0.004809916 0.02180022
v 0.01665103 0.004826724 0.02614337
v 0.0194233 0.004709482 0.02421063
v 0.0219233 0.004569828 0.02190047
v 0.02413636 0.003960967 0.01941156
v 0.0260272 0.003836691 0.01651424
v 0.02412205 0.004408836 0.01927423
v 0.0260142 0.004228055 0.01639735
v 0.02599632 0.004602134 0.01623648
v 0.02597379 0.004959583 0.01603299
v 0.02594673 0.005300939 0.01578837
v 0.0259152 0.005626857 0.0155043
v 0.02587944 0.005937874 0.01518207
v 0.02583962 0.006234765 0.01482349
v 0.02193081 0.00432378 0.02198594
v 0.02193707 0.004071593 0.02205646
v 0.0194388 0.003886461 0.02444428
v 0.0166611 0.003947854 0.02639561
v 0.01944172 0.003598213 0.02448827
v 0.01944392 0.002999961 0.02452367
v 0.02049064 0.002999961 0.02362179
v 0.02194535 0.003548622 0.02215158
v 0.02584308 0.002999961 0.01694363
v 0.02603513 0.003427565 0.0165854
v 0.02414786 0.002999961 0.01952356
v 0.02414494 0.00349158 0.01949518
v 0.02329546 0.002999961 0.02063405
v 0.02194827 0.002999961 0.02218389
v 0.02890604 0.004295468 0.009895682
v 0.02757817 0.004644334 0.01303339
v 0.02891683 0.004056215 0.0100212
v 0.02759575 0.004342555 0.01319891
v 0.02760976 0.004027843 0.01332974
v 0.03082245 0.003330171 0.003251194
v 0.02750444 0.005475342 0.01234179
v 0.02887809 0.004746556 0.009569406
v 0.02761977 0.003699362 0.01342469
v 0.02603781 0.002999961 0.01660948
v 0.02762812 0.002999961 0.01350218
v 0.02802532 0.002999961 0.01259654
v 0.02893656 0.002999961 0.01025152
v 0.02979332 0.002999961 0.00757724
v 0.03107726 0.002999961 0.001905322
v -0.005393505 0.002999961 0.03076636
v -0.000146449 0.002999961 0.03098011
v 0.000944188 0.002999961 0.03094244
v 0.005385637 0.002999961 0.0304811
v 0.007375419 0.002999961 0.03010231
v 0.0100212 0.002999961 0.02941191
v 0.0138033 0.002999961 0.02798956
v 0.0166645 0.002999961 0.02648138
v 0.01743131 0.002999961 0.02599716
v 0.02574867 0.006787896 0.01400285
v 0.02569764 0.007045507 0.0135439
v 0.02476865 0.007327437 0.01475453
v 0.02558588 0.007525563 0.01253616
v 0.02464944 0.007834434 0.01365679
v 0.02546203 0.007962763 0.01141899
v 0.0235148 0.008604586 0.01342236
v 0.02336663 0.009039044 0.01199483
v 0.02836006 0.007567942 0.003374218
v 0.02696073 0.007914066 0.007238864
v 0.02672296 0.008496224 0.005001962
v 0.02888512 0.006705701 0.005051136
v 0.0292254 0.006432652 0.004602849
v 0.02954876 0.006147325 0.004151642
v 0.02985334 0.005849063 0.003697872
v 0.03016 0.005151808 0.004156947
v 0.0304045 0.004872322 0.003569245
v 0.03039962 0.005210459 0.002783477
v 0.03063678 0.004870057 0.00232321
v 0.03064703 0.005132198 0.001591086
v 0.03086787 0.004730463 0.001274704
v 0.03068166 0.005328059 0.00081584
v 0.03099328 0.004747748 0.000448914
v 0.02989578 0.005420148 0.004741907
v 0.03013753 0.005536973 0.003241658
v 0.0310263 0.004149675 0.001397848
v 0.03082752 0.004281461 0.002386868
v 0.03100252 0.003970921 0.00179255
v 0.03081893 0.004154205 0.002620339
v 0.03117382 0.003772497 0.000933048
v 0.03119879 0.003882527 0.000639027
v 0.03127872 0.003870666 0.000107718
v 0.02579599 0.006517887 0.01442986
v 0.02747339 0.005729258 0.01205027
v 0.03062754 0.004582047 0.002979159
v 0.03084659 0.004516184 0.001861274
v 0.0310527 0.004312992 0.000957389
v 0.03116434 0.004302263 0.000244917
v 0.02995318 0.004525542 0.006155729
v 0.02942979 0.0048545 0.007662177
v 0.02884209 0.00516355 0.009149193
v 0.02743929 0.005972445 0.01173031
v 0.02656209 0.006745994 0.01229399
v 0.02646106 0.007196605 0.0113793
v 0.026349 0.00760895 0.01036518
v 0.02532726 0.008361935 0.01020455
v -0.03792071 0.003179848 1.49795e-05
v -0.03545022 0.006048679 0.004852056
v -0.0361194 0.005557358 0.003900051
v -0.0355435 0.005729198 0.005326807
v -0.03617584 0.005284965 0.00428164
v -0.0362268 0.005001544 0.004625797
v -0.01586657 0.002999961 0.02826106
v -0.01447004 0.002999961 0.02878099
v -0.01115959 0.002999961 0.02976393
v -0.01112312 0.002999961 0.02977311
v -0.008491516 0.002999961 0.03033208
v -0.005744636 0.002999961 0.03072881
v -0.04083156 0.002999842 -0.02570676
v -0.04088377 0.002999961 -0.02225536
v -0.03864616 0.002999961 -0.003274083
v -0.03944635 0.002999961 -0.007544457
v -0.04006022 0.002999961 -0.0115996
v -0.04045563 0.002999961 -0.01497995
v -0.04076802 0.002999961 -0.01894068
v -0.02879405 0.006999969 -0.1946007
v -0.02879405 0.002999961 -0.1946007
v -0.02949899 0.006950438 -0.1914515
v -0.02939242 0.002999961 -0.1919605
v -0.03025555 0.006763279 -0.1874192
v -0.03051441 0.002999961 -0.1858501
v -0.03207707 0.005484819 -0.1738306
v -0.03161358 0.005934 -0.1778685
v -0.03104889 0.002999961 -0.1822484
v -0.03088682 0.006467223 -0.1833949
v -0.03051501 0.006658852 -0.1858459
v -0.03363692 0.003643751 -0.1573159
v -0.03257638 0.002999961 -0.1690378
v -0.03403788 0.002999961 -0.1523343
v -0.03207653 0.002999961 -0.1738364
v -0.03321117 0.004145324 -0.162275
v -0.03458768 0.002999961 -0.145
v -0.03430348 0.003075361 -0.1488651
v -0.03401869 0.003268659 -0.1525815
v -0.001393735 0.006999969 -0.2279351
v -0.000463859 0.006999969 -0.2279928
v -0.000310674 0.006999969 -0.2279968
v 0.000866349 0.006999969 -0.227975
v 0.001206219 0.006999969 -0.2279514
v 0.001985073 0.006999969 -0.227868
v 0.002091825 0.006999969 -0.2278534
v 0.003054857 0.006999969 -0.2276856
v 0.004031658 0.006999969 -0.227448
v 0.004082143 0.006999969 -0.2274338
v 0.004586577 0.006999969 -0.2272815
v 0.006030499 0.006999969 -0.2267343
v 0.006947875 0.006999969 -0.2262939
v 0.007835626 0.006999969 -0.2257907
v 0.009106814 0.006999969 -0.2249191
v 0.009483873 0.006999969 -0.2246212
v 0.01024776 0.006999969 -0.2239536
v 0.01095557 0.006999969 -0.2232457
v 0.01100063 0.006999969 -0.2231973
v 0.01225417 0.006999969 -0.2216506
v 0.01257407 0.006999969 -0.2211787
v 0.01378148 0.006999969 -0.2189218
v 0.01308763 0.006999969 -0.205671
v 0.01351732 0.006999969 -0.2064976
v 0.01355147 0.006999969 -0.206569
v 0.01369822 0.006999969 -0.2068879
v 0.01382136 0.006999969 -0.2071716
v 0.01406455 0.006999969 -0.2077858
v 0.01428025 0.006999969 -0.2084095
v 0.01442605 0.006999969 -0.2088903
v 0.01446712 0.006999969 -0.2090376
v 0.01455318 0.006999969 -0.2093665
v 0.01462376 0.006999969 -0.2096616
v 0.01475292 0.006999969 -0.2102888
v 0.01491469 0.006999969 -0.2114028
v 0.01493006 0.006999969 -0.2115542
v 0.0149616 0.006999969 -0.2119274
v 0.01499938 0.006999969 -0.2128722
v 0.01496911 0.006999969 -0.2139617
v 0.01495176 0.006999969 -0.2142009
v 0.01494956 0.006999969 -0.2142287
v 0.01468372 0.006999969 -0.2160639
v 0.0145877 0.006999969 -0.2164926
v 0.01430988 0.006999969 -0.2174974
v 0.03162443 0.002999961 -0.003053247
v 0.01110279 0.002999961 -0.07899999
v 0.006019592 0.002999961 -0.09971451
v 0.007282853 0.002999961 -0.09426498
v 0.0149827 0.002999961 -0.06476753
v 0.01609265 0.002999961 -0.06099534
v 0.01712447 0.002999961 -0.0577138
v 0.01899945 0.002999961 -0.0524317
v 0.03130584 0.002999961 -0.01222592
v 0.03165733 0.002999961 -0.006140828
v 0.0316658 0.002999961 -0.005002677
v 0.03033965 0.002999961 -0.01953721
v 0.02917498 0.002999961 -0.02508217
v 0.0290246 0.002999961 -0.02564638
v 0.02711701 0.002999961 -0.03141754
v 0.02666729 0.002999961 -0.03263372
v 0.003911793 0.002999961 -0.1102909
v 0.001945137 0.002999961 -0.1243961
v 0.000610758 0.002999961 -0.1384719
v 1.13948e-05 0.003515899 -0.1507704
v 8.62732e-05 0.003201127 -0.1481516
v 0.000106196 0.003146648 -0.1475957
v 0.000216705 0.002999961 -0.145
v -3.56521e-05 0.004223525 -0.1555789
v 7.54953e-05 0.005070567 -0.1608388
v 0.000306886 0.005731821 -0.1649438
v 0.000589568 0.006221354 -0.1681524
v 0.000728779 0.006402075 -0.1694249
v 0.001056015 0.006725609 -0.1719646
v 0.001679122 0.006999969 -0.1757715
v 0.002057552 0.006999969 -0.1776888
v 0.01277309 0.007003664 -0.2051075
v 0.009830594 0.006999969 -0.1995364
v 0.006529629 0.006999969 -0.1922712
v 0.00398004 0.006999969 -0.1851456
v -0.03460228 0.002999961 -0.1447975
v -0.02763003 0.006999969 -0.1988357
v -0.03653985 0.003000438 -0.1138465
v -0.03669238 0.003000438 -0.1110268
v -0.03846716 0.002999722 -0.07423716
v -0.03938543 0.002999663 -0.05583536
v -0.04002732 0.002999722 -0.04284423
v -0.04066789 0.002999842 -0.02931416
v -0.02751934 0.006999969 -0.1991873
v -0.0264436 0.006999969 -0.2022529
v -0.02553087 0.006999969 -0.2044682
v -0.02528285 0.006999969 -0.2050255
v -0.02507036 0.006999969 -0.2054908
v -0.02355414 0.006999969 -0.2085711
v -0.02254748 0.006999969 -0.2104259
v -0.01981449 0.006999969 -0.2145503
v -0.01803457 0.006999969 -0.2167918
v -0.01601988 0.006999969 -0.2190508
v -0.01361715 0.0070104 -0.221414
v -0.01250898 0.006999969 -0.2223899
v -0.01231634 0.006999969 -0.2225522
v -0.009223997 0.006999969 -0.2248628
v -0.008707702 0.006999969 -0.225193
v -0.01025211 0.006999969 -0.2241571
v -0.01221251 0.006999969 -0.222639
v -0.01131039 0.006999969 -0.2233654
v -0.01027524 0.006999969 -0.2241405
v -0.008241534 0.006999969 -0.2254772
v -0.008155941 0.006999969 -0.2255278
v -0.007084548 0.006999969 -0.2261232
v -0.006286025 0.006999969 -0.2265185
v -0.006036818 0.006999969 -0.2266331
v -0.00557661 0.006999969 -0.2268337
v -0.004896104 0.006999969 -0.2271032
v -0.003141105 0.006999969 -0.2276417
v -0.003702282 0.006999969 -0.2274948
v -0.004531443 0.006999969 -0.227234
v -0.002961218 0.006999969 -0.2276836
v -0.002389132 0.006999969 -0.2277992
v -0.001576304 0.006999969 -0.2279165
v 0.00206691 0.01296097 0.01200866
v -0.005128443 0.01014238 -0.1161634
v -0.004458487 0.01011264 -0.1090309
v -0.001572132 0.009277462 -0.109141
v -0.008420228 0.0107578 -0.1228182
v -0.005621314 0.01018548 -0.1230311
v -0.006225347 0.01031309 -0.135903
v -0.000870648 0.007379293 -0.1361732
v -0.000434827 0.006853878 -0.1361846
v -0.000742158 0.006854832 -0.14206
v 4.16177e-06 0.004494369 -0.1475948
v -0.000244024 0.005824983 -0.1528414
v -0.000118022 0.005157947 -0.15284
v -9.65516e-05 0.005968809 -0.1579439
v -0.004129171 0.01592576 -0.207707
v -0.006182134 0.01570373 -0.2039729
v -0.003919184 0.01566237 -0.2023082
v -1.20956e-05 0.007503271 -0.1630361
v -0.00017809 0.008182764 -0.1630647
v -0.000389603 0.007312953 -0.157965
v 9.90565e-05 0.006813824 -0.1630204
v 0.001213014 0.008284628 -0.1735089
v 0.000970647 0.00966674 -0.1736308
v 0.000251632 0.009010732 -0.1682475
v 0.00565505 0.013462 -0.1984482
v 0.007559001 0.01341998 -0.2020512
v 0.006887257 0.01402002 -0.2030719
v 0.01025742 0.01213932 -0.204217
v 0.01005369 0.01254326 -0.2047154
v 0.008132636 0.01269578 -0.2010576
v 0.00909841 0.008983612 -0.1984727
v 0.009054124 0.009612739 -0.1987001
v 0.006037116 0.009676694 -0.1919354
v 0.0125944 0.01015812 -0.2062021
v 0.01252442 0.01056087 -0.2065364
v 0.01067787 0.01070773 -0.2028747
v 0.01236462 0.01120907 -0.2071965
v 0.01221466 0.01164227 -0.2077285
v 0.01043033 0.01170009 -0.2037389
v -0.03499549 0.005374491 -0.1334889
v -0.03510153 0.005045831 -0.1334733
v -0.03588968 0.005135715 -0.1195495
v -0.03463059 0.005020678 -0.1409199
v -0.03442353 0.005668461 -0.140932
v -0.03389877 0.005746126 -0.1488361
v -0.03344368 0.005678296 -0.1572638
v -0.03355515 0.00500524 -0.1572917
v -0.03421038 0.00442785 -0.1488568
v -0.03042501 0.009938657 -0.1566953
v -0.0309748 0.009571135 -0.1567914
v -0.03148269 0.008917093 -0.1487075
v -0.02001208 0.007683455 -0.2142382
v -0.01356464 0.007610797 -0.221436
v -0.02474486 0.012048 -0.2014348
v -0.02329337 0.0119757 -0.204796
v -0.02370691 0.01147311 -0.2049898
v -0.01798105 0.01172047 -0.2141621
v -0.01585215 0.01162993 -0.2170161
v -0.01629877 0.01115769 -0.2170289
v -0.02893823 0.01208525 -0.1821982
v -0.02938288 0.0116145 -0.1824518
v -0.03044641 0.01072317 -0.1740525
v -0.009564757 0.01230013 -0.2223231
v -0.009941756 0.01205915 -0.2222937
v -0.01073896 0.01259016 -0.2210702
v -0.01126521 0.01506119 -0.2118203
v -0.0132631 0.01495409 -0.2082896
v -0.01087784 0.01536363 -0.2069743
v -0.03809708 0.004926979 -0.002279222
v -0.0388872 0.004957616 -0.00608474
v -0.03910726 0.004561901 -0.006545126
v -0.03942269 0.003612399 -0.007356286
v -0.03929072 0.004124045 -0.00698322
v -0.04035395 0.004111886 -0.01445657
v -0.03449434 0.007777631 0.002419233
v -0.03536939 0.007297039 0.001540958
v -0.03772348 0.00708574 -0.00720936
v -0.03703826 0.006963372 -0.003293991
v -0.03623759 0.007531344 -0.002412319
v -0.0398485 0.005764663 -0.01657491
v -0.03952145 0.005756378 -0.0127893
v -0.03892928 0.006480038 -0.01194179
v -0.04002141 0.005331695 -0.02797842
v -0.04023885 0.004930496 -0.02829927
v -0.04046458 0.004967153 -0.02107352
v -0.03866589 0.0039047 -0.06839686
v -0.03807359 0.003859758 -0.0809918
v -0.03812158 0.003433108 -0.08101469
v -0.03856712 0.004333019 -0.06831896
v -0.03799396 0.0042786 -0.08096557
v -0.03773534 0.005087733 -0.08090931
v -0.03788161 0.004688501 -0.08093786
v -0.03843343 0.004747927 -0.06823706
v -0.03734606 0.00584501 -0.08085066
v -0.03755629 0.00547409 -0.08088016
v -0.03806096 0.005535662 -0.06806838
v -0.03589409 0.007028043 -0.09364646
v -0.03559476 0.007303953 -0.09365624
v -0.03526031 0.007153213 -0.106576
v -0.02369666 0.01059269 -0.06559389
v -0.01986891 0.0108428 -0.06520283
v -0.02077192 0.01080912 -0.07976889
v -0.02540028 0.0106638 -0.1076098
v -0.02839589 0.01020634 -0.1073268
v -0.0281012 0.01017767 -0.09385865
v 0.007442057 0.01273381 0.01135182
v 0.01528614 0.009906768 -0.03533339
v 0.01080441 0.009598553 -0.04963415
v 0.006777048 0.01031565 -0.0492962
v 0.02170169 0.008871793 -0.02936089
v 0.0193718 0.008676111 -0.0362277
v 0.0288912 0.007680892 1.02021e-05
v 0.03076577 0.005849719 -0.00193423
v 0.03043401 0.00627917 -0.001566588
v 0.03164237 0.003959298 -0.006026983
v 0.03167158 0.003642559 -0.006090879
v 0.03156441 0.003633916 -0.00920993
v 0.02917999 0.006659269 -0.01757752
v 0.02952218 0.006238639 -0.01781892
v 0.02891904 0.006177902 -0.0211184
v 0.02982968 0.005785465 -0.01804965
v 0.0294919 0.005250692 -0.02151447
v 0.02873057 0.005201876 -0.02476954
v 0.02846354 0.00567317 -0.02460181
v 0.02603518 0.005980253 -0.03093773
v 0.02532029 0.00673604 -0.03063458
v 0.02743744 0.006894767 -0.02403056
v 0.02465862 0.003535389 -0.03781098
v -0.04088711 0.003580689 -0.02209222
v -0.04065924 0.003561615 -0.02917373
v -0.03999841 0.003523766 -0.04273998
v -0.03935545 0.003490447 -0.05576354
v 0.003783941 0.004865527 -0.1092103
v 0.005213916 0.004921019 -0.1017854
v 0.003900051 0.00450325 -0.1092079
v 0.005342841 0.00454998 -0.1017832
v 0.004048705 0.003757894 -0.1092061
v 0.00364089 0.005218029 -0.1092131
v 0.003472328 0.005558609 -0.1092159
v 0.004869878 0.005627036 -0.1017907
v 0.007037878 0.004598796 -0.09426349
v 0.006895065 0.004978716 -0.09426468
v 0.01054179 0.005094051 -0.07930988
v 0.004171133 0.006568968 -0.1017976
v 0.005758285 0.006646335 -0.09427177
v 0.006033182 0.006348431 -0.09427046
v 0.009537637 0.006495535 -0.07928109
v 0.007459521 0.006722331 -0.08674091
v 0.005156338 0.007189393 -0.09427398
v 0.003611326 0.007113814 -0.1018002
v 0.002831995 0.006493747 -0.109222
v 0.002313435 0.007041156 -0.1092224
v 0.003808975 0.008086204 -0.09427583
v 0.004502058 0.007666826 -0.09427535
v 0.00299865 0.007596433 -0.1018005
v 0.01100093 0.00343436 -0.07932019
v 0.01495379 0.003464818 -0.06478303
v 0.01708954 0.003480792 -0.05773347
v 0.01490288 0.006982207 -0.05743414
v 0.01325678 0.006624341 -0.06462407
v 0.01290816 0.006922841 -0.06459486
v 0.009223818 0.006794512 -0.07927364
v 0.006817162 0.007263839 -0.08673804
v -0.000492893 0.009295701 -0.1017645
v 0.000960317 0.008734643 -0.1017855
v -0.000185349 0.008696079 -0.1091827
v 0.002345979 0.008023023 -0.1017979
v 0.001127541 0.00796467 -0.109211
v 0.001741111 0.007529675 -0.1092188
v 0.002346694 0.008780717 -0.0942741
v 0.01135832 0.00792092 -0.06448203
v 0.01052218 0.008321344 -0.06443017
v 0.01241946 0.008373141 -0.05716931
v 0.008780121 0.008975088 -0.06433856
v 0.01061213 0.009022831 -0.05701398
v 0.006978452 0.009479761 -0.06426346
v 0.00874257 0.009525418 -0.05687969
v 0.003766477 0.00939989 -0.07921195
v 0.005433619 0.008881807 -0.07922047
v 0.007042706 0.008212387 -0.0792362
v 0.007811546 0.007803857 -0.07924699
v 0.004884779 0.01023185 -0.05668032
v 0.003270328 0.01018679 -0.06416434
v 0.000342248 0.01012551 -0.07921409
v -0.002321243 0.01009225 -0.09425282
v 0.0163927 0.007582426 -0.05034428
v 0.01412022 0.00751549 -0.05734288
v 0.01215839 0.007458329 -0.06453722
v 0.008543372 0.007334411 -0.07925963
v 0.01953881 0.003497779 -0.05092108
v 0.005508959 0.003782868 -0.1017816
v 0.007147312 0.004208028 -0.09426265
v 0.007223784 0.003809392 -0.09426248
v 0.01084756 0.004287362 -0.07931995
v 0.01094329 0.003864943 -0.0793218
v 0.01476055 0.004367709 -0.06477457
v 0.01487928 0.00392282 -0.0647844
v 0.0168724 0.004408836 -0.05771589
v 0.01700466 0.00395292 -0.05773276
v 0.01929771 0.004452884 -0.05088937
v 0.0194438 0.003984928 -0.05091607
v 0.02439326 0.004557192 -0.03773081
v 0.02455598 0.00405848 -0.03778851
v 0.01071363 0.004698038 -0.07931566
v 0.01439648 0.00520426 -0.06473463
v 0.0145989 0.00479567 -0.06475704
v 0.01647639 0.005258679 -0.05765247
v 0.01669532 0.004844725 -0.05768764
v 0.01886874 0.005317509 -0.05079555
v 0.01910465 0.004897475 -0.05084729
v 0.02391541 0.005464017 -0.03755068
v 0.02417743 0.005025804 -0.03764843
v 0.005055606 0.005280733 -0.101788
v 0.006516993 0.005697429 -0.09426754
v 0.006720542 0.005345582 -0.09426605
v 0.01009649 0.005834639 -0.07929599
v 0.0103349 0.005473494 -0.0793032
v 0.0138849 0.005959272 -0.06468164
v 0.01415711 0.005592465 -0.06470906
v 0.01593053 0.006018817 -0.0575698
v 0.01621997 0.005650222 -0.05761247
v 0.01828789 0.006083846 -0.05067539
v 0.01859486 0.005712926 -0.05073744
v 0.0232799 0.006254792 -0.037328
v 0.02361428 0.005873203 -0.03744268
v 0.02821445 0.003567934 -0.02826792
v 0.02917593 0.003579795 -0.02508664
v 0.02914643 0.003867447 -0.02506375
v 0.02661335 0.005106687 -0.03120726
v 0.02634441 0.005559206 -0.03107875
v 0.02815437 0.006110787 -0.02441966
v 0.02796572 0.004656136 -0.02812647
v 0.02683359 0.004620671 -0.03131711
v 0.02812463 0.004125297 -0.02822059
v 0.02699619 0.004101753 -0.03139734
v 0.02820402 0.006976664 -0.02068042
v 0.02661949 0.007569909 -0.02362573
v 0.02450531 0.007385969 -0.03031772
v 0.02291661 0.00660938 -0.03720903
v 0.02211922 0.007242619 -0.03696423
v 0.01795214 0.00642997 -0.05061078
v 0.01720887 0.007049202 -0.05047798
v 0.01561206 0.00636363 -0.05752527
v 0.0135836 0.006303489 -0.06465309
v 0.00982964 0.006175756 -0.07928854
v 0.006287038 0.006032228 -0.09426903
v 0.004659116 0.005957961 -0.1017932
v 0.003280103 0.005885601 -0.1092185
v 0.02991676 0.003591597 -0.02188479
v 0.0298928 0.003885746 -0.02185547
v 0.02984791 0.004175126 -0.02181041
v 0.02709299 0.003556609 -0.03143477
v 0.02817887 0.003849208 -0.02825099
v 0.02909708 0.004150271 -0.02502632
v 0.0289455 0.004693925 -0.02491533
v 0.02970308 0.004731357 -0.02168118
v 0.030303 0.004766762 -0.01845234
v 0.03038239 0.004487097 -0.01853269
v 0.03044337 0.004198849 -0.01860058
v 0.03048491 0.003903329 -0.01865363
v 0.03050458 0.003603041 -0.01868969
v 0.03009384 0.005296051 -0.01826357
v 0.03149873 0.00425601 -0.009074568
v 0.03126758 0.004239976 -0.01223009
v 0.0312063 0.004536867 -0.01214319
v 0.03134894 0.004843056 -0.008865833
v 0.03132557 0.00362432 -0.01235008
v 0.03130817 0.00393486 -0.01229995
v 0.03154331 0.003948152 -0.009152829
v 0.03158992 0.004268229 -0.005940556
v 0.03161275 0.003650367 -0.002996504
v 0.03150254 0.003653824 -0.001461327
v 0.03157031 0.00396806 -0.002926588
v 0.03137773 0.004278004 -0.001291275
v 0.03150486 0.004276037 -0.002832472
v 0.03131592 0.004854023 -0.002584218
v 0.03090852 0.005875945 -0.005111396
v 0.03119188 0.005388677 -0.005428493
v 0.03091347 0.005365133 -0.01180666
v 0.03112602 0.004824042 -0.0120418
v 0.03142476 0.004853487 -0.005711615
v 0.02962082 0.007138848 -0.01065886
v 0.0298227 0.007142484 -0.007347226
v 0.02999228 0.006745696 -0.01096278
v 0.03054094 0.006333947 -0.008004784
v 0.0303356 0.006321251 -0.01125872
v 0.03064566 0.005862653 -0.01154237
v 0.03058725 0.00632143 -0.004771888
v 0.03106361 0.005377054 -0.002277553
v 0.02880811 0.007049322 -0.01732933
v 0.0279935 0.007748425 -0.0168218
v 0.02881127 0.007843852 -0.01003873
v 0.02986228 0.007109642 -0.00405544
v 0.0279352 0.008464872 -0.009412229
v 0.02814525 0.008452773 -0.005981743
v 0.02905595 0.007787287 -0.003315389
v 0.02803295 0.008249402 0.000818833
v 0.02124989 0.007789075 -0.03671634
v 0.02361863 0.007949233 -0.02999651
v 0.02572929 0.008158683 -0.02321583
v 0.02379912 0.009133994 -0.02240395
v 0.02710813 0.008361756 -0.01630866
v 0.01462531 0.008440017 -0.0500856
v 0.01274859 0.009091854 -0.0498473
v 0.02518403 0.009389221 -0.01529222
v 0.0217247 0.009912908 -0.02162343
v 0.01750659 0.01017874 -0.0281831
v 0.01091539 0.01069694 -0.03460496
v 0.002614498 0.01076352 -0.04909884
v 0.02819186 0.008384346 -0.002568364
v 0.02632933 0.009395658 -0.001089036
v 0.02626222 0.009491801 -0.004622936
v 0.02397984 0.01037341 -0.006974041
v 0.02421706 0.01000148 0.003964662
v 0.0217939 0.01109147 -0.005843341
v 0.02218294 0.01092326 0.00168699
v 0.02432048 0.01022779 0.000338177
v 0.02619391 0.00921148 0.002420008
v 0.02211642 0.01065921 0.00542438
v 0.02090382 0.01091307 -0.01339024
v 0.00091885 0.01066958 -0.05658751
v -0.000525808 0.01062321 -0.06414103
v -0.003143489 0.01057314 -0.07924199
v -0.005519211 0.01057028 -0.09422844
v -0.006566286 0.01059687 -0.101626
v -0.003116667 0.01093071 -0.0566172
v -0.004375219 0.01088166 -0.06420367
v -0.006659448 0.01083576 -0.07929795
v -0.008738636 0.0108506 -0.09419602
v -0.009655177 0.01089143 -0.101529
v -0.01039415 0.01094925 -0.1087335
v 0.02603483 0.009513556 -0.0081712
v 0.02310657 0.01022273 -0.0143131
v 0.01953721 0.0105493 -0.02089023
v 0.01297539 0.01103967 -0.0272023
v 0.006335318 0.011204 -0.03409713
v -0.001638591 0.01103329 -0.04906469
v 0.001607835 0.01151728 -0.03384947
v 0.008189678 0.01160174 -0.02648919
v 0.01487767 0.01150733 -0.01961374
v 0.02969807 0.007033944 -0.000791052
v 0.01265066 0.012317 0.01001119
v 0.01757627 0.01165753 0.00800383
v 0.01255095 0.01270109 0.005919039
v 0.01756078 0.01198822 0.004069328
v 0.01198351 0.01294207 -0.002315223
v 0.01707738 0.01219576 -0.003850579
v 0.01109576 0.01267749 -0.01054197
v 0.00322324 0.01195377 -0.0260939
v 0.009911656 0.01214402 -0.01866143
v 0.01617497 0.01196748 -0.01177185
v 0.01948982 0.01169371 -0.004796922
v 0.01992684 0.01150542 0.00293684
v -0.005941331 0.01117295 -0.04919922
v -0.003203332 0.01168406 -0.03387176
v 0.00179857 0.01340001 0.007726967
v 0.007258415 0.01315438 0.007144153
v 0.001088798 0.01367551 -0.000884907
v 0.006617367 0.01341861 -0.001320779
v 0.000283955 0.01337337 -0.009480476
v 0.005764842 0.01312983 -0.009772837
v -0.000588756 0.01276397 -0.01792609
v 0.004726052 0.01254701 -0.0180943
v -0.001847565 0.01214259 -0.02602827
v -0.02165967 0.01083004 -0.09399491
v -0.01519668 0.01101857 -0.09410715
v -0.01585429 0.01106762 -0.1012804
v -0.02239227 0.01092636 -0.1078716
v -0.0248878 0.01059275 -0.09393024
v -0.0277583 0.01017349 -0.0801233
v -0.03117728 0.009494245 -0.08033823
v -0.01372134 0.01099509 -0.07949435
v -0.01213514 0.01104325 -0.06458693
v -0.01127088 0.01109725 -0.05704426
v -0.01455903 0.0111401 -0.04987138
v -0.01025646 0.01120907 -0.04948753
v -0.03498291 0.007415354 -0.1066101
v -0.0352801 0.007561624 -0.09366619
v -0.03469204 0.007661998 -0.1066451
v -0.0361756 0.006733894 -0.09363681
v -0.03576773 0.006581306 -0.1065111
v -0.03643655 0.006421267 -0.09362739
v -0.03599339 0.006271839 -0.1064803
v -0.03667402 0.006090462 -0.09361809
v -0.03619766 0.005947351 -0.1064504
v -0.03688538 0.005741894 -0.09360903
v -0.03736037 0.006902039 -0.05443322
v -0.03694379 0.006892085 -0.06772571
v -0.0377053 0.006601274 -0.05458498
v -0.03726416 0.006584227 -0.06781142
v -0.0370537 0.007497191 -0.04028964
v -0.03578841 0.007910788 -0.05384159
v -0.0366069 0.007443726 -0.05413401
v -0.03623992 0.007446408 -0.06755512
v -0.03660118 0.007179439 -0.06764024
v -0.03683841 0.006531119 -0.08079063
v -0.03654569 0.006843864 -0.0807603
v -0.03623121 0.007136583 -0.08072978
v -0.03589844 0.007409334 -0.08069914
v -0.03547281 0.007922768 -0.06738644
v -0.03492146 0.008313596 -0.05355703
v -0.03710609 0.006198108 -0.08082073
v -0.03782528 0.005905032 -0.06798297
v -0.03826421 0.005149245 -0.06815326
v -0.03899574 0.004796504 -0.0553494
v -0.01883083 0.01097655 -0.05034571
v -0.02304911 0.01068598 -0.05092948
v -0.02717953 0.01020658 -0.05164474
v -0.008039593 0.01172745 -0.03413987
v -0.01285988 0.01164144 -0.03455811
v -0.0176357 0.01143187 -0.0351181
v -0.02233225 0.01106184 -0.0358498
v -0.0268957 0.01048016 -0.03678733
v -0.03125512 0.009648025 -0.03797483
v -0.003366649 0.01301181 0.01204818
v -0.008791863 0.01286149 0.01170969
v -0.01945406 0.01186668 0.009919881
v -0.01417148 0.01249682 0.01102203
v -0.03755909 0.006255209 -0.06789726
v -0.03831493 0.005936861 -0.05489087
v -0.03802448 0.006279647 -0.05473756
v -0.03885197 0.005984485 -0.04141843
v -0.03854417 0.006325662 -0.04118788
v -0.0388025 0.005193889 -0.05519753
v -0.03857493 0.005574285 -0.05504441
v -0.03937602 0.005247712 -0.04188162
v -0.03912997 0.00562489 -0.04164987
v -0.03927391 0.003949463 -0.05564022
v -0.03784549 0.006949365 -0.04073292
v -0.03958815 0.004852712 -0.04211193
v -0.03977066 0.005715966 -0.02765613
v -0.03917896 0.006440103 -0.02701503
v -0.03847438 0.007100999 -0.0263862
v -0.03605073 0.00885421 -0.01683264
v -0.03395509 0.009722352 -0.0156539
v -0.0337615 0.009498059 -0.02360969
v -0.03154605 0.01015686 -0.02269309
v -0.02681684 0.01076292 -0.02910608
v -0.02202492 0.0114175 -0.02806323
v -0.01707744 0.01184672 -0.02726757
v -0.01203966 0.0120905 -0.02667951
v -0.006951808 0.01219022 -0.02626264
v -0.0312072 0.01049906 -0.006329119
v -0.02879476 0.01113557 -0.005308151
v -0.02929478 0.01104003 -0.01369673
v -0.02680683 0.01154381 -0.01290255
v -0.02680355 0.01116275 -0.02117717
v -0.02162116 0.01237815 -0.01161795
v -0.02178347 0.0119062 -0.0200203
v -0.01624786 0.01295781 -0.01067513
v -0.01658767 0.01240992 -0.01915401
v -0.01077574 0.01328951 -0.01002579
v -0.01129448 0.0126971 -0.01853483
v -0.005251646 0.01342707 -0.009621322
v -0.005948722 0.01281523 -0.01812052
v -0.03234529 0.009400725 0.000699123
v -0.02931779 0.009747803 0.006140351
v -0.03010147 0.01014268 0.001992166
v -0.02698099 0.01037681 0.007316291
v -0.02772343 0.01078498 0.003117144
v -0.02454423 0.01093322 0.008327901
v -0.02524441 0.01134216 0.0040856
v -0.02006757 0.01227974 0.005617797
v -0.01469814 0.01292598 0.006691694
v -0.009232997 0.01329857 0.007374644
v -0.003721415 0.013453 0.007728755
v -0.03604012 0.008235871 -0.005564451
v -0.03508472 0.008740544 -0.004801452
v -0.03558373 0.008848726 -0.008828759
v -0.0329988 0.009630501 -0.003401279
v -0.03348594 0.009746313 -0.007499933
v -0.03073114 0.01038497 -0.002168655
v -0.02832853 0.01102924 -0.001095414
v -0.02628266 0.01167523 -0.004426598
v -0.02104103 0.01258051 -0.00301671
v -0.01560789 0.01321446 -0.002005517
v -0.01007819 0.01357853 -0.00133711
v -0.004499435 0.01373004 -0.000956064
v -0.03999602 0.005758166 -0.02032512
v -0.03926038 0.006499052 -0.01577699
v -0.03940862 0.006494641 -0.01957952
v -0.03856372 0.007182717 -0.01499617
v -0.03871005 0.007176578 -0.01884961
v -0.03776139 0.007804512 -0.01424407
v -0.03790557 0.007793903 -0.01814585
v -0.037014 0.008351087 -0.01747298
v -0.03677892 0.008220911 -0.02519536
v -0.03582406 0.00869292 -0.02463889
v -0.03527402 0.008394598 -0.0394482
v -0.03332114 0.009091436 -0.03867506
v -0.03309023 0.008968591 -0.05301594
v -0.03117322 0.009476304 -0.05251628
v -0.02747261 0.01016837 -0.0660547
v -0.02427911 0.01057648 -0.07993447
v -0.01638329 0.01113408 -0.1083397
v -0.03823232 0.007155597 -0.01111274
v -0.03692394 0.00768584 -0.006367981
v -0.03743195 0.007772684 -0.0103147
v -0.03654444 0.008335411 -0.009552657
v -0.03687113 0.00836873 -0.01352566
v -0.03590774 0.008880734 -0.01284283
v -0.03380686 0.009769737 -0.01158791
v -0.03168815 0.01044005 -0.01461076
v -0.03915297 0.004382491 -0.0554983
v -0.03976476 0.004438579 -0.04233801
v -0.04042214 0.004509866 -0.02861422
v -0.04064977 0.004544079 -0.02144026
v -0.0399034 0.003999829 -0.0425536
v -0.04056513 0.004059672 -0.0289148
v -0.04079395 0.004089236 -0.02179068
v -0.03619128 0.007975697 -0.0398609
v -0.03766757 0.007692754 -0.02577841
v -0.03865194 0.007146537 -0.02266389
v -0.03935277 0.006473124 -0.02334028
v -0.03994101 0.005740821 -0.0240305
v -0.0402466 0.005370736 -0.02069997
v -0.0403214 0.004977822 -0.01737642
v -0.04051029 0.004556477 -0.01776927
v -0.04065847 0.004101634 -0.01814448
v -0.04045701 0.003597795 -0.01479846
v -0.04019874 0.004564285 -0.01405823
v -0.0395233 0.004974961 -0.009874582
v -0.04000347 0.0049811 -0.01364082
v -0.03977763 0.005376935 -0.01321578
v -0.04010081 0.005379199 -0.01697641
v -0.03617388 0.006779015 0.000622933
v -0.03355681 0.008225381 0.003254354
v -0.03774785 0.006344974 -0.004208922
v -0.03842419 0.006430864 -0.008083164
v -0.03902584 0.005729556 -0.008976817
v -0.03783112 0.005275905 -0.001791656
v -0.0375415 0.005603909 -0.001301646
v -0.03836584 0.005680084 -0.005144596
v -0.03689873 0.00621587 -0.000328576
v -0.03535807 0.008054971 -0.001569986
v -0.03441023 0.008538663 -0.000769782
v -0.03152298 0.009035527 0.004788637
v -0.008509397 0.01560455 -0.2055315
v -0.006466448 0.01581919 -0.2092316
v -0.004223704 0.01608705 -0.2129273
v 0.003178179 0.01568925 -0.2188304
v 0.003161609 0.01568925 -0.2188405
v 0.001842021 0.01605719 -0.2170272
v 0.000432553 0.01553267 -0.2202897
v -0.000495038 0.01594001 -0.2183578
v -0.001176059 0.01530069 -0.2209534
v -0.006641924 0.01576006 -0.2142192
v -0.01226651 0.0155164 -0.1893097
v -0.01463788 0.01542979 -0.1908532
v -0.01328581 0.01550287 -0.1857252
v -0.01806122 0.01527029 -0.1886998
v -0.002488017 0.01504004 -0.2213992
v -0.004150032 0.01531416 -0.2199011
v -0.00154078 0.01523452 -0.2210858
v -0.002919495 0.01558327 -0.2194505
v -0.003994405 0.01466053 -0.2218083
v -0.005384325 0.01498186 -0.2202839
v -0.003504633 0.01479363 -0.2216873
v -0.003291904 0.01484847 -0.2216311
v -0.00421983 0.01576113 -0.2177461
v -0.005451202 0.0154916 -0.218243
v -0.007862567 0.0155127 -0.2147901
v -0.004683077 0.01445716 -0.2219589
v -0.005134463 0.01431298 -0.222045
v -0.006615102 0.01458334 -0.2205955
v -0.005224764 0.01428306 -0.222061
v -0.007833063 0.0141139 -0.2208318
v -0.009083688 0.01520437 -0.2153069
v -0.006684303 0.01515758 -0.218676
v -0.007912039 0.01475518 -0.2190414
v -0.01149863 0.01438057 -0.2161635
v -0.0102986 0.01482975 -0.2157664
v -0.01034319 0.01435983 -0.2177734
v -0.009136676 0.01482784 -0.2174267
v -0.01246547 0.01473486 -0.2123587
v -0.01563072 0.01431471 -0.2094597
v -0.00644654 0.01384001 -0.2222376
v -0.00701338 0.01360845 -0.2222934
v -0.009026646 0.01356762 -0.2209892
v -0.009124755 0.01427882 -0.2193346
v -0.009721994 0.0140109 -0.2194526
v -0.007670581 0.01331651 -0.2223368
v -0.008144497 0.01308858 -0.2223532
v -0.009609997 0.01326376 -0.221037
v -0.008239507 0.0130409 -0.222355
v -0.008695602 0.01280283 -0.2223561
v -0.01018142 0.01293814 -0.2210641
v -0.008819758 0.01273518 -0.2223542
v -0.009239733 0.01249629 -0.222341
v -0.00938791 0.01240807 -0.2223337
v -0.01253807 0.01233744 -0.2197359
v -0.01537489 0.01207125 -0.2169811
v -0.01487195 0.01248258 -0.2169245
v -0.01700919 0.01256555 -0.2139479
v -0.01434701 0.0128647 -0.2168469
v -0.01648616 0.01293486 -0.2138084
v -0.01380348 0.01321882 -0.2167487
v -0.01594424 0.01327127 -0.2136495
v -0.01324427 0.01354598 -0.2166305
v -0.01538705 0.01357716 -0.2134727
v -0.01267206 0.01384758 -0.216493
v -0.01481789 0.01385504 -0.2132793
v -0.01208955 0.01412522 -0.216337
v -0.01365303 0.01433706 -0.2128466
v -0.01200515 0.01271915 -0.2197211
v -0.0114547 0.0130769 -0.2196855
v -0.01088911 0.01341086 -0.2196286
v -0.0103107 0.01372194 -0.2195509
v -0.01750934 0.01216125 -0.2140665
v -0.0189749 0.01264762 -0.2108533
v -0.01845318 0.0130068 -0.2106603
v -0.01791214 0.0133289 -0.2104493
v -0.01678907 0.0138756 -0.2099807
v -0.01947253 0.01224815 -0.2110254
v -0.02122545 0.01233929 -0.2078471
v -0.02073144 0.0127384 -0.2076319
v -0.02017474 0.01400411 -0.203158
v -0.01967298 0.01340728 -0.2071429
v -0.02129161 0.01349389 -0.203768
v -0.02234667 0.01282942 -0.2043235
v -0.02283728 0.01242756 -0.2045724
v -0.01195693 0.01544898 -0.198154
v -0.01431363 0.0152595 -0.1996783
v -0.01576811 0.01526558 -0.1960368
v -0.01667743 0.01493465 -0.2011349
v -0.0181356 0.0149675 -0.1975296
v -0.01902401 0.01439607 -0.2025102
v -0.02048379 0.01445811 -0.1989656
v -0.02163505 0.01407849 -0.199653
v -0.02275192 0.01357609 -0.2003079
v -0.02380514 0.01291179 -0.2009122
v -0.02429324 0.01250636 -0.2011862
v -0.0170142 0.01527065 -0.1923774
v -0.01938766 0.01499438 -0.1938778
v -0.02044177 0.01501154 -0.1901784
v -0.02173954 0.0145089 -0.195343
v -0.02279913 0.0145449 -0.1916397
v -0.02289241 0.01413893 -0.196053
v -0.02395439 0.01418262 -0.1923549
v -0.02401036 0.01364248 -0.1967356
v -0.02507406 0.01369076 -0.1930471
v -0.02561151 0.01338297 -0.1933792
v -0.02651333 0.01335167 -0.1895731
v -0.02702885 0.01299506 -0.1898893
v -0.02779716 0.01280814 -0.1859596
v -0.02751356 0.01258295 -0.1901878
v -0.02485162 0.01414567 -0.1885602
v -0.02597469 0.0136584 -0.1892438
v -0.02673977 0.01346957 -0.1853356
v -0.02728033 0.0131641 -0.1856536
v -0.02793258 0.01285398 -0.181636
v -0.02845156 0.01249772 -0.1819245
v -0.02950417 0.01161044 -0.1736186
v -0.02999687 0.01119554 -0.1738434
v -0.01047897 0.01168757 -0.2222351
v -0.01099687 0.01129257 -0.2221588
v -0.01354104 0.01150077 -0.2197045
v -0.01149237 0.0108729 -0.2220664
v -0.01400417 0.0110439 -0.2196595
v -0.01180416 0.01058161 -0.2219979
v -0.01443529 0.01055961 -0.2195965
v -0.01210016 0.01028007 -0.2219249
v -0.0148282 0.01004618 -0.2195179
v -0.01276588 0.009464263 -0.2217308
v -0.01517522 0.009501338 -0.2194293
v -0.01305109 0.01193153 -0.2197301
v -0.01670914 0.01065409 -0.2170197
v -0.01707756 0.01011919 -0.2169898
v -0.01283782 0.009358584 -0.2217072
v -0.01317918 0.008771538 -0.2215873
v -0.01546782 0.008923411 -0.2193388
v -0.01338422 0.008293092 -0.221509
v -0.01569378 0.008312582 -0.2192594
v -0.01342815 0.008164823 -0.2214916
v -0.01786386 0.008330047 -0.2168377
v -0.01766252 0.008956253 -0.2168892
v -0.0173974 0.009553134 -0.2169438
v -0.02352631 0.007693409 -0.2085661
v -0.02343577 0.0083732 -0.2085568
v -0.0217725 0.008360385 -0.2115033
v -0.02328413 0.009035527 -0.2085356
v -0.02160555 0.009011626 -0.2115017
v -0.02307361 0.009674966 -0.2084948
v -0.0213778 0.009637653 -0.2114866
v -0.02280586 0.01028621 -0.2084275
v -0.02109342 0.01023411 -0.2114502
v -0.02248317 0.0108633 -0.2083297
v -0.02075612 0.01079708 -0.2113872
v -0.02210825 0.01140052 -0.2081993
v -0.02036952 0.01132225 -0.2112947
v -0.02168685 0.01189351 -0.2080374
v -0.01993966 0.01180666 -0.2111735
v -0.02515166 0.0115363 -0.2016527
v -0.02407103 0.01092374 -0.2051503
v -0.02550655 0.01097559 -0.2018361
v -0.0243802 0.01033294 -0.2052755
v -0.02580392 0.01037251 -0.2019824
v -0.02463257 0.009707987 -0.205367
v -0.02604269 0.009735524 -0.2020925
v -0.0248273 0.00905627 -0.205428
v -0.02622354 0.009073197 -0.2021692
v -0.02496474 0.008383989 -0.2054645
v -0.02634876 0.008392572 -0.2022178
v -0.02187395 0.00768882 -0.2115006
v -0.01989847 0.008345961 -0.2142562
v -0.01971524 0.008985161 -0.2142792
v -0.01946979 0.009597122 -0.2142965
v -0.01916867 0.01017886 -0.2142982
v -0.01881659 0.01072806 -0.2142783
v -0.01841878 0.01124238 -0.2142331
v -0.03084349 0.01019352 -0.1742418
v -0.02977561 0.01108509 -0.18268
v -0.03118014 0.009613037 -0.1744074
v -0.03010892 0.01050347 -0.1828784
v -0.03145092 0.00898993 -0.1745465
v -0.03037732 0.009878277 -0.1830438
v -0.03165733 0.008336007 -0.1746589
v -0.02506268 0.01297801 -0.1973715
v -0.02612656 0.01302605 -0.193697
v -0.02554887 0.01256936 -0.1976622
v -0.02661144 0.0126149 -0.193996
v -0.0259971 0.01210558 -0.1979278
v -0.02705717 0.01214694 -0.1942705
v -0.02639842 0.01158618 -0.1981626
v -0.02745413 0.01162177 -0.1945146
v -0.02674549 0.0110163 -0.1983622
v -0.02779525 0.01104491 -0.1947239
v -0.02703303 0.01040321 -0.1985237
v -0.0280748 0.01042425 -0.1948949
v -0.02726048 0.009756445 -0.1986476
v -0.02829319 0.009770274 -0.1950279
v -0.02742964 0.009085655 -0.1987363
v -0.02845281 0.009093403 -0.1951246
v -0.02754443 0.008398592 -0.1987938
v -0.0285592 0.00840193 -0.1951888
v -0.02795773 0.01211291 -0.1904628
v -0.02835202 0.01158475 -0.1907086
v -0.02868872 0.01100426 -0.1909205
v -0.02896255 0.01037979 -0.1910951
v -0.02917408 0.009722352 -0.1912322
v -0.02932667 0.009043157 -0.1913334
v -0.02942687 0.00835067 -0.1914014
v -0.03082072 0.007855415 -0.1833429
v -0.0318973 0.006979167 -0.1748046
v -0.03072726 0.008543968 -0.1832748
v -0.03058207 0.009221136 -0.1831757
v -0.03032618 0.009601533 -0.1486507
v -0.03068113 0.009454607 -0.1411088
v -0.02941542 0.0099774 -0.1411634
v -0.02829742 0.01033306 -0.1342095
v -0.0296387 0.009936034 -0.1340779
v -0.02986752 0.009884715 -0.1204879
v -0.0312376 0.009402632 -0.1202929
v -0.03133457 0.009427428 -0.1070241
v -0.03187173 0.008780121 -0.1410555
v -0.03273797 0.008366167 -0.1337532
v -0.03216511 0.008760988 -0.1338155
v -0.03317171 0.008410513 -0.1200047
v -0.03093713 0.009421646 -0.1339454
v -0.03190326 0.00911194 -0.1201954
v -0.03274661 0.008854985 -0.1068691
v -0.03279978 0.008935868 -0.09373855
v -0.03354394 0.008610069 -0.09371763
v -0.03364765 0.008678197 -0.08051532
v -0.03443402 0.008317112 -0.0805763
v -0.02922755 0.01123541 -0.1648234
v -0.03032565 0.01055383 -0.1651661
v -0.03149086 0.009153127 -0.1568834
v -0.03082811 0.01013576 -0.1653272
v -0.0319643 0.008682787 -0.1569695
v -0.03128761 0.009662687 -0.1654776
v -0.032386 0.008160054 -0.1570481
v -0.03169447 0.009134531 -0.1656143
v -0.03274822 0.007590055 -0.1571176
v -0.03204101 0.00855726 -0.1657345
v -0.03304469 0.006979644 -0.1571769
v -0.03364729 0.00637567 -0.1488212
v -0.03414797 0.006290256 -0.1409467
v -0.0333296 0.006973624 -0.1488035
v -0.03380525 0.006878018 -0.1409641
v -0.03294712 0.007531464 -0.1487829
v -0.03339833 0.007424116 -0.1409839
v -0.03250628 0.008043229 -0.1487597
v -0.03293496 0.007924437 -0.1410061
v -0.03201532 0.008505046 -0.1487344
v -0.03242325 0.008376181 -0.1410301
v -0.03279167 0.005943298 -0.166029
v -0.03269124 0.006622076 -0.1659832
v -0.03253716 0.007289946 -0.1659192
v -0.03477197 0.004355013 -0.1409105
v -0.03485196 0.003679454 -0.1409037
v -0.03534919 0.003688514 -0.1334271
v -0.03354358 0.007948219 -0.1266958
v -0.0337612 0.007991671 -0.1199138
v -0.03407633 0.008111715 -0.1067175
v -0.034518 0.007589042 -0.1131888
v -0.03505063 0.007074177 -0.113109
v -0.03552198 0.006501317 -0.113035
v -0.03552258 0.006875157 -0.106543
v -0.0357595 0.00547415 -0.1195778
v -0.03560823 0.005802989 -0.119608
v -0.03526198 0.00574249 -0.1264299
v -0.03524458 0.006426692 -0.119674
v -0.03492975 0.006362915 -0.1264858
v -0.03480815 0.007001042 -0.1197474
v -0.03452694 0.006940007 -0.1265491
v -0.0343101 0.007522523 -0.1198276
v -0.03406167 0.00746876 -0.1266193
v -0.03591835 0.005872905 -0.1129671
v -0.03637838 0.005608141 -0.106422
v -0.03653454 0.005256116 -0.1063947
v -0.0370692 0.005377531 -0.09360021
v -0.03722423 0.004999816 -0.09359163
v -0.0368489 0.004144549 -0.1063207
v -0.03677046 0.004522085 -0.1063439
v -0.036085 0.004436731 -0.1194987
v -0.03232163 0.007938742 -0.1658363
v -0.03327578 0.006339073 -0.1572256
v -0.03408479 0.00509423 -0.1488479
v -0.0352599 0.004373431 -0.1334471
v -0.03690207 0.003763139 -0.1062995
v -0.03734928 0.004611313 -0.09358334
v -0.03666549 0.004893422 -0.1063686
v -0.03487128 0.005696475 -0.1335058
v -0.03456854 0.006316125 -0.1335443
v -0.03419715 0.006897509 -0.1335888
v -0.03376251 0.007434546 -0.1336389
v -0.03327316 0.007924497 -0.1336941
v 0.012735 0.008660018 -0.2053849
v 0.01273345 0.008690893 -0.2053958
v 0.01272016 0.008921682 -0.2054845
v 0.0126844 0.009396195 -0.205709
v 0.01267385 0.009509265 -0.2057715
v 0.01252287 0.01056861 -0.2065435
v 0.01249039 0.01072394 -0.2066879
v 0.01057082 0.01122325 -0.2032881
v 0.0124759 0.01078802 -0.2067499
v 0.01241785 0.01102209 -0.2069898
v 0.008986711 0.01021623 -0.1989853
v 0.0126093 0.01005643 -0.2061262
v 0.01260262 0.01010239 -0.20616
v 0.0039258 0.008386313 -0.1852205
v 0.006177604 0.0083642 -0.1916082
v 0.009126663 0.008335173 -0.198306
v 0.01276409 0.007846415 -0.2051767
v 0.00209105 0.009769916 -0.17936
v 0.003740429 0.009732127 -0.1854717
v 0.01196044 0.01218509 -0.208505
v 0.01186609 0.01234883 -0.2087644
v 0.009562134 0.01325523 -0.2057484
v 0.01170068 0.01260221 -0.2091895
v 0.009372472 0.0141766 -0.2097682
v 0.01102936 0.01336717 -0.2106491
v 0.01074123 0.01361662 -0.2111839
v 0.009821295 0.01291418 -0.2052276
v 0.007859528 0.01307523 -0.2015489
v 0.004336595 0.01318585 -0.1944466
v -0.001537621 0.01389539 -0.178355
v -0.000780017 0.01384884 -0.1814785
v -0.00184077 0.0143761 -0.1822293
v 0.001212537 0.0136885 -0.1880189
v 0.000257334 0.01421755 -0.1888716
v 0.003954768 0.0135129 -0.1949065
v 0.003129065 0.01405984 -0.1958498
v 0.004903912 0.0140326 -0.1994318
v 0.004081428 0.0144962 -0.2004241
v 0.006135404 0.01452261 -0.2040964
v 0.001702845 0.008402645 -0.1762977
v 0.002308309 0.008399784 -0.1791803
v 0.001471757 0.009779393 -0.1764467
v 0.000512997 0.007626473 -0.1681701
v -0.002151668 0.01381456 -0.1753323
v -0.002639532 0.01442223 -0.1790497
v -0.002947807 0.01475936 -0.1830058
v -0.000750669 0.01461488 -0.1897446
v 0.002239823 0.01449102 -0.1968057
v -0.002864003 0.01513385 -0.1915012
v 0.000320181 0.01510077 -0.1987053
v -0.001743376 0.01547104 -0.2005476
v 0.002265751 0.01518005 -0.2023838
v 0.009387135 0.0144627 -0.2132577
v 0.008998632 0.01464039 -0.2137587
v 0.007857501 0.01499783 -0.2118193
v 0.007623434 0.01512253 -0.2153071
v 0.006065726 0.01558178 -0.2137346
v 0.007068336 0.01526546 -0.2158534
v 0.004044771 0.01593649 -0.215479
v 0.005446732 0.01555162 -0.2172529
v 0.005233526 0.0155766 -0.2174183
v 0.00322777 0.01568901 -0.2187999
v 0.01043272 0.01384979 -0.2117125
v 0.008652746 0.01461869 -0.2108076
v 0.006708562 0.01520323 -0.2098958
v 0.004860579 0.01577806 -0.2118201
v 0.00279808 0.0161224 -0.21359
v 0.000566896 0.01623678 -0.2151815
v 0.007537484 0.01482522 -0.2088854
v 0.004428029 0.01529306 -0.2061076
v 0.002496182 0.01581043 -0.2080227
v 0.000384021 0.01611006 -0.2098111
v -0.001787543 0.01611763 -0.2165737
v -0.001868844 0.01620227 -0.211452
v -0.001874089 0.01586049 -0.2060477
v 0.01153981 0.01281762 -0.2095738
v 0.008971273 0.01385998 -0.2068009
v 0.008294045 0.01437968 -0.2078509
v 0.005313098 0.01494348 -0.2051112
v -0.0096215 0.01554 -0.1965687
v -0.007319033 0.01553291 -0.1949273
v -0.005061686 0.01541203 -0.1932352
v -0.005230367 0.01523041 -0.184587
v -0.009904503 0.01553136 -0.1877489
v -0.008512198 0.01546269 -0.1827397
v -0.007556438 0.01545411 -0.1861729
v -0.02369213 0.01450097 -0.1878579
v -0.02132529 0.0149511 -0.1864338
v -0.01893341 0.01519358 -0.1850067
v -0.01412487 0.01540869 -0.1821736
v -0.009291112 0.01537436 -0.1793748
v -0.0289784 0.0119704 -0.1733824
v -0.0284276 0.0122804 -0.1731383
v -0.02738928 0.01315969 -0.1813369
v -0.02727609 0.01277333 -0.172637
v -0.02625519 0.01364302 -0.1807198
v -0.02608335 0.01313197 -0.1721289
v -0.02508229 0.01399224 -0.1800909
v -0.02364224 0.01358133 -0.1711181
v -0.02268522 0.01442545 -0.1788299
v -0.02116882 0.01381516 -0.1701298
v -0.02025961 0.01464855 -0.1775843
v -0.01617807 0.01401144 -0.168235
v -0.01536983 0.0148347 -0.1751608
v -0.01112282 0.01395589 -0.1664441
v -0.01042306 0.01478654 -0.1728259
v -0.006134629 0.015257 -0.1812481
v -0.00686872 0.01517534 -0.177991
v -0.007928013 0.01457953 -0.1716915
v -0.008571743 0.01373589 -0.1655864
v -0.008926272 0.01279938 -0.159608
v -0.000679504 0.007113218 -0.1528576
v -0.000627145 0.007961869 -0.15799
v -0.000404691 0.008845806 -0.1631098
v 3.65887e-05 0.009681642 -0.1683187
v 0.000770141 0.0103352 -0.1737346
v 0.001280248 0.01044386 -0.1765695
v 0.001910269 0.01042938 -0.1795037
v 0.003584682 0.01037418 -0.1856629
v 0.005916357 0.01029765 -0.1921765
v -0.000926596 0.00701946 -0.147602
v -0.000994129 0.007718384 -0.1528756
v -0.000929161 0.008583605 -0.1580282
v -0.000694891 0.009482681 -0.1631746
v -0.000240323 0.01032638 -0.1684163
v 0.000510762 0.01097697 -0.1738712
v 0.001031935 0.01108109 -0.1767281
v 0.001675248 0.01106059 -0.179686
v 0.003381073 0.01098573 -0.1858975
v 0.005755782 0.01088637 -0.1924657
v 0.008889138 0.01078903 -0.1993232
v -0.000132123 0.005157113 -0.1475946
v -0.000331309 0.005804121 -0.1475954
v 0.00034716 0.003679215 -0.1420639
v 0.000261476 0.004353523 -0.1420646
v 0.000111498 0.005016267 -0.1420652
v -0.000105714 0.005659461 -0.1420649
v -0.000391274 0.0062747 -0.1420633
v -0.001153469 0.007393658 -0.1420546
v -0.001318812 0.007572293 -0.1476086
v -0.001372218 0.00828588 -0.1529017
v -0.001295506 0.009168565 -0.1580814
v -0.001049578 0.01008296 -0.1632615
v -0.000580864 0.01093471 -0.1685428
v 0.000190179 0.01158189 -0.1740427
v 0.00072443 0.01168113 -0.1769239
v 0.001383244 0.01165437 -0.1799075
v 0.0031268 0.01155871 -0.1861742
v 0.005551815 0.0114364 -0.1927987
v 0.008755683 0.01132571 -0.1997072
v -0.000596447 0.006427586 -0.1475977
v -0.000429713 0.006479144 -0.1528467
v -0.000214502 0.006646335 -0.1579505
v -5.79642e-05 0.006284356 -0.1361913
v 0.000252938 0.005675375 -0.1361941
v 0.000492391 0.005033135 -0.1361939
v -0.001356661 0.007859408 -0.1361569
v -0.00161767 0.007888317 -0.1420471
v -0.001766324 0.008081316 -0.1476175
v -0.001807808 0.008809387 -0.1529362
v -0.001721203 0.009708821 -0.1581498
v -0.001464605 0.01063776 -0.1633706
v -0.000981448 0.01149678 -0.1686979
v -0.000188803 0.01214033 -0.1742479
v 0.000359917 0.01223474 -0.1771554
v 0.001036345 0.01220208 -0.180166
v 0.002823114 0.01208651 -0.1864888
v 0.005304694 0.01194316 -0.1931698
v 0.008583903 0.01182264 -0.2001298
v -0.002821147 0.009709298 -0.1530286
v -0.002721071 0.01063472 -0.1583286
v -0.00327754 0.01101922 -0.1584348
v -0.002447307 0.01158612 -0.1636494
v -0.002996683 0.01197749 -0.1638129
v -0.001936674 0.0124551 -0.1690852
v -0.002472937 0.01284849 -0.169309
v -0.001098394 0.01309061 -0.1747474
v -0.001611351 0.01347953 -0.1750316
v -0.00051792 0.01317691 -0.1777111
v -0.001014113 0.01356267 -0.1780247
v 0.00019799 0.01313477 -0.1807777
v -0.000277462 0.01351767 -0.1811196
v 0.002083778 0.01298862 -0.1872114
v 0.001661479 0.01336228 -0.1876073
v 0.004692137 0.01281726 -0.1940001
v 0.008375227 0.01227897 -0.2005823
v 0.005016565 0.01240342 -0.1935724
v 0.002473354 0.01256352 -0.1868365
v 0.000638758 0.0126962 -0.1804579
v -5.69306e-05 0.01273423 -0.1774195
v -0.000621214 0.01264411 -0.1744844
v -0.001436293 0.01200437 -0.16888
v -0.001933515 0.01113963 -0.1635009
v -0.002199411 0.01019799 -0.1582328
v -0.002293646 0.009284079 -0.1529788
v -0.002795398 0.008959054 -0.1476421
v -0.002261102 0.008543491 -0.1476288
v -0.00267148 0.008742094 -0.1420261
v -0.002126157 0.008337378 -0.1420375
v -0.003644824 0.00935465 -0.1360494
v -0.003844678 0.00942856 -0.141999
v -0.003952205 0.009658515 -0.1476734
v -0.003968954 0.0104174 -0.1531442
v -0.003860712 0.01135504 -0.1585493
v -0.003573179 0.012317 -0.1639881
v -0.003036618 0.01318836 -0.1695474
v 0.001909554 0.004422008 -0.1233718
v 0.002028584 0.003715097 -0.12337
v 0.000754087 0.003686428 -0.1361904
v 0.00065903 0.004366934 -0.136192
v 0.001017332 0.005064666 -0.1299652
v 0.000751629 0.005709767 -0.1299664
v 0.000410818 0.006315588 -0.1299642
v 3.17018e-06 0.006877005 -0.129957
v -0.000461938 0.007390975 -0.1299439
v 0.001700997 0.005107522 -0.1233758
v 0.001405835 0.005758345 -0.1233785
v 0.001031637 0.006363332 -0.1233777
v 0.000589671 0.006918489 -0.1233721
v 9.15341e-05 0.007422626 -0.1233604
v 0.002563059 0.005159497 -0.1164425
v 0.002796113 0.004460215 -0.1164377
v 0.002929151 0.003735125 -0.116436
v 0.002236068 0.005818009 -0.1164467
v -0.000452028 0.007877826 -0.1233422
v -0.000974812 0.007858037 -0.1299244
v -0.002445638 0.008686661 -0.1361103
v -0.001884043 0.008294463 -0.1361356
v -0.002108693 0.008659541 -0.1298677
v -0.001526117 0.0082798 -0.1298988
v -0.001639068 0.008654534 -0.1232876
v -0.001031219 0.008287072 -0.1233177
v -0.002917349 0.009279966 -0.1232138
v -0.003785192 0.0148012 -0.1797711
v -0.0032866 0.01434427 -0.1759672
v -0.004217565 0.01372724 -0.1700546
v -0.004779875 0.0128597 -0.1643629
v -0.005080759 0.01189744 -0.1587955
v -0.005196154 0.01096004 -0.1532747
v -0.005186319 0.01020491 -0.1477088
v -0.005091488 0.00997287 -0.141968
v -0.004912555 0.009889125 -0.1359792
v -0.004250884 0.009783089 -0.1231271
v -0.002340853 0.009271144 -0.1163185
v -0.001011848 0.008668005 -0.1163797
v 0.000235214 0.007914841 -0.1164236
v -0.0309171 0.009281277 -0.1486794
v -0.02984946 0.01025986 -0.1565965
v -0.02864623 0.01078301 -0.1563948
v -0.02805244 0.01174473 -0.1644673
v -0.02739691 0.01117682 -0.156192
v -0.02683347 0.01212167 -0.1641079
v -0.02483457 0.01169586 -0.1557928
v -0.02433532 0.01260632 -0.1633973
v -0.02223432 0.01198655 -0.1554079
v -0.02180171 0.0128687 -0.1627078
v -0.01699411 0.01224309 -0.1546844
v -0.01669043 0.01309788 -0.1614004
v -0.01171916 0.01216053 -0.1540194
v -0.01152449 0.01303637 -0.1601834
v -0.02909219 0.01012754 -0.1485921
v -0.02810406 0.01037877 -0.141218
v -0.02781122 0.01052808 -0.1485334
v -0.02541726 0.01092094 -0.1413245
v -0.02518415 0.01106351 -0.1484183
v -0.02269393 0.01123058 -0.1414262
v -0.02251851 0.01136684 -0.148308
v -0.01722329 0.01148259 -0.1416149
v -0.01715487 0.01162225 -0.148102
v -0.01175892 0.01131629 -0.1417849
v -0.01177901 0.01149225 -0.1479147
v -0.0349524 0.007801949 -0.09367632
v -0.03426432 0.008234679 -0.09369683
v -0.03342503 0.00850743 -0.1067925
v -0.03254991 0.008782625 -0.120099
v -0.03156256 0.009111583 -0.1338798
v -0.009079813 0.01189726 -0.1537086
v -0.009103 0.01119118 -0.1478282
v -0.009048163 0.01098835 -0.1418623
v -0.008922994 0.01090675 -0.1357375
v -0.007413208 0.01063913 -0.1088944
v -0.003499805 0.01009559 -0.1017045
v 0.000821488 0.009323894 -0.09426933
v -0.01167017 0.01124656 -0.1355578
v -0.01125937 0.01109337 -0.1225798
v -0.01721596 0.01143181 -0.1351574
v -0.01698315 0.01128894 -0.1220288
v -0.02278029 0.0111829 -0.1347085
v -0.02273339 0.0110569 -0.1213964
v -0.02555519 0.0108726 -0.1344653
v -0.02560895 0.0107643 -0.1210493
v -0.02846312 0.0102573 -0.12068
v -0.02987784 0.009867906 -0.1071774
v -0.03126525 0.009465873 -0.09377998
v -0.03283882 0.008989632 -0.08045506
v -0.03518897 0.007897496 -0.08063769
v -0.004463732 0.01472353 -0.1766293
v -0.005439758 0.01411485 -0.170587
v -0.006028652 0.01325452 -0.164759
v -0.006344974 0.0122984 -0.1590574
v -0.006469905 0.01136916 -0.1534139
v -0.006468415 0.01062649 -0.1477469
v -0.006385803 0.01040005 -0.1419343
v 0.00081258 0.007470369 -0.1164373
v 0.001346588 0.006974577 -0.1164454
v 0.001825869 0.00642395 -0.1164482
v 0.006546676 0.0124759 -0.2245371
v 0.007525086 0.01256906 -0.2238239
v 0.007668077 0.0122435 -0.2240609
v 0.004982829 0.01063418 -0.2264805
v 0.003922462 0.01033145 -0.2269349
v 0.003824055 0.01071965 -0.2267995
v 0.004002273 0.009923994 -0.2270542
v 0.002918899 0.009560406 -0.2274126
v 0.000675196 0.008641421 -0.2278639
v -0.000485517 0.00808233 -0.2279394
v -0.00069502 0.008828043 -0.227824
v 0.005169332 0.008869886 -0.2269315
v 0.006180465 0.009102702 -0.2264715
v 0.006171464 0.008604764 -0.2265621
v 0.000808133 0.007816135 -0.2279502
v -0.000342077 0.007281184 -0.2279924
v 0.0138942 0.01083093 -0.2149029
v 0.01375913 0.01109158 -0.2145954
v 0.01417315 0.01048851 -0.2135366
v 0.01416879 0.008229017 -0.2176882
v 0.01448762 0.007740139 -0.216777
v 0.01432794 0.00712949 -0.2174365
v 0.01183247 0.007793784 -0.2221786
v 0.011173 0.007901132 -0.2229614
v 0.01134347 0.0088678 -0.2225909
v 0.01067405 0.009870886 -0.2230076
v 0.009866416 0.009931206 -0.2237912
v 0.009830117 0.01077818 -0.2234036
v 0.01457017 0.008857429 -0.2104873
v 0.01453471 0.009286165 -0.2110417
v 0.0143916 0.009552121 -0.2107167
v 0.007265985 0.01472067 -0.2194882
v 0.007866084 0.01432955 -0.2201656
v 0.005996048 0.01439023 -0.2218151
v 0.00238353 0.01438748 -0.2232833
v 0.001326858 0.01412016 -0.2238992
v 0.000703838 0.01450127 -0.2231807
v 0.006761193 0.01370054 -0.2227498
v 0.006980299 0.0134418 -0.223037
v 0.005996346 0.01335877 -0.2237774
v -0.002092421 0.01415842 -0.2234829
v -0.001454353 0.01378709 -0.2242475
v -0.002565979 0.0133239 -0.2246659
v -0.00085826 0.01337611 -0.2249352
v -0.009613573 0.01111245 -0.2233588
v -0.009863257 0.01137596 -0.2229782
v -0.009325206 0.01176065 -0.2230437
v -0.01040148 0.01096946 -0.2228756
v -0.01170927 0.007665455 -0.2230231
v -0.01225697 0.007054567 -0.2226016
v -0.01267498 0.007783651 -0.2222094
v -0.009674727 0.007577121 -0.2245426
v -0.01070427 0.007604598 -0.2238056
v -0.01307129 0.00854659 -0.2217416
v 0.01159507 0.01297217 -0.2105731
v 0.01108914 0.01345431 -0.2115936
v 0.01232075 0.01180809 -0.2084227
v 0.01284134 0.008520781 -0.2055188
v 0.01301831 0.007230222 -0.2055529
v 0.01495069 0.007028937 -0.214215
v 0.009674429 0.007968842 -0.2244173
v 0.01045221 0.007959127 -0.2237102
v 0.001984179 0.007369101 -0.2278631
v -0.008633971 0.007561147 -0.2252218
v -0.00759536 0.007537186 -0.2258332
v -0.006572008 0.007487535 -0.2263695
v -0.004954755 0.007870137 -0.227042
v -0.005137801 0.008171856 -0.2269383
v -0.003105342 0.007437825 -0.2276408
v -0.003385961 0.008102834 -0.2275181
v -0.001672208 0.007450342 -0.2278961
v -0.001889348 0.008175671 -0.2278098
v 0.00196737 0.007837414 -0.2278426
v 0.001932621 0.00828737 -0.2278063
v 0.003071427 0.007757604 -0.2276595
v 0.004083514 0.007050812 -0.2274333
v 0.00609225 0.007539868 -0.2266954
v 0.007967472 0.007846772 -0.225678
v 0.007879912 0.007280707 -0.22576
v 0.01472073 0.007182121 -0.2158719
v 0.01497817 0.007517397 -0.213478
v 0.01494097 0.008009672 -0.2127574
v 0.01476579 0.0078817 -0.2106256
v 0.01467305 0.008137702 -0.2102749
v 0.01450341 0.007135868 -0.2091765
v 0.01427483 0.007672131 -0.2084784
v 0.01439744 0.007399082 -0.2088231
v 0.01397919 0.007416307 -0.2075886
v 0.0141341 0.007955729 -0.2081432
v 0.01283311 0.007589936 -0.2052552
v 0.0130639 0.008154273 -0.2057991
v 0.01299774 0.009046852 -0.2060788
v 0.01273483 0.009413361 -0.2058148
v 0.01281839 0.009895205 -0.2063871
v 0.01285004 0.01034623 -0.2069635
v 0.01242834 0.01146245 -0.2078605
v 0.01249933 0.01108962 -0.2072902
v 0.01252925 0.01068741 -0.2067144
v 0.01201117 0.01242882 -0.2095178
v 0.01218062 0.01212936 -0.2089754
v 0.009140729 0.01458716 -0.2144934
v 0.01050496 0.01388263 -0.2125851
v 0.007572174 0.01508808 -0.2163076
v 0.006593585 0.01506769 -0.2187733
v 0.004736602 0.01513147 -0.2204001
v 0.002769589 0.01494568 -0.2218798
v 0.002067029 0.01526075 -0.2210886
v 0.001310408 0.01553535 -0.2202392
v -0.001718938 0.01484787 -0.2221195
v -0.003480792 0.01479321 -0.2217233
v -0.004520714 0.01439529 -0.2221853
v -0.005574882 0.01393127 -0.2225679
v -0.006640136 0.01339918 -0.2228545
v -0.007712364 0.01279771 -0.2230281
v -0.0082497 0.01247054 -0.2230675
v -0.008787393 0.01212507 -0.2230731
v -0.01116418 0.01083976 -0.2223653
v -0.01011246 0.01163619 -0.2225743
v -0.0128768 0.008160948 -0.2219861
v -0.008027493 0.008117318 -0.2255342
v -0.007418394 0.008642792 -0.2257927
v -0.006979644 0.00807023 -0.2261156
v -0.006363451 0.008572757 -0.226345
v -0.005951285 0.007992684 -0.2266193
v -0.005331397 0.008468151 -0.2268176
v -0.008483529 0.008693456 -0.2251648
v -0.007883071 0.009206295 -0.2253964
v -0.007647871 0.008925676 -0.2256041
v -0.00704205 0.009415507 -0.225798
v -0.006808578 0.009138107 -0.2259991
v -0.0061993 0.009603977 -0.2261553
v -0.005747795 0.00904566 -0.2265233
v -0.005134165 0.009490072 -0.2266528
v -0.009081363 0.008150339 -0.2248806
v -0.01012754 0.00818783 -0.2241632
v -0.01115155 0.008250474 -0.2233924
v -0.0121383 0.008361697 -0.2225812
v -0.01254695 0.009084582 -0.2220584
v -0.01234602 0.008719861 -0.2223309
v -0.0118066 0.009253144 -0.2226272
v -0.01159226 0.008914172 -0.2229031
v -0.01103937 0.009439289 -0.223176
v -0.0105859 0.008807957 -0.2237101
v -0.01001453 0.009336769 -0.2239766
v -0.009544372 0.008741855 -0.2244676
v -0.008956909 0.009266257 -0.2247198
v -0.00812304 0.009484767 -0.2251691
v -0.00728172 0.00968945 -0.2255772
v -0.006436586 0.009876191 -0.2259424
v -0.00559175 0.01004171 -0.2262638
v -0.00475049 0.01018327 -0.2265413
v -0.004523396 0.009907364 -0.226736
v -0.003545582 0.01093709 -0.2265625
v -0.01274055 0.009454369 -0.2217619
v -0.01201522 0.009596586 -0.2223283
v -0.0112614 0.009759187 -0.2228763
v -0.01048237 0.009936094 -0.2234011
v -0.009439527 0.009836435 -0.2241935
v -0.008367002 0.009761095 -0.2249215
v -0.007526755 0.009960055 -0.2253363
v -0.006680727 0.01014381 -0.2257094
v -0.00583291 0.01030904 -0.2260398
v -0.004986763 0.0104525 -0.2263271
v -0.003787875 0.01119941 -0.2263299
v -0.002606809 0.011855 -0.2261863
v -0.005421519 0.01260662 -0.2244997
v -0.004846811 0.01216816 -0.225194
v -0.00598973 0.01228016 -0.2245706
v -0.005427241 0.01182752 -0.225248
v -0.006560683 0.01193261 -0.2246071
v -0.00601089 0.01146441 -0.2252656
v -0.00713402 0.01156282 -0.2246068
v -0.006020367 0.0130164 -0.2237197
v -0.006573677 0.01270622 -0.2238066
v -0.007128953 0.01237672 -0.2238612
v -0.007685959 0.01202696 -0.2238814
v -0.008244276 0.0116561 -0.223865
v -0.003837287 0.01407128 -0.2230923
v -0.00429517 0.01319903 -0.2242642
v -0.004922032 0.01358008 -0.2234575
v -0.004856467 0.01291263 -0.2243967
v -0.01221752 0.009943187 -0.222005
v -0.01147872 0.01008147 -0.222553
v -0.01071292 0.01023721 -0.2230798
v -0.009923219 0.01040458 -0.2235804
v -0.008862853 0.01030766 -0.2243629
v -0.00777626 0.01022726 -0.2250747
v -0.006930828 0.01040703 -0.2254559
v -0.006081283 0.01057076 -0.2257956
v -0.005231678 0.01071518 -0.2260929
v -0.004039824 0.01145344 -0.226077
v -0.002865076 0.01210141 -0.2259173
v -0.001710176 0.01266682 -0.2256353
v -0.01169127 0.01040488 -0.2222052
v -0.01094025 0.01053869 -0.2227346
v -0.01016324 0.01068758 -0.2232398
v -0.009363353 0.01084631 -0.2237163
v -0.008285701 0.01075172 -0.2244869
v -0.007186055 0.01066571 -0.2251815
v -0.00633645 0.01082688 -0.2255306
v -0.005484402 0.01097136 -0.2258381
v -0.004300713 0.01169955 -0.2258036
v -0.003133296 0.01233845 -0.2256278
v -0.001985192 0.01289564 -0.2253322
v -0.000307954 0.01292282 -0.2255464
v -0.001446127 0.01242768 -0.2259187
v -0.001193702 0.01217818 -0.2261825
v -0.002359092 0.01159924 -0.2264354
v -0.002122581 0.01133376 -0.2266647
v -0.003313541 0.01066637 -0.2267754
v -0.003092229 0.01038724 -0.2269687
v -0.004306137 0.0096246 -0.2269116
v -0.00409919 0.009334981 -0.2270685
v -0.004713714 0.008915126 -0.2269665
v 0.001896858 0.01369291 -0.2245495
v 0.00080667 0.01334387 -0.2250857
v 0.00024609 0.01378357 -0.2244532
v -0.008803486 0.01126307 -0.2238106
v -0.007709205 0.01116967 -0.2245675
v -0.00659734 0.01107764 -0.2252443
v -0.005744457 0.01122111 -0.2255625
v -0.004569888 0.01193773 -0.2255094
v -0.003410995 0.0125665 -0.225318
v 0.002961993 0.01397126 -0.2239478
v 0.00400114 0.01417994 -0.2232878
v 0.003415226 0.01458668 -0.222613
v 0.005399346 0.01478451 -0.2211315
v 0.005012989 0.01431936 -0.2225754
v 0.001748621 0.01475644 -0.2225553
v 3.09548e-05 0.01483952 -0.222394
v -0.004270136 0.01248735 -0.2251064
v -0.003697574 0.01278585 -0.2249875
v -0.003184676 0.0137149 -0.2239193
v -0.002768874 0.01449292 -0.2226414
v -0.000364071 0.01417875 -0.2237482
v -0.001020073 0.01453244 -0.2229702
v -0.000688568 0.01513832 -0.2215391
v 0.008391618 0.0138899 -0.2208053
v 0.008625805 0.01365041 -0.2211108
v 0.009854078 0.01378917 -0.2186869
v 0.01138162 0.01320225 -0.2167583
v 0.01010048 0.01356273 -0.2189999
v 0.01161563 0.01297098 -0.2170661
v 0.01032638 0.01332461 -0.2193061
v 0.01182764 0.01273036 -0.2173701
v 0.01201802 0.01248008 -0.2176703
v 0.009795546 0.01415318 -0.216773
v 0.01038187 0.0137456 -0.2174206
v 0.008993685 0.0144037 -0.2177078
v 0.009587287 0.01400446 -0.2183672
v 0.008321285 0.01476383 -0.2170213
v 0.01410132 0.009232044 -0.2089532
v 0.01423233 0.008466243 -0.2087047
v 0.01427739 0.008947312 -0.2092697
v 0.01437884 0.008185863 -0.2090356
v 0.01443034 0.008670151 -0.209596
v 0.01450532 0.007914364 -0.209376
v 0.01456171 0.00840044 -0.2099315
v 0.01361787 0.007153153 -0.2067136
v 0.01382565 0.007715404 -0.2072608
v 0.01397347 0.008250236 -0.2078188
v 0.01406413 0.008755981 -0.208384
v 0.01124113 0.0134775 -0.213203
v 0.01245087 0.01256251 -0.2127802
v 0.0118857 0.01304948 -0.2138156
v 0.01298469 0.01208955 -0.2133793
v 0.01243609 0.01259797 -0.214425
v 0.01430946 0.00995177 -0.2112733
v 0.01413577 0.01021802 -0.2109599
v 0.01422482 0.00982213 -0.2103994
v 0.01393687 0.0104866 -0.2106537
v 0.01403325 0.01009625 -0.2100902
v 0.01371186 0.01075738 -0.2103552
v 0.01381582 0.0103743 -0.2097899
v 0.0129323 0.0120092 -0.2117172
v 0.01331382 0.011379 -0.2106232
v 0.01320236 0.01176112 -0.212011
v 0.01357257 0.01111495 -0.2109143
v 0.01344656 0.01151078 -0.2123089
v 0.01380461 0.0108512 -0.2112119
v 0.01366519 0.0112583 -0.2126104
v 0.01401042 0.01058804 -0.2115158
v 0.01385873 0.01100373 -0.2129157
v 0.01419097 0.01032572 -0.2118258
v 0.01402783 0.01074713 -0.2132245
v 0.01434701 0.01006424 -0.2121414
v 0.0136013 0.01134765 -0.2142893
v 0.01341986 0.0115993 -0.2139844
v 0.01321446 0.0118466 -0.2136811
v 0.0144332 0.009125351 -0.2101572
v 0.01427346 0.009398996 -0.2098354
v 0.01408958 0.009678542 -0.2095227
v 0.01388025 0.00996387 -0.2092199
v 0.01345282 0.007471144 -0.2063952
v 0.01365214 0.008027493 -0.206945
v 0.01379102 0.008556067 -0.2075062
v 0.0138725 0.009055316 -0.2080749
v 0.01390063 0.009524524 -0.2086474
v 0.01326811 0.007804453 -0.2060906
v 0.0134567 0.008353114 -0.2066427
v 0.01358485 0.008873641 -0.2072067
v 0.01365596 0.009364426 -0.2077782
v 0.01367413 0.009824693 -0.2083532
v 0.01364439 0.01025485 -0.2089277
v 0.01323837 0.008692979 -0.2063544
v 0.013354 0.009203135 -0.2069208
v 0.01341342 0.009683132 -0.2074944
v 0.01342087 0.01013225 -0.2080709
v 0.01338142 0.01055121 -0.2086461
v 0.01329994 0.01094126 -0.2092171
v 0.01309847 0.009544134 -0.2066479
v 0.01314485 0.01001077 -0.2072232
v 0.01314055 0.01044642 -0.2078002
v 0.0130909 0.01085191 -0.208375
v 0.01300066 0.01122897 -0.2089444
v 0.01231426 0.01249706 -0.2111399
v 0.01181817 0.01301765 -0.212186
v 0.0128743 0.01157975 -0.2095065
v 0.01271551 0.01190632 -0.21006
v 0.01263624 0.01225453 -0.2114269
v 0.01283329 0.01076608 -0.2075405
v 0.01277303 0.0111562 -0.2081136
v 0.01267415 0.01151829 -0.20868
v 0.0130282 0.01164299 -0.2103385
v 0.008957564 0.01079469 -0.2241679
v 0.009006977 0.009931623 -0.2245246
v 0.00808072 0.01032108 -0.225046
v 0.01060783 0.008959472 -0.2233818
v 0.009814977 0.008996009 -0.2241297
v 0.008969724 0.008978307 -0.2248277
v 0.008823096 0.01157259 -0.2237596
v 0.00860548 0.01227098 -0.2233018
v 0.00830686 0.01289618 -0.2227964
v 0.009500503 0.01222926 -0.2224902
v 0.00970757 0.01154232 -0.2229692
v 0.01054292 0.01144456 -0.22213
v 0.01065194 0.01069748 -0.2225896
v 0.0114181 0.01055181 -0.221732
v 0.01142477 0.009749889 -0.2221804
v 0.01211386 0.009567737 -0.2213176
v 0.01201719 0.008720219 -0.2217651
v 0.01262474 0.008516311 -0.2209135
v 0.01242673 0.007636368 -0.2213716
v 0.01340705 0.007168233 -0.2197242
v 0.007180809 0.01316744 -0.2233119
v 0.007929563 0.01345431 -0.2222453
v 0.009210824 0.01284533 -0.2219687
v 0.01034849 0.01211822 -0.2216314
v 0.01132434 0.01127916 -0.221248
v 0.01212364 0.0103411 -0.2208384
v 0.01273685 0.009324431 -0.2204278
v 0.01316249 0.008256018 -0.2200459
v 0.00884056 0.01339697 -0.2214066
v 0.0100702 0.01272469 -0.2210958
v 0.01114469 0.01193803 -0.2207309
v 0.01204693 0.01104629 -0.2203301
v 0.01276379 0.01006579 -0.2199171
v 0.01328969 0.009020209 -0.2195206
v 0.01362735 0.007938861 -0.219172
v 0.01296567 0.01155483 -0.2172594
v 0.01267093 0.01208394 -0.2166645
v 0.01249027 0.01233547 -0.2163636
v 0.01228713 0.0125789 -0.2160604
v 0.01206147 0.01281434 -0.2157551
v 0.01112592 0.01342445 -0.2164466
v 0.01181322 0.01304215 -0.2154476
v 0.01054924 0.01384341 -0.2158119
v 0.01124858 0.01347559 -0.2148259
v 0.00988692 0.01423031 -0.2151612
v 0.01059424 0.01388102 -0.2141942
v 0.01371085 0.0105378 -0.2168421
v 0.01317334 0.01098835 -0.217844
v 0.01233339 0.01194846 -0.2182587
v 0.01130294 0.01281046 -0.2186521
v 0.01256239 0.01137214 -0.2188304
v 0.01163625 0.01227533 -0.2192351
v 0.01053184 0.01307427 -0.2196053
v 0.009709477 0.01327008 -0.2205251
v 0.01088023 0.01253443 -0.2201827
v 0.01188439 0.011689 -0.2197949
v 0.01270574 0.01074641 -0.2193838
v 0.01333421 0.009726345 -0.2189767
v 0.01376825 0.00865525 -0.2186047
v 0.01401644 0.007564127 -0.2183001
v 0.01481473 0.007719159 -0.2151678
v 0.01457595 0.008322894 -0.2161175
v 0.01424556 0.0088557 -0.2170705
v 0.01382976 0.00932306 -0.2180255
v 0.01484102 0.008244991 -0.2144724
v 0.01459223 0.008884847 -0.2154616
v 0.0142458 0.009450793 -0.2164503
v 0.01381123 0.00994879 -0.2174372
v 0.01329571 0.01038044 -0.2184171
v 0.01267576 0.01236331 -0.2147291
v 0.01289182 0.01212251 -0.2150326
v 0.01308465 0.01187539 -0.2153359
v 0.01325446 0.01162183 -0.2156386
v 0.0134015 0.01136153 -0.2159408
v 0.01352638 0.01109439 -0.2162421
v 0.01409769 0.01029527 -0.2155203
v 0.01400679 0.01056557 -0.2152112
v 0.01439595 0.009964764 -0.2141694
v 0.01429551 0.01022768 -0.2138516
v 0.01459002 0.009543538 -0.2127878
v 0.01447963 0.009803533 -0.2124623
v 0.01465559 0.009024143 -0.2113735
v 0.01468586 0.008594989 -0.210825
v 0.01357156 0.01065617 -0.2094989
v 0.01479727 0.008765339 -0.2137883
v 0.01453363 0.009431004 -0.2148117
v 0.01416742 0.01001954 -0.21583
v 0.01447498 0.009699225 -0.2144895
v 0.01467907 0.009283959 -0.2131175
v 0.01474779 0.009024679 -0.2134512
v 0.01483559 0.008510828 -0.2120551
v 0.01489716 0.008258879 -0.2124038
v 0.01484125 0.007631838 -0.210983
v 0.01494377 0.0071491 -0.2117164
v 0.01475542 0.008765757 -0.2117115
v 0.004128754 0.008581638 -0.2273163
v 0.005167067 0.008374869 -0.2270042
v 0.004132926 0.008092582 -0.2273715
v 0.006142139 0.008083879 -0.2266368
v 0.004117846 0.007582366 -0.2274104
v 0.003061056 0.008237719 -0.2276218
v 0.00187999 0.008719146 -0.2277539
v 0.003032088 0.008697986 -0.227568
v 0.008033275 0.008388757 -0.2255811
v 0.008844494 0.007931232 -0.2250755
v 0.008077383 0.008906841 -0.2254694
v 0.007158637 0.009279966 -0.2259405
v 0.008099913 0.009401381 -0.2253428
v 0.008100986 0.009872615 -0.2252016
v 0.007127285 0.01020652 -0.2256777
v 0.007153332 0.009754598 -0.2258167
v 0.006137371 0.0100308 -0.226243
v 0.006169021 0.009577929 -0.2263651
v 0.005115032 0.009794294 -0.2267377
v 0.005151987 0.009342908 -0.2268426
v 0.004063427 0.009496927 -0.2271577
v 0.004105627 0.009049654 -0.227245
v 0.002984583 0.009138703 -0.2274983
v -0.003718554 0.008734166 -0.2273281
v -0.00390309 0.009038209 -0.2272072
v -0.002683997 0.009802699 -0.2272987
v -0.002882122 0.01009941 -0.227143
v -0.001685023 0.0107727 -0.227065
v -0.001897752 0.01105833 -0.2268744
v -0.000725507 0.01164633 -0.2266521
v -0.000953324 0.01191776 -0.2264268
v 0.000192523 0.01242423 -0.2260819
v -5.12325e-05 0.01267933 -0.2258235
v 0.00273317 0.01034879 -0.2271928
v 0.001616299 0.009910881 -0.2275009
v 0.001809597 0.009133279 -0.2276857
v 0.000473834 0.009404659 -0.2277147
v 0.005058526 0.01022452 -0.226617
v 0.006085753 0.01046192 -0.2261055
v 0.007080674 0.01063627 -0.2255238
v 0.006014168 0.01087188 -0.2259525
v 0.004887998 0.01102375 -0.2263283
v 0.003707528 0.01108956 -0.226648
v 0.002613723 0.01071667 -0.2270584
v 0.001493871 0.01027536 -0.227384
v 0.000348263 0.009764373 -0.2276157
v 0.008039474 0.01074737 -0.2248764
v 0.007013559 0.01104462 -0.2253552
v 0.005923092 0.01126128 -0.2257844
v 0.004774451 0.0113942 -0.2261605
v 0.00357306 0.01144152 -0.2264805
v 0.002476871 0.01106786 -0.2269076
v 0.001354694 0.01062434 -0.2272505
v 0.000206656 0.01011013 -0.2274997
v 0.001199126 0.01095861 -0.2271
v 0.002323091 0.0114029 -0.22674
v 0.003420889 0.01177632 -0.2262967
v 0.004642248 0.01174587 -0.2259771
v 0.005812585 0.01163071 -0.2256011
v 0.006926417 0.01143199 -0.225172
v 0.007977306 0.01115196 -0.2246928
v 0.001313865 0.01285624 -0.2256461
v 0.001546204 0.01259326 -0.2258998
v 0.000422804 0.01215696 -0.2263218
v 0.000639105 0.01187711 -0.2265433
v -0.000510807 0.01136338 -0.2268583
v -0.00030974 0.01106876 -0.227046
v -0.001485168 0.01047658 -0.2272368
v -0.001298666 0.0101698 -0.2273899
v -0.002498269 0.009496808 -0.227436
v -0.002325475 0.009181499 -0.2275555
v -0.003546059 0.008422434 -0.2274317
v -0.004622042 0.007249057 -0.2271994
v -0.002166092 0.008856534 -0.2276573
v -0.000967353 0.009522616 -0.2276421
v -0.001125872 0.009851932 -0.2275249
v 4.94768e-05 0.01044255 -0.2273663
v -0.000122813 0.01076185 -0.2272152
v 0.001027703 0.01127851 -0.2269321
v 0.000840929 0.01158452 -0.2267466
v 0.001966059 0.01202684 -0.2263543
v 0.001763761 0.01231706 -0.2261357
v 0.002862811 0.01268452 -0.2256476
v 0.002410054 0.01321578 -0.2251321
v 0.003935456 0.0129804 -0.2250876
v 0.003480434 0.01350373 -0.2245491
v 0.004980564 0.01320505 -0.2244625
v 0.004523873 0.01372092 -0.2239043
v 0.005539119 0.01386761 -0.2232033
v 0.006523907 0.01394438 -0.2224504
v 0.002152681 0.01172232 -0.2265557
v 0.003251612 0.01209467 -0.2260968
v 0.004491925 0.01207959 -0.2257781
v 0.005682945 0.01198101 -0.225403
v 0.006819367 0.01179909 -0.2249745
v 0.007894515 0.01153582 -0.2244955
v 0.005534708 0.01231276 -0.2251899
v 0.006692647 0.01214689 -0.2247627
v 0.00779134 0.01189941 -0.2242848
v 0.007362604 0.01287674 -0.2235742
v 0.006198227 0.01308113 -0.2240443
v 0.00638175 0.0127871 -0.2242975
v 0.0051831 0.01292401 -0.2247196
v 0.005367875 0.01262688 -0.2249621
v 0.004138231 0.01269614 -0.2253333
v 0.00432384 0.01239609 -0.2255635
v 0.003065407 0.01239717 -0.2258804
v 0.04516714 -0.06169992 0.01697003
v 0.04516714 -0.04819995 0.01697003
v 0.04353982 -0.04819995 0.0207929
v 0.04353982 -0.06169992 0.0207929
v 0.04158955 -0.04819995 0.02446144
v 0.04158955 -0.06169992 0.02446144
v 0.01531744 -0.06169992 -0.04575407
v 0.01531744 -0.04819995 -0.04575407
v 0.01845955 -0.04819995 -0.04457908
v 0.01845955 -0.06169992 -0.04457908
v 0.0215125 -0.04819995 -0.04318875
v 0.0215125 -0.06169992 -0.04318875
v 0.02446144 -0.04819995 -0.04158955
v 0.02446144 -0.06169992 -0.04158955
v -0.04516714 -0.06169992 -0.01697003
v -0.04516714 -0.04819995 -0.01697003
v -0.04353982 -0.04819995 -0.0207929
v -0.04353982 -0.06169992 -0.0207929
v -0.04158955 -0.04819995 -0.02446144
v -0.04158955 -0.06169992 -0.02446144
v -0.01732069 -0.06169992 0.04503393
v -0.01732069 -0.04819995 0.04503393
v -0.02096194 -0.04819995 0.04345864
v -0.02096194 -0.06169992 0.04345864
v -0.02446144 -0.04819995 0.04158955
v -0.02446144 -0.06169992 0.04158955
v 0.01959609 -0.06169992 0.0440914
v 0.01959609 -0.04819995 0.0440914
v 0.01590752 -0.04819995 0.04555225
v 0.01590752 -0.06169992 0.04555225
v 0.0121113 -0.04819995 0.04670512
v 0.0121113 -0.06169992 0.04670512
v -0.01959609 -0.06169992 -0.0440914
v -0.01959609 -0.04819995 -0.0440914
v -0.01647561 -0.04819995 -0.04534983
v -0.01647561 -0.06169992 -0.04534983
v -0.01327502 -0.04819995 -0.04638785
v -0.01327502 -0.06169992 -0.04638785
v -0.0440914 -0.04819995 0.01959609
v -0.04516714 -0.04819995 0.01697003
v -0.0440914 -0.06169992 0.01959609
v -0.04516714 -0.06169992 0.01697003
v 0.0440914 -0.04819995 -0.01959609
v 0.04516714 -0.04819995 -0.01697003
v 0.0440914 -0.06169992 -0.01959609
v 0.04516714 -0.06169992 -0.01697003
v 0.01293742 -0.06169992 -0.007469356
v 0.01293742 -0.06169992 0.007469356
v 0 -0.06169992 0.007469356
v -0.04691302 -0.06169992 -0.002856314
v -0.04640799 -0.06169992 -0.01115131
v -0.03324997 -0.06169992 -0.007469356
v -0.002730846 -0.06169992 -0.03609681
v 0.001008272 -0.06169992 -0.03618592
v 0 -0.06169992 -0.03180766
v 0.01293742 -0.06169992 -0.03180766
v 0.01302289 -0.06169992 -0.03416144
v 0.0132578 -0.06169992 -0.03427284
v 0.01346993 -0.06169992 -0.03442317
v 0.03747302 -0.06169992 -0.03157156
v 0.01365292 -0.06169992 -0.03460776
v 0.0139774 -0.06169992 -0.03530842
v 0.03561067 -0.06169992 -0.03365808
v 0.01399993 -0.06169992 -0.0355674
v 0.01380121 -0.06169992 -0.03482133
v 0.01391053 -0.06169992 -0.03505712
v 0.02901738 -0.06169992 -0.03890997
v 0.01515024 -0.06169992 -0.04579436
v 0.01399993 -0.06169992 -0.04480582
v 0.03137665 -0.06169992 -0.03736877
v 0.03358089 -0.06169992 -0.035613
v 0.01464235 -0.06169992 -0.04573971
v 0.0148077 -0.06169992 -0.04578709
v 0.01497864 -0.06169992 -0.04580557
v 0.01401478 -0.06169992 -0.04497706
v 0.01405858 -0.06169992 -0.0451433
v 0.01413041 -0.06169992 -0.04529958
v 0.0142278 -0.06169992 -0.04544126
v 0.01434808 -0.06169992 -0.04556417
v 0.01448774 -0.06169992 -0.0456646
v 0.01225435 -0.06169992 -0.03408753
v 0.01251351 -0.06169992 -0.03406745
v 0.01277238 -0.06169992 -0.03409224
v 0.004736721 -0.06169992 -0.03588873
v 0.008414566 -0.06169992 -0.0352084
v 0.01200258 -0.06169992 -0.03415215
v -0.01197868 -0.06169992 -0.03595674
v -0.01191562 -0.06169992 -0.03571242
v -0.01293742 -0.06169992 -0.03180766
v -0.01199996 -0.06169992 -0.03620827
v -0.01149863 -0.06169992 -0.03508895
v -0.01129674 -0.06169992 -0.03493744
v -0.01181238 -0.06169992 -0.03548198
v -0.01167207 -0.06169992 -0.0352723
v -0.01107239 -0.06169992 -0.03482174
v -0.01083189 -0.06169992 -0.03474545
v -0.01058191 -0.06169992 -0.03471046
v -0.01199996 -0.06169992 -0.04542636
v -0.01294243 -0.06169992 -0.04642468
v -0.01277613 -0.06169992 -0.04640108
v -0.01032966 -0.06169992 -0.03471791
v -0.01008212 -0.06169992 -0.03476756
v -0.006440877 -0.06169992 -0.03562229
v -0.01261621 -0.06169992 -0.04634988
v -0.01246708 -0.06169992 -0.04627257
v -0.01201409 -0.06169992 -0.04559373
v -0.01221776 -0.06169992 -0.04604935
v -0.01212447 -0.06169992 -0.0459097
v -0.01205599 -0.06169992 -0.04575634
v -0.01233297 -0.06169992 -0.04617148
v -0.03365808 -0.06169992 -0.03561067
v -0.03157156 -0.06169992 -0.03747302
v -0.02933359 -0.06169992 -0.03918552
v -0.01311028 -0.06169992 -0.04642027
v -0.02694469 -0.06169992 -0.0406804
v -0.02442622 -0.06169992 -0.04194468
v -0.03890997 -0.06169992 -0.02901738
v -0.03324997 -0.06169992 -0.03180766
v -0.03736877 -0.06169992 -0.03137665
v -0.035613 -0.06169992 -0.03358089
v -0.04600512 -0.06169992 -0.01410704
v -0.04699999 -0.06169992 0
v -0.03324997 -0.06169992 0.007469356
v -0.04691302 -0.06169992 0.002856314
v -0.04194468 -0.06169992 0.02442622
v -0.03561067 -0.06169992 0.03365808
v -0.03747302 -0.06169992 0.03157156
v -0.04600512 -0.06169992 0.01410704
v -0.04640799 -0.06169992 0.01115131
v -0.03918552 -0.06169992 0.02933359
v -0.0406804 -0.06169992 0.02694469
v -0.01293742 -0.06169992 0.007469356
v -0.02901738 -0.06169992 0.03890997
v -0.03137665 -0.06169992 0.03736877
v -0.03358089 -0.06169992 0.035613
v -0.007855415 -0.06169992 0.01282459
v -0.008234262 -0.06169992 0.01272302
v -0.0107392 -0.06169992 0.01570838
v -0.01057344 -0.06169992 0.01606386
v -0.01034849 -0.06169992 0.01638513
v -0.01007115 -0.06169992 0.01666247
v -0.007855415 -0.06169992 0.01705318
v 6.22257e-07 -0.06169992 0.04898756
v -0.008234262 -0.06169992 0.01715475
v -0.001380622 -0.06169992 0.04898053
v -0.006374955 -0.06169992 0.01493889
v -0.006409168 -0.06169992 0.01454818
v -0.006901383 -0.06169992 0.01349264
v -0.007178664 -0.06169992 0.0132153
v -0.007499933 -0.06169992 0.01299029
v -0.00862497 -0.06169992 0.01268893
v -0.009015679 -0.06169992 0.01272302
v -0.007499933 -0.06169992 0.01688748
v -0.007178664 -0.06169992 0.01666247
v -0.006901383 -0.06169992 0.01638513
v -0.006676435 -0.06169992 0.01606386
v -0.006510615 -0.06169992 0.01570838
v -0.006409168 -0.06169992 0.01532953
v -0.009394526 -0.06169992 0.01282459
v -0.009749948 -0.06169992 0.01299029
v -0.01007115 -0.06169992 0.0132153
v -0.006510615 -0.06169992 0.01416939
v -0.006676435 -0.06169992 0.01381391
v -0.01034849 -0.06169992 0.01349264
v -0.01057344 -0.06169992 0.01381391
v -0.0107392 -0.06169992 0.01416939
v -0.01084077 -0.06169992 0.01454818
v -0.01087492 -0.06169992 0.01493889
v -0.01084077 -0.06169992 0.01532953
v -0.009749948 -0.06169992 0.01688748
v -0.009394526 -0.06169992 0.01705318
v -0.01238739 -0.06169992 0.04693126
v -0.009015679 -0.06169992 0.01715475
v -0.009712576 -0.06169992 0.0478183
v -0.00862497 -0.06169992 0.0171889
v -0.006966352 -0.06169992 0.04845035
v -0.004172921 -0.06169992 0.04882192
v 0.01087492 -0.06169992 0.01493889
v 0.01084077 -0.06169992 0.01454818
v 0.0107392 -0.06169992 0.01416939
v 0.01007115 -0.06169992 0.0132153
v 0.009749948 -0.06169992 0.01299029
v 0.009394526 -0.06169992 0.01282459
v 0.01057344 -0.06169992 0.01606386
v 0.0107392 -0.06169992 0.01570838
v 0.01084077 -0.06169992 0.01532953
v 0.01057344 -0.06169992 0.01381391
v 0.01034849 -0.06169992 0.01349264
v 0.007855415 -0.06169992 0.01705318
v 0.001436769 -0.06169992 0.04892748
v 0.008234262 -0.06169992 0.01715475
v 0.004236996 -0.06169992 0.04861032
v 0.00862497 -0.06169992 0.0171889
v 0.006995022 -0.06169992 0.04803186
v 0.009015679 -0.06169992 0.01715475
v 0.009394526 -0.06169992 0.01705318
v 0.009749948 -0.06169992 0.01688748
v 0.01007115 -0.06169992 0.01666247
v 0.01034849 -0.06169992 0.01638513
v 0.006676435 -0.06169992 0.01606386
v 0.006901383 -0.06169992 0.01638513
v 0.009015679 -0.06169992 0.01272302
v 0.00862497 -0.06169992 0.01268893
v 0.008234262 -0.06169992 0.01272302
v 0.007855415 -0.06169992 0.01282459
v 0.007178664 -0.06169992 0.01666247
v 0.007499933 -0.06169992 0.01688748
v 0.007499933 -0.06169992 0.01299029
v 0.007178664 -0.06169992 0.0132153
v 0.006901383 -0.06169992 0.01349264
v 0.006676435 -0.06169992 0.01381391
v 0.006510615 -0.06169992 0.01416939
v 0.006409168 -0.06169992 0.01454818
v 0.006374955 -0.06169992 0.01493889
v 0.006409168 -0.06169992 0.01532953
v 0.006510615 -0.06169992 0.01570838
v 0.03890997 -0.06169992 0.02901738
v 0.04640799 -0.06169992 0.01115131
v 0.04600512 -0.06169992 0.01410704
v 0.03365808 -0.06169992 0.03561067
v 0.03157156 -0.06169992 0.03747302
v 0.02933359 -0.06169992 0.03918552
v 0.02694469 -0.06169992 0.0406804
v 0.02442622 -0.06169992 0.04194468
v 0.03736877 -0.06169992 0.03137665
v 0.035613 -0.06169992 0.03358089
v 0.01936423 -0.06169992 -0.000769545
v 0.01919847 -0.06169992 -0.001124978
v 0.04640799 -0.06169992 -0.01115131
v 0.01897352 -0.06169992 -0.001446247
v 0.01869618 -0.06169992 -0.001723527
v 0.01837491 -0.06169992 -0.001948535
v 0.01685929 -0.06169992 -0.002215743
v 0.01648044 -0.06169992 -0.002114236
v 0.01612496 -0.06169992 -0.001948535
v 0.01580369 -0.06169992 -0.001723527
v 0.01552635 -0.06169992 -0.001446247
v 0.01530134 -0.06169992 -0.001124978
v 0.01513558 -0.06169992 -0.000769545
v 0.01801943 -0.06169992 -0.002114236
v 0.01764065 -0.06169992 -0.002215743
v 0.01725 -0.06169992 -0.002249956
v 0.01503407 -0.06169992 -0.000390708
v 0.01499992 -0.06169992 0
v 0.01503407 -0.06169992 0.000390708
v 0.01513558 -0.06169992 0.000769545
v 0.0194658 -0.06169992 -0.000390708
v 0.04691302 -0.06169992 -0.002856314
v 0.01949989 -0.06169992 0
v 0.04699999 -0.06169992 0
v 0.0194658 -0.06169992 0.000390708
v 0.04691302 -0.06169992 0.002856314
v 0.01936423 -0.06169992 0.000769545
v 0.01919847 -0.06169992 0.001124978
v 0.01530134 -0.06169992 0.001124978
v 0.01552635 -0.06169992 0.001446247
v 0.01580369 -0.06169992 0.001723527
v 0.01837491 -0.06169992 0.001948535
v 0.01869618 -0.06169992 0.001723527
v 0.01897352 -0.06169992 0.001446247
v 0.01612496 -0.06169992 0.001948535
v 0.01648044 -0.06169992 0.002114236
v 0.01685929 -0.06169992 0.002215743
v 0.01725 -0.06169992 0.002249956
v 0.01764065 -0.06169992 0.002215743
v 0.01801943 -0.06169992 0.002114236
v 0.04600512 -0.06169992 -0.01410704
v 0.03918552 -0.06169992 -0.02933359
v 0.0406804 -0.06169992 -0.02694469
v 0.04194468 -0.06169992 -0.02442622
v -0.0194658 -0.06169992 0.000390708
v -0.01936423 -0.06169992 0.000769545
v -0.01499992 -0.06169992 0
v -0.01503407 -0.06169992 -0.000390708
v -0.01293742 -0.06169992 -0.007469356
v -0.01513558 -0.06169992 -0.000769545
v -0.01530134 -0.06169992 -0.001124978
v -0.01919847 -0.06169992 -0.001124978
v -0.01897352 -0.06169992 -0.001446247
v -0.01869618 -0.06169992 -0.001723527
v -0.01580369 -0.06169992 0.001723527
v -0.01552635 -0.06169992 0.001446247
v -0.01552635 -0.06169992 -0.001446247
v -0.01580369 -0.06169992 -0.001723527
v -0.01612496 -0.06169992 -0.001948535
v -0.01919847 -0.06169992 0.001124978
v -0.01897352 -0.06169992 0.001446247
v -0.01869618 -0.06169992 0.001723527
v -0.01725 -0.06169992 0.002249956
v -0.01685929 -0.06169992 0.002215743
v -0.01530134 -0.06169992 0.001124978
v -0.01513558 -0.06169992 0.000769545
v -0.01503407 -0.06169992 0.000390708
v -0.01648044 -0.06169992 -0.002114236
v -0.01685929 -0.06169992 -0.002215743
v -0.01725 -0.06169992 -0.002249956
v -0.01764065 -0.06169992 -0.002215743
v -0.01801943 -0.06169992 -0.002114236
v -0.01837491 -0.06169992 -0.001948535
v -0.01936423 -0.06169992 -0.000769545
v -0.0194658 -0.06169992 -0.000390708
v -0.01949989 -0.06169992 0
v -0.01837491 -0.06169992 0.001948535
v -0.01801943 -0.06169992 0.002114236
v -0.01764065 -0.06169992 0.002215743
v -0.01648044 -0.06169992 0.002114236
v -0.01612496 -0.06169992 0.001948535
v 0.01087492 -0.06169992 -0.01493889
v 0.007855415 -0.06169992 -0.01705318
v 0.007499933 -0.06169992 -0.01688748
v 0.009749948 -0.06169992 -0.01688748
v 0.009394526 -0.06169992 -0.01705318
v 0.01084077 -0.06169992 -0.01532953
v 0.0107392 -0.06169992 -0.01570838
v 0.01057344 -0.06169992 -0.01606386
v 0.006901383 -0.06169992 -0.01349264
v 0.007178664 -0.06169992 -0.0132153
v 0 -0.06169992 -0.007469356
v 0.01034849 -0.06169992 -0.01638513
v 0.01007115 -0.06169992 -0.01666247
v 0.009015679 -0.06169992 -0.01715475
v 0.00862497 -0.06169992 -0.0171889
v 0.008234262 -0.06169992 -0.01715475
v 0.007178664 -0.06169992 -0.01666247
v 0.006901383 -0.06169992 -0.01638513
v 0.006676435 -0.06169992 -0.01606386
v 0.00862497 -0.06169992 -0.01268893
v 0.009015679 -0.06169992 -0.01272302
v 0.009394526 -0.06169992 -0.01282459
v 0.009749948 -0.06169992 -0.01299029
v 0.007499933 -0.06169992 -0.01299029
v 0.007855415 -0.06169992 -0.01282459
v 0.008234262 -0.06169992 -0.01272302
v 0.01007115 -0.06169992 -0.0132153
v 0.01034849 -0.06169992 -0.01349264
v 0.01057344 -0.06169992 -0.01381391
v 0.0107392 -0.06169992 -0.01416939
v 0.01084077 -0.06169992 -0.01454818
v 0.006409168 -0.06169992 -0.01454818
v 0.006510615 -0.06169992 -0.01416939
v 0.006676435 -0.06169992 -0.01381391
v 0.006510615 -0.06169992 -0.01570838
v 0.006409168 -0.06169992 -0.01532953
v 0.006374955 -0.06169992 -0.01493889
v -0.006510615 -0.06169992 -0.01570838
v -0.006676435 -0.06169992 -0.01606386
v -0.006901383 -0.06169992 -0.01638513
v -0.007178664 -0.06169992 -0.01666247
v -0.007499933 -0.06169992 -0.01688748
v -0.0107392 -0.06169992 -0.01416939
v -0.01057344 -0.06169992 -0.01381391
v -0.007855415 -0.06169992 -0.01705318
v -0.008234262 -0.06169992 -0.01715475
v -0.00862497 -0.06169992 -0.0171889
v -0.009015679 -0.06169992 -0.01715475
v -0.01034849 -0.06169992 -0.01349264
v -0.01007115 -0.06169992 -0.0132153
v -0.009749948 -0.06169992 -0.01299029
v -0.009394526 -0.06169992 -0.01282459
v -0.009015679 -0.06169992 -0.01272302
v -0.00862497 -0.06169992 -0.01268893
v -0.009394526 -0.06169992 -0.01705318
v -0.009749948 -0.06169992 -0.01688748
v -0.01007115 -0.06169992 -0.01666247
v -0.0107392 -0.06169992 -0.01570838
v -0.01084077 -0.06169992 -0.01532953
v -0.01087492 -0.06169992 -0.01493889
v -0.01084077 -0.06169992 -0.01454818
v -0.008234262 -0.06169992 -0.01272302
v -0.006510615 -0.06169992 -0.01416939
v -0.006409168 -0.06169992 -0.01454818
v -0.006374955 -0.06169992 -0.01493889
v -0.006409168 -0.06169992 -0.01532953
v -0.01034849 -0.06169992 -0.01638513
v -0.01057344 -0.06169992 -0.01606386
v -0.007855415 -0.06169992 -0.01282459
v -0.007499933 -0.06169992 -0.01299029
v -0.007178664 -0.06169992 -0.0132153
v -0.006901383 -0.06169992 -0.01349264
v -0.006676435 -0.06169992 -0.01381391
v 0.004736721 -0.04819995 -0.03588873
v 0.001008272 -0.04819995 -0.03618592
v 0 -0.04819995 -0.03180766
v -0.03561067 -0.04819995 0.03365808
v -0.03358089 -0.04819995 0.035613
v -0.03324997 -0.04819995 0.007469356
v 0.01346993 -0.04819995 -0.03442317
v 0.0132578 -0.04819995 -0.03427284
v 0.01293742 -0.04819995 -0.03180766
v 0.0139774 -0.04819995 -0.03530842
v 0.01391053 -0.04819995 -0.03505712
v 0.03747302 -0.04819995 -0.03157156
v 0.01380121 -0.04819995 -0.03482133
v 0.01365292 -0.04819995 -0.03460776
v 0.01399993 -0.04819995 -0.0355674
v 0.03561067 -0.04819995 -0.03365808
v 0.03358089 -0.04819995 -0.035613
v 0.03137665 -0.04819995 -0.03736877
v 0.02901738 -0.04819995 -0.03890997
v 0.01399993 -0.04819995 -0.04480582
v 0.01515024 -0.04819995 -0.04579436
v 0.01497864 -0.04819995 -0.04580557
v 0.0148077 -0.04819995 -0.04578709
v 0.01434808 -0.04819995 -0.04556417
v 0.0142278 -0.04819995 -0.04544126
v 0.01413041 -0.04819995 -0.04529958
v 0.01405858 -0.04819995 -0.0451433
v 0.01401478 -0.04819995 -0.04497706
v 0.01464235 -0.04819995 -0.04573971
v 0.01448774 -0.04819995 -0.0456646
v 0.01293742 -0.04819995 -0.007469356
v 0.04194468 -0.04819995 -0.02442622
v 0.04640799 -0.04819995 -0.01115131
v 0.04600512 -0.04819995 -0.01410704
v 0.03918552 -0.04819995 -0.02933359
v 0.0406804 -0.04819995 -0.02694469
v 0.01837491 -0.04819995 -0.001948535
v 0.01869618 -0.04819995 -0.001723527
v 0.01897352 -0.04819995 -0.001446247
v 0.01499992 -0.04819995 0
v 0.01503407 -0.04819995 -0.000390708
v 0.01513558 -0.04819995 -0.000769545
v 0.01530134 -0.04819995 -0.001124978
v 0.01552635 -0.04819995 -0.001446247
v 0.01580369 -0.04819995 -0.001723527
v 0.01612496 -0.04819995 -0.001948535
v 0.01648044 -0.04819995 -0.002114236
v 0.01685929 -0.04819995 -0.002215743
v 0.01919847 -0.04819995 0.001124978
v 0.01897352 -0.04819995 0.001446247
v 0.04640799 -0.04819995 0.01115131
v 0.01869618 -0.04819995 0.001723527
v 0.01837491 -0.04819995 0.001948535
v 0.01725 -0.04819995 -0.002249956
v 0.01764065 -0.04819995 -0.002215743
v 0.01801943 -0.04819995 -0.002114236
v 0.01919847 -0.04819995 -0.001124978
v 0.01936423 -0.04819995 -0.000769545
v 0.04691302 -0.04819995 -0.002856314
v 0.0194658 -0.04819995 -0.000390708
v 0.04699999 -0.04819995 0
v 0.01949989 -0.04819995 0
v 0.04691302 -0.04819995 0.002856314
v 0.0194658 -0.04819995 0.000390708
v 0.01936423 -0.04819995 0.000769545
v 0.01801943 -0.04819995 0.002114236
v 0.01764065 -0.04819995 0.002215743
v 0.01293742 -0.04819995 0.007469356
v 0.01725 -0.04819995 0.002249956
v 0.01552635 -0.04819995 0.001446247
v 0.01580369 -0.04819995 0.001723527
v 0.01612496 -0.04819995 0.001948535
v 0.01530134 -0.04819995 0.001124978
v 0.01513558 -0.04819995 0.000769545
v 0.01503407 -0.04819995 0.000390708
v 0.01685929 -0.04819995 0.002215743
v 0.01648044 -0.04819995 0.002114236
v 0.04600512 -0.04819995 0.01410704
v 0.02933359 -0.04819995 0.03918552
v 0.02694469 -0.04819995 0.0406804
v 0.02442622 -0.04819995 0.04194468
v 0.03157156 -0.04819995 0.03747302
v 0.03365808 -0.04819995 0.03561067
v 0.035613 -0.04819995 0.03358089
v 0.03736877 -0.04819995 0.03137665
v 0.03890997 -0.04819995 0.02901738
v 0.007178664 -0.04819995 0.01666247
v 0.006901383 -0.04819995 0.01638513
v 6.22257e-07 -0.04819995 0.04898756
v 0.009749948 -0.04819995 0.01299029
v 0.009394526 -0.04819995 0.01282459
v 0.009015679 -0.04819995 0.01272302
v 0.01087492 -0.04819995 0.01493889
v 0.01084077 -0.04819995 0.01532953
v 0.0107392 -0.04819995 0.01570838
v 0.01057344 -0.04819995 0.01606386
v 0.01007115 -0.04819995 0.0132153
v 0.01034849 -0.04819995 0.01349264
v 0.01057344 -0.04819995 0.01381391
v 0.01034849 -0.04819995 0.01638513
v 0.01007115 -0.04819995 0.01666247
v 0.009749948 -0.04819995 0.01688748
v 0.008234262 -0.04819995 0.01715475
v 0.007855415 -0.04819995 0.01705318
v 0.007499933 -0.04819995 0.01688748
v 0.006409168 -0.04819995 0.01532953
v 0 -0.04819995 0.007469356
v 0.006510615 -0.04819995 0.01570838
v 0.006676435 -0.04819995 0.01606386
v 0.006374955 -0.04819995 0.01493889
v 0.006409168 -0.04819995 0.01454818
v 0.006510615 -0.04819995 0.01416939
v 0.008234262 -0.04819995 0.01272302
v 0.00862497 -0.04819995 0.01268893
v 0.0107392 -0.04819995 0.01416939
v 0.01084077 -0.04819995 0.01454818
v 0.009394526 -0.04819995 0.01705318
v 0.009015679 -0.04819995 0.01715475
v 0.00862497 -0.04819995 0.0171889
v 0.001436769 -0.04819995 0.04892748
v 0.004236996 -0.04819995 0.04861032
v 0.006995022 -0.04819995 0.04803186
v 0.006676435 -0.04819995 0.01381391
v 0.006901383 -0.04819995 0.01349264
v 0.007178664 -0.04819995 0.0132153
v 0.007499933 -0.04819995 0.01299029
v 0.007855415 -0.04819995 0.01282459
v -0.009749948 -0.04819995 0.01299029
v -0.009394526 -0.04819995 0.01282459
v -0.01293742 -0.04819995 0.007469356
v -0.01084077 -0.04819995 0.01532953
v -0.0107392 -0.04819995 0.01570838
v -0.01057344 -0.04819995 0.01606386
v -0.00862497 -0.04819995 0.0171889
v -0.009015679 -0.04819995 0.01715475
v -0.01238739 -0.04819995 0.04693126
v -0.009749948 -0.04819995 0.01688748
v -0.01007115 -0.04819995 0.01666247
v -0.01034849 -0.04819995 0.01638513
v -0.01087492 -0.04819995 0.01493889
v -0.01084077 -0.04819995 0.01454818
v -0.0107392 -0.04819995 0.01416939
v -0.01057344 -0.04819995 0.01381391
v -0.009015679 -0.04819995 0.01272302
v -0.00862497 -0.04819995 0.01268893
v -0.008234262 -0.04819995 0.01272302
v -0.007855415 -0.04819995 0.01282459
v -0.007499933 -0.04819995 0.01299029
v -0.007178664 -0.04819995 0.0132153
v -0.006901383 -0.04819995 0.01349264
v -0.01034849 -0.04819995 0.01349264
v -0.01007115 -0.04819995 0.0132153
v -0.009394526 -0.04819995 0.01705318
v -0.006676435 -0.04819995 0.01606386
v -0.006901383 -0.04819995 0.01638513
v -0.007178664 -0.04819995 0.01666247
v -0.009712576 -0.04819995 0.0478183
v -0.006966352 -0.04819995 0.04845035
v -0.008234262 -0.04819995 0.01715475
v -0.006676435 -0.04819995 0.01381391
v -0.006510615 -0.04819995 0.01416939
v -0.006409168 -0.04819995 0.01454818
v -0.004172921 -0.04819995 0.04882192
v -0.001380622 -0.04819995 0.04898053
v -0.007855415 -0.04819995 0.01705318
v -0.007499933 -0.04819995 0.01688748
v -0.006374955 -0.04819995 0.01493889
v -0.006409168 -0.04819995 0.01532953
v -0.006510615 -0.04819995 0.01570838
v -0.02901738 -0.04819995 0.03890997
v -0.03137665 -0.04819995 0.03736877
v -0.04691302 -0.04819995 0.002856314
v -0.04640799 -0.04819995 0.01115131
v -0.04600512 -0.04819995 0.01410704
v -0.04194468 -0.04819995 0.02442622
v -0.0406804 -0.04819995 0.02694469
v -0.03918552 -0.04819995 0.02933359
v -0.03747302 -0.04819995 0.03157156
v -0.03324997 -0.04819995 -0.007469356
v -0.04691302 -0.04819995 -0.002856314
v -0.04699999 -0.04819995 0
v -0.03736877 -0.04819995 -0.03137665
v -0.03890997 -0.04819995 -0.02901738
v -0.04600512 -0.04819995 -0.01410704
v -0.04640799 -0.04819995 -0.01115131
v -0.01294243 -0.04819995 -0.04642468
v -0.01311028 -0.04819995 -0.04642027
v -0.01293742 -0.04819995 -0.03180766
v -0.02442622 -0.04819995 -0.04194468
v -0.02694469 -0.04819995 -0.0406804
v -0.02933359 -0.04819995 -0.03918552
v -0.03157156 -0.04819995 -0.03747302
v -0.03324997 -0.04819995 -0.03180766
v -0.03365808 -0.04819995 -0.03561067
v -0.035613 -0.04819995 -0.03358089
v -0.01129674 -0.04819995 -0.03493744
v -0.01149863 -0.04819995 -0.03508895
v -0.01032966 -0.04819995 -0.03471791
v -0.01058191 -0.04819995 -0.03471046
v -0.01083189 -0.04819995 -0.03474545
v -0.01107239 -0.04819995 -0.03482174
v -0.01167207 -0.04819995 -0.0352723
v -0.01181238 -0.04819995 -0.03548198
v -0.01191562 -0.04819995 -0.03571242
v -0.01197868 -0.04819995 -0.03595674
v -0.01199996 -0.04819995 -0.03620827
v -0.01199996 -0.04819995 -0.04542636
v -0.01277613 -0.04819995 -0.04640108
v -0.01261621 -0.04819995 -0.04634988
v -0.002730846 -0.04819995 -0.03609681
v -0.006440877 -0.04819995 -0.03562229
v -0.01008212 -0.04819995 -0.03476756
v -0.01246708 -0.04819995 -0.04627257
v -0.01201409 -0.04819995 -0.04559373
v -0.01205599 -0.04819995 -0.04575634
v -0.01212447 -0.04819995 -0.0459097
v -0.01221776 -0.04819995 -0.04604935
v -0.01233297 -0.04819995 -0.04617148
v 0.01302289 -0.04819995 -0.03416144
v 0.01277238 -0.04819995 -0.03409224
v 0.01251351 -0.04819995 -0.03406745
v 0.01225435 -0.04819995 -0.03408753
v 0.01200258 -0.04819995 -0.03415215
v 0.008414566 -0.04819995 -0.0352084
v 0 -0.04819995 -0.007469356
v 0.006374955 -0.04819995 -0.01493889
v 0.006409168 -0.04819995 -0.01532953
v 0.006510615 -0.04819995 -0.01570838
v 0.006676435 -0.04819995 -0.01606386
v 0.006901383 -0.04819995 -0.01638513
v 0.007178664 -0.04819995 -0.01666247
v 0.007499933 -0.04819995 -0.01688748
v 0.009015679 -0.04819995 -0.01715475
v 0.009394526 -0.04819995 -0.01705318
v 0.009749948 -0.04819995 -0.01688748
v 0.01007115 -0.04819995 -0.01666247
v 0.007855415 -0.04819995 -0.01705318
v 0.008234262 -0.04819995 -0.01715475
v 0.00862497 -0.04819995 -0.0171889
v 0.01034849 -0.04819995 -0.01638513
v 0.01057344 -0.04819995 -0.01606386
v 0.0107392 -0.04819995 -0.01570838
v 0.009749948 -0.04819995 -0.01299029
v 0.009394526 -0.04819995 -0.01282459
v 0.007855415 -0.04819995 -0.01282459
v 0.007499933 -0.04819995 -0.01299029
v 0.007178664 -0.04819995 -0.0132153
v 0.006901383 -0.04819995 -0.01349264
v 0.006676435 -0.04819995 -0.01381391
v 0.0107392 -0.04819995 -0.01416939
v 0.01057344 -0.04819995 -0.01381391
v 0.009015679 -0.04819995 -0.01272302
v 0.00862497 -0.04819995 -0.01268893
v 0.008234262 -0.04819995 -0.01272302
v 0.01084077 -0.04819995 -0.01532953
v 0.01087492 -0.04819995 -0.01493889
v 0.01084077 -0.04819995 -0.01454818
v 0.01034849 -0.04819995 -0.01349264
v 0.01007115 -0.04819995 -0.0132153
v 0.006510615 -0.04819995 -0.01416939
v 0.006409168 -0.04819995 -0.01454818
v -0.009749948 -0.04819995 -0.01688748
v -0.009394526 -0.04819995 -0.01705318
v -0.007855415 -0.04819995 -0.01705318
v -0.007499933 -0.04819995 -0.01688748
v -0.01087492 -0.04819995 -0.01493889
v -0.01084077 -0.04819995 -0.01532953
v -0.0107392 -0.04819995 -0.01570838
v -0.01057344 -0.04819995 -0.01606386
v -0.009015679 -0.04819995 -0.01272302
v -0.009394526 -0.04819995 -0.01282459
v -0.01293742 -0.04819995 -0.007469356
v -0.01034849 -0.04819995 -0.01349264
v -0.01057344 -0.04819995 -0.01381391
v -0.0107392 -0.04819995 -0.01416939
v -0.01084077 -0.04819995 -0.01454818
v -0.01034849 -0.04819995 -0.01638513
v -0.01007115 -0.04819995 -0.01666247
v -0.007178664 -0.04819995 -0.01666247
v -0.006901383 -0.04819995 -0.01638513
v -0.006676435 -0.04819995 -0.01606386
v -0.009749948 -0.04819995 -0.01299029
v -0.01007115 -0.04819995 -0.0132153
v -0.009015679 -0.04819995 -0.01715475
v -0.00862497 -0.04819995 -0.0171889
v -0.008234262 -0.04819995 -0.01715475
v -0.008234262 -0.04819995 -0.01272302
v -0.00862497 -0.04819995 -0.01268893
v -0.006510615 -0.04819995 -0.01570838
v -0.006409168 -0.04819995 -0.01532953
v -0.006374955 -0.04819995 -0.01493889
v -0.006409168 -0.04819995 -0.01454818
v -0.006901383 -0.04819995 -0.01349264
v -0.007178664 -0.04819995 -0.0132153
v -0.006510615 -0.04819995 -0.01416939
v -0.006676435 -0.04819995 -0.01381391
v -0.007499933 -0.04819995 -0.01299029
v -0.007855415 -0.04819995 -0.01282459
v -0.01612496 -0.04819995 -0.001948535
v -0.01580369 -0.04819995 -0.001723527
v -0.01503407 -0.04819995 0.000390708
v -0.01513558 -0.04819995 0.000769545
v -0.01499992 -0.04819995 0
v -0.0194658 -0.04819995 0.000390708
v -0.01949989 -0.04819995 0
v -0.0194658 -0.04819995 -0.000390708
v -0.01936423 -0.04819995 -0.000769545
v -0.01919847 -0.04819995 -0.001124978
v -0.01897352 -0.04819995 -0.001446247
v -0.01869618 -0.04819995 -0.001723527
v -0.01513558 -0.04819995 -0.000769545
v -0.01503407 -0.04819995 -0.000390708
v -0.01837491 -0.04819995 -0.001948535
v -0.01801943 -0.04819995 -0.002114236
v -0.01764065 -0.04819995 -0.002215743
v -0.01725 -0.04819995 -0.002249956
v -0.01552635 -0.04819995 -0.001446247
v -0.01530134 -0.04819995 -0.001124978
v -0.01685929 -0.04819995 -0.002215743
v -0.01648044 -0.04819995 -0.002114236
v -0.01530134 -0.04819995 0.001124978
v -0.01552635 -0.04819995 0.001446247
v -0.01580369 -0.04819995 0.001723527
v -0.01612496 -0.04819995 0.001948535
v -0.01648044 -0.04819995 0.002114236
v -0.01685929 -0.04819995 0.002215743
v -0.01837491 -0.04819995 0.001948535
v -0.01869618 -0.04819995 0.001723527
v -0.01897352 -0.04819995 0.001446247
v -0.01919847 -0.04819995 0.001124978
v -0.01936423 -0.04819995 0.000769545
v -0.01725 -0.04819995 0.002249956
v -0.01764065 -0.04819995 0.002215743
v -0.01801943 -0.04819995 0.002114236
v -0.01499992 -0.06169992 0
v 0.01949989 -0.06169992 0
f 1 2 3
f 3 2 7
f 9 10 11
f 12 10 13
f 14 13 15
f 16 15 17
f 19 20 21
f 21 22 23
f 23 24 25
f 25 26 27
f 7 28 29
f 30 29 31
f 32 31 33
f 34 33 27
f 35 27 26
f 36 17 37
f 6 37 38
f 5 39 8
f 8 40 41
f 41 42 43
f 43 44 45
f 47 48 49
f 49 50 51
f 51 52 19
f 19 53 20
f 9 54 55
f 56 55 57
f 58 57 59
f 60 59 61
f 47 61 62
f 63 64 65
f 68 67 69
f 70 69 71
f 72 71 73
f 46 73 74
f 75 76 77
f 77 78 79
f 79 80 81
f 81 82 66
f 66 83 67
f 84 64 85
f 86 85 87
f 88 87 89
f 65 91 63
f 63 92 93
f 93 94 95
f 95 96 75
f 75 97 76
f 98 89 99
f 3 99 100
f 101 102 103
f 105 106 103
f 103 107 104
f 103 109 110
f 111 112 103
f 103 113 108
f 103 115 116
f 117 118 103
f 103 119 114
f 103 121 122
f 123 124 103
f 103 125 120
f 103 127 128
f 129 130 103
f 103 131 126
f 103 133 134
f 135 136 103
f 103 137 132
f 103 139 140
f 141 142 103
f 103 143 138
f 103 145 146
f 147 148 103
f 103 149 144
f 103 150 151
f 101 152 153
f 102 153 154
f 150 154 155
f 151 155 156
f 147 156 157
f 148 157 158
f 149 158 159
f 144 159 160
f 145 160 161
f 146 161 162
f 101 104 152
f 152 107 163
f 163 106 164
f 164 105 165
f 165 110 166
f 166 109 167
f 167 108 168
f 168 113 169
f 169 112 170
f 170 111 171
f 171 116 172
f 172 115 173
f 173 114 174
f 174 119 175
f 175 118 176
f 176 117 177
f 177 122 178
f 178 121 179
f 179 120 180
f 180 125 181
f 181 124 182
f 182 123 183
f 183 128 184
f 184 127 185
f 185 126 186
f 186 131 187
f 187 130 188
f 188 129 189
f 189 134 190
f 190 133 191
f 191 132 192
f 192 137 193
f 193 136 194
f 194 135 195
f 195 140 196
f 196 139 197
f 197 138 198
f 198 143 199
f 199 142 200
f 200 141 201
f 152 202 153
f 153 203 154
f 202 163 164
f 204 164 165
f 168 205 206
f 167 206 207
f 166 207 208
f 165 208 209
f 196 210 195
f 195 211 194
f 194 212 193
f 193 213 192
f 192 214 215
f 191 215 216
f 190 216 217
f 189 217 218
f 188 218 219
f 172 220 221
f 171 221 222
f 170 222 223
f 169 223 224
f 225 226 200
f 200 227 199
f 199 228 198
f 198 229 197
f 197 230 196
f 196 231 210
f 155 203 232
f 156 232 233
f 157 233 234
f 158 234 235
f 184 185 236
f 236 186 219
f 219 187 188
f 176 237 238
f 175 238 239
f 174 239 240
f 173 240 241
f 235 242 159
f 159 243 160
f 160 244 161
f 161 245 162
f 162 225 201
f 181 246 180
f 180 247 179
f 179 248 178
f 178 249 177
f 177 250 237
f 183 236 251
f 182 251 252
f 181 252 253
f 6 202 204
f 36 204 209
f 18 209 208
f 16 208 207
f 14 207 206
f 12 206 205
f 11 205 224
f 54 224 223
f 55 223 222
f 57 222 221
f 59 221 220
f 61 220 241
f 62 241 240
f 48 240 239
f 50 239 238
f 52 238 237
f 53 237 250
f 20 250 249
f 22 249 248
f 24 248 247
f 26 247 246
f 35 246 253
f 34 253 252
f 32 252 251
f 30 251 236
f 6 8 202
f 3 219 218
f 98 218 217
f 90 217 216
f 88 216 215
f 86 215 214
f 84 214 213
f 65 213 212
f 91 212 211
f 92 211 210
f 94 210 231
f 96 231 230
f 97 230 229
f 76 229 228
f 78 228 227
f 80 227 226
f 82 226 225
f 83 225 245
f 67 245 244
f 69 244 243
f 71 243 242
f 73 242 235
f 74 235 234
f 45 234 233
f 43 233 232
f 41 232 203
f 3 7 219
f 254 255 13
f 258 259 72
f 262 263 85
f 266 267 25
f 269 270 47
f 47 271 272
f 47 273 274
f 49 275 276
f 47 276 277
f 278 279 47
f 47 280 268
f 49 281 282
f 19 21 283
f 19 284 285
f 51 285 286
f 267 287 25
f 25 288 289
f 291 23 25
f 292 25 289
f 23 293 294
f 21 294 295
f 296 297 27
f 27 298 25
f 25 299 300
f 25 301 302
f 296 27 303
f 303 33 304
f 305 33 31
f 306 31 307
f 307 29 308
f 309 29 28
f 265 311 2
f 2 312 313
f 2 314 315
f 28 315 316
f 1 317 318
f 2 318 319
f 320 321 2
f 2 322 264
f 323 1 100
f 324 100 325
f 325 99 326
f 327 99 89
f 328 89 329
f 329 87 330
f 85 331 332
f 333 334 85
f 85 335 87
f 87 336 330
f 64 338 85
f 85 339 340
f 85 341 342
f 63 93 343
f 63 344 345
f 64 345 346
f 95 75 347
f 95 348 349
f 93 349 350
f 261 351 77
f 77 352 353
f 77 354 355
f 75 355 356
f 79 357 358
f 77 358 359
f 360 361 77
f 77 362 260
f 79 363 364
f 66 68 365
f 66 366 367
f 81 367 368
f 259 369 72
f 72 370 371
f 373 70 72
f 374 72 371
f 70 375 376
f 68 376 377
f 378 379 46
f 46 380 72
f 72 381 382
f 72 383 384
f 378 46 385
f 385 44 386
f 387 44 42
f 388 42 389
f 389 40 390
f 391 40 39
f 257 393 5
f 5 394 395
f 5 396 397
f 39 397 398
f 4 399 400
f 5 400 401
f 402 403 5
f 5 404 256
f 405 4 38
f 406 38 407
f 407 37 408
f 409 37 17
f 410 17 411
f 411 15 412
f 13 413 414
f 415 416 13
f 13 417 15
f 15 418 412
f 10 420 13
f 13 421 422
f 13 423 424
f 9 425 10
f 10 426 419
f 427 428 56
f 56 429 9
f 9 430 425
f 60 431 432
f 58 432 433
f 434 435 436
f 436 437 438
f 440 436 441
f 442 443 440
f 440 444 445
f 448 447 449
f 448 450 451
f 439 453 436
f 436 454 455
f 436 456 457
f 438 459 436
f 436 460 461
f 446 465 447
f 447 440 466
f 458 467 436
f 436 468 434
f 471 470 472
f 462 471 473
f 474 475 462
f 462 476 463
f 436 477 462
f 478 462 464
f 471 479 480
f 436 482 483
f 441 483 484
f 484 485 442
f 442 486 443
f 443 487 488
f 488 489 444
f 444 490 445
f 445 491 492
f 492 494 493
f 493 495 447
f 447 496 497
f 497 498 449
f 449 499 450
f 450 500 501
f 501 502 451
f 451 503 452
f 452 504 505
f 505 506 448
f 448 507 446
f 446 508 509
f 509 510 465
f 465 511 440
f 440 512 513
f 513 514 439
f 439 515 453
f 453 516 517
f 517 519 518
f 518 520 455
f 455 521 522
f 522 523 456
f 456 524 457
f 457 525 526
f 526 527 458
f 458 528 467
f 467 529 530
f 468 530 531
f 434 531 532
f 532 533 435
f 435 534 437
f 437 535 536
f 536 537 438
f 438 538 459
f 459 539 540
f 540 542 541
f 541 543 461
f 461 544 545
f 545 546 477
f 477 547 462
f 462 548 549
f 549 550 469
f 469 551 470
f 470 552 553
f 553 554 472
f 472 555 479
f 479 556 557
f 557 558 480
f 480 559 481
f 481 560 561
f 561 562 471
f 471 563 473
f 473 564 565
f 565 567 566
f 566 568 475
f 475 569 570
f 570 571 476
f 476 572 463
f 463 573 574
f 574 575 464
f 464 576 478
f 478 577 482
f 354 353 578
f 578 352 579
f 579 351 580
f 581 355 354
f 354 578 582
f 582 579 583
f 583 580 584
f 585 351 586
f 587 586 260
f 588 580 585
f 589 585 587
f 359 591 360
f 360 592 361
f 361 593 362
f 587 362 593
f 590 593 594
f 594 592 595
f 595 591 596
f 596 359 358
f 339 598 340
f 340 599 341
f 341 600 342
f 342 601 262
f 598 597 602
f 599 602 603
f 600 603 604
f 605 606 607
f 607 608 609
f 608 331 610
f 601 610 262
f 611 608 601
f 331 606 612
f 332 612 613
f 336 335 614
f 614 334 615
f 606 616 612
f 612 615 613
f 613 334 333
f 319 618 320
f 320 619 321
f 321 620 322
f 322 621 264
f 618 617 622
f 619 622 623
f 620 623 624
f 311 625 626
f 630 627 626
f 626 629 311
f 625 621 626
f 626 624 630
f 311 631 312
f 312 632 313
f 633 315 314
f 629 628 635
f 631 635 634
f 632 634 314
f 299 298 636
f 300 637 638
f 301 638 639
f 302 639 640
f 299 636 637
f 637 641 638
f 638 642 639
f 639 643 640
f 644 371 370
f 645 370 369
f 372 373 647
f 647 374 648
f 648 644 645
f 649 645 646
f 646 369 651
f 651 652 653
f 650 646 654
f 654 651 655
f 381 656 382
f 382 657 383
f 383 658 384
f 653 384 658
f 655 658 659
f 659 657 660
f 660 656 661
f 661 381 380
f 662 664 665
f 665 287 267
f 287 666 288
f 288 667 289
f 668 291 292
f 664 663 670
f 666 670 669
f 667 669 292
f 277 276 671
f 278 672 673
f 279 673 674
f 280 674 675
f 277 671 672
f 672 676 673
f 673 677 674
f 674 678 675
f 680 270 681
f 675 681 268
f 683 679 680
f 684 680 675
f 270 679 685
f 271 685 686
f 431 274 687
f 687 273 688
f 679 689 685
f 685 688 686
f 686 273 272
f 690 415 414
f 691 414 413
f 418 417 693
f 693 416 694
f 694 690 691
f 695 691 692
f 696 692 697
f 697 698 699
f 698 413 700
f 701 700 254
f 702 698 701
f 421 704 422
f 422 705 423
f 423 706 424
f 701 424 706
f 703 706 707
f 707 705 708
f 708 704 709
f 709 421 420
f 710 395 394
f 711 394 393
f 398 397 713
f 713 396 714
f 714 710 711
f 715 711 712
f 393 717 718
f 720 719 718
f 718 712 393
f 717 721 718
f 718 722 720
f 402 723 724
f 403 724 725
f 256 404 721
f 721 725 722
f 726 725 724
f 727 724 723
f 728 723 401
f 530 654 531
f 655 659 531
f 531 660 661
f 668 577 290
f 663 482 577
f 670 577 669
f 577 294 293
f 569 568 678
f 569 677 676
f 570 676 671
f 276 275 570
f 570 282 571
f 571 281 572
f 572 286 573
f 573 285 574
f 574 284 575
f 575 283 576
f 576 295 294
f 565 682 729
f 729 730 568
f 568 684 678
f 565 687 688
f 556 555 703
f 556 707 708
f 557 708 709
f 431 687 432
f 432 564 433
f 433 563 427
f 427 562 428
f 428 561 429
f 429 560 430
f 430 559 425
f 425 558 426
f 426 557 419
f 552 551 693
f 693 412 418
f 552 694 695
f 695 696 553
f 553 697 554
f 554 699 555
f 555 702 703
f 727 544 543
f 728 400 544
f 544 399 545
f 545 405 546
f 546 406 547
f 547 407 548
f 548 408 549
f 549 409 550
f 550 410 551
f 551 411 412
f 391 392 538
f 538 713 539
f 539 714 715
f 715 716 540
f 540 719 731
f 731 732 543
f 543 722 726
f 390 538 537
f 389 537 536
f 388 536 535
f 387 535 534
f 386 534 533
f 385 533 532
f 378 532 531
f 379 531 661
f 521 520 590
f 521 594 595
f 522 595 596
f 517 583 584
f 733 584 734
f 520 734 589
f 516 581 517
f 517 582 583
f 604 603 508
f 508 602 509
f 509 597 338
f 347 581 516
f 348 516 515
f 349 515 514
f 350 514 513
f 343 513 512
f 344 512 511
f 345 511 510
f 346 510 509
f 337 509 338
f 614 503 330
f 614 615 504
f 504 616 505
f 505 605 607
f 506 607 609
f 507 609 611
f 617 496 622
f 622 495 623
f 496 318 317
f 497 317 323
f 498 323 324
f 499 324 325
f 500 325 326
f 501 326 327
f 502 327 328
f 503 328 329
f 310 316 633
f 490 310 633
f 633 634 491
f 491 635 492
f 492 628 627
f 735 627 630
f 495 630 624
f 482 662 483
f 643 642 483
f 483 641 636
f 308 490 489
f 307 489 488
f 306 488 487
f 305 487 486
f 304 486 485
f 303 485 484
f 296 484 483
f 297 483 636
f 647 648 529
f 654 530 650
f 650 529 649
f 528 376 529
f 529 375 372
f 522 357 364
f 523 364 363
f 524 363 368
f 525 368 367
f 526 367 366
f 527 366 365
f 528 365 377
f 643 662 665
f 640 665 267
f 736 737 738
f 739 736 740
f 742 743 744
f 744 736 745
f 746 747 748
f 748 749 744
f 744 750 742
f 751 748 752
f 754 755 756
f 757 740 758
f 753 760 751
f 751 761 756
f 756 762 754
f 757 763 764
f 755 766 756
f 756 767 768
f 756 769 770
f 771 772 756
f 756 773 774
f 777 778 779
f 780 781 779
f 779 782 783
f 757 784 779
f 785 779 783
f 773 786 787
f 788 789 790
f 794 795 796
f 800 801 802
f 804 805 806
f 810 811 812
f 815 814 816
f 820 821 822
f 826 827 828
f 832 833 834
f 790 789 838
f 842 843 844
f 848 849 850
f 854 855 856
f 860 861 862
f 865 864 866
f 867 869 870
f 870 871 872
f 875 876 873
f 873 877 878
f 880 879 881
f 878 880 873
f 873 883 874
f 885 886 887
f 887 888 862
f 862 889 884
f 882 891 892
f 880 892 893
f 894 895 896
f 896 897 898
f 898 899 890
f 890 900 891
f 891 901 892
f 892 902 893
f 893 903 883
f 882 904 885
f 890 885 887
f 898 887 862
f 896 862 861
f 854 905 906
f 906 907 908
f 908 909 910
f 910 911 912
f 857 913 914
f 915 914 916
f 917 916 918
f 919 918 920
f 923 922 853
f 924 853 852
f 926 920 927
f 927 918 928
f 928 916 929
f 929 914 930
f 930 913 865
f 865 859 863
f 931 857 915
f 932 915 917
f 933 917 919
f 854 856 905
f 905 925 907
f 907 852 909
f 909 851 911
f 925 935 936
f 924 936 937
f 923 937 938
f 895 855 897
f 897 854 899
f 899 906 900
f 900 908 901
f 901 910 902
f 902 912 903
f 903 939 883
f 883 940 874
f 874 870 875
f 941 849 942
f 942 848 943
f 944 943 848
f 945 848 850
f 947 948 949
f 949 950 951
f 953 947 949
f 954 949 951
f 846 845 943
f 943 843 942
f 942 842 941
f 957 830 829
f 959 960 961
f 961 962 963
f 963 964 844
f 844 965 842
f 842 966 941
f 933 952 953
f 932 953 954
f 931 954 955
f 934 847 952
f 952 846 947
f 947 944 948
f 948 945 950
f 950 946 951
f 951 967 955
f 955 968 858
f 858 969 859
f 859 970 863
f 863 971 864
f 864 972 866
f 841 840 835
f 835 974 836
f 977 976 978
f 980 973 835
f 981 835 837
f 834 837 982
f 978 982 977
f 977 837 975
f 975 836 983
f 983 974 984
f 984 840 838
f 838 839 790
f 838 985 986
f 984 986 987
f 983 987 988
f 975 988 989
f 990 831 991
f 991 830 992
f 992 956 993
f 995 979 980
f 996 980 981
f 997 981 834
f 828 834 833
f 827 998 828
f 828 999 997
f 997 1000 996
f 996 1001 995
f 995 1002 994
f 827 1005 998
f 998 1006 791
f 791 1007 792
f 1003 824 1008
f 820 1008 1009
f 826 1010 827
f 827 1011 1005
f 1005 1012 1006
f 1006 1013 1007
f 1014 1003 820
f 1015 820 822
f 978 1017 982
f 982 1018 832
f 832 1019 833
f 833 1020 826
f 826 1021 1010
f 1016 958 829
f 1015 829 831
f 1014 831 990
f 1023 1024 1025
f 1023 1026 1027
f 1029 1030 1031
f 1031 1032 1033
f 1031 1034 1035
f 1032 1036 1033
f 1033 1037 1034
f 1034 1038 1039
f 1041 1042 1043
f 1044 1027 1045
f 1046 1045 1047
f 1048 1047 1049
f 1049 1051 1052
f 1053 1049 1052
f 1040 1038 1055
f 1055 1056 1057
f 1061 1062 1063
f 1063 1064 1059
f 1067 1066 1068
f 1071 1070 1072
f 1073 1072 1074
f 1076 1074 1072
f 1077 1072 1070
f 1080 1079 1067
f 1056 1067 1068
f 1081 1082 1043
f 1043 1083 1041
f 1085 1075 1076
f 1081 1076 1077
f 1082 1077 1070
f 1083 1070 1069
f 1059 1064 1060
f 1060 1086 1087
f 819 1065 1067
f 1088 1067 1079
f 1089 1079 1078
f 1091 1084 1092
f 1092 1085 1093
f 1093 1081 1094
f 1094 1043 1095
f 1095 1042 1096
f 1096 1097 1098
f 812 817 819
f 1099 819 1088
f 1100 1088 1089
f 1101 1089 1090
f 1087 1086 1103
f 1103 1104 1105
f 1105 1106 816
f 1109 1108 1110
f 1112 1107 813
f 813 1109 814
f 814 1111 816
f 816 1113 1105
f 1105 1114 1103
f 1103 1115 1087
f 1087 1116 1060
f 1060 1117 1058
f 1119 1112 813
f 1120 813 815
f 1121 815 816
f 1122 816 1106
f 1123 1106 1104
f 1124 1104 1086
f 1125 1086 1064
f 1126 1064 1062
f 1128 810 812
f 1129 812 1099
f 1130 1099 1100
f 1131 1100 1101
f 1132 1101 1102
f 1134 1091 1135
f 1135 1092 1136
f 1136 1093 1137
f 1137 1094 1138
f 1138 1095 1139
f 1139 1096 1140
f 1140 1098 1141
f 1140 1142 1143
f 1139 1143 1144
f 1138 1144 1145
f 1137 1145 1146
f 1136 1146 1147
f 1135 1147 1148
f 1134 1148 1149
f 1152 1151 1127
f 1153 1127 1128
f 1154 1128 1129
f 1155 1129 1130
f 1156 1130 1131
f 1157 1131 1132
f 1158 1132 1133
f 807 809 1160
f 809 1161 1162
f 1163 1162 1164
f 1167 1166 1168
f 1164 1168 1169
f 1163 1169 1170
f 809 1170 1171
f 1160 1171 1172
f 1176 1177 1178
f 1178 1179 1180
f 1181 1175 1182
f 1184 1185 1186
f 1189 1188 1190
f 1191 1190 1192
f 1194 1195 1196
f 1198 1187 1189
f 1194 1189 1191
f 1195 1191 1193
f 1162 1199 1200
f 1164 1200 1201
f 1167 1201 1202
f 1165 1202 1203
f 1204 1203 1205
f 1206 1205 1207
f 1192 1209 1210
f 1213 1212 1214
f 1211 1215 1212
f 1212 1216 1214
f 1200 1217 1218
f 1201 1218 1219
f 1202 1219 1220
f 1203 1220 1221
f 1205 1221 1222
f 1207 1222 1223
f 1224 1223 1225
f 1226 1225 1227
f 1229 1230 1231
f 1231 1232 1196
f 1196 1233 1194
f 1194 1234 1198
f 1198 1176 1197
f 1185 1184 1235
f 1235 1236 1237
f 1237 1238 1239
f 1239 1240 1241
f 1242 797 1240
f 1243 1240 1238
f 1244 1238 1236
f 1183 1236 1184
f 1181 1184 1186
f 1193 1245 1195
f 1195 1246 1196
f 1196 1247 1231
f 1193 1210 1248
f 1245 1248 1249
f 1246 1249 1250
f 1247 1250 1251
f 1252 1253 1216
f 1216 1254 1214
f 1214 1255 1213
f 1213 1256 1257
f 1259 1229 1231
f 1260 1231 1251
f 1252 1251 1250
f 1253 1250 1249
f 1254 1249 1248
f 1255 1248 1210
f 1256 1210 1209
f 1241 1240 803
f 803 797 802
f 802 799 1261
f 1262 1259 1263
f 1264 1261 1262
f 1262 799 1258
f 1258 798 1229
f 1229 1242 1230
f 1230 1243 1232
f 1232 1244 1233
f 1233 1183 1234
f 1234 1182 1176
f 1176 1175 1177
f 1177 1174 1179
f 1266 1265 1267
f 1268 1267 1025
f 1269 1025 1024
f 1059 1054 1052
f 1063 1052 1051
f 1061 1051 1049
f 1270 1049 1047
f 1271 1047 1045
f 1272 1045 1027
f 1273 1027 1026
f 1274 1026 1025
f 1275 1025 1267
f 1276 1267 1265
f 1034 1277 1278
f 1035 1278 1279
f 1150 1118 1151
f 1151 1119 1127
f 1127 1120 810
f 810 1121 811
f 811 1122 817
f 817 1123 818
f 818 1124 1065
f 1065 1125 1066
f 1066 1126 1068
f 1068 1062 1057
f 1057 1061 1055
f 1055 1270 1040
f 1040 1271 1039
f 1039 1272 1277
f 1277 1273 1278
f 1278 1274 1279
f 1279 1275 1280
f 1281 1282 1283
f 1283 1284 794
f 795 1288 796
f 796 1287 1289
f 1289 1286 1290
f 1283 796 1289
f 1281 1289 1290
f 800 802 1265
f 1265 1261 1276
f 1276 1264 1280
f 1280 1263 1035
f 1035 1292 1029
f 1029 1293 1030
f 1030 1097 1032
f 1032 1042 1036
f 1036 1041 1037
f 1037 1069 1038
f 1038 1071 1056
f 1056 1073 1080
f 1080 1074 1078
f 1078 1075 1090
f 1090 1084 1102
f 1102 1091 1133
f 1133 1134 1159
f 1159 1149 1294
f 1296 1291 1290
f 1297 1290 1286
f 1298 1286 1285
f 1299 1285 806
f 1300 806 805
f 1228 1301 1302
f 1303 1302 1304
f 972 1304 1305
f 1302 868 1304
f 1304 867 1305
f 1305 870 866
f 866 940 865
f 865 939 930
f 930 912 929
f 929 911 928
f 928 851 927
f 927 853 926
f 1306 1295 1307
f 1307 1296 1308
f 1308 1297 1309
f 1309 1298 1310
f 1310 1299 1311
f 804 806 1215
f 1215 1285 1216
f 1216 1287 1252
f 1252 1288 1260
f 1260 795 1259
f 1259 794 1263
f 1263 1284 1292
f 1292 1282 1293
f 1293 1281 1097
f 1097 1291 1098
f 1098 1295 1141
f 1141 1306 1142
f 791 823 825
f 998 825 1004
f 999 1004 990
f 1000 990 991
f 1001 991 992
f 1002 992 993
f 921 788 922
f 922 790 926
f 926 839 920
f 920 841 919
f 919 973 934
f 934 979 847
f 847 994 845
f 845 993 843
f 843 956 844
f 844 957 963
f 963 958 961
f 961 1022 959
f 962 1294 1149
f 964 1149 1148
f 965 1148 1147
f 966 1147 1146
f 941 1146 1145
f 849 1145 1144
f 850 1144 1143
f 946 1143 1142
f 967 1142 1306
f 968 1306 1307
f 969 1307 1308
f 970 1308 1309
f 971 1309 1310
f 972 1310 1311
f 1303 1311 1300
f 1228 1300 805
f 1226 805 804
f 1224 804 1211
f 1207 1211 1213
f 1208 1213 1257
f 1206 1257 1209
f 1204 1209 1192
f 1165 1192 1190
f 1166 1190 1188
f 1168 1188 1187
f 1169 1187 1197
f 1170 1197 1178
f 1171 1178 1180
f 1312 1313 1314
f 1318 1319 1320
f 1324 1325 1326
f 1330 1331 1332
f 1336 1337 1338
f 1342 1343 1344
f 1348 1349 1350
f 1354 1355 1356
f 1359 1360 1361
f 1364 1363 1365
f 1369 1370 1371
f 1375 1376 1377
f 1381 1382 1383
f 1386 1385 1387
f 1391 1392 1393
f 1396 1395 1338
f 1397 1338 1398
f 1398 1337 1399
f 1399 1336 1400
f 1392 1391 1401
f 1401 1404 1402
f 1407 1406 1408
f 1409 1408 1410
f 1411 1407 1412
f 1413 1412 1414
f 1416 1417 1418
f 1418 1419 1420
f 1420 1419 1388
f 1388 1422 1389
f 1389 1423 1421
f 1421 1424 1425
f 1425 1426 1427
f 1427 1428 1429
f 1429 1430 1431
f 1431 1432 1433
f 1433 1434 1435
f 1435 1436 1387
f 1386 1436 1437
f 1384 1437 1438
f 1382 1381 1438
f 1438 1440 1439
f 1443 1442 1444
f 1446 1443 1444
f 1447 1444 1448
f 1375 1449 1376
f 1376 1450 1441
f 1441 1451 1442
f 1455 1456 1457
f 1461 1462 1463
f 1461 1463 1465
f 1465 1466 1467
f 1467 1468 1469
f 1469 1470 1471
f 1366 1368 1473
f 1364 1475 1476
f 1477 1364 1365
f 1478 1365 1479
f 1481 1482 1483
f 1479 1483 1484
f 1359 1361 1485
f 1485 1486 1487
f 1344 1488 1489
f 1487 1489 1490
f 1491 1492 1493
f 1493 1494 1342
f 1342 1495 1343
f 1343 1496 1488
f 1498 1497 1499
f 1500 1497 1501
f 1503 1504 1505
f 1505 1506 1507
f 1509 1330 1510
f 1510 1512 1513
f 1354 1356 1514
f 1518 1519 1520
f 1520 1521 1522
f 1463 1523 1524
f 1466 1524 1525
f 1468 1525 1472
f 1470 1472 1369
f 1371 1370 1526
f 1526 1472 1527
f 1527 1525 1528
f 1528 1524 1529
f 1529 1523 1530
f 1530 1464 1531
f 1531 1532 1533
f 1536 1535 1537
f 1539 1540 1533
f 1533 1541 1531
f 1531 1542 1530
f 1530 1543 1529
f 1529 1544 1528
f 1528 1545 1527
f 1527 1368 1526
f 1526 1367 1371
f 1546 1368 1545
f 1547 1545 1544
f 1548 1544 1543
f 1549 1543 1542
f 1550 1542 1541
f 1551 1541 1540
f 1552 1540 1539
f 1458 1539 1553
f 1554 1350 1555
f 1555 1349 1556
f 1558 1554 1555
f 1559 1555 1556
f 1535 1518 1537
f 1537 1520 1538
f 1538 1522 1561
f 1559 1562 1563
f 1558 1563 1564
f 1362 1534 1363
f 1363 1536 1365
f 1365 1538 1479
f 1479 1561 1481
f 1567 1566 1482
f 1568 1482 1481
f 1569 1481 1561
f 1570 1561 1522
f 1571 1522 1521
f 1572 1521 1519
f 1574 1575 1567
f 1567 1576 1565
f 1579 1578 1580
f 1581 1580 1582
f 1585 1584 1586
f 1587 1586 1588
f 1589 1588 1590
f 1591 1590 1592
f 1593 1592 1594
f 1595 1594 1596
f 1597 1596 1598
f 1599 1598 1600
f 1601 1600 1560
f 1602 1560 1556
f 1603 1556 1349
f 1604 1349 1348
f 1584 1606 1586
f 1586 1607 1588
f 1588 1608 1590
f 1590 1609 1592
f 1592 1610 1594
f 1594 1611 1596
f 1596 1612 1598
f 1598 1613 1600
f 1600 1577 1560
f 1560 1579 1562
f 1562 1581 1563
f 1563 1582 1564
f 1615 1346 1345
f 1616 1617 1618
f 1618 1619 1347
f 1347 1620 1345
f 1345 1621 1574
f 1574 1622 1575
f 1624 1493 1342
f 1625 1342 1616
f 1617 1342 1344
f 1619 1344 1487
f 1620 1487 1486
f 1621 1486 1361
f 1622 1361 1360
f 1575 1360 1626
f 1614 1627 1346
f 1346 1628 1347
f 1347 1629 1618
f 1618 1630 1616
f 1616 1631 1625
f 1625 1632 1624
f 1624 1633 1623
f 1328 1327 1637
f 1637 1638 1639
f 1640 1638 1641
f 1642 1641 1643
f 1645 1646 1647
f 1650 1649 1651
f 1648 1653 1649
f 1649 1654 1651
f 1403 1655 1656
f 1401 1656 1657
f 1392 1657 1410
f 1393 1410 1408
f 1644 1658 1659
f 1661 1662 1663
f 1659 1664 1660
f 1660 1662 1665
f 1665 1661 1666
f 1667 1339 1668
f 1669 1668 1670
f 1671 1670 1672
f 1673 1672 1674
f 1675 1674 1517
f 1353 1517 1516
f 1676 1341 1677
f 1677 1340 1678
f 1678 1667 1679
f 1679 1669 1680
f 1680 1671 1681
f 1681 1673 1682
f 1682 1675 1683
f 1683 1353 1684
f 1685 1686 1687
f 1687 1688 1689
f 1650 1685 1648
f 1648 1687 1652
f 1652 1689 1507
f 1507 1690 1505
f 1650 1646 1645
f 1685 1645 1691
f 1686 1691 1692
f 1688 1692 1693
f 1690 1693 1333
f 1505 1333 1335
f 1503 1335 1358
f 1335 1332 1331
f 1508 1331 1330
f 1694 1330 1509
f 1696 1511 1510
f 1697 1510 1330
f 1698 1330 1332
f 1666 1332 1334
f 1665 1334 1333
f 1660 1333 1693
f 1644 1693 1692
f 1642 1692 1691
f 1640 1691 1645
f 1639 1645 1647
f 1699 1700 1701
f 1701 1702 1703
f 1703 1704 1705
f 1707 1699 1701
f 1708 1701 1703
f 1709 1703 1705
f 1355 1706 1356
f 1356 1707 1711
f 1711 1708 1712
f 1712 1709 1713
f 1713 1710 1714
f 1714 1715 1716
f 1716 1717 1718
f 1718 1719 1720
f 1659 1720 1719
f 1664 1719 1717
f 1663 1717 1715
f 1661 1715 1710
f 1666 1710 1705
f 1698 1705 1704
f 1697 1704 1702
f 1696 1702 1700
f 1695 1700 1699
f 1721 1699 1706
f 1683 1722 1723
f 1682 1723 1724
f 1681 1724 1725
f 1680 1725 1726
f 1679 1726 1727
f 1678 1727 1728
f 1677 1728 1729
f 1676 1729 1730
f 1731 1730 1732
f 1733 1732 1734
f 1735 1734 1736
f 1738 1739 1740
f 1743 1742 1738
f 1744 1738 1740
f 1747 1748 1745
f 1745 1749 1739
f 1739 1750 1740
f 1635 1752 1751
f 1751 1753 1746
f 1746 1754 1747
f 1757 1756 1758
f 1759 1758 1760
f 1761 1760 1762
f 1763 1762 1764
f 1765 1764 1766
f 1767 1766 1768
f 1770 1634 1755
f 1755 1636 1756
f 1756 1751 1758
f 1758 1746 1760
f 1760 1745 1762
f 1762 1739 1764
f 1764 1738 1766
f 1766 1742 1768
f 1773 1772 1774
f 1775 1774 1776
f 1777 1776 1778
f 1779 1778 1780
f 1782 1771 1783
f 1783 1773 1784
f 1784 1775 1785
f 1785 1777 1786
f 1786 1779 1787
f 1787 1781 1788
f 1737 1782 1783
f 1789 1783 1784
f 1790 1784 1785
f 1791 1785 1786
f 1792 1786 1787
f 1793 1787 1788
f 1684 1514 1722
f 1722 1356 1723
f 1723 1711 1724
f 1724 1712 1725
f 1725 1713 1726
f 1726 1714 1727
f 1727 1716 1728
f 1728 1718 1729
f 1729 1720 1730
f 1730 1658 1732
f 1732 1643 1734
f 1734 1641 1736
f 1736 1638 1782
f 1782 1327 1771
f 1771 1329 1772
f 1647 1770 1755
f 1637 1755 1757
f 1328 1757 1759
f 1329 1759 1761
f 1772 1761 1763
f 1774 1763 1765
f 1776 1765 1767
f 1778 1767 1769
f 1795 1325 1796
f 1796 1324 1797
f 1799 1795 1796
f 1800 1796 1797
f 1801 1797 1802
f 1804 1322 1805
f 1806 1323 1807
f 1808 1807 1809
f 1810 1809 1811
f 1322 1804 1323
f 1323 1813 1807
f 1807 1814 1809
f 1809 1815 1811
f 1803 1415 1414
f 1801 1414 1817
f 1800 1817 1818
f 1799 1818 1819
f 1400 1336 1655
f 1655 1820 1656
f 1656 1821 1657
f 1657 1822 1410
f 1410 1823 1409
f 1409 1812 1407
f 1407 1811 1412
f 1412 1815 1414
f 1414 1814 1817
f 1817 1813 1818
f 1818 1804 1819
f 1819 1805 1798
f 1395 1824 1825
f 1338 1825 1826
f 1336 1826 1827
f 1820 1827 1828
f 1821 1828 1829
f 1822 1829 1830
f 1823 1830 1831
f 1812 1831 1832
f 1810 1832 1833
f 1808 1833 1834
f 1806 1834 1835
f 1394 1515 1824
f 1824 1517 1825
f 1825 1674 1826
f 1826 1672 1827
f 1827 1670 1828
f 1828 1668 1829
f 1829 1339 1830
f 1830 1341 1831
f 1831 1676 1832
f 1832 1731 1833
f 1833 1733 1834
f 1834 1735 1835
f 1835 1737 1321
f 1321 1789 1322
f 1322 1790 1805
f 1805 1791 1798
f 1798 1792 1795
f 1795 1793 1325
f 1325 1794 1326
f 1437 1836 1837
f 1438 1837 1838
f 1382 1838 1380
f 1383 1380 1379
f 1447 1380 1839
f 1446 1839 1840
f 1841 1842 1843
f 1843 1844 1845
f 1445 1841 1843
f 1443 1843 1845
f 1441 1845 1846
f 1847 1318 1848
f 1847 1848 1851
f 1851 1852 1853
f 1853 1854 1855
f 1855 1856 1857
f 1320 1850 1858
f 1859 1858 1860
f 1861 1860 1862
f 1318 1320 1848
f 1848 1859 1852
f 1852 1861 1854
f 1854 1863 1856
f 1836 1849 1319
f 1837 1319 1318
f 1838 1318 1847
f 1380 1847 1851
f 1839 1851 1853
f 1840 1853 1855
f 1841 1855 1857
f 1316 1315 1864
f 1864 1865 1866
f 1866 1455 1867
f 1867 1457 1868
f 1868 1869 1870
f 1870 1871 1460
f 1460 1872 1458
f 1458 1573 1552
f 1552 1519 1551
f 1551 1518 1550
f 1550 1535 1549
f 1549 1534 1548
f 1548 1362 1547
f 1547 1364 1546
f 1546 1476 1473
f 1866 1372 1374
f 1864 1374 1873
f 1373 1874 1374
f 1374 1453 1873
f 1873 1452 1316
f 1316 1875 1317
f 1317 1876 1877
f 1877 1878 1313
f 1877 1312 1879
f 1317 1879 1880
f 1315 1880 1881
f 1865 1881 1882
f 1455 1882 1883
f 1454 1884 1452
f 1452 1377 1875
f 1875 1376 1876
f 1876 1846 1878
f 1878 1845 1313
f 1313 1844 1314
f 1314 1842 1885
f 1885 1857 1886
f 1886 1856 1887
f 1887 1863 1888
f 1888 1889 1887
f 1887 1890 1886
f 1886 1891 1885
f 1885 1892 1314
f 1314 1893 1312
f 1312 1894 1879
f 1879 1895 1880
f 1880 1896 1881
f 1881 1897 1882
f 1882 1898 1883
f 1901 1900 1902
f 1903 1902 1904
f 1905 1904 1906
f 1907 1906 1908
f 1909 1908 1910
f 1911 1910 1912
f 1913 1912 1914
f 1915 1914 1916
f 1917 1916 1918
f 1920 1921 1922
f 1922 1923 1924
f 1924 1925 1926
f 1926 1919 1927
f 1927 1918 1928
f 1928 1916 1929
f 1929 1914 1930
f 1930 1912 1931
f 1931 1910 1932
f 1932 1908 1933
f 1933 1906 1934
f 1934 1904 1935
f 1935 1902 1936
f 1936 1937 1935
f 1935 1938 1934
f 1934 1939 1933
f 1933 1940 1932
f 1932 1941 1931
f 1931 1942 1930
f 1930 1943 1929
f 1929 1944 1928
f 1928 1945 1927
f 1927 1946 1926
f 1948 1583 1585
f 1949 1585 1587
f 1950 1587 1589
f 1951 1589 1591
f 1952 1591 1593
f 1953 1593 1595
f 1954 1595 1597
f 1955 1597 1599
f 1956 1599 1601
f 1957 1601 1602
f 1958 1602 1603
f 1959 1603 1604
f 1960 1604 1605
f 1938 1947 1948
f 1939 1948 1949
f 1940 1949 1950
f 1941 1950 1951
f 1942 1951 1952
f 1943 1952 1953
f 1944 1953 1954
f 1945 1954 1955
f 1946 1955 1956
f 1926 1956 1957
f 1924 1957 1958
f 1922 1958 1959
f 1920 1959 1960
f 1890 1899 1901
f 1891 1901 1903
f 1892 1903 1905
f 1893 1905 1907
f 1894 1907 1909
f 1895 1909 1911
f 1896 1911 1913
f 1897 1913 1915
f 1898 1915 1917
f 1883 1917 1919
f 1456 1919 1925
f 1457 1925 1923
f 1869 1923 1921
f 1871 1921 1920
f 1872 1920 1960
f 1573 1960 1605
f 1572 1605 1348
f 1571 1348 1350
f 1570 1350 1554
f 1569 1554 1557
f 1568 1557 1564
f 1567 1564 1582
f 1574 1582 1580
f 1615 1580 1578
f 1614 1578 1577
f 1627 1577 1613
f 1628 1613 1612
f 1629 1612 1611
f 1630 1611 1610
f 1631 1610 1609
f 1632 1609 1608
f 1633 1608 1607
f 1623 1607 1606
f 1961 1606 1584
f 1507 1502 1501
f 1652 1501 1497
f 1653 1497 1491
f 1654 1491 1493
f 1651 1493 1623
f 1646 1623 1961
f 1770 1961 1584
f 1634 1584 1583
f 1635 1583 1947
f 1752 1947 1937
f 1753 1937 1936
f 1754 1936 1900
f 1747 1900 1899
f 1748 1899 1889
f 1749 1889 1888
f 1750 1888 1862
f 1740 1862 1860
f 1744 1860 1858
f 1743 1858 1850
f 1741 1850 1849
f 1742 1849 1436
f 1768 1436 1434
f 1769 1434 1432
f 1780 1432 1430
f 1781 1430 1428
f 1788 1428 1426
f 1794 1426 1424
f 1326 1424 1423
f 1324 1423 1422
f 1797 1422 1419
f 1802 1419 1417
f 1803 1417 1416
f 1962 1963 749
f 1964 1965 746
f 746 1962 747
f 1199 1161 750
f 750 808 807
f 1217 750 749
f 1173 736 1174
f 742 750 1160
f 1160 1172 742
f 742 1180 743
f 743 1179 1174
f 737 739 1966
f 1968 1969 757
f 757 1970 741
f 741 1971 739
f 739 1972 1967
f 1973 757 785
f 1974 785 783
f 1976 782 1977
f 1977 781 1978
f 782 1979 1980
f 783 1980 1981
f 1110 1982 778
f 778 1983 780
f 780 1984 781
f 781 1985 1978
f 1111 778 777
f 1113 777 779
f 1114 779 1115
f 1115 784 1116
f 765 1054 1058
f 784 1058 1117
f 1044 1046 764
f 764 1048 765
f 765 1050 1053
f 763 1024 1023
f 764 1023 1028
f 801 800 759
f 759 1266 763
f 763 1268 1269
f 758 1239 1241
f 759 1241 803
f 736 1186 740
f 740 1185 758
f 758 1235 1237
f 738 737 1966
f 738 1987 1988
f 745 1988 1989
f 1986 1990 744
f 744 1991 748
f 748 1992 1993
f 1993 1996 748
f 1996 1997 752
f 752 1994 753
f 1998 1999 787
f 756 2000 751
f 2001 2002 774
f 774 2003 756
f 756 2004 2000
f 774 1999 2005
f 1998 787 2006
f 2006 786 2007
f 776 2008 2009
f 786 2009 2010
f 773 2011 775
f 775 2012 2008
f 772 2014 2015
f 773 2015 2016
f 2013 772 2017
f 2017 771 2018
f 2018 770 2019
f 768 2021 769
f 769 2022 2023
f 770 2023 2024
f 2025 2026 767
f 767 2027 768
f 768 2028 2020
f 2029 767 766
f 2030 766 2031
f 2031 755 2032
f 754 2034 755
f 755 2035 2032
f 2036 754 762
f 1995 2038 761
f 761 2039 762
f 762 2040 2037
f 2044 2022 2021
f 2048 2049 2050
f 2054 2055 2056
f 2057 2058 2059
f 2061 2062 2063
f 2067 2068 2069
f 2071 2070 2073
f 2077 2078 2079
f 2083 2084 2012
f 2084 2086 2012
f 2012 2087 2008
f 2090 2089 2091
f 2092 2089 2093
f 2094 2093 2095
f 2097 2098 2095
f 2095 2099 2096
f 2097 2101 2102
f 2100 2097 2103
f 2103 2104 2105
f 2108 2107 2109
f 2111 2112 2113
f 2113 2114 2115
f 2118 2117 2119
f 2120 2081 2121
f 2077 2079 2123
f 2126 2125 2127
f 2128 2127 2129
f 2075 2074 2131
f 2135 2136 2137
f 2140 2139 2141
f 2142 2141 2143
f 2067 2141 2144
f 2145 2146 2147
f 2148 2149 2150
f 2150 2151 2152
f 2155 2154 2156
f 2157 2155 2158
f 2160 2161 2162
f 2066 2162 2163
f 2164 2165 2051
f 2051 2166 2052
f 2035 2034 2168
f 2051 2168 2169
f 2138 2170 2139
f 2139 2171 2063
f 2063 2172 2061
f 2073 2136 2071
f 2071 2135 2072
f 2072 2176 2177
f 2177 2178 2041
f 2041 2179 2060
f 2135 2180 2181
f 2176 2181 2182
f 2178 2182 2183
f 2057 2059 2184
f 2184 2185 2131
f 2132 2186 2187
f 2188 2187 2189
f 2024 2044 2190
f 2019 2190 2191
f 2018 2191 2192
f 2017 2192 2193
f 2194 2195 2196
f 2196 2197 2198
f 2199 2121 2081
f 2116 2081 2080
f 2055 2054 2121
f 2121 2200 2122
f 2079 2202 2128
f 2123 2128 2130
f 2184 2203 2204
f 2057 2204 2195
f 2058 2195 2194
f 2131 2124 2126
f 2203 2126 2128
f 2204 2128 2202
f 2195 2202 2201
f 2118 2205 2116
f 2116 2206 2199
f 2199 2207 2055
f 2055 2208 2056
f 2013 2193 2014
f 2014 2210 2015
f 2212 2209 2208
f 2213 2208 2207
f 2214 2207 2206
f 2215 2206 2205
f 2216 2205 2118
f 2111 2118 2119
f 2085 2012 2088
f 2088 2011 2089
f 2089 2016 2093
f 2052 2217 2161
f 2053 2161 2160
f 2025 2029 2219
f 2156 2220 2155
f 2155 2221 2158
f 2158 2222 2159
f 2220 2148 2150
f 2221 2150 2223
f 2224 2225 2226
f 2226 2227 2228
f 2228 2229 2230
f 2230 2231 2232
f 2233 2050 2234
f 2234 2049 2235
f 2235 2048 2218
f 2218 2236 2053
f 2053 2237 2051
f 2051 2032 2035
f 2240 2239 2241
f 2026 2045 2027
f 2027 2047 2028
f 2028 2243 2020
f 2020 2244 2021
f 2021 2245 2044
f 2045 2219 2246
f 2046 2246 2247
f 2047 2247 2238
f 2243 2238 2240
f 2244 2240 2242
f 2248 2249 2250
f 2250 2251 2252
f 2252 2253 2254
f 2254 2255 2256
f 2256 2257 2258
f 2258 2259 2260
f 2260 2261 2262
f 2242 2248 2250
f 2245 2250 2252
f 2044 2252 2254
f 2190 2254 2256
f 2191 2256 2258
f 2192 2258 2260
f 2193 2260 2262
f 2263 2264 2265
f 2265 2266 2233
f 2233 2267 2050
f 2050 2268 2048
f 2048 2269 2236
f 2236 2270 2237
f 2237 2031 2032
f 2273 2272 2274
f 2275 2274 2276
f 2277 2276 2278
f 2279 2278 2280
f 2281 2280 2282
f 2283 2282 2284
f 2285 2284 2108
f 2104 2108 2110
f 2115 2106 2113
f 2113 2108 2111
f 2111 2284 2216
f 2216 2282 2215
f 2215 2280 2214
f 2214 2278 2213
f 2213 2276 2212
f 2212 2274 2211
f 2016 2015 2093
f 2093 2210 2095
f 2095 2262 2097
f 2097 2261 2104
f 2104 2259 2285
f 2285 2257 2283
f 2283 2255 2281
f 2281 2253 2279
f 2279 2251 2277
f 2277 2249 2275
f 2275 2248 2273
f 2273 2241 2271
f 2062 2286 2063
f 2063 2287 2139
f 2139 2288 2141
f 2141 2289 2144
f 2144 2290 2068
f 2068 2147 2069
f 2291 2175 2292
f 2293 2292 2294
f 2295 2294 2296
f 2297 2296 2298
f 2299 2298 2300
f 2301 2300 2224
f 2152 2224 2226
f 2150 2226 2228
f 2223 2228 2230
f 2222 2230 2232
f 2151 2145 2152
f 2152 2147 2301
f 2301 2290 2299
f 2299 2289 2297
f 2297 2288 2295
f 2295 2287 2293
f 2293 2286 2291
f 2291 2062 2173
f 2173 2302 2174
f 2079 2122 2200
f 2201 2200 2054
f 2197 2054 2056
f 2198 2056 2209
f 2303 2209 2211
f 2304 2211 2272
f 2263 2272 2271
f 2264 2271 2239
f 2266 2239 2238
f 2267 2238 2247
f 2268 2247 2246
f 2269 2246 2219
f 2270 2219 2030
f 2171 2305 2172
f 2172 2070 2061
f 2061 2072 2062
f 2062 2177 2302
f 2302 2041 2306
f 2306 2043 2189
f 2189 2307 2188
f 2066 2157 2159
f 2160 2159 2232
f 2218 2232 2231
f 2235 2231 2229
f 2234 2229 2227
f 2233 2227 2225
f 2265 2225 2224
f 2263 2224 2300
f 2304 2300 2298
f 2303 2298 2296
f 2198 2296 2294
f 2196 2294 2292
f 2194 2292 2175
f 2058 2175 2174
f 2059 2174 2302
f 2185 2302 2306
f 2131 2306 2189
f 2075 2189 2187
f 2076 2187 2186
f 2311 1971 1970
f 2315 2316 2317
f 2321 1991 1990
f 2325 2326 2327
f 2331 2332 2333
f 2336 2335 2337
f 2341 2342 2343
f 2343 2344 2345
f 2347 2349 2350
f 2346 2348 2339
f 2348 2354 2355
f 2355 2356 2357
f 2360 2359 2361
f 2362 2361 2363
f 2364 2363 2365
f 2367 2368 2369
f 2358 2360 2369
f 2369 2370 2367
f 2340 2348 2355
f 2371 2355 2357
f 2372 2357 2373
f 2375 2376 2377
f 2354 2378 2356
f 2356 2376 2357
f 2357 2375 2373
f 2373 2379 2374
f 2375 2380 2381
f 2379 2381 2370
f 2374 2370 2360
f 2372 2360 2362
f 2371 2362 2364
f 2340 2364 2366
f 2382 2383 2384
f 2386 2387 2388
f 2388 2389 2390
f 2387 2391 2389
f 2389 2392 2385
f 2385 2393 2384
f 2392 2394 2395
f 2393 2395 2396
f 2384 2396 2397
f 2398 2399 2400
f 2400 2401 2402
f 2402 2403 2404
f 2404 2405 2406
f 2406 2407 2408
f 2408 2409 2410
f 2410 2411 2412
f 2412 2413 2414
f 2401 2415 2416
f 2403 2416 2417
f 2405 2417 2418
f 2407 2418 2419
f 2409 2419 2420
f 2411 2420 2421
f 2422 2398 2423
f 2423 2400 2424
f 2424 2402 2425
f 2425 2404 2380
f 2380 2406 2381
f 2381 2408 2370
f 2370 2410 2367
f 2367 2412 2368
f 2426 2427 2428
f 2428 2429 2430
f 2433 2432 2434
f 2435 2434 2436
f 2437 2436 2438
f 2439 2438 2440
f 2441 2440 2442
f 2443 2442 2444
f 2445 2444 2446
f 2447 2446 2448
f 2432 2450 2434
f 2434 2451 2436
f 2436 2452 2438
f 2438 2453 2440
f 2440 2454 2442
f 2442 2455 2444
f 2444 2456 2446
f 2446 2457 2448
f 2448 2458 2449
f 1022 1016 2460
f 2460 822 2461
f 2463 2462 2464
f 2465 2464 2466
f 2467 2466 2468
f 2469 2468 2470
f 2471 2470 2472
f 2473 2474 2475
f 2477 2474 2473
f 2479 2476 2480
f 2480 2477 2481
f 2481 2478 2482
f 2484 2476 2479
f 2483 2486 2476
f 2476 2487 2474
f 2474 2488 2475
f 2475 2489 2490
f 2462 822 2482
f 2464 2482 2478
f 2466 2478 2473
f 2468 2473 2475
f 2470 2475 2490
f 2334 2336 2471
f 2471 2491 2469
f 2469 2492 2467
f 2467 2493 2465
f 2465 2494 2463
f 2463 2495 2461
f 2461 2426 2460
f 2460 2428 1022
f 2331 2330 2496
f 2497 2496 2498
f 2502 2503 2504
f 2504 2505 2506
f 2506 2507 2508
f 2508 2509 2510
f 2512 2502 2504
f 2498 2504 2506
f 2497 2506 2508
f 2331 2508 2510
f 2332 2510 2513
f 2516 2515 2517
f 2329 2328 2519
f 2519 2520 2521
f 2521 2522 2523
f 2496 2329 2519
f 2498 2519 2521
f 2512 2521 2523
f 2524 2525 2526
f 2526 2527 2528
f 2528 2529 2422
f 2422 2530 2398
f 2398 2531 2399
f 2399 2532 2415
f 2415 2533 2416
f 2416 2534 2417
f 2417 2535 2418
f 2418 2536 2419
f 2419 2537 2420
f 2420 2538 2421
f 2500 2499 2542
f 2542 2539 2543
f 2543 2541 2544
f 2527 2431 2433
f 2529 2433 2435
f 2530 2435 2437
f 2531 2437 2439
f 2532 2439 2441
f 2533 2441 2443
f 2534 2443 2445
f 2535 2445 2447
f 2536 2447 2449
f 2537 2449 2459
f 2545 2546 2547
f 2547 2548 2549
f 2552 2551 2553
f 2554 2553 2555
f 2547 1978 2545
f 2545 1985 2546
f 2557 2549 2558
f 2558 2548 2559
f 2559 2546 2560
f 2560 1984 1983
f 2562 2550 2552
f 2563 2552 2554
f 2564 2554 2556
f 2565 2556 2566
f 2567 2566 2568
f 2326 2325 2567
f 2567 2569 2565
f 2565 2570 2564
f 2564 2571 2563
f 2517 2561 2562
f 2518 2562 2563
f 2572 2563 2571
f 2573 2571 2570
f 2574 2570 2569
f 2575 2569 2325
f 2576 2325 2327
f 2576 2577 2578
f 2575 2578 2579
f 2574 2579 2580
f 2573 2580 2581
f 2572 2581 2582
f 2583 2584 2585
f 2587 2557 2588
f 2588 2558 2589
f 2589 2559 2590
f 2590 2560 2591
f 2591 1983 1982
f 2592 2323 2586
f 2586 2322 2585
f 2591 1108 1107
f 2593 1107 1112
f 1118 1150 2594
f 2592 2586 2593
f 2593 2584 2591
f 2591 2583 2590
f 2590 2585 2589
f 2589 2322 2588
f 2588 2324 2587
f 2587 2595 2596
f 2596 2597 2598
f 2598 2599 2600
f 2600 2601 2602
f 2602 2603 2604
f 2604 2605 2606
f 2606 1294 960
f 2608 2430 2429
f 2609 2429 2427
f 2610 2427 2426
f 2611 2426 2495
f 2612 2495 2494
f 2613 2494 2493
f 2614 2493 2492
f 2615 2492 2491
f 2616 2491 2336
f 2617 2336 2337
f 1112 1118 2592
f 2592 2594 2323
f 2323 1152 2324
f 2324 1153 2595
f 2595 1154 2597
f 2597 1155 2599
f 2599 1156 2601
f 2601 1157 2603
f 2603 1158 2605
f 2605 1159 1294
f 2620 2544 2541
f 2621 2541 2540
f 2622 2540 2623
f 2624 2623 2625
f 2628 2627 2629
f 1990 2630 2627
f 2321 2627 2626
f 2627 2631 2632
f 1988 1987 2633
f 2634 1967 1972
f 2636 2637 2638
f 2638 2639 2640
f 2640 2641 2642
f 2642 2643 2644
f 2644 2645 2646
f 2632 2647 2629
f 2629 2648 2315
f 2644 2649 2650
f 2642 2650 2651
f 2640 2651 2652
f 2638 2652 2653
f 2636 2653 2654
f 2654 2318 2320
f 2636 2320 2656
f 2657 2658 2659
f 2659 2660 2661
f 2661 2662 2663
f 2315 2664 2665
f 2629 2665 2666
f 2667 2668 2669
f 2655 2671 2318
f 2318 2672 2319
f 2650 2663 2662
f 2651 2662 2660
f 2652 2660 2658
f 2653 2658 2657
f 2654 2657 2673
f 2655 2673 2674
f 2675 2676 2677
f 2677 2678 2314
f 2680 2681 2669
f 2669 2682 2667
f 2657 2676 2675
f 2673 2675 2677
f 2674 2677 2314
f 2671 2314 2313
f 2672 2313 2683
f 2319 2683 2316
f 2320 2316 2315
f 2656 2315 2648
f 2637 2648 2647
f 2639 2647 2632
f 2641 2632 2631
f 2643 2631 2630
f 2645 2630 1986
f 2684 2685 2686
f 2686 2311 2687
f 2633 1966 2634
f 2688 2634 2635
f 2689 2635 2690
f 2691 2690 2692
f 2311 1970 2687
f 2687 1969 2694
f 1976 2551 2550
f 1979 2550 2561
f 1980 2561 2515
f 1981 2515 2514
f 1975 2514 2695
f 1974 2695 2696
f 1973 2696 2694
f 1968 2694 1969
f 2699 2698 2700
f 2701 2700 2702
f 2703 2702 2704
f 2542 2706 2500
f 2500 2707 2501
f 2501 2708 2709
f 2709 2710 2711
f 2711 2712 2713
f 2713 2513 2510
f 2711 2510 2509
f 2709 2509 2507
f 2501 2507 2505
f 2499 2505 2503
f 2539 2503 2502
f 2540 2502 2511
f 2623 2511 2523
f 2625 2523 2522
f 2700 2714 2713
f 2702 2713 2712
f 2704 2712 2710
f 2705 2710 2708
f 2715 2708 2707
f 2716 2707 2706
f 2524 2706 2542
f 2525 2542 2543
f 2431 2543 2544
f 2432 2544 2619
f 2717 2718 2719
f 2719 2721 2720
f 2720 2722 2682
f 2682 2723 2667
f 2724 2309 2725
f 2718 2717 2727
f 2727 2728 2729
f 2350 2730 2731
f 2353 2731 2732
f 2728 2732 2733
f 2734 2308 2735
f 2735 2310 2736
f 2736 2724 2737
f 2737 2726 2738
f 2741 2740 2742
f 2345 2742 2743
f 2343 2743 2744
f 2738 2739 2737
f 2737 2741 2736
f 2736 2345 2735
f 2735 2344 2734
f 2734 2342 2352
f 2352 2353 2734
f 2734 2728 2308
f 2308 2717 2309
f 2309 2720 2725
f 2725 2682 2726
f 2726 2681 2738
f 2738 2746 2739
f 2739 2747 2740
f 2646 1988 2633
f 2649 2633 2688
f 2663 2688 2689
f 2661 2689 2691
f 2659 2691 2693
f 2676 2693 2748
f 2678 2748 2749
f 2679 2749 2750
f 2751 2750 2752
f 2753 2752 2754
f 2755 2754 2756
f 2757 2756 2758
f 1972 1971 2635
f 2635 2311 2690
f 2690 2685 2692
f 2692 2684 2693
f 2693 2760 2748
f 2748 2761 2749
f 2749 2762 2750
f 2750 2763 2752
f 2752 2764 2754
f 2754 2765 2756
f 2756 2766 2758
f 2767 2314 2679
f 2768 2679 2751
f 2769 2751 2753
f 2386 2753 2755
f 2387 2755 2757
f 2391 2757 2759
f 2382 2745 2383
f 2383 2342 2385
f 2385 2341 2390
f 2390 2744 2388
f 2388 2743 2386
f 2386 2742 2769
f 2769 2740 2768
f 2768 2747 2767
f 2767 2746 2312
f 2312 2681 2313
f 2313 2680 2683
f 2683 2669 2316
f 2316 2670 2317
f 823 2485 2479
f 824 2479 2480
f 1008 2480 2481
f 1009 2481 2482
f 821 2482 822
f 2621 2607 2608
f 2620 2608 2609
f 2619 2609 2610
f 2450 2610 2611
f 2451 2611 2612
f 2452 2612 2613
f 2453 2613 2614
f 2454 2614 2615
f 2455 2615 2616
f 2456 2616 2617
f 2457 2617 2618
f 1977 1978 2551
f 2551 2547 2553
f 2553 2549 2555
f 2555 2557 2556
f 2556 2587 2566
f 2566 2596 2568
f 2568 2598 2326
f 2326 2600 2327
f 2327 2602 2577
f 2577 2604 2770
f 2770 2606 2771
f 2771 960 959
f 2348 2350 2352
f 2354 2352 2745
f 2378 2745 2382
f 2377 2382 2397
f 2380 2397 2396
f 2425 2396 2395
f 2424 2395 2394
f 2423 2394 2759
f 2422 2759 2758
f 2528 2758 2766
f 2526 2766 2765
f 2524 2765 2764
f 2716 2764 2763
f 2715 2763 2762
f 2705 2762 2761
f 2703 2761 2760
f 2701 2760 2684
f 2699 2684 2686
f 2697 2686 2687
f 2698 2687 2694
f 2714 2694 2696
f 2513 2696 2695
f 2332 2695 2514
f 2333 2514 2516
f 2330 2516 2518
f 2328 2518 2582
f 2520 2582 2581
f 2522 2581 2580
f 2625 2580 2579
f 2624 2579 2578
f 2622 2578 2577
f 2607 2577 2770
f 2430 2770 2771
f 2428 2771 959
f 2772 2773 2774
f 2777 2776 2778
f 2779 2780 2777
f 2777 2781 2782
f 2782 2783 2784
f 2772 2785 2786
f 2787 2786 2788
f 2789 2788 2790
f 2775 2790 2791
f 1396 2792 1394
f 1884 1454 2794
f 2795 1375 2794
f 2794 1377 1884
f 1874 2796 2794
f 1453 2794 1454
f 2796 1372 1867
f 1459 2797 1460
f 1460 2796 1870
f 1459 1553 2797
f 2797 1539 1533
f 2797 1532 1464
f 2798 1464 1462
f 1461 1465 2798
f 2798 1467 2799
f 2800 1467 2801
f 2802 2801 2803
f 2804 2803 2805
f 2806 2805 2807
f 2807 2808 2809
f 2812 2811 2809
f 2813 2809 2808
f 2814 2773 2815
f 2816 2815 2817
f 2810 2817 2818
f 2819 2820 2821
f 2821 2822 2823
f 2822 2827 2823
f 2823 2828 2826
f 2826 2829 2824
f 2825 2830 2831
f 2831 2833 2832
f 2832 2834 2835
f 2835 2836 2837
f 2837 2838 2839
f 2839 2840 2841
f 2841 2842 2843
f 2843 2844 2845
f 2845 2846 2847
f 2848 2847 2849
f 2850 2849 2851
f 2852 2851 2853
f 2793 2853 1394
f 2855 2856 2857
f 2861 2862 2863
f 2866 2867 2868
f 2872 2873 2874
f 2877 2876 2878
f 2881 2880 2882
f 2884 2885 2886
f 2890 2885 2891
f 2895 2896 2897
f 2901 2902 2903
f 2001 2005 2907
f 2909 2910 2911
f 2915 2916 2917
f 2921 2922 2923
f 2925 2924 2927
f 2931 2932 2933
f 2935 2933 2936
f 2938 2937 2939
f 2942 2943 2940
f 2940 2944 2941
f 2944 2945 2946
f 2947 2948 2949
f 2953 2951 2954
f 2954 2950 2955
f 2957 2953 2954
f 2958 2954 2955
f 2947 2949 2958
f 2958 2959 2957
f 2957 2960 2956
f 2956 2961 2962
f 2964 2952 2951
f 2965 2951 2953
f 2966 2953 2956
f 2967 2956 2962
f 2969 2970 2971
f 2971 2972 2973
f 2973 2974 2937
f 2972 2975 2976
f 2974 2976 2977
f 904 2969 885
f 885 2971 886
f 886 2973 888
f 888 2937 889
f 2978 2979 2980
f 2980 2981 2982
f 2978 2984 2985
f 2979 2985 2986
f 2987 2988 2989
f 2989 2990 2991
f 2991 2992 2993
f 2993 2994 2995
f 2995 2996 2997
f 2997 2998 2999
f 2999 3000 3001
f 3003 3004 2929
f 2929 3005 2930
f 3005 3002 3000
f 3006 3000 2998
f 3007 2998 2996
f 3008 2996 2994
f 3009 2994 2992
f 2975 2992 2990
f 2976 2990 2988
f 881 879 3010
f 3010 2934 3011
f 3011 3012 3013
f 2936 3015 3016
f 2933 2932 2936
f 2936 3018 3015
f 3021 3020 3022
f 2931 3024 2932
f 2932 3025 3018
f 3018 3026 3015
f 3015 3027 3017
f 3028 2929 2928
f 3030 3031 3023
f 3030 2923 2922
f 904 881 2969
f 2969 3010 2970
f 2970 3011 2975
f 2975 3013 3009
f 3009 3014 3008
f 3008 3033 3007
f 3007 3034 3006
f 3006 3035 3005
f 3005 3036 2930
f 2930 3037 2928
f 2928 3038 3029
f 3029 3039 3032
f 3032 3040 2923
f 2923 3041 2921
f 3043 3044 3045
f 3045 3046 3047
f 3047 3048 3049
f 3049 2007 3047
f 3047 2010 3045
f 3045 2009 3043
f 3012 3051 3052
f 3014 3052 3053
f 3033 3053 3054
f 3034 3054 3055
f 3035 3055 3056
f 3036 3056 3057
f 3037 3057 3058
f 3038 3058 3059
f 3039 3059 3060
f 3040 3060 3061
f 3041 3061 3062
f 3042 3062 3063
f 3064 3063 3065
f 3066 3065 3067
f 3068 3067 3069
f 3073 3072 3074
f 3074 3071 3075
f 3078 1999 1998
f 3072 3076 3078
f 3070 3078 1998
f 2919 2918 3079
f 3079 3080 3081
f 3081 3082 3083
f 3083 3084 3085
f 3085 3086 3087
f 3087 3088 3089
f 3091 2927 2924
f 3092 2924 2926
f 3093 2926 3094
f 3095 3094 3096
f 3097 3096 3098
f 3099 3098 3100
f 3101 3100 3102
f 3103 3102 3104
f 3105 3104 3106
f 3108 3109 3110
f 3112 2926 2925
f 3113 2925 2927
f 3114 2927 3090
f 2926 2920 2919
f 3094 2919 3079
f 3096 3079 3081
f 3098 3081 3083
f 3100 3083 3085
f 3102 3085 3087
f 3104 3087 3089
f 3115 3116 3109
f 3108 3117 2854
f 3118 2854 869
f 3109 3108 3115
f 3115 3118 3119
f 3119 868 1302
f 2920 3120 3121
f 2918 3121 3122
f 3080 3122 3123
f 3082 3123 3124
f 3084 3124 3125
f 3086 3125 3126
f 3114 3110 3113
f 3113 3109 3112
f 3112 3116 3111
f 3111 3127 3120
f 3120 3128 3121
f 3121 3129 3122
f 3122 3130 3123
f 3123 3131 3124
f 3124 3132 3125
f 3125 3133 3126
f 3126 3077 3088
f 3088 3073 3089
f 3089 3074 3106
f 3106 3075 3107
f 3134 2909 3135
f 3136 3135 3137
f 3139 3140 3141
f 3141 3142 3143
f 2916 2915 3145
f 3145 3146 3147
f 3147 3148 3149
f 3151 2917 2916
f 3152 2916 3145
f 3153 3145 3147
f 3154 3147 3149
f 3156 3144 3157
f 3157 3142 3158
f 3158 3140 3159
f 3161 3150 3151
f 3162 3151 3152
f 3163 3152 3153
f 3164 3153 3154
f 3165 3154 3155
f 3165 2912 2914
f 3164 2914 3166
f 3163 3166 3167
f 3162 3167 3168
f 3161 3168 3169
f 3170 3138 3171
f 3171 3137 3172
f 3172 3135 3173
f 3173 2909 3174
f 3174 2911 1227
f 2913 1225 2914
f 2914 1223 3166
f 3166 1222 3167
f 3167 1221 3168
f 3168 1220 3169
f 3169 2908 3160
f 3150 3156 3157
f 2917 3157 3158
f 2915 3158 3159
f 3146 3159 3175
f 3148 3175 3170
f 3149 3170 3171
f 3155 3171 3172
f 2912 3172 3173
f 2913 3173 3174
f 1225 3174 1227
f 3119 1301 1227
f 3115 1227 2911
f 3116 2911 2910
f 3127 2910 3134
f 3128 3134 3136
f 3129 3136 3138
f 3130 3138 3170
f 3131 3170 3175
f 3132 3175 3159
f 3133 3159 3140
f 3077 3140 3139
f 3076 3139 2907
f 3078 2907 2005
f 3176 2002 2001
f 3180 3181 3182
f 3182 3183 3184
f 3184 3185 3186
f 2904 2906 3188
f 3189 3178 3190
f 3191 3190 3192
f 3193 3194 3195
f 3195 3196 3197
f 3197 3198 3180
f 3180 3199 3181
f 3203 3204 3205
f 3209 3210 3211
f 3213 3214 3215
f 3216 3214 3217
f 3019 3217 3218
f 3219 2902 3220
f 3220 2901 3221
f 3224 3223 3225
f 2905 2898 3227
f 2906 3227 3228
f 2899 3230 3231
f 3232 3200 3233
f 3211 3235 3209
f 3209 3236 3237
f 3237 3238 3239
f 3222 3240 3223
f 3223 3238 3225
f 3225 3236 3226
f 3229 3241 2906
f 2906 3242 3188
f 3191 2893 3243
f 3189 3243 3244
f 2897 2896 3245
f 3245 3246 3247
f 3247 3248 3249
f 3249 3250 3251
f 3251 3252 3253
f 2134 3254 3255
f 2186 3255 3256
f 3253 3257 3251
f 3251 3258 3249
f 3249 3259 3247
f 3247 3260 3245
f 3245 3177 2897
f 2897 3179 2895
f 2895 3244 2130
f 3261 2082 2120
f 2892 2120 2122
f 2893 2122 2078
f 3243 2078 2077
f 3244 2077 2123
f 2130 2129 2895
f 2895 2127 2896
f 2896 2125 3246
f 3246 2124 3248
f 3248 2074 3250
f 3250 2076 3252
f 3252 3256 3253
f 3253 3255 3262
f 2894 3186 3187
f 2892 3187 3263
f 3261 3263 3264
f 2898 2900 3227
f 3227 3266 3228
f 3228 3267 3229
f 2900 3231 3268
f 3266 3268 3269
f 3267 3269 3270
f 3271 3265 3267
f 3267 3264 3229
f 3229 3263 3241
f 3241 3187 3242
f 3242 3185 3188
f 3188 3183 2904
f 2904 3181 2905
f 2905 3199 2898
f 2898 3198 2899
f 2899 3196 3230
f 3233 3272 3234
f 3234 3273 3274
f 3274 3275 3276
f 3277 3275 3273
f 3278 3273 3272
f 3279 3272 3233
f 3280 3233 3200
f 3281 3200 3202
f 3282 3202 3193
f 3194 3202 3201
f 3230 3201 3232
f 3231 3232 3234
f 3268 3234 3274
f 3269 3274 3276
f 3283 3284 3285
f 2883 2114 3287
f 3287 2112 2119
f 3288 2888 2883
f 3289 2883 3287
f 3290 3287 2119
f 2885 2890 2886
f 2886 3291 2103
f 2886 2105 2887
f 2884 2887 2889
f 2887 2110 2109
f 2888 2109 2107
f 2883 2107 2106
f 3292 3283 3293
f 3293 3286 3294
f 3296 3295 3297
f 3297 3286 3298
f 2099 2098 3299
f 2091 2880 2879
f 2090 2879 2088
f 2092 2094 2880
f 2880 3300 2882
f 2882 3301 3302
f 3305 3304 3306
f 3307 3306 3308
f 3309 3308 3310
f 3311 3310 3312
f 3313 3312 3314
f 3315 3314 3316
f 3319 3318 3320
f 3321 3320 3322
f 3323 3316 3321
f 3321 3314 3319
f 3319 3312 3317
f 3317 3310 3324
f 3324 3308 3325
f 3325 3306 3326
f 3326 3304 3327
f 3327 3303 3328
f 3043 2008 3323
f 3044 3323 3322
f 3329 3322 3320
f 3330 3320 3318
f 3331 3318 3317
f 3332 3317 3324
f 3333 3324 3325
f 3334 3325 3326
f 3221 3326 3327
f 3220 3327 3328
f 2008 2087 3323
f 3323 2086 3316
f 3316 2084 3315
f 3315 2083 2085
f 3315 2088 2879
f 3313 2879 2881
f 3311 2881 2882
f 3309 2882 3302
f 3307 3302 3335
f 3305 3335 3336
f 3303 3336 3337
f 3328 3337 3338
f 3219 3338 3205
f 2902 3205 3204
f 2098 2102 3299
f 3299 2101 3291
f 3291 2100 2103
f 3275 2885 2884
f 3276 2884 2889
f 3270 2889 3288
f 3271 3288 3289
f 3265 3289 3290
f 3261 3290 2117
f 3207 3206 3339
f 3339 3340 3341
f 3341 3342 3292
f 3292 3343 3283
f 3283 3344 3284
f 3284 3345 3285
f 3285 3346 3298
f 3298 3347 3297
f 3297 3348 3296
f 3296 3349 3350
f 2877 3351 3352
f 3353 3352 3354
f 3357 3356 3358
f 3361 3360 3362
f 3364 3363 3365
f 3358 3365 3366
f 3367 3368 3369
f 2941 3371 2942
f 2942 3370 3372
f 3372 3368 3373
f 3375 3376 3377
f 3377 3378 3379
f 3379 3380 3381
f 3381 3382 3383
f 3383 3384 3385
f 3388 3387 3389
f 3391 2869 2871
f 3361 2871 3387
f 3359 3387 3386
f 3389 3387 3395
f 3395 2871 3396
f 3396 2870 3397
f 3397 3398 3399
f 3399 3400 3401
f 3404 3403 3405
f 3408 3407 3409
f 3410 3409 3402
f 3402 3411 3403
f 3414 3415 3412
f 3412 3416 3400
f 3400 3417 3401
f 3404 3418 3419
f 3420 3419 3421
f 3422 3421 3392
f 3423 3392 3394
f 2874 3375 2872
f 2872 3377 3425
f 3425 3379 3426
f 3426 3381 3427
f 3427 3383 3428
f 3428 3385 3429
f 3429 3384 3430
f 2860 3374 3368
f 3431 3368 3367
f 3432 3367 3369
f 3433 2861 2865
f 2864 2861 3435
f 3435 2863 3436
f 3437 2872 3425
f 3438 3425 3426
f 3439 3426 3427
f 3434 3427 3428
f 3433 3428 3429
f 2862 3429 3430
f 2863 3430 3440
f 3432 2948 3431
f 3431 2947 2860
f 2860 2955 2858
f 2858 2950 2983
f 2983 2952 2984
f 2984 2963 3441
f 3443 3444 3436
f 3436 3445 3435
f 3435 3446 2864
f 2864 3447 2865
f 2865 3448 3434
f 3434 3449 3439
f 3439 3450 3438
f 3438 3451 3437
f 3437 3452 2873
f 2873 3453 2874
f 2874 3364 3375
f 3375 3358 3376
f 3454 3455 3456
f 3456 3457 3458
f 3458 3459 3460
f 3460 3461 3462
f 3462 3463 3464
f 3464 3465 2866
f 3464 2868 3466
f 3462 3466 3467
f 3460 3467 3468
f 3458 3468 3469
f 3456 3469 3470
f 3454 3470 3471
f 3473 3474 3475
f 3475 3476 3413
f 3413 3477 3414
f 3474 3478 3479
f 3476 3479 3480
f 3477 3480 3481
f 3414 3481 3482
f 3415 3482 3483
f 3475 3484 3473
f 3473 3485 3478
f 3478 3486 3203
f 3472 3487 3488
f 3489 3488 3212
f 2935 2936 3491
f 3491 3016 3492
f 3492 3493 3494
f 3214 2856 2855
f 3217 2855 3490
f 3068 3495 3066
f 3066 3496 3064
f 3064 3497 3042
f 3042 3498 2921
f 2921 3499 2922
f 2922 3500 3031
f 3031 3240 3023
f 3023 3222 3021
f 3021 3224 3019
f 3019 3226 3216
f 3216 3235 3215
f 3215 3211 3213
f 3213 3212 2856
f 2856 3488 2857
f 3495 3350 3496
f 3496 3349 3497
f 3497 3348 3498
f 3498 3347 3499
f 3499 3346 3500
f 3500 3345 3240
f 3240 3344 3239
f 3239 3343 3237
f 3237 3342 3209
f 3209 3340 3210
f 3210 3206 3212
f 3212 3208 3489
f 3489 3486 3472
f 3472 3485 3454
f 3454 3484 3455
f 3455 3475 3457
f 3457 3413 3459
f 3459 3412 3461
f 3461 3400 3463
f 3463 3398 3465
f 3465 2870 2866
f 2866 2869 2867
f 3203 3486 3204
f 3204 3208 2903
f 2903 3207 2901
f 2901 3339 3221
f 3221 3341 3334
f 3334 3292 3333
f 3333 3293 3332
f 3332 3294 3331
f 3331 3295 3330
f 3330 3296 3329
f 3329 3350 3044
f 3044 3495 3046
f 3046 3068 3048
f 3048 3069 3049
f 3356 2875 2877
f 3376 2877 3353
f 3378 3353 3354
f 3380 3354 3501
f 3382 3501 3502
f 3384 3502 3503
f 3430 3503 3504
f 3440 3504 3505
f 3436 3505 3506
f 3442 3506 3507
f 2878 2944 3351
f 3351 2943 3352
f 3352 2942 3354
f 3354 3372 3501
f 3501 3373 3502
f 3502 3374 3503
f 3503 2859 3504
f 3504 2858 3505
f 3505 2983 3506
f 3506 2978 3507
f 3507 2980 3494
f 3494 2982 3492
f 3492 2981 3491
f 3491 2986 2935
f 3253 3508 3509
f 3257 3509 3393
f 3258 3393 3392
f 3259 3392 3421
f 3260 3421 3419
f 3177 3419 3418
f 3178 3418 3405
f 3190 3405 3403
f 3192 3403 3411
f 3186 3411 3409
f 3184 3409 3407
f 3182 3407 3406
f 2096 2099 3300
f 3300 3299 3301
f 3301 3291 3302
f 3302 2890 3335
f 3335 2891 3336
f 3336 3277 3337
f 3337 3278 3338
f 3338 3279 3205
f 3205 3280 3203
f 3203 3281 3478
f 3478 3282 3479
f 3479 3193 3480
f 3480 3195 3481
f 3481 3197 3482
f 3482 3180 3483
f 3483 3406 3416
f 3416 3408 3417
f 3417 3410 3401
f 3401 3402 3399
f 3399 3404 3397
f 3397 3420 3396
f 3396 3422 3395
f 3395 3423 3389
f 3389 3424 3388
f 2003 3176 3510
f 2004 3510 3511
f 2000 3511 3512
f 1964 3512 3513
f 1965 3513 3514
f 1962 3514 3515
f 1963 3515 3516
f 2001 2907 3176
f 3176 3139 3510
f 3510 3141 3511
f 3511 3143 3512
f 3512 3144 3513
f 3513 3156 3514
f 3514 3160 3515
f 3515 2908 3516
f 3516 1218 1217
f 2934 877 876
f 3051 876 875
f 872 871 3051
f 3051 2854 3052
f 3052 3117 3053
f 3053 3110 3054
f 3054 3114 3055
f 3055 3090 3056
f 3056 3091 3057
f 3057 3092 3058
f 3058 3093 3059
f 3059 3095 3060
f 3060 3097 3061
f 3061 3099 3062
f 3062 3101 3063
f 3063 3103 3065
f 3065 3105 3067
f 3067 3107 3069
f 3069 3075 3049
f 3049 3071 3050
f 3050 3070 2007
f 3362 3364 3361
f 3361 3453 3391
f 3391 3452 3390
f 3390 3451 2867
f 2867 3450 2868
f 2868 3449 3466
f 3466 3448 3467
f 3467 3447 3468
f 3468 3446 3469
f 3469 3445 3470
f 3470 3444 3471
f 3471 3443 3487
f 3487 3442 2857
f 2857 3494 3490
f 3490 3493 3218
f 3218 3016 3020
f 3020 3017 3022
f 3022 3027 3023
f 3023 3026 3030
f 3030 3025 3032
f 3032 3024 3029
f 3029 2931 3028
f 3028 2933 3003
f 3003 2935 3004
f 3004 2986 3002
f 3002 2985 3001
f 3001 2984 2999
f 2999 3441 2997
f 2997 2963 2995
f 2995 2964 2993
f 2993 2965 2991
f 2991 2966 2989
f 2989 2967 2987
f 2987 2968 2988
f 2988 3517 2977
f 2977 3518 2937
f 2937 3519 2939
f 3523 3524 3525
f 3527 3528 3529
f 3531 2786 2785
f 3533 3534 3535
f 3537 3538 3539
f 3541 3542 3543
f 2836 2834 3547
f 1515 1394 2853
f 1512 1511 3554
f 3556 3557 3558
f 3562 3563 3564
f 3568 3569 3570
f 3568 3574 3575
f 3578 3577 3579
f 3581 3582 3583
f 3587 3588 3589
f 3593 3594 3595
f 3599 3600 3601
f 3605 3606 3607
f 3611 3612 3613
f 3610 3615 3616
f 3618 3616 3615
f 3619 3615 3610
f 3620 3610 3609
f 3607 3622 3623
f 3625 3603 3602
f 3622 3607 3625
f 3625 3606 3624
f 3628 3627 3629
f 3631 3632 3623
f 3623 3633 3607
f 3607 3634 3605
f 3605 3635 3636
f 3631 3623 3638
f 3638 3622 3639
f 3639 3602 3640
f 3640 3604 3641
f 3644 3643 3645
f 3648 3647 3649
f 3650 3649 3651
f 3652 3651 3653
f 3654 3653 3655
f 3656 3655 3657
f 3658 3646 3659
f 3659 3648 3660
f 3660 3650 3661
f 3608 3610 3656
f 3656 3616 3654
f 3654 3617 3652
f 3652 3662 3661
f 3661 3663 3660
f 3660 3664 3659
f 3659 3665 3658
f 3669 3670 3671
f 3671 3672 3673
f 3673 3674 3675
f 3617 3676 3677
f 3662 3677 3678
f 3663 3678 3679
f 3664 3679 3680
f 3645 3681 3682
f 3684 3685 3686
f 3598 3688 3596
f 3596 3689 3690
f 3690 3691 3592
f 3693 3597 3596
f 3694 3596 3690
f 3695 3690 3592
f 3696 3592 3591
f 3595 3697 3698
f 3687 3698 3699
f 3686 3699 3683
f 3684 3683 3681
f 3702 3701 3703
f 3705 3706 3700
f 3700 3707 3701
f 3701 3708 3709
f 3701 3593 3595
f 3703 3595 3687
f 3704 3687 3685
f 3698 3590 3592
f 3699 3592 3691
f 3683 3691 3689
f 3682 3689 3688
f 3645 3688 3598
f 3710 3711 3712
f 3712 3713 3714
f 3714 3715 3716
f 3716 3717 3718
f 3718 3719 3720
f 3720 3721 3722
f 3722 3723 3724
f 3726 3725 3727
f 3729 3730 3731
f 3667 3666 3725
f 3725 3733 3727
f 3734 3599 3735
f 3736 3735 3737
f 3738 3737 3739
f 3740 3739 3728
f 3741 3728 3727
f 3742 3727 3733
f 3711 3587 3713
f 3713 3589 3715
f 3715 3743 3717
f 3717 3744 3719
f 3719 3745 3721
f 3721 3746 3723
f 3729 3747 3748
f 3730 3748 3749
f 3732 3749 3750
f 3753 3754 3751
f 3751 3755 3710
f 3710 3756 3711
f 3586 3729 3731
f 3742 3731 3732
f 3741 3732 3750
f 3740 3750 3757
f 3738 3757 3758
f 3736 3758 3759
f 3734 3759 3760
f 3756 3761 3711
f 3711 3762 3587
f 3587 3763 3588
f 3588 3764 3765
f 3588 3705 3700
f 3589 3700 3702
f 3743 3702 3704
f 3744 3704 3685
f 3745 3685 3684
f 3746 3684 3681
f 3723 3681 3645
f 3724 3645 3643
f 3611 3643 3642
f 3766 3767 3768
f 3768 3769 3770
f 3770 3771 3772
f 3772 3773 3774
f 3774 3775 3776
f 3779 3778 3780
f 3674 3777 3675
f 3675 3779 3782
f 3782 3781 3783
f 3782 3584 3586
f 3675 3586 3733
f 3673 3733 3666
f 3671 3666 3668
f 3670 3766 3672
f 3672 3768 3674
f 3674 3770 3777
f 3777 3772 3778
f 3778 3774 3780
f 3780 3776 3781
f 3781 3784 3783
f 3637 3582 3785
f 3785 3581 3786
f 3790 3789 3791
f 2060 2179 3791
f 3791 3580 3792
f 3583 3580 3581
f 3581 2183 3786
f 3786 2182 3787
f 3787 2181 3793
f 3793 2180 3794
f 3794 2137 3752
f 3752 3795 3753
f 3629 3796 3797
f 3630 3797 3798
f 3799 3798 3800
f 3801 3800 3802
f 3803 3802 3804
f 3805 3804 3806
f 3809 3808 3810
f 3811 3810 3812
f 3813 3812 3814
f 3818 3807 3819
f 3819 3809 3820
f 3820 3811 3821
f 3822 3823 3824
f 3824 3825 3826
f 3826 3827 3828
f 3828 3829 3830
f 3821 3832 3820
f 3820 3833 3819
f 3819 3834 3818
f 3818 3835 3836
f 3836 3837 3838
f 3838 3839 3840
f 3796 3842 3797
f 3797 3843 3798
f 3798 3844 3800
f 3800 3845 3802
f 3802 3846 3804
f 3804 3847 3806
f 3806 3848 3849
f 3851 3626 3628
f 3852 3628 3630
f 3853 3630 3799
f 3854 3799 3801
f 3855 3801 3803
f 3856 3803 3805
f 3857 3805 3806
f 3858 3806 3849
f 3632 3850 3633
f 3633 3851 3634
f 3634 3852 3635
f 3635 3853 3637
f 3637 3854 3582
f 3582 3855 3583
f 3583 3856 3792
f 3792 3857 3790
f 3790 3858 3788
f 3860 2188 3861
f 3861 2307 2043
f 3864 3862 3865
f 3865 3863 3866
f 3869 3868 3870
f 3579 3870 3871
f 3872 3864 3873
f 3873 3865 3874
f 3808 3822 3810
f 3810 3824 3812
f 3812 3826 3814
f 3814 3828 3875
f 3875 3830 3876
f 3876 3831 3877
f 3880 3879 3881
f 3882 3881 3883
f 3574 3568 3885
f 3885 3570 3886
f 3889 3888 3890
f 3892 3893 3894
f 3566 3871 3567
f 3567 3870 3896
f 3872 3873 3897
f 3897 3874 3898
f 3898 3899 3860
f 3902 3901 3903
f 3905 3262 3255
f 3903 3905 3255
f 3904 3255 3254
f 3896 3900 3567
f 3567 3902 3565
f 3565 3904 3906
f 3906 2133 2132
f 3823 3908 3825
f 3825 3909 3827
f 3827 3910 3829
f 3829 3911 3831
f 3831 3912 3877
f 3877 3884 3913
f 3913 3883 3914
f 3914 3881 3915
f 3915 3879 3916
f 3916 3878 3917
f 3920 3919 3921
f 3922 3921 3923
f 3571 3918 3920
f 3572 3920 3922
f 3907 3922 3923
f 3560 3559 3924
f 3924 3925 3926
f 3929 3928 3930
f 3931 3930 3932
f 3933 3932 3934
f 3935 3934 3936
f 3938 3939 3940
f 3940 3941 3942
f 3944 3945 3946
f 3946 3947 3948
f 3948 3949 3950
f 3952 3938 3940
f 3891 3940 3942
f 3889 3942 3943
f 3953 3949 3954
f 3954 3947 3955
f 3921 3926 3923
f 3923 3925 3564
f 3564 3559 3562
f 3956 3957 3958
f 3424 3957 3956
f 3944 3959 3945
f 3945 3960 3955
f 3955 3961 3954
f 3954 3962 3953
f 3964 3959 3944
f 3965 3944 3946
f 3966 3946 3948
f 3917 3948 3950
f 3365 3363 3963
f 3963 3362 3959
f 3959 3360 3960
f 3960 3359 3961
f 3961 3386 3962
f 3967 3357 3366
f 3970 3969 3971
f 3972 3971 3973
f 3560 3958 3957
f 3561 3957 3394
f 3562 3394 3393
f 3563 3393 3509
f 3867 3571 3868
f 3868 3573 3896
f 3896 3907 3900
f 3900 3564 3901
f 3901 3563 3905
f 3905 3508 3262
f 3975 3973 3971
f 3976 3971 3969
f 3978 3951 3977
f 3977 3952 3976
f 3976 3891 3975
f 3975 3890 3974
f 3974 3888 3895
f 3895 3887 3894
f 3863 3578 3871
f 3866 3871 3566
f 3874 3566 3565
f 3899 3565 3906
f 3860 3906 2132
f 3979 3980 3981
f 1491 3982 3983
f 1492 3983 1494
f 3984 3986 3987
f 1500 3988 3989
f 3990 3991 3992
f 3992 3993 3994
f 3996 3994 3993
f 3997 3993 3991
f 3999 4000 4001
f 4003 3557 3556
f 1506 1504 4005
f 4007 4008 4009
f 4009 4010 4011
f 4011 3990 4012
f 4012 3992 4013
f 4013 3994 3988
f 3988 3995 3989
f 4006 1503 1358
f 4014 1358 1357
f 4015 4016 3555
f 4017 3991 3990
f 4018 3990 4010
f 4019 4010 4008
f 4020 4008 4007
f 4022 4023 4024
f 4024 4025 4026
f 4028 4026 4025
f 4029 4025 4023
f 4032 4031 4033
f 4034 4033 4035
f 1511 1695 4037
f 4038 1355 1354
f 1721 1706 4040
f 4040 4038 4041
f 4039 1514 1684
f 3548 1684 1352
f 3549 1352 1351
f 3550 2849 4042
f 4042 2847 2846
f 4043 3551 3553
f 4044 3553 4045
f 4046 4045 4047
f 1516 1515 3549
f 3549 2853 3550
f 3550 2851 2849
f 1511 4037 3554
f 3554 4049 4050
f 4050 4051 4052
f 4052 4053 4054
f 4054 4055 4056
f 4056 4057 4058
f 4058 4059 3547
f 3547 2840 2838
f 4060 4015 4061
f 4062 4061 4063
f 4064 4063 4065
f 4066 4065 4067
f 4068 4067 4069
f 4070 4069 4071
f 4072 4071 4073
f 4041 4038 3551
f 3551 4039 3552
f 3552 3548 3553
f 3553 3550 4045
f 4045 4042 4047
f 4047 2846 4048
f 4048 2844 2842
f 4037 1721 4040
f 4049 4040 4041
f 4051 4041 4043
f 4053 4043 4044
f 4055 4044 4046
f 4057 4046 4048
f 4059 4048 2842
f 4075 4076 4077
f 4077 4078 4079
f 4079 4080 4081
f 4081 4082 4083
f 4083 4084 4085
f 4085 4086 4087
f 4087 4088 4089
f 4089 4090 4091
f 4091 4092 4014
f 4014 4093 4006
f 4006 4094 4005
f 4098 4096 4030
f 4030 4095 4031
f 4099 4030 4032
f 4100 4032 4034
f 4101 4034 4036
f 3546 3545 4102
f 4102 4103 4104
f 4108 4109 4110
f 4110 4111 4112
f 4112 4113 4114
f 4115 4107 4116
f 3569 3568 4118
f 4118 3575 4119
f 4119 4120 4121
f 4121 4122 4123
f 4123 4124 4125
f 4125 4126 4127
f 4127 4128 4129
f 4129 4130 4108
f 3988 1506 4005
f 4013 4005 4094
f 4012 4094 4093
f 4011 4093 4092
f 4009 4092 4090
f 4007 4090 4088
f 4021 4088 4086
f 4131 4086 4084
f 4132 4084 4082
f 4133 4082 4080
f 4134 4080 4078
f 4135 4078 4076
f 1508 1694 4014
f 4014 3555 4091
f 4091 4016 4089
f 4089 4060 4087
f 4087 4062 4085
f 4085 4064 4083
f 4083 4066 4081
f 4081 4068 4079
f 4079 4070 4077
f 4077 4072 4075
f 4073 2833 4074
f 4074 2831 2830
f 4137 4076 4075
f 4138 4075 4074
f 4139 4074 2830
f 3546 4140 3544
f 3544 4141 4142
f 4142 4143 4144
f 4144 4145 4146
f 4146 4147 4148
f 4148 4149 4150
f 4150 4151 4152
f 4152 4153 4154
f 4154 3979 3894
f 3894 3981 3892
f 4156 3542 4157
f 4158 4157 4159
f 4160 4159 4161
f 4162 4161 4163
f 4164 4163 4165
f 4166 4165 4167
f 4168 4167 4169
f 3939 3886 3941
f 3941 3570 3943
f 3943 3569 3887
f 3887 4118 3894
f 3894 4119 4154
f 4154 4121 4152
f 4152 4123 4150
f 4150 4125 4148
f 4148 4127 4146
f 4146 4129 4144
f 4144 4108 4142
f 4142 4110 3544
f 3544 4112 3545
f 3545 4114 4103
f 2827 3540 2828
f 2828 4172 2829
f 4157 3541 4173
f 4159 4173 4174
f 4161 4174 4175
f 4163 4175 4176
f 4165 4176 3817
f 4167 3817 3816
f 4177 4171 4178
f 4178 3540 4179
f 4179 2822 2820
f 4141 4155 4156
f 4143 4156 4158
f 4145 4158 4160
f 4147 4160 4162
f 4149 4162 4164
f 4151 4164 4166
f 4153 4166 4168
f 3979 4168 4170
f 2824 2829 4139
f 4139 4172 4138
f 4138 4171 4137
f 4137 4177 4136
f 3978 3355 3967
f 3951 3967 4180
f 3938 4180 3927
f 3939 3927 3929
f 3886 3929 3931
f 3885 3931 3933
f 3574 3933 3935
f 3575 3935 3937
f 4120 3937 4181
f 4122 4181 4182
f 4124 4182 4183
f 4126 4183 4184
f 4128 4184 4185
f 4130 4185 4117
f 4108 4117 4116
f 4109 4116 4107
f 4111 4107 4106
f 1509 1513 3555
f 3555 1512 4015
f 4015 3554 4061
f 4061 4050 4063
f 4063 4052 4065
f 4065 4054 4067
f 4067 4056 4069
f 4069 4058 4071
f 4071 3547 4073
f 4073 2834 2833
f 2801 4186 2803
f 4190 3534 4191
f 4191 3533 4192
f 4195 4194 4196
f 3536 4196 2813
f 4197 4198 4199
f 1467 1469 4186
f 4186 1471 4201
f 4201 1369 4202
f 4202 1371 4203
f 4203 1367 4204
f 4204 1366 4205
f 4205 1473 4206
f 4206 1476 4207
f 4207 1475 3532
f 3532 1474 1477
f 4208 1484 1483
f 1565 1576 4210
f 4208 1482 4209
f 4211 4209 4212
f 4213 4212 4214
f 4215 4214 4216
f 4218 3535 4219
f 4219 3534 4220
f 4220 4190 4221
f 4223 4218 4219
f 4224 4219 4220
f 4225 4220 4221
f 4227 4228 4229
f 4231 4232 4233
f 4198 4227 4200
f 4200 4229 4235
f 4235 4230 4236
f 4189 4197 4199
f 4237 4199 4200
f 4238 4200 4235
f 4239 4235 4236
f 4241 4242 4243
f 4244 4187 4189
f 4245 4189 4237
f 4246 4237 4238
f 4247 4238 4239
f 4248 4239 4240
f 3537 3539 4250
f 4250 4244 4251
f 4251 4245 4252
f 4252 4246 4253
f 4253 4247 4254
f 4254 4248 4255
f 4255 4249 4256
f 4258 3530 3528
f 4259 3528 3527
f 4257 4242 3530
f 3530 4241 3529
f 3529 4261 3527
f 3527 4262 4260
f 1359 4263 4264
f 1626 1360 4265
f 4265 4264 4266
f 4266 4263 4267
f 4270 4269 4271
f 1490 1489 4273
f 4273 1488 4274
f 4274 1496 3983
f 3983 1495 1494
f 4263 1490 4273
f 4267 4273 4274
f 4275 4274 3983
f 4276 3983 3982
f 4278 4279 4280
f 4280 4268 4281
f 4281 4270 4282
f 4282 4272 4210
f 4209 1565 4210
f 4212 4210 4272
f 4214 4272 4271
f 4216 4271 4269
f 4283 4269 4268
f 4284 4268 4279
f 4285 4279 4278
f 4286 4278 4287
f 4288 4287 4289
f 1576 1626 4210
f 4210 4265 4282
f 4282 4266 4281
f 4281 4267 4280
f 4280 4275 4278
f 4278 4276 4287
f 4287 4277 4289
f 4291 3984 4292
f 4293 4292 4294
f 4295 4294 4296
f 4297 4296 4298
f 4299 4298 4300
f 4029 4301 4028
f 4028 4302 4027
f 4027 4303 4304
f 4304 4305 4306
f 4306 4307 4308
f 4308 4309 4310
f 4299 4216 4283
f 4297 4283 4284
f 4295 4284 4285
f 4293 4285 4286
f 4291 4286 4288
f 3985 4288 4290
f 3526 2790 3531
f 3531 2788 2786
f 4312 3526 3531
f 4313 3531 2785
f 2776 2791 4314
f 4314 3526 4315
f 4315 4311 4316
f 4316 4317 4315
f 4315 4318 4314
f 4314 4319 2776
f 4321 3524 3523
f 4323 4324 3525
f 3525 4325 3523
f 3523 4326 4322
f 4322 4327 4328
f 4328 4329 4330
f 4319 2779 2778
f 3522 3521 4317
f 4317 4331 4318
f 4318 4332 4319
f 4319 4333 2780
f 4335 3520 3522
f 4336 3522 4316
f 4337 4316 4311
f 4338 4311 4312
f 4339 4312 4313
f 4234 4313 2774
f 3613 4340 3614
f 3614 4341 4342
f 4342 4343 4344
f 4344 2784 2783
f 3670 3641 3604
f 3766 3604 3603
f 3767 3603 3624
f 3769 3624 3606
f 3771 3606 3605
f 3773 3605 3636
f 3775 3636 3637
f 3776 3637 3785
f 3784 3785 3787
f 3783 3787 3793
f 3584 3793 3794
f 3585 3794 3752
f 3747 3752 3751
f 3748 3751 3710
f 3749 3710 3712
f 3750 3712 3714
f 3757 3714 3716
f 3758 3716 3718
f 3759 3718 3720
f 3760 3720 3722
f 3600 3722 3724
f 3601 3724 3611
f 4345 3611 3614
f 4346 3614 4342
f 4347 4342 4344
f 2781 2780 4349
f 4349 4333 4350
f 4350 4332 4351
f 4351 4331 4352
f 4352 3521 4353
f 4353 3520 4354
f 4354 4334 4355
f 2810 4233 4232
f 2816 4232 4231
f 4234 4231 4356
f 4339 4356 4357
f 4338 4357 4358
f 4337 4358 4359
f 4336 4359 4360
f 4335 4360 4361
f 4334 4361 4362
f 4355 4362 4363
f 4366 4365 4367
f 4368 4367 4369
f 4370 4369 4371
f 4372 4371 4373
f 4374 4373 4375
f 4376 4375 4377
f 4378 4377 4379
f 4380 4379 4381
f 4382 4381 4193
f 4383 4193 4195
f 4384 4195 3536
f 4385 3536 2805
f 2783 2781 4344
f 4344 4349 4348
f 4348 4350 4386
f 4386 4351 4387
f 4387 4352 4388
f 4388 4353 4389
f 4389 4354 4390
f 4390 4355 4391
f 4391 4363 4392
f 4367 4392 4363
f 4369 4363 4362
f 4371 4362 4361
f 4373 4361 4360
f 4375 4360 4359
f 4377 4359 4358
f 4379 4358 4357
f 4381 4357 4356
f 4193 4356 4231
f 4194 4231 4233
f 4196 4233 2812
f 3543 3542 4101
f 4101 4155 4100
f 4100 4140 4099
f 4099 3546 4098
f 4098 4102 4096
f 4096 4104 4097
f 4097 4393 4394
f 4394 4395 4396
f 4396 4397 4398
f 4398 4399 4400
f 4402 4323 3525
f 4403 3525 3524
f 4404 3524 4320
f 4262 4320 4321
f 4260 4321 4322
f 4259 4322 4328
f 4258 4328 4330
f 3999 4001 4405
f 4405 4406 4407
f 4407 4408 4409
f 4409 4410 4401
f 4401 4411 4323
f 4323 4412 4324
f 4324 4413 4325
f 4325 4414 4326
f 4326 4415 4327
f 4327 4416 4329
f 4417 3556 3558
f 4418 3558 4419
f 4420 4419 4421
f 4422 4421 4423
f 4424 4423 4425
f 4426 4425 4427
f 4428 4427 4429
f 4430 4429 4431
f 4432 4431 4433
f 4434 4433 4435
f 4256 4435 4436
f 4255 4436 4437
f 4254 4437 4438
f 4253 4438 4439
f 4252 4439 4440
f 4251 4440 4441
f 4250 4441 4442
f 3537 4442 4443
f 4228 4243 4230
f 4230 4242 4236
f 4236 4257 4240
f 4240 4330 4249
f 4249 4329 4256
f 4256 4416 4434
f 4434 4415 4432
f 4432 4414 4430
f 4430 4413 4428
f 4428 4412 4426
f 4426 4411 4424
f 4424 4410 4422
f 4422 4408 4420
f 4420 4406 4418
f 4418 4001 4417
f 4417 4000 4004
f 4402 4400 4399
f 4401 4399 4397
f 4409 4397 4395
f 4407 4395 4393
f 4405 4393 4104
f 3999 4104 4103
f 4000 4103 4114
f 4004 4114 4113
f 4003 4113 4106
f 4002 4106 4105
f 3833 3848 3847
f 3834 3847 3846
f 3835 3846 3845
f 3837 3845 3844
f 3839 3844 3843
f 3841 3843 3842
f 4364 3842 3796
f 4365 3796 3627
f 4392 3627 3626
f 4391 3626 3850
f 4390 3850 3632
f 4389 3632 3631
f 4388 3631 3621
f 4387 3621 3609
f 4386 3609 3608
f 4348 3608 3657
f 4347 3657 3655
f 4346 3655 3653
f 4345 3653 3651
f 3601 3651 3649
f 3599 3649 3647
f 3735 3647 3646
f 3737 3646 3658
f 3739 3658 3665
f 3728 3665 3680
f 3726 3680 3679
f 3667 3679 3678
f 3668 3678 3677
f 3669 3677 3676
f 3641 3676 3618
f 3640 3618 3619
f 3639 3619 3620
f 3638 3620 3621
f 4444 4310 4445
f 4445 4309 4446
f 4446 4307 4447
f 4447 4305 4448
f 4448 4303 4449
f 4449 4302 4450
f 2875 3978 2876
f 2876 3977 2878
f 2878 3969 2945
f 2945 3968 2946
f 3962 3388 3956
f 3953 3956 3958
f 3949 3958 3924
f 3950 3924 3926
f 3916 3926 3921
f 3915 3921 3919
f 3914 3919 3918
f 3913 3918 3867
f 3877 3867 3869
f 3876 3869 3579
f 3875 3579 3577
f 3814 3577 3576
f 3813 3576 3862
f 3821 3862 3864
f 3832 3864 3872
f 3848 3872 3897
f 3849 3897 3898
f 3859 3898 3860
f 3788 3860 3861
f 3789 3861 2043
f 3791 2043 2042
f 4188 4192 4197
f 4197 3533 4198
f 4198 3535 4227
f 4227 4218 4228
f 4228 4222 4243
f 4243 4451 4241
f 4241 4452 4261
f 4261 4444 4262
f 4262 4445 4404
f 4404 4446 4403
f 4403 4447 4400
f 4400 4448 4398
f 4398 4449 4396
f 4396 4450 4394
f 4394 4301 4097
f 4097 4029 4095
f 4095 4023 4031
f 4031 4022 4033
f 4033 4453 4035
f 4035 4454 4036
f 4036 4455 3543
f 3543 4456 3541
f 3541 4457 4173
f 4173 4458 4174
f 4174 4459 4175
f 4175 4460 4176
f 4176 4461 3817
f 3817 4462 3815
f 4463 4462 4461
f 4464 4461 4460
f 4465 4460 4459
f 4466 4459 4458
f 4467 4458 4457
f 4468 4457 4456
f 4469 4456 4455
f 4470 4455 4454
f 4471 4454 4453
f 4472 4453 4022
f 4473 4022 4024
f 4474 4024 4026
f 4475 4026 4027
f 4476 4027 4304
f 3987 4304 4306
f 3984 4306 4308
f 4292 4308 4310
f 4294 4310 4444
f 4296 4444 4452
f 4298 4452 4451
f 4300 4451 4222
f 4217 4222 4223
f 4215 4223 4224
f 4213 4224 4225
f 4211 4225 4226
f 1498 1499 3982
f 3982 3989 4277
f 4277 3995 4289
f 4289 3996 4290
f 4290 3997 3986
f 3986 3998 3987
f 3987 4017 4476
f 4476 4018 4475
f 4475 4019 4474
f 4474 4020 4473
f 4473 4021 4472
f 4472 4131 4471
f 4471 4132 4470
f 4470 4133 4469
f 4469 4134 4468
f 4468 4135 4467
f 4467 4136 4466
f 4466 4177 4465
f 4465 4178 4464
f 4464 4179 4463
f 4463 2820 2819
f 3967 3365 3963
f 4180 3963 3964
f 3927 3964 3965
f 3928 3965 3966
f 3930 3966 3917
f 3932 3917 3878
f 3934 3878 3880
f 3936 3880 3882
f 3937 3882 3884
f 4181 3884 3912
f 4182 3912 3911
f 4183 3911 3910
f 4184 3910 3909
f 4185 3909 3908
f 4117 3908 3823
f 4115 3823 3822
f 4105 3822 3808
f 4002 3808 3807
f 3557 3807 3818
f 3558 3818 3836
f 4419 3836 3838
f 4421 3838 3840
f 4423 3840 3841
f 4425 3841 4364
f 4427 4364 4366
f 4429 4366 4368
f 4431 4368 4370
f 4433 4370 4372
f 4435 4372 4374
f 4436 4374 4376
f 4437 4376 4378
f 4438 4378 4380
f 4439 4380 4382
f 4440 4382 4383
f 4441 4383 4384
f 4442 4384 4385
f 4443 4385 2803
f 3538 2803 4186
f 3539 4186 4201
f 4187 4201 4202
f 4188 4202 4203
f 4192 4203 4204
f 4191 4204 4205
f 4190 4205 4206
f 4221 4206 4207
f 4226 4207 3532
f 4208 3532 1478
f 4477 4478 4479
f 2361 2359 4483
f 4487 4488 4489
f 2040 2039 4491
f 1997 1996 4495
f 4499 4500 4498
f 4501 4502 4503
f 2065 2064 4505
f 4509 4510 4511
f 4515 4516 4517
f 4519 4520 4521
f 4521 4522 4523
f 4523 4524 4525
f 3762 3761 4518
f 4518 4527 4528
f 4527 3756 3755
f 4528 4527 4529
f 4529 3754 4530
f 3795 2136 4530
f 3753 4530 3754
f 4532 4528 4529
f 4533 4529 4530
f 4534 4530 2136
f 4537 4536 4538
f 4539 4538 4540
f 4538 4541 4517
f 4540 4517 4516
f 4512 4514 4544
f 4544 4542 4545
f 4545 4543 4546
f 4548 4512 4544
f 4549 4544 4545
f 4550 4545 4546
f 2070 2305 4554
f 4554 4555 4556
f 4556 4557 4535
f 4535 4558 4536
f 4536 4559 4541
f 2140 4552 2138
f 2138 4551 2170
f 2305 2171 4555
f 4555 4551 4557
f 4557 4553 4558
f 4558 4561 4559
f 4559 4562 4560
f 4564 4565 4566
f 4566 4567 4568
f 4568 4569 4570
f 4570 4571 4572
f 4573 2156 4574
f 4575 4574 4576
f 4577 4576 4578
f 4573 2151 2149
f 4580 2069 2146
f 4579 2146 2145
f 4577 4564 4575
f 4575 4566 4573
f 4573 4568 4579
f 4579 4570 4580
f 4580 4572 2069
f 4572 2143 2067
f 2140 2142 4552
f 4552 4572 4553
f 4553 4571 4561
f 4561 4569 4562
f 4562 4567 4563
f 2073 2070 4581
f 4581 4554 4582
f 4582 4556 4583
f 4583 4535 4584
f 4584 4537 4585
f 4586 4587 4588
f 4588 4589 4590
f 4594 4595 4596
f 4596 4597 4598
f 4598 4599 4600
f 4600 4601 4602
f 4602 4603 4604
f 4550 4594 4596
f 4549 4596 4598
f 4548 4598 4600
f 4547 4600 4602
f 4509 4602 4604
f 4506 4508 4605
f 4608 4607 4609
f 4610 4609 4611
f 4613 2729 2733
f 4616 4615 4617
f 4618 4617 4619
f 2719 2718 4612
f 4612 2727 2729
f 4621 2719 4612
f 4622 4612 4613
f 4625 4624 4626
f 4627 4626 4606
f 4628 4606 4608
f 4629 4608 4610
f 4543 4517 4541
f 4546 4541 4560
f 4594 4560 4563
f 4595 4563 4565
f 4597 4565 4564
f 4599 4564 4577
f 4601 4577 4578
f 4513 4512 4630
f 4630 4547 4631
f 4631 4509 4632
f 4632 4511 4633
f 4633 4634 4635
f 4635 4636 4637
f 4637 4638 4639
f 4642 4641 4643
f 2154 2153 4645
f 2157 2065 4645
f 4645 4505 4646
f 4646 4647 4648
f 2064 2163 4505
f 4505 4504 4647
f 4647 4644 4648
f 4649 4650 4651
f 4504 2161 4649
f 4644 4649 4651
f 4642 4651 4652
f 4640 4652 4653
f 4655 4502 4501
f 4650 4503 4651
f 4651 4502 4652
f 4652 4654 4653
f 2169 4657 2164
f 2165 4657 2166
f 2166 4658 2167
f 2036 4496 4498
f 2033 4498 4500
f 2034 4500 2168
f 4620 4611 4609
f 4618 4609 4607
f 4616 4607 4606
f 4614 4606 4626
f 4660 4626 4624
f 4497 4624 4623
f 4661 4662 4663
f 4663 4664 4665
f 4667 4668 4669
f 4671 2667 2723
f 4669 4661 4672
f 4672 4663 4673
f 4673 4665 4674
f 4674 4666 4675
f 4677 4678 4679
f 4679 4680 4681
f 4678 4682 4676
f 4680 4676 4667
f 4683 4684 4685
f 4685 4686 4495
f 4495 1994 1997
f 4495 1993 4682
f 4685 4682 4677
f 4683 4677 4679
f 4687 4679 4681
f 4688 2039 2038
f 4669 4672 4667
f 4667 4673 4681
f 4681 4674 4687
f 4687 4675 4683
f 4683 4491 4684
f 4684 4688 4686
f 4686 1995 1994
f 4689 4494 4690
f 4493 2666 4494
f 4494 2665 4690
f 2664 2317 4690
f 4690 2670 4670
f 4670 2668 2667
f 4692 4690 4670
f 4693 4670 4671
f 4621 4671 2722
f 4694 4695 4696
f 4698 4699 4700
f 4703 4704 4490
f 4490 4705 4489
f 4489 4706 4487
f 4487 4707 4708
f 4708 4709 4710
f 4710 4591 4711
f 4711 4593 4712
f 4605 4716 4717
f 4717 4718 4719
f 4719 4720 4721
f 4721 4722 4723
f 4723 4724 4725
f 4716 4508 4726
f 4718 4726 4727
f 4720 4727 4728
f 4722 4728 4729
f 4725 4730 4723
f 4723 4488 4721
f 4721 4487 4719
f 4719 4708 4717
f 4717 4710 4605
f 4605 4711 4506
f 4506 4712 4507
f 4734 4735 4736
f 4738 2358 2368
f 4739 4733 4738
f 4740 4738 2368
f 2361 4483 2363
f 4483 4484 4741
f 2359 2358 4483
f 4483 4738 4485
f 4485 4733 4486
f 4713 4715 4742
f 4742 4743 4482
f 4745 4743 4715
f 4746 4715 4714
f 4481 4480 4748
f 4748 4478 4749
f 4749 4477 2351
f 4749 2349 2347
f 4482 4743 4480
f 4480 4744 4478
f 4478 4750 4479
f 4741 2366 2365
f 2339 2338 4751
f 4751 4741 4752
f 4752 4484 4737
f 4737 4486 4736
f 4736 4732 4734
f 4734 4731 4525
f 4620 4753 4750
f 4659 4750 4744
f 4611 4744 4745
f 4610 4745 4746
f 4629 4746 4747
f 4754 4747 4714
f 4755 4714 4713
f 4734 4713 4742
f 4735 4742 4482
f 4737 4482 4481
f 4752 4481 4748
f 4751 4748 4749
f 2339 4749 2346
f 4758 4757 3693
f 4758 3694 3695
f 4760 3696 3591
f 4756 4758 4762
f 4762 4759 4763
f 4765 4764 4766
f 4767 4766 4768
f 4769 4768 4519
f 4770 4519 4521
f 4773 4772 4774
f 4776 4524 4777
f 4777 4522 4778
f 4778 4520 4774
f 4774 4519 4775
f 4779 4780 4781
f 4781 4782 4783
f 3593 4785 3594
f 3594 4786 3697
f 3697 4761 3590
f 3593 3709 4785
f 4785 3708 4787
f 4787 3707 3706
f 4788 3706 3705
f 4759 3696 4760
f 4763 4760 4761
f 4789 4761 4786
f 4790 4786 4785
f 4791 4785 4787
f 4764 3693 4757
f 4766 4757 4756
f 4768 4756 4762
f 4775 4762 4763
f 4773 4763 4789
f 4771 4789 4790
f 4792 4790 4791
f 4793 4791 4787
f 4794 4787 4788
f 4526 4788 3705
f 4795 4796 4797
f 4797 4799 4798
f 4798 4800 4703
f 4703 4801 4704
f 4703 4802 4803
f 4798 4803 4804
f 4795 4804 4805
f 4806 4807 4808
f 4808 4809 4810
f 4810 4811 4812
f 4812 4813 4814
f 4815 4698 4816
f 4817 4816 4818
f 4819 4818 4820
f 4821 4820 4822
f 4702 4701 4824
f 4824 4825 4826
f 4826 4827 4828
f 4828 4829 4830
f 4830 4831 4832
f 4589 4833 4834
f 4590 4834 4700
f 4701 4700 4699
f 4825 4699 4815
f 4827 4815 4817
f 4829 4817 4819
f 4831 4819 4821
f 4832 4821 4823
f 4806 4823 4835
f 4592 4591 4586
f 4586 4709 4587
f 4587 4707 4833
f 4833 4706 4834
f 4834 4705 4700
f 4700 4704 4698
f 4698 4801 4816
f 4816 4800 4818
f 4818 4799 4820
f 4820 4797 4822
f 4822 4796 4823
f 4823 4805 4835
f 4533 4814 4813
f 4532 4813 4811
f 4531 4811 4809
f 4836 4809 4807
f 4837 4807 4835
f 4838 4835 4805
f 4784 4805 4804
f 4783 4804 4803
f 4781 4803 4802
f 4779 4802 4490
f 4695 4490 4488
f 4696 4488 4730
f 4697 4730 4725
f 4508 4623 4625
f 4726 4625 4627
f 4727 4627 4628
f 4728 4628 4629
f 4729 4629 4754
f 4724 4754 4755
f 4725 4755 4734
f 4697 4734 4525
f 4694 4525 4524
f 4695 4524 4776
f 4779 4776 4777
f 4780 4777 4778
f 4782 4778 4774
f 4784 4774 4772
f 4838 4772 4771
f 4837 4771 4792
f 4836 4792 4793
f 4531 4793 4794
f 4528 4794 4526
f 4518 4526 3764
f 2321 2626 4493
f 4493 2628 2666
f 1992 2321 4493
f 1993 4493 4492
f 4682 4492 4689
f 4676 4689 4691
f 4668 4691 4692
f 4669 4692 4693
f 4661 4693 4839
f 2156 2154 4574
f 4574 4645 4576
f 4576 4646 4578
f 4578 4648 4603
f 4603 4643 4604
f 4604 4641 4510
f 4510 4640 4511
f 4511 4653 4634
f 4634 4655 4636
f 4636 4656 4638
f 4638 4840 4639
f 4613 2732 2731
f 2037 2040 4496
f 4496 4491 4497
f 4497 4675 4660
f 4660 4666 4614
f 4614 4664 4615
f 4615 4662 4617
f 4617 4839 4619
f 4619 4693 4753
f 4753 4621 4750
f 4750 4622 4479
f 4479 4613 4477
f 4477 2730 2351
f 4534 2073 4581
f 4814 4581 4582
f 4812 4582 4583
f 4810 4583 4584
f 4808 4584 4585
f 4806 4585 4539
f 4832 4539 4540
f 4830 4540 4516
f 4828 4516 4515
f 4826 4515 4542
f 4824 4542 4514
f 4702 4514 4513
f 4590 4513 4630
f 4588 4630 4631
f 4586 4631 4632
f 4592 4632 4633
f 4593 4633 4635
f 4712 4635 4637
f 4507 4637 4639
f 4623 4639 4840
f 4498 4840 4656
f 4499 4656 4501
f 4500 4501 4503
f 2169 4503 4650
f 4657 4650 4649
f 4658 4649 2217
f 4841 4842 4843
f 4847 4848 4849
f 4853 4854 4852
f 4858 4859 4860
f 4863 4862 4864
f 4868 4869 4870
f 4874 4875 4876
f 4880 4881 4878
f 4885 4886 4887
f 4891 4892 4893
f 4897 4898 4899
f 4903 4904 4905
f 4909 4910 4911
f 4915 4916 4917
f 4920 4919 4921
f 4843 4923 4924
f 4923 4842 4925
f 4916 4915 4925
f 4925 4927 4926
f 4917 4929 4930
f 4931 4932 4933
f 4933 4928 4934
f 4936 4935 4937
f 4906 4908 4939
f 4895 4941 4942
f 4896 4942 4939
f 4946 4947 4948
f 4951 4950 4952
f 4953 4952 4954
f 4954 4955 4956
f 4959 4958 4960
f 4961 4960 4962
f 4963 4962 4964
f 4965 4964 4966
f 4956 4966 4967
f 4968 4969 4970
f 4973 4972 4974
f 4977 4976 4978
f 4979 4978 4980
f 4869 4982 4983
f 4985 4869 4983
f 4986 4987 4988
f 4988 4989 4897
f 4990 4897 4899
f 4891 4899 4892
f 4993 4992 4994
f 4996 4997 4998
f 4998 4999 5000
f 5000 5001 5002
f 5005 5004 5006
f 5008 5003 5009
f 5009 5005 5010
f 5010 5007 5011
f 5010 5012 5013
f 5009 5013 5014
f 5008 4894 5003
f 5003 4896 5004
f 5004 4939 5006
f 5006 4908 5007
f 5007 5015 5011
f 5011 5016 5012
f 4893 5019 4891
f 4891 5020 4990
f 4899 5021 4892
f 5017 5025 5026
f 5027 5022 5028
f 5029 5028 5030
f 5031 5030 5032
f 5034 5035 5036
f 5036 5037 5038
f 5038 5039 5040
f 5040 5041 5042
f 5044 5034 5036
f 5045 5036 5038
f 5046 5038 5040
f 5047 5040 5042
f 4889 4888 5049
f 5049 5050 5051
f 5051 5052 5053
f 5053 5025 4893
f 4893 5017 5019
f 5019 4995 5020
f 5020 4994 4990
f 4990 4992 4988
f 4988 4991 4986
f 5055 5032 5030
f 5056 5030 5028
f 5057 5028 5022
f 5058 5022 5024
f 5059 5033 5060
f 5061 5025 5052
f 5062 5052 5050
f 5063 5050 4888
f 5064 4888 4890
f 4892 5066 4893
f 4893 5067 5053
f 5053 5068 5051
f 5051 5069 5049
f 5049 5070 4889
f 5013 5073 5014
f 5014 5072 5008
f 5008 5074 4894
f 4894 5075 4895
f 4895 5076 4940
f 5078 5079 5080
f 5080 5081 5082
f 5084 4887 4945
f 4945 4886 4943
f 4943 4885 5085
f 4885 5083 5081
f 5085 5081 5079
f 5086 5079 5078
f 5033 5032 5060
f 5060 5054 5088
f 5088 5089 5090
f 5090 5091 5092
f 5094 5093 5095
f 5096 5095 4882
f 5097 4882 4884
f 5059 5060 5093
f 5093 5088 5095
f 5095 5090 4882
f 4882 5092 4883
f 5037 5099 5100
f 5039 5100 5101
f 5041 5101 5102
f 5042 5102 5103
f 5048 5103 5104
f 5105 5104 5106
f 5107 5106 5108
f 5109 5108 5110
f 5111 5110 5112
f 5114 5115 4938
f 4938 5116 4936
f 4936 5117 5118
f 5118 5119 5120
f 5120 5043 5121
f 5121 5044 5122
f 5122 5045 5123
f 5123 5046 5124
f 5124 5047 5125
f 5125 5048 5126
f 5126 5105 5127
f 5127 5107 5128
f 5128 5109 5129
f 5129 5111 5130
f 5130 5113 5131
f 4908 4936 5118
f 5015 5118 5120
f 5016 5120 5121
f 5012 5121 5122
f 5013 5122 5123
f 5073 5123 5124
f 5071 5124 5125
f 5132 5125 5126
f 5133 5126 5127
f 5134 5127 5128
f 5135 5128 5129
f 5136 5129 5130
f 5137 5130 5131
f 5018 5017 5058
f 5058 5026 5057
f 5057 5061 5056
f 5056 5062 5055
f 5055 5063 5054
f 5054 5064 5089
f 5089 5065 5091
f 4879 5140 5141
f 5142 5140 5143
f 5144 5143 5145
f 5146 5145 5147
f 5148 5147 5149
f 5150 5151 5148
f 5148 5152 5146
f 5146 5153 5144
f 5144 5154 5142
f 5142 5155 5141
f 5157 5158 5159
f 5151 5160 5152
f 5152 5161 5153
f 5153 5162 5154
f 5154 5163 5155
f 5155 5164 5156
f 5156 5165 5159
f 5167 4881 4880
f 4873 4872 5167
f 5167 5168 5166
f 4849 5169 5170
f 5171 5170 5172
f 4875 5173 4876
f 4876 5172 5174
f 5170 5175 5176
f 5172 5176 5177
f 5178 5179 5180
f 5180 5181 5182
f 5184 5185 5186
f 5186 5187 5188
f 5139 5190 5191
f 5191 5192 5193
f 5193 5194 5195
f 5195 5189 5193
f 5193 5187 5191
f 5191 5185 5139
f 5139 5184 4877
f 5198 5197 5199
f 5202 5201 5203
f 5205 4870 4985
f 5206 5157 5207
f 5207 5159 5208
f 5208 5165 5209
f 5209 5164 5210
f 5210 5163 5211
f 5211 5162 5212
f 5212 5161 5213
f 5213 5160 5214
f 5214 5151 5215
f 5215 5150 5216
f 5216 5149 5217
f 5217 5218 4946
f 5220 5206 5207
f 5221 5207 5208
f 5222 5208 5209
f 5223 5209 5210
f 5224 5210 5211
f 5225 5211 5212
f 5226 5212 5213
f 5227 5213 5214
f 5228 5214 5215
f 5229 5215 5216
f 5230 5216 5217
f 5233 5232 5234
f 5237 5236 5238
f 5231 5239 5240
f 5241 5239 5242
f 5243 5242 5244
f 5245 5244 5246
f 5247 5246 5248
f 5249 5248 5250
f 5251 5250 5252
f 5253 5252 5254
f 5255 5254 5256
f 5087 5256 5257
f 5086 5257 5258
f 5085 5258 4948
f 4943 4948 4947
f 5082 5259 5080
f 5080 5260 5078
f 5078 5261 5087
f 5087 5262 5255
f 5255 5263 5253
f 5253 5264 5251
f 5251 5265 5249
f 5249 5266 5247
f 5247 5267 5245
f 5245 5268 5243
f 5243 5269 5241
f 5241 5270 5240
f 5273 5272 5274
f 5275 5274 5276
f 5277 5276 5278
f 5279 5278 5280
f 5281 5280 5282
f 5283 5282 5284
f 5285 5284 5286
f 5287 5286 5288
f 5289 5288 5290
f 5259 5271 5260
f 5260 5273 5261
f 5261 5275 5262
f 5262 5277 5263
f 5263 5279 5264
f 5264 5281 5265
f 5265 5283 5266
f 5266 5285 5267
f 5267 5287 5268
f 5268 5289 5269
f 5269 5291 5270
f 4865 5293 4866
f 4866 5294 5295
f 5298 5297 5299
f 5301 5234 5232
f 5302 5232 5231
f 5303 5231 5240
f 5304 5240 5270
f 5305 5270 5291
f 5306 5291 5290
f 5139 5307 5308
f 5190 5308 5309
f 5192 5309 5310
f 5194 5310 5311
f 5196 5311 5312
f 5311 4864 4862
f 5312 4862 4861
f 4879 5141 5307
f 5307 5156 5308
f 5308 5158 5309
f 5309 5157 5310
f 5310 5206 4864
f 4864 5219 4863
f 4863 5238 4861
f 4861 5236 5313
f 5313 5235 5314
f 4853 4869 5315
f 4853 5316 4869
f 5302 5317 5318
f 5301 5318 5319
f 5306 5292 5305
f 5305 4865 5304
f 5304 4867 5303
f 5303 5320 5317
f 5317 5321 5318
f 5318 5322 5319
f 5325 5324 5326
f 5314 5326 5327
f 5313 5327 5328
f 5312 5328 5329
f 5196 5329 5330
f 5195 5330 5331
f 5189 5331 5332
f 5333 5299 5334
f 5334 5297 5335
f 5335 5296 5336
f 5337 5339 5340
f 5335 5337 5340
f 5334 5340 5323
f 5333 5323 5325
f 5343 5342 5344
f 5345 5344 5346
f 5347 4856 5348
f 5349 5348 5350
f 4852 4851 5316
f 5316 5352 4869
f 5354 4855 4857
f 4854 4857 5347
f 4852 5347 5349
f 4850 5349 5351
f 5339 5346 5340
f 5340 5344 5323
f 5323 5342 5324
f 5324 5355 5326
f 5326 5351 5327
f 5327 5350 5328
f 5328 5348 5329
f 5329 4856 5330
f 5330 4855 5331
f 5331 5353 5332
f 5342 5356 5357
f 5355 5357 5358
f 4850 5358 5359
f 4851 5359 5360
f 5352 5360 5361
f 5286 5362 5288
f 5288 5363 5290
f 5290 5364 5306
f 5306 5365 5292
f 5292 5366 5293
f 5293 5367 5294
f 5294 5368 5295
f 5295 5369 5370
f 5217 4948 5258
f 5230 5258 5257
f 5229 5257 5256
f 5228 5256 5254
f 5227 5254 5252
f 5226 5252 5250
f 5225 5250 5248
f 5224 5248 5246
f 5223 5246 5244
f 5222 5244 5242
f 5221 5242 5239
f 5220 5239 5231
f 5219 5231 5233
f 5237 5233 5234
f 5235 5234 5300
f 5314 5300 5319
f 5325 5319 5322
f 5333 5322 5321
f 5299 5321 5320
f 5298 5320 4867
f 5296 4867 4866
f 5336 4866 5295
f 5337 5295 5370
f 5371 5372 5373
f 5373 5374 5375
f 5375 5376 5377
f 5377 5378 4957
f 4846 4905 4904
f 4844 4904 4903
f 5380 4903 5381
f 4845 5382 4846
f 4846 4976 5379
f 5382 5383 4976
f 4976 5384 4978
f 4978 5385 4980
f 5388 5387 5389
f 5390 5389 5391
f 5392 5391 5393
f 5395 5386 5388
f 4902 5388 5390
f 4900 5390 5392
f 5398 5397 5399
f 5205 4985 5400
f 5400 4983 5401
f 5401 4984 5402
f 5400 5396 5398
f 5205 5398 5200
f 4870 5200 5202
f 4868 5202 5204
f 4880 4877 5184
f 4873 5184 5186
f 4871 5186 5188
f 5403 5188 5332
f 5404 5332 5353
f 4860 5353 5354
f 4858 5354 4854
f 5203 4854 4853
f 5204 4853 5315
f 4868 5315 4869
f 5386 5182 5183
f 5387 5183 5405
f 5389 5405 5406
f 5391 5406 5407
f 5393 5407 5408
f 5380 4973 4847
f 4844 4847 4849
f 4845 4849 5171
f 5382 5171 5173
f 5383 5173 4875
f 5384 4875 4874
f 5409 5179 5410
f 5410 5178 5411
f 5411 5198 5412
f 5412 5199 5371
f 5371 5413 5372
f 5372 5414 5374
f 5374 5415 5376
f 5376 5416 5378
f 5378 4968 4957
f 4957 4970 4958
f 4902 4981 4980
f 5395 4980 5385
f 5394 5385 4874
f 5182 4874 4876
f 5180 4876 5174
f 5178 5174 5177
f 5197 5177 5176
f 5199 5176 5175
f 5413 5175 5169
f 5414 5169 4848
f 5415 4848 4847
f 5416 4847 4973
f 4968 4973 4974
f 5402 5408 5401
f 5401 5407 5396
f 5396 5406 5397
f 5397 5405 5399
f 5399 5183 5200
f 5200 5181 5201
f 5201 5179 5203
f 5203 5409 4859
f 4859 5410 4860
f 4860 5411 5404
f 5404 5412 5403
f 5403 5371 4871
f 4871 5373 4872
f 4872 5375 5168
f 5168 5377 5166
f 5166 4957 4881
f 4881 4959 4878
f 4878 4961 4879
f 4879 4963 5140
f 5140 4965 5143
f 5143 4956 5145
f 5145 4955 5147
f 5147 4952 5149
f 5149 4950 5218
f 4934 4928 4987
f 4987 4917 4989
f 4989 4916 4897
f 4897 4925 4898
f 4898 4842 5021
f 5021 4841 4892
f 4843 4918 4920
f 4841 4920 4892
f 4920 5417 4892
f 4911 4912 4914
f 5418 4914 5419
f 5420 5419 5421
f 4996 5421 5422
f 5114 4909 5115
f 5115 4911 5116
f 5116 5418 5117
f 5117 5420 5119
f 5119 4996 5043
f 5043 4998 5034
f 5034 5000 5035
f 5035 5002 5099
f 5098 5113 5112
f 5097 5112 5110
f 5096 5110 5108
f 5094 5108 5106
f 5059 5106 5104
f 5033 5104 5103
f 5031 5103 5102
f 5029 5102 5101
f 5027 5101 5100
f 5023 5100 5099
f 5024 5099 5002
f 5018 5002 5001
f 4995 5001 4999
f 4993 4999 4997
f 4991 4997 5422
f 4986 5422 5421
f 4934 5421 5419
f 4933 5419 4914
f 4931 4914 4913
f 5113 5424 5425
f 5131 5425 5426
f 5138 5426 5427
f 5084 5077 4887
f 4887 5076 5083
f 5083 5075 5082
f 5082 5074 5259
f 5259 5072 5271
f 5271 5071 5272
f 5272 5132 5274
f 5274 5133 5276
f 5276 5134 5278
f 5278 5135 5280
f 5280 5136 5282
f 5282 5137 5284
f 5284 5138 5286
f 5286 5428 5362
f 5425 2488 2487
f 5430 4525 4731
f 5361 884 4869
f 861 5361 5360
f 894 5360 895
f 895 5359 855
f 5359 5358 855
f 855 5357 856
f 856 5356 935
f 935 5341 936
f 936 5343 937
f 5346 5339 985
f 5346 789 788
f 5345 788 921
f 5370 988 5338
f 5338 987 5339
f 5339 986 985
f 1017 978 5369
f 5369 976 5370
f 5370 989 988
f 5367 1020 1019
f 5368 1019 1018
f 5365 1007 1013
f 1013 1012 5366
f 5366 1011 5367
f 5367 1010 1021
f 792 5365 5364
f 793 5364 5363
f 2485 5363 2484
f 2484 5362 2483
f 2483 5428 2486
f 2486 5427 2487
f 2487 5426 5425
f 2489 5425 5424
f 5424 5423 2490
f 2490 5098 2472
f 2472 4884 2334
f 2335 4884 4883
f 4883 5092 2337
f 2337 5091 2618
f 2618 5065 2458
f 2458 4890 4889
f 2538 4889 5070
f 5070 5069 2421
f 2421 5068 2413
f 2413 5067 5066
f 2414 5066 4892
f 4740 4892 5431
f 4739 5431 5432
f 4739 5433 5434
f 4731 5434 5435
f 5436 5437 5438
f 5438 5439 5440
f 5442 5443 5444
f 5444 5445 5441
f 5441 5446 5440
f 5444 5450 5442
f 5442 5448 5451
f 5452 5453 5449
f 5449 5454 5447
f 2795 5455 5456
f 1450 2795 5456
f 1451 5456 5457
f 1442 5457 5458
f 1444 5458 5459
f 1448 5459 5460
f 1378 5460 5461
f 1379 5461 5462
f 1383 5462 5463
f 1381 5463 5464
f 1440 5464 5465
f 1439 5465 5466
f 1384 5466 5467
f 1385 5467 5468
f 1387 5468 5469
f 1435 5469 5470
f 1433 5470 5471
f 1431 5471 5472
f 1429 5472 5473
f 1427 5473 5474
f 1425 5474 5475
f 5477 2792 5478
f 5478 1397 5479
f 5479 1398 5480
f 5480 1399 5481
f 5481 1400 5482
f 5482 1403 5483
f 5483 1402 5484
f 5484 1404 5485
f 5485 1391 5486
f 5486 1393 5487
f 5487 1408 5488
f 5488 1406 5489
f 5489 1405 5490
f 5490 1411 5491
f 5491 1413 5492
f 5492 1415 5493
f 5493 1816 5494
f 5494 1416 5495
f 5495 1418 5496
f 5496 1420 5497
f 5497 1388 5498
f 5498 1390 5476
f 5476 1421 1425
f 3968 3970 5500
f 3974 5501 5502
f 3973 5502 5500
f 3972 5500 3970
f 2946 5500 5503
f 2941 5503 5504
f 3371 5504 5505
f 3370 5505 5506
f 3517 5507 3518
f 3518 5508 3519
f 3519 5509 2939
f 2939 5499 2938
f 3517 2968 5507
f 5507 2962 5510
f 5510 2961 5511
f 5511 2960 5512
f 5512 2959 5513
f 5513 2949 5514
f 5514 2948 5506
f 5506 3432 3369
f 5501 3893 3892
f 3892 3981 5515
f 5515 3980 5516
f 4169 5517 5516
f 4170 5516 3980
f 2821 5519 5520
f 2819 5520 5521
f 4462 5521 5517
f 3815 5517 3816
f 5522 2821 2823
f 5523 2823 2826
f 5524 2826 2825
f 5525 2825 2832
f 5526 2832 5527
f 5527 2835 5528
f 5528 2837 5529
f 2793 5477 5530
f 2852 5530 5531
f 2850 5531 5532
f 5532 2845 2848
f 2837 2839 5529
f 5529 2841 5533
f 5533 2843 2845
f 2784 5452 2782
f 2782 5449 2777
f 2777 5448 2775
f 2775 5450 2789
f 2789 5444 2787
f 2787 5441 2772
f 2772 5439 2773
f 2773 5437 2815
f 2815 5436 5535
f 5534 4343 4341
f 5536 4341 4340
f 5537 4340 3613
f 3612 3642 5537
f 5537 3644 5538
f 3598 3597 5538
f 5538 3692 5539
f 5539 4765 4767
f 5540 4767 4769
f 4523 5429 5541
f 4521 5541 5540
f 4770 5540 4769
f 2815 5542 5543
f 2817 5543 5544
f 2818 5544 5545
f 2811 5545 5546
f 2809 5546 5547
f 2807 5547 5548
f 2806 5548 5549
f 2804 5549 2802
f 2802 5550 2800
f 2800 5551 2799
f 2799 5552 2798
f 2798 5553 5554
f 5555 2797 5557
f 2798 5558 5559
f 2797 5559 5560
f 5556 5561 2797
f 2797 5562 2796
f 2796 5563 5564
f 2796 5565 5566
f 5568 2794 5569
f 5569 2796 5570
f 5568 5571 2794
f 2794 5572 2795
f 2795 5573 5455
f 5575 5576 5577
f 5581 5582 5583
f 5585 5586 5587
f 5591 5592 5593
f 5594 5524 5525
f 5598 5599 5600
f 5604 5605 5606
f 5610 5611 5612
f 5616 5617 5618
f 5622 5623 5624
f 5626 5552 5551
f 5630 5631 5632
f 5636 5637 5638
f 5642 5643 5644
f 5648 5649 4938
f 5653 5654 5655
f 5659 5660 5661
f 5664 5665 5666
f 5670 5671 5672
f 5676 5677 5678
f 5680 5681 5682
f 5379 4975 5685
f 5686 5687 4981
f 5691 5692 5693
f 5695 5696 5697
f 5701 5514 5506
f 5429 5703 5541
f 5541 5704 5540
f 5538 5705 5661
f 5708 5707 5709
f 5711 5712 5713
f 5717 5718 5719
f 5721 5719 5718
f 5722 5718 5717
f 5723 5717 5724
f 5726 5727 5728
f 5500 5729 5730
f 5503 5730 5504
f 5504 5731 5505
f 5734 5733 5720
f 5735 5720 5721
f 5736 5721 5722
f 5727 5722 5723
f 5728 5723 5725
f 5577 5737 5738
f 5739 5738 5740
f 5741 5740 5742
f 5728 5742 5740
f 5726 5740 5738
f 5743 5738 5737
f 5746 5745 5747
f 5748 5747 5749
f 5751 5749 5752
f 5752 5747 5753
f 5753 5745 5754
f 5755 5750 5756
f 5756 5749 5757
f 5757 5751 5758
f 5746 5760 5761
f 5744 5761 5762
f 5505 5731 5506
f 5506 5763 5701
f 5764 5709 5765
f 5766 5765 5767
f 5768 5767 5769
f 5770 5769 5771
f 5772 5771 5773
f 5774 5773 5775
f 5714 5716 5777
f 5777 5778 5779
f 5779 5780 5781
f 5781 5782 5783
f 5783 5784 5785
f 5786 5713 5787
f 5788 5787 5789
f 5790 5789 5791
f 5792 5791 5793
f 5794 5793 5795
f 5796 5795 5797
f 5707 5715 5709
f 5709 5714 5765
f 5765 5777 5767
f 5767 5779 5769
f 5769 5781 5771
f 5771 5783 5773
f 5773 5785 5775
f 5511 5512 5800
f 5800 5799 5801
f 5697 5803 5804
f 5802 5696 5805
f 5806 5805 5807
f 5809 5700 5810
f 5810 5699 5811
f 5811 5812 5813
f 5813 5814 5815
f 5815 5816 5732
f 5732 5817 5733
f 5733 5818 5720
f 5720 5819 5719
f 5719 5820 5717
f 5717 5821 5724
f 5822 5511 5800
f 5823 5800 5801
f 5513 5825 5799
f 5799 5826 5801
f 5801 5827 5824
f 5824 5828 5829
f 5829 5831 5824
f 5824 5832 5823
f 5823 5833 5822
f 5822 5834 5510
f 5826 5808 5807
f 5827 5807 5805
f 5828 5805 5696
f 5829 5696 5695
f 5804 5693 5697
f 5697 5694 5695
f 5695 5835 5830
f 5836 5838 5839
f 5690 5841 5842
f 5688 5842 5843
f 5689 5509 5508
f 5690 5508 5507
f 4982 5844 5845
f 5845 5846 5847
f 5847 5848 5849
f 5847 5408 5402
f 5845 5402 4984
f 5850 5851 5852
f 5852 5839 5853
f 5841 5837 5842
f 5842 5836 5843
f 5843 5839 5854
f 5855 5856 5857
f 5857 5858 5859
f 5852 5860 5850
f 5850 5858 5861
f 4981 4901 5686
f 5686 4900 5862
f 5862 5392 5849
f 5849 5393 5408
f 5840 5510 5834
f 5841 5834 5833
f 5837 5833 5832
f 5838 5832 5831
f 5853 5831 5830
f 5852 5830 5835
f 5860 5835 5694
f 5859 5694 5692
f 5857 5692 5691
f 5809 5810 5863
f 5863 5864 5865
f 5804 5698 5700
f 5693 5700 5809
f 5691 5809 5863
f 5855 5863 5865
f 5856 5865 5866
f 5861 5866 5687
f 5850 5687 5686
f 5851 5686 5862
f 5854 5862 5849
f 5843 5849 5848
f 5688 5848 5846
f 5689 5846 5844
f 5499 5844 4982
f 5867 5868 5869
f 5871 5684 5872
f 5872 5683 5873
f 5873 5874 5875
f 5684 5759 5876
f 5680 5876 5877
f 5867 5875 5878
f 5878 5874 5879
f 5879 5683 5880
f 5880 5680 5881
f 5881 5682 5882
f 5870 5685 5883
f 5884 5883 5885
f 5887 4974 4972
f 5890 5889 5887
f 5891 5887 4972
f 4972 4971 5891
f 5891 5381 4903
f 5886 5888 5890
f 5884 5890 5891
f 5870 5891 4903
f 5894 5755 5895
f 5895 5756 5896
f 5896 5757 5897
f 5897 5758 5898
f 5900 5894 5895
f 5901 5895 5896
f 5902 5896 5897
f 5903 5897 5898
f 5868 5867 5905
f 5905 5878 5906
f 5906 5879 5907
f 5907 5880 5908
f 5908 5881 5909
f 5909 5882 5910
f 5909 5911 5912
f 5908 5912 5913
f 5907 5913 5893
f 5906 5893 5886
f 5905 5886 5885
f 5868 5885 5883
f 5869 5883 5685
f 5914 5685 4977
f 5915 5916 5917
f 5917 5918 5919
f 5919 5920 5921
f 5912 5922 5923
f 5913 5923 5924
f 5893 5924 5925
f 5888 5925 5926
f 5889 5926 5892
f 5887 5892 4969
f 5759 5746 5876
f 5876 5748 5877
f 5877 5750 5681
f 5681 5755 5682
f 5682 5894 5882
f 5882 5899 5910
f 5910 5927 5911
f 5911 5928 5922
f 5574 4954 5679
f 5929 5679 5930
f 5931 5930 5932
f 5933 5932 5934
f 5935 5934 5936
f 4967 4966 5679
f 5679 5915 5930
f 5930 5917 5932
f 5932 5919 5934
f 5934 5921 5936
f 5915 4964 4962
f 5916 4962 4960
f 5928 5937 5922
f 5922 5936 5923
f 5923 5921 5924
f 5924 5920 5925
f 5925 5918 5926
f 5926 5916 5892
f 5892 4958 4970
f 5941 5676 5942
f 5942 5678 5943
f 5945 5675 5946
f 5946 5674 5947
f 5672 5671 5950
f 5950 5951 5952
f 5955 5954 5956
f 5957 5956 5958
f 5960 5961 5962
f 5964 5965 5966
f 5966 5967 5960
f 5960 5968 5961
f 5970 5963 5961
f 5971 5961 5968
f 5972 5968 5967
f 5973 5967 5965
f 5975 5667 5976
f 5665 5663 5666
f 5666 5662 5978
f 5979 5947 5674
f 5980 5674 5673
f 5982 5949 5983
f 5983 5948 5984
f 5984 5979 5985
f 5985 5980 5986
f 5986 5981 5987
f 5218 5988 5989
f 5990 4945 5991
f 5991 4944 4947
f 5989 4947 4946
f 5975 5976 5992
f 5992 5993 5994
f 5994 5995 5996
f 5669 5977 5997
f 5998 5997 5999
f 5539 5540 5705
f 5705 5704 6001
f 6002 5966 5960
f 5996 5960 5962
f 5994 5962 5963
f 5992 5963 5969
f 5664 5666 5977
f 5977 5978 5997
f 5997 6003 5999
f 5999 5657 6000
f 6000 5656 6004
f 5976 5669 5998
f 5993 5998 6000
f 5995 6000 6004
f 5996 6004 6005
f 6002 6005 6006
f 6007 6008 6009
f 6009 6010 5987
f 5987 6011 5986
f 5986 6012 5985
f 5985 6013 5984
f 5984 6014 5983
f 5983 6015 5982
f 6018 6017 6019
f 6020 6019 6021
f 6022 6021 6023
f 6024 6023 6025
f 6026 6025 6027
f 6029 6030 6031
f 6031 6032 6033
f 6033 6034 6035
f 6035 5990 6036
f 6036 5991 6037
f 6037 5989 6038
f 6038 5988 6039
f 6042 6041 6043
f 6044 6043 6045
f 6016 6045 6046
f 6017 6046 6047
f 6019 6047 6048
f 6021 6048 6049
f 6023 6049 6050
f 6025 6050 6051
f 6041 6029 6043
f 6043 6031 6045
f 6045 6033 6046
f 6046 6035 6047
f 6047 6036 6048
f 6048 6037 6049
f 6049 6038 6050
f 6050 6039 6051
f 6054 6053 6055
f 6056 6055 6057
f 6058 6057 6059
f 6060 6059 6061
f 6062 6061 6063
f 6064 6063 6065
f 5944 6065 6066
f 5943 6066 6067
f 5942 6067 5938
f 5941 5938 5940
f 6069 6070 6071
f 6071 6072 6073
f 6073 6074 6007
f 6007 6075 6008
f 6008 6076 6010
f 5662 5659 6077
f 5978 6077 6078
f 6003 6078 6079
f 5657 6079 6080
f 6001 5704 6081
f 6081 5703 6082
f 6082 5702 6083
f 5659 5705 6001
f 6077 6001 6081
f 6078 6081 6082
f 6079 6082 6083
f 5974 5965 6084
f 6084 5964 6085
f 6085 6006 6086
f 6086 6005 6087
f 6087 6004 6088
f 6088 5656 6089
f 6089 5658 6090
f 6090 6080 6091
f 6091 6083 6092
f 6092 5702 6093
f 6096 6095 6097
f 6053 6069 6055
f 6055 6071 6057
f 6057 6073 6059
f 6059 6007 6061
f 6061 6009 6063
f 6063 5987 6065
f 6065 5981 6066
f 6066 5673 6067
f 6067 5675 5938
f 5938 5945 5939
f 6072 6040 6042
f 6074 6042 6044
f 6075 6044 6016
f 6076 6016 6018
f 6010 6018 6020
f 6011 6020 6022
f 6012 6022 6024
f 6013 6024 6026
f 6014 6026 6028
f 6099 4909 5649
f 5649 5114 4938
f 6100 4907 4906
f 5648 4938 6100
f 6100 4937 4935
f 6102 5651 5650
f 5655 5654 6102
f 6102 6103 6101
f 6106 6105 6107
f 4929 6105 6104
f 4928 4932 6105
f 6105 4931 6107
f 5644 4924 4923
f 4927 5642 5644
f 4926 5644 4923
f 6094 5646 5644
f 6095 5644 5643
f 6106 5643 5642
f 6104 5642 4915
f 5429 5430 5702
f 5702 5435 6093
f 6093 5434 5433
f 6107 4913 4912
f 6099 4912 4910
f 6052 6098 5653
f 5653 6097 5654
f 5654 6095 6103
f 6103 6106 6101
f 6101 6107 5651
f 5651 6099 5652
f 5652 5649 6108
f 6108 5648 6109
f 6109 6100 6110
f 6110 4939 4942
f 6053 5653 5655
f 6069 5655 5650
f 6070 5650 5652
f 6040 5652 6108
f 6041 6108 6109
f 6029 6109 6110
f 6030 6110 4942
f 6032 4942 4941
f 6034 4941 4940
f 5990 4940 5077
f 6111 5589 6112
f 6112 5588 6113
f 6116 6115 6117
f 6118 6117 6119
f 6112 6120 5641
f 6121 6122 6123
f 6125 6126 6127
f 6127 6128 6119
f 6131 6130 6126
f 6132 6126 6125
f 6129 6136 6130
f 6130 6137 6138
f 6138 6139 6140
f 6141 6134 6142
f 6144 6145 6146
f 6113 6133 6120
f 6120 6135 5641
f 5641 6141 5639
f 5639 6148 5640
f 6139 6150 6140
f 6140 6151 6152
f 6146 6153 6154
f 6151 6155 6152
f 6152 6156 6157
f 6157 6158 6159
f 6159 6161 6160
f 6160 6162 5638
f 5638 6163 5636
f 6166 6165 6167
f 6168 6167 6169
f 6170 6169 6171
f 6172 6171 6173
f 6174 6173 6175
f 6176 6175 6177
f 6178 6166 6168
f 6179 6168 6170
f 6180 6170 6172
f 6181 6172 6174
f 6154 6174 6176
f 6144 6176 6177
f 6165 6182 6167
f 6167 6183 6169
f 6169 6184 6171
f 6171 6185 6173
f 6173 6186 6175
f 6175 6149 6177
f 6177 6148 6145
f 6145 6141 6147
f 6147 6143 6153
f 6190 6191 6192
f 6192 6189 6193
f 6193 6188 6194
f 6197 6196 6198
f 6199 6198 6200
f 6201 6200 6190
f 6202 6190 6192
f 6203 6192 6193
f 6204 6193 6194
f 6122 6206 6124
f 6124 6207 6208
f 6208 6209 6210
f 6210 6211 6212
f 6212 6213 6214
f 6216 6215 6217
f 6218 6217 6219
f 6222 6221 6223
f 6224 6223 6225
f 6226 6225 6227
f 6230 6229 6231
f 6232 6231 6233
f 6234 6233 6235
f 6236 6235 6237
f 5637 6228 6239
f 6239 6230 5631
f 5631 6232 5632
f 5632 6234 6240
f 6240 6236 6241
f 6237 6242 6238
f 6238 6243 6244
f 6244 6245 6246
f 6246 6247 5626
f 5550 5625 6248
f 5626 5551 6246
f 6246 6248 6244
f 6244 6249 6238
f 6238 6250 6241
f 6253 6252 6254
f 6255 6254 6256
f 6257 6256 6258
f 6259 6258 6260
f 6261 6260 6262
f 6263 6262 6264
f 5627 5629 6266
f 6266 6267 6268
f 6268 6269 6270
f 6270 6271 6272
f 6272 6273 6274
f 6274 6275 6276
f 6277 6251 6253
f 6278 6253 6255
f 6279 6255 6257
f 6280 6257 6259
f 6281 6259 6261
f 6282 6261 6263
f 6283 6263 6265
f 5547 5546 6251
f 6251 6275 6252
f 6252 6273 6254
f 6254 6271 6256
f 6256 6269 6258
f 6258 6267 6260
f 6260 5629 6262
f 6262 5628 6264
f 6283 5632 6240
f 6282 6240 6241
f 6281 6241 6250
f 6280 6250 6249
f 6279 6249 6248
f 6278 6248 5625
f 6277 5625 5548
f 5635 5634 6284
f 6284 6285 6286
f 6286 6287 6288
f 6288 6289 6290
f 6292 6291 6293
f 6294 6293 6295
f 6296 6295 6297
f 6298 6297 6299
f 6300 6299 6301
f 6302 6301 6303
f 6304 6303 6305
f 6306 6305 6307
f 6308 6307 5535
f 6214 6213 6215
f 6215 6292 6217
f 6217 6294 6219
f 6219 6296 6309
f 6309 6298 6310
f 6310 6300 6311
f 6311 6302 6312
f 6312 6304 6313
f 6313 6306 6314
f 6314 6308 6315
f 6315 5436 5438
f 6318 6317 6290
f 6319 6290 6289
f 6315 5440 6316
f 6314 6316 6318
f 6313 6318 6319
f 6312 6319 6289
f 6311 6289 6287
f 6310 6287 6285
f 6309 6285 5634
f 6219 5634 5633
f 5546 5545 6275
f 6275 5544 6276
f 6276 5543 5542
f 6323 6324 6325
f 6325 6326 6327
f 6330 6329 6331
f 6326 6332 6333
f 6327 6333 6334
f 6335 6334 6336
f 6337 6336 6338
f 5623 6339 6340
f 6341 6340 6342
f 6343 6342 6344
f 6345 6344 6346
f 6347 6346 6348
f 5618 5617 6350
f 6350 6351 6352
f 6352 6353 6354
f 6354 6355 6356
f 6356 6357 6358
f 6358 6359 5624
f 6358 5623 6341
f 6356 6341 6343
f 6354 6343 6345
f 6352 6345 6347
f 6350 6347 6349
f 6360 5620 6361
f 6361 5619 6362
f 5621 5453 5452
f 5620 5451 5447
f 5621 5447 5454
f 6329 6366 6331
f 6331 6367 6368
f 6368 6369 5952
f 5952 6369 5950
f 5950 6370 5672
f 5672 6372 5670
f 6375 6374 6376
f 6377 6376 6378
f 6379 6378 6380
f 6366 6381 6367
f 6367 6380 6369
f 6369 6378 6370
f 6370 6376 6371
f 6371 6374 6382
f 6382 6373 6383
f 6383 6384 6385
f 6387 6388 6389
f 6349 6390 6391
f 5618 6391 6392
f 5616 6392 6363
f 6393 6363 6365
f 6389 6365 6394
f 6387 6395 6388
f 6388 6396 6389
f 6389 5615 6393
f 6393 5614 5616
f 5616 5613 5617
f 5617 6397 6351
f 6351 6398 6353
f 6353 6399 6355
f 6355 6400 6357
f 6357 6401 6359
f 6383 5959 5958
f 6382 5958 5956
f 6371 5956 5954
f 6372 5954 5953
f 6390 6362 6391
f 6391 5619 6392
f 6392 5621 6363
f 6363 5452 6364
f 6364 5534 6365
f 6365 5536 6394
f 5440 5446 6316
f 6316 5445 6317
f 6317 5443 5442
f 5604 6403 6404
f 5605 6404 6405
f 6407 6408 6409
f 6409 6410 6411
f 5609 6413 6414
f 6415 5532 6416
f 6416 5531 6417
f 6417 5530 6418
f 6420 6415 6416
f 5606 6416 6417
f 5604 6417 6418
f 6421 6422 6423
f 6425 6426 6427
f 6429 5599 5598
f 6431 6432 6433
f 6433 6434 6435
f 6435 6436 6437
f 6437 6438 6439
f 5595 5527 6441
f 6441 5528 6442
f 6442 5529 5533
f 6443 5595 6441
f 6419 6441 6442
f 6415 6442 5533
f 5592 5591 5597
f 5597 6444 5595
f 5595 5526 5527
f 6446 6431 6433
f 6447 6433 6435
f 6448 6435 6437
f 6449 6437 6439
f 6452 6451 6453
f 6456 6455 6457
f 6458 6457 6459
f 6459 6461 6460
f 6460 6462 6116
f 6116 6463 6114
f 6465 6454 6456
f 6466 6456 6458
f 6467 6458 6460
f 6468 6460 6116
f 6469 6116 6118
f 6425 6464 6465
f 6470 6465 6466
f 6471 6466 6467
f 6472 6467 6468
f 6473 6468 6469
f 6118 6128 6474
f 6469 6474 6475
f 6473 6475 6476
f 6424 6477 6423
f 6423 6426 6478
f 6478 6425 6479
f 6479 6470 6480
f 6480 6471 6453
f 6453 6472 6452
f 6182 6187 6183
f 6183 6189 6184
f 6184 6191 6185
f 6185 6190 6186
f 6186 6200 6149
f 6149 6198 5640
f 5640 6196 5641
f 5641 6195 6111
f 6111 6481 5589
f 5589 6482 5590
f 5627 6205 5628
f 5628 6194 6264
f 6264 6188 6265
f 6265 6187 5630
f 5630 6182 5631
f 5631 6165 6239
f 6239 6164 5637
f 5637 6178 5638
f 5638 6179 6160
f 6160 6180 6157
f 6157 6181 6152
f 6152 6154 6140
f 6140 6153 6138
f 6138 6143 6130
f 6130 6142 6126
f 6126 6134 6128
f 6128 6133 6474
f 6474 6113 6475
f 6475 5588 6476
f 6476 5590 6452
f 6452 6483 6450
f 6121 6123 6485
f 6485 6486 6487
f 5633 6227 6225
f 6218 6225 6223
f 6216 6223 6221
f 6214 6221 6220
f 6212 6220 6488
f 6210 6488 6489
f 6208 6489 6490
f 6124 6490 6491
f 6123 6491 6492
f 6493 6494 6495
f 6495 6496 6497
f 6497 6498 6499
f 6499 6500 6501
f 6501 6502 6503
f 6503 6504 6505
f 6505 6506 6507
f 6224 6493 6495
f 6222 6495 6497
f 6220 6497 6499
f 6488 6499 6501
f 6489 6501 6503
f 6490 6503 6505
f 6491 6505 6507
f 6484 6487 6508
f 6508 6486 6509
f 6509 6492 6510
f 6510 6507 6511
f 6511 6506 6512
f 6487 6483 6482
f 6485 6482 6481
f 6121 6481 6195
f 6122 6195 6197
f 6206 6197 6199
f 6207 6199 6201
f 6209 6201 6202
f 6211 6202 6203
f 6213 6203 6204
f 6291 6204 6205
f 6293 6205 5627
f 6295 5627 6266
f 6297 6266 6268
f 6299 6268 6270
f 6301 6270 6272
f 6303 6272 6274
f 6305 6274 6276
f 6307 6276 5542
f 5519 5518 5586
f 5586 5522 5587
f 6514 5593 5592
f 6515 5592 5597
f 6516 5597 5596
f 6517 5596 6443
f 6518 6443 6419
f 6519 6419 6420
f 6520 6420 5606
f 6521 5606 5605
f 6412 5605 6406
f 6522 6513 6523
f 6523 6514 6524
f 6524 6515 6525
f 6525 6516 6526
f 6526 6517 6527
f 6527 6518 6528
f 6528 6519 6529
f 6529 6520 6530
f 6530 6521 6531
f 6531 6412 6532
f 5520 5519 5584
f 5584 5586 6533
f 6533 5585 6534
f 6536 5584 6537
f 6537 6533 6538
f 6538 6534 6539
f 6541 6522 6523
f 6542 6523 6524
f 6543 6524 6525
f 6544 6525 6526
f 6545 6526 6527
f 6546 6527 6528
f 6547 6528 6529
f 6548 6529 6530
f 6549 6530 6531
f 6550 6531 6532
f 6551 6532 5609
f 6409 5609 5608
f 5583 6539 6552
f 6552 6534 6553
f 6553 5585 6554
f 6554 5587 5594
f 5594 5522 5523
f 6539 5582 6555
f 6538 6555 6556
f 6537 6556 6557
f 6558 6540 6559
f 6559 6541 6560
f 6560 6542 6561
f 6561 6543 6562
f 6562 6544 6563
f 6563 6545 6564
f 6564 6546 6565
f 6565 6547 6566
f 6566 6548 6567
f 6567 6549 6568
f 6568 6550 6569
f 6569 6551 6570
f 6570 6409 5612
f 5612 6411 5610
f 6573 6572 6574
f 6575 6574 6576
f 6577 6576 6578
f 6579 6578 6580
f 6581 6580 6582
f 6583 6582 6584
f 6585 6584 6586
f 6430 6586 5603
f 6429 5603 5602
f 5601 5603 6587
f 6587 6586 6588
f 6588 6584 6589
f 6589 6582 6590
f 6590 6580 6591
f 6591 6578 6592
f 6592 6576 6593
f 6593 6574 6594
f 6594 6572 6595
f 6595 6571 6596
f 6596 6597 6598
f 6598 6599 6600
f 6602 6599 6597
f 6603 6597 6571
f 6604 6571 6573
f 6605 6573 6575
f 6606 6575 6577
f 6607 6577 6579
f 6445 6579 6581
f 6431 6581 6583
f 6432 6583 6585
f 6434 6585 6430
f 6436 6430 5598
f 6438 5598 5600
f 6608 6609 6610
f 6610 5516 5517
f 6535 5584 6536
f 6611 6536 6557
f 6612 6557 6556
f 6613 6556 6555
f 6614 6555 5582
f 6615 5582 5581
f 5517 6535 6610
f 6610 6611 6608
f 6608 6612 6617
f 6617 6613 6618
f 6618 6614 6619
f 6619 6615 6620
f 6620 6616 6621
f 6623 5706 5708
f 6624 5708 5710
f 5515 5710 5764
f 5501 5764 5766
f 5502 5766 5768
f 5729 5768 5770
f 5730 5770 5772
f 5731 5772 5774
f 5763 5774 5776
f 6625 5712 6622
f 6622 5711 5706
f 5706 5786 5707
f 5707 5788 5715
f 5715 5790 5716
f 5716 5792 5778
f 5778 5794 5780
f 5780 5796 5782
f 5782 5798 5784
f 6627 6621 6616
f 6558 6616 5581
f 6540 5581 5583
f 6522 5583 6552
f 6513 6552 6553
f 5593 6553 6554
f 5591 6554 5594
f 6444 5594 5525
f 6600 6628 6629
f 6629 6630 6631
f 6631 6632 6633
f 6628 6599 6601
f 6630 6601 6634
f 6447 6635 6446
f 6446 6636 6445
f 6445 6637 6607
f 6607 6638 6606
f 6606 6639 6605
f 6605 6640 6604
f 6604 6641 6603
f 6603 6642 6602
f 6602 6643 6601
f 6601 6644 6634
f 6634 6645 6632
f 6632 6646 6633
f 6395 6386 6396
f 6396 6384 5615
f 5615 6373 5613
f 5613 6375 6397
f 6397 6377 6398
f 6398 6379 6399
f 6399 6381 6400
f 6400 6366 6401
f 6401 6329 6359
f 6359 6328 5624
f 5624 6648 5622
f 5622 6649 6339
f 6339 6650 6651
f 6651 6652 6653
f 6653 6654 6655
f 6655 6656 6657
f 6657 6658 6659
f 6659 6660 6661
f 6662 6322 6663
f 6664 6663 6665
f 6666 6665 6667
f 6668 6667 6669
f 6670 6669 6671
f 5951 6673 5952
f 5952 6674 6368
f 6368 6675 6331
f 6331 6676 6330
f 6330 6677 6328
f 6328 6321 6648
f 6648 6320 6649
f 6649 6662 6650
f 6650 6664 6652
f 6652 6666 6654
f 6654 6668 6656
f 6656 6670 6658
f 6658 6672 6660
f 6678 6661 6660
f 6679 6660 6672
f 6680 6672 6671
f 5579 5578 5575
f 5575 6682 5576
f 5576 6683 5737
f 5737 6684 5743
f 6686 6685 6687
f 6688 6687 6689
f 6690 6689 6691
f 6692 6691 6323
f 6693 6323 6325
f 6694 6325 6327
f 6695 6327 6335
f 6696 6335 6337
f 5974 6337 6338
f 5973 6338 6697
f 5578 5904 6682
f 6682 5898 6683
f 6683 5758 6684
f 6684 5751 5743
f 5743 5752 5726
f 5726 5753 5727
f 5727 5754 5736
f 5736 5762 5735
f 5735 5761 5734
f 5734 5760 5732
f 5732 5759 5815
f 5815 5871 5813
f 5813 5872 5811
f 5811 5873 5810
f 5810 5875 5864
f 5864 5867 5865
f 5865 5869 5866
f 5866 5914 5687
f 5687 4979 4981
f 6685 6671 6669
f 6687 6669 6667
f 6689 6667 6665
f 6691 6665 6663
f 6323 6663 6322
f 6324 6322 6321
f 6332 6321 6677
f 6333 6677 6676
f 6334 6676 6675
f 6336 6675 6674
f 6338 6674 6673
f 6697 6673 5951
f 5972 5951 5671
f 5971 5671 5670
f 5970 5670 5953
f 5969 5953 5955
f 5975 5955 5957
f 5667 5957 5959
f 5668 5959 6385
f 5664 6385 6386
f 5665 6386 6395
f 5663 6395 6387
f 5660 6387 6394
f 5661 6394 5537
f 6635 6698 6636
f 6636 6699 6637
f 6637 6700 6638
f 6638 6701 6639
f 6639 6702 6640
f 6640 6703 6641
f 6641 6704 6642
f 6642 5580 6643
f 6643 5579 6644
f 6644 5575 6645
f 6645 5577 6646
f 6646 5739 6647
f 6647 5741 6705
f 6705 5742 6706
f 6706 5725 6707
f 6707 5724 6625
f 6625 5821 5712
f 5712 5820 5713
f 5713 5819 5787
f 5787 5818 5789
f 5789 5817 5791
f 5791 5816 5793
f 5793 5814 5795
f 5795 5812 5797
f 5797 5699 5798
f 5798 5698 5784
f 5784 5803 5785
f 5785 5802 5775
f 5775 5806 5776
f 5776 5808 5701
f 5701 5825 5514
f 6512 6506 6661
f 6661 6504 6659
f 6659 6502 6657
f 6657 6500 6655
f 6655 6498 6653
f 6653 6496 6651
f 6651 6494 6339
f 6339 6493 6340
f 6340 6226 6342
f 6342 6227 6344
f 6344 5635 6346
f 6346 6284 6348
f 6348 6286 6390
f 6390 6288 6362
f 6362 6290 6361
f 6361 6317 6360
f 6360 5442 5451
f 4922 5645 5417
f 5417 5431 4892
f 5645 4921 4919
f 5646 4919 4918
f 4949 4951 5988
f 5988 5574 6039
f 6039 5929 6051
f 6051 5931 6027
f 6027 5933 6028
f 6028 5935 6015
f 6015 5937 5982
f 5982 5928 5949
f 5949 5927 5947
f 5947 5899 5946
f 5946 5900 5945
f 5945 5901 5939
f 5939 5902 5940
f 5940 5903 6068
f 5515 5516 6624
f 6624 6609 6623
f 6623 6608 6622
f 6622 6617 6625
f 6625 6618 6707
f 6707 6619 6706
f 6706 6620 6705
f 6705 6621 6647
f 6647 6626 6633
f 6633 6627 6631
f 6631 6558 6629
f 6629 6559 6600
f 6600 6560 6598
f 6598 6561 6596
f 6596 6562 6595
f 6595 6563 6594
f 6594 6564 6593
f 6593 6565 6592
f 6592 6566 6591
f 6591 6567 6590
f 6590 6568 6589
f 6589 6569 6588
f 6588 6570 6587
f 6587 5612 5601
f 5601 5611 5602
f 5602 6421 6428
f 6428 6423 5599
f 5599 6478 5600
f 5600 6479 6440
f 6440 6480 6439
f 6439 6453 6449
f 6449 6451 6448
f 6448 6450 6447
f 6447 6484 6635
f 6635 6508 6698
f 6698 6509 6699
f 6699 6510 6700
f 6700 6511 6701
f 6701 6512 6702
f 6702 6678 6703
f 6703 6679 6704
f 6704 6680 5580
f 5580 6681 5578
f 5578 6686 5904
f 5904 6688 6068
f 6068 6690 5941
f 5941 6692 5676
f 5676 6693 5677
f 5677 6694 5678
f 5678 6695 5944
f 5944 6696 6064
f 6064 5974 6062
f 6062 6084 6060
f 6060 6085 6058
f 6058 6086 6056
f 6056 6087 6054
f 6054 6088 6052
f 6052 6089 6098
f 6098 6090 6096
f 6096 6091 6094
f 6094 6092 5647
f 5647 6093 5645
f 5645 5433 5432
f 6711 6712 6713
f 6716 6717 6718
f 6722 6723 6717
f 6727 6728 6729
f 6733 6734 6735
f 6739 6740 6741
f 6745 6746 6747
f 6750 6749 6751
f 6753 6752 6755
f 6759 5557 6760
f 6426 6762 6763
f 6402 6765 6403
f 5493 5494 6767
f 5470 6768 6769
f 5557 6759 5555
f 5555 6771 5556
f 5563 6772 6773
f 5564 6773 5565
f 6774 5566 5565
f 5571 5568 6776
f 6776 5569 6777
f 6778 5573 5572
f 5459 5458 6722
f 6722 5457 6723
f 6770 5459 6780
f 6780 6722 6781
f 5462 6782 6783
f 5463 6783 5464
f 5465 6783 6784
f 6784 6785 6786
f 5467 6784 6786
f 5470 6769 5471
f 5471 6731 5472
f 6731 5474 5473
f 5497 6728 5496
f 5496 6787 5495
f 5491 6788 6789
f 5487 6790 5486
f 5486 6791 6792
f 6794 5483 5484
f 6792 5484 5485
f 5480 5481 6795
f 6795 5482 6796
f 6403 6765 6404
f 6404 6799 6405
f 6413 6800 6801
f 6414 6801 5607
f 5608 6801 6802
f 6764 5611 6803
f 6803 5610 6804
f 6804 6411 6805
f 6805 6410 6408
f 6807 6422 6421
f 6806 6477 6424
f 6454 6464 6763
f 6763 6427 6426
f 6808 6455 6454
f 6809 6454 6763
f 6459 6810 6461
f 6461 6811 6462
f 6462 6812 6463
f 6463 6813 6814
f 6114 6814 6815
f 6115 6815 6117
f 6816 6125 6127
f 6129 6817 6818
f 6136 6818 6137
f 6137 6819 6139
f 6150 6819 6820
f 6151 6820 6155
f 6155 6821 6156
f 6158 6821 6822
f 6159 6822 6161
f 6161 6823 6162
f 6825 6228 5637
f 6233 6231 6824
f 6824 6229 6228
f 6827 6828 6829
f 6829 6830 6831
f 6833 6834 6835
f 6835 6836 6837
f 6837 6838 6839
f 5557 5560 6760
f 6760 5559 6756
f 6756 5558 6757
f 6757 5554 6758
f 6758 5553 5552
f 6841 6771 6759
f 6842 6759 6760
f 6843 6760 6756
f 6844 6756 6758
f 6826 6758 5552
f 6243 6242 6761
f 6761 6845 6846
f 6846 6847 6848
f 6848 6849 6850
f 6850 6851 6852
f 6852 6853 6833
f 6833 6854 6834
f 6834 6855 6836
f 6836 6856 6838
f 6838 6857 6840
f 6840 6858 6859
f 6242 6861 6845
f 6845 6862 6847
f 6847 6863 6849
f 6849 6864 6851
f 6851 6865 6853
f 6853 6866 6854
f 6854 6867 6855
f 6855 6868 6856
f 6856 6869 6857
f 6857 6870 6858
f 6858 6871 6860
f 6162 6823 6163
f 6163 6754 5636
f 5636 6753 6825
f 6825 6755 6824
f 6875 6874 6876
f 6877 6876 6878
f 6880 6873 6881
f 6881 6875 6882
f 6882 6877 6883
f 6883 6879 6884
f 6820 6880 6881
f 6821 6881 6882
f 6822 6882 6883
f 6823 6883 6884
f 6885 6886 6887
f 6861 6889 6862
f 6862 6890 6863
f 6863 6891 6864
f 6864 6892 6865
f 6865 6893 6866
f 6866 6894 6867
f 6867 6895 6868
f 6868 6896 6869
f 6869 6897 6870
f 6870 6898 6871
f 6871 6899 6872
f 6889 6901 6890
f 6890 6902 6891
f 6891 6903 6892
f 6892 6904 6893
f 6893 6905 6894
f 6894 6906 6895
f 6895 6907 6896
f 6896 6908 6897
f 6897 6909 6898
f 6898 6910 6899
f 6899 6911 6900
f 6913 6912 6914
f 6915 6914 6916
f 6917 6916 6918
f 6919 6918 6920
f 6922 6923 6924
f 6905 6925 6926
f 6906 6926 6927
f 6907 6927 6928
f 6908 6928 6929
f 6909 6929 6930
f 6910 6930 6750
f 6911 6750 6751
f 6900 6751 6913
f 6872 6913 6915
f 6860 6915 6917
f 6859 6917 6919
f 6840 6919 6921
f 6922 6743 6931
f 6931 6742 6932
f 6935 6932 6933
f 6933 6742 6936
f 6936 6744 6937
f 6939 6888 6886
f 6940 6886 6885
f 6929 6938 6930
f 6930 6939 6750
f 6750 6940 6748
f 6131 6132 6817
f 6817 6941 6818
f 6818 6885 6819
f 6819 6887 6880
f 6880 6888 6873
f 6873 6938 6874
f 6874 6929 6876
f 6876 6928 6878
f 6878 6927 6879
f 6879 6926 6884
f 6884 6925 6754
f 6754 6904 6752
f 6752 6903 6755
f 6755 6902 6824
f 6824 6901 6233
f 6233 6889 6235
f 6235 6861 6237
f 6922 6924 6743
f 6743 6942 6744
f 6744 6943 6937
f 6937 6816 6944
f 6944 6127 6119
f 6812 6934 6933
f 6813 6933 6936
f 6814 6936 6937
f 6815 6937 6944
f 6117 6944 6119
f 6947 6948 6949
f 6949 6950 6951
f 6951 6952 6953
f 6956 6955 6957
f 6740 6739 6956
f 6956 6958 6954
f 6961 6960 6962
f 6963 6962 6964
f 6791 6965 6792
f 6792 6964 6794
f 6794 6962 6793
f 5478 5479 6966
f 6966 5480 6967
f 6967 6795 6968
f 6968 6796 6969
f 6972 6971 6973
f 6737 6975 6738
f 6738 6976 6977
f 6977 6978 6979
f 6979 6980 6981
f 6984 6983 6985
f 6986 6985 6987
f 6988 6987 6989
f 6990 6989 6991
f 6992 6991 6993
f 6726 6725 6992
f 6992 6994 6990
f 6990 6995 6988
f 6988 6996 6986
f 6986 6973 6984
f 6984 6971 6982
f 6997 6738 6977
f 6998 6977 6979
f 6999 6979 6981
f 5477 5478 7001
f 7001 6966 7002
f 7002 6967 7003
f 7003 6968 7004
f 7004 6969 7005
f 7006 5477 7001
f 7007 7001 7002
f 7008 7002 7003
f 7009 7003 7004
f 7010 7004 7005
f 6418 5530 6797
f 6797 6766 6798
f 6798 7006 7012
f 7012 7007 7013
f 7013 7008 7014
f 7014 7009 7015
f 7015 7010 7016
f 7016 7011 7017
f 6765 6418 6798
f 6799 6798 7012
f 7018 7012 7013
f 7019 7013 7014
f 7020 7014 7015
f 7021 7015 7016
f 7022 7016 7017
f 6810 6808 6958
f 6811 6958 6739
f 6934 6739 6741
f 6426 6806 6762
f 6762 7023 6763
f 6763 7024 6809
f 6807 6764 7025
f 6806 7025 7026
f 7023 7026 7027
f 6408 6407 6805
f 6805 6802 6804
f 6804 7028 6803
f 6803 7029 6764
f 6764 7030 7025
f 6800 6405 6799
f 6801 6799 7018
f 6802 7018 7019
f 7028 7019 7020
f 7029 7020 7021
f 7030 7021 7022
f 7025 7022 7017
f 7026 7017 7031
f 7032 7033 7034
f 7035 6731 6769
f 7036 6769 6768
f 7038 6735 7032
f 7032 6734 7033
f 6709 7040 7039
f 7039 7041 7042
f 7042 7043 7044
f 7044 7045 7046
f 7046 7047 7048
f 7048 7049 7050
f 7050 7051 5475
f 7040 7053 7054
f 7041 7054 7055
f 7043 7055 7056
f 7045 7056 7057
f 7047 7057 7058
f 7049 7058 7059
f 7053 7060 7054
f 7054 7061 7055
f 7055 7062 7056
f 7056 7063 7057
f 7057 7064 7058
f 7058 7065 7059
f 7059 7066 7051
f 7051 5476 5475
f 7068 6953 6952
f 7069 6952 6950
f 7070 6950 6948
f 7071 6948 7072
f 7073 7072 7074
f 7075 7074 7076
f 7078 7079 7067
f 7067 7080 6953
f 6953 7081 6951
f 7080 7082 7083
f 7081 7083 7084
f 6951 7084 6946
f 6949 6946 6945
f 7060 7085 7061
f 7061 7086 7062
f 7062 7087 7063
f 7063 7088 7064
f 7064 7089 7065
f 7065 7090 7066
f 7066 7091 5476
f 5494 5495 6767
f 6767 6787 7092
f 7092 6728 7093
f 7094 6728 6727
f 5492 5493 6788
f 6788 6767 7096
f 7096 7092 7097
f 7097 7093 7098
f 7098 7094 7099
f 7099 7095 7100
f 7101 6973 6996
f 7102 6996 6995
f 7103 6995 6994
f 7104 6994 6725
f 7105 6725 6724
f 7107 7108 7109
f 7109 7110 7111
f 7111 7112 7113
f 7113 6737 7114
f 7107 7106 7108
f 7108 6724 7110
f 7110 6726 7112
f 7112 6993 6737
f 6737 6991 6975
f 6975 6989 6976
f 6976 6987 6978
f 6978 6985 6980
f 6980 6983 6981
f 6981 7115 7000
f 7116 6788 7096
f 7117 7096 7097
f 7118 7097 7098
f 7078 7098 7099
f 7079 7099 7100
f 7119 7120 7121
f 7121 7122 7123
f 7123 7124 7125
f 7125 5489 5490
f 7122 7126 6790
f 7124 6790 5488
f 7000 6959 6999
f 6999 6961 6998
f 6998 6963 6997
f 6997 6965 6736
f 6736 6791 7114
f 7114 6790 7113
f 7113 7126 7111
f 7111 7120 7109
f 7109 7119 7107
f 7125 5491 6789
f 7123 6789 7116
f 7121 7116 7117
f 7119 7117 7118
f 7107 7118 7078
f 7106 7078 7067
f 7105 7067 7068
f 7104 7068 7069
f 7103 7069 7070
f 7102 7070 7071
f 7101 7071 7073
f 6974 7073 7075
f 6972 7075 7077
f 7127 7128 7129
f 7129 7130 7131
f 6780 7132 6782
f 6770 6782 5461
f 6717 6716 6722
f 6722 7133 6781
f 6781 7134 7132
f 7132 7127 7129
f 6782 7129 7131
f 6783 7131 7130
f 6784 7130 7135
f 6785 7135 7136
f 6786 7136 5469
f 6721 6720 7137
f 7137 7138 7139
f 7037 7139 7033
f 7036 7033 6734
f 7035 6734 6733
f 7034 7140 7141
f 7141 7142 7143
f 7143 7144 7145
f 7145 7146 7147
f 7147 7148 7149
f 7140 7033 7139
f 7142 7139 7138
f 7144 7138 6720
f 7146 6720 6719
f 7150 7151 7152
f 7152 7153 7154
f 7154 7155 7156
f 7156 7157 7158
f 7158 7159 6923
f 7151 6774 6775
f 6832 6775 5565
f 6831 5565 6773
f 6829 6773 6772
f 6827 6772 5562
f 6771 5562 5561
f 6132 6816 6941
f 6941 6943 6748
f 6748 6942 6749
f 6749 6924 6751
f 6751 6923 6912
f 6912 7159 6914
f 6914 7157 6916
f 6916 7155 6918
f 6918 7153 6920
f 6920 7151 6921
f 6921 6832 6839
f 6839 6830 6837
f 6837 6828 6835
f 6835 6827 6833
f 6833 6841 6852
f 6852 6842 6850
f 6850 6843 6848
f 6848 6844 6846
f 6846 6826 6761
f 6761 6247 6245
f 7160 6712 6715
f 7161 6715 7162
f 6714 6712 7164
f 7164 6711 7165
f 7167 7165 6711
f 7168 6711 6713
f 7169 6713 7160
f 7170 7160 7161
f 7171 7161 7163
f 7173 7166 7174
f 7174 7167 7175
f 7175 7168 7176
f 7176 7169 7177
f 7177 7170 7178
f 7178 7171 7179
f 7179 7172 7180
f 7179 7181 7182
f 7178 7182 7183
f 7177 7183 7184
f 7176 7184 7185
f 7175 7185 7186
f 7174 7186 7187
f 7188 7189 7190
f 7190 7191 7192
f 7192 7193 7194
f 7194 7195 7196
f 7196 7197 7198
f 7198 6777 7199
f 7199 5569 5570
f 6723 5455 6778
f 6717 6778 6779
f 6718 6779 7200
f 7201 7200 7202
f 7203 7202 7204
f 7205 7204 7206
f 7207 7206 7208
f 7209 7208 7210
f 7211 7210 7212
f 7213 7212 7214
f 6747 7214 7215
f 6745 7215 7216
f 7188 7210 7189
f 7189 7208 7191
f 7191 7206 7193
f 7193 7204 7195
f 7195 7202 7197
f 7197 7200 6777
f 6777 6779 6776
f 6776 5572 5571
f 7182 7217 7218
f 7183 7218 7219
f 7184 7219 7220
f 7185 7220 7221
f 7186 7221 7222
f 7223 6708 7224
f 7224 6710 7225
f 7225 7039 7038
f 7038 7042 6735
f 6735 7044 6733
f 6733 7046 6732
f 6732 7048 6730
f 6730 7050 5474
f 7052 7226 7227
f 7227 7228 7229
f 7229 7230 7231
f 7231 7232 7233
f 7226 7040 6709
f 7228 6709 6708
f 7230 6708 7223
f 5570 5567 7199
f 7199 6774 7198
f 7198 7150 7196
f 7196 7152 7194
f 7194 7154 7192
f 7192 7156 7190
f 7190 7158 7188
f 7188 6923 7210
f 7210 6922 7212
f 7212 6931 7214
f 7214 6932 7215
f 7215 6935 7216
f 7216 6741 6945
f 6945 6740 6947
f 6947 6957 6948
f 6948 6955 7072
f 7072 6954 7074
f 7074 6958 7076
f 7076 6808 7077
f 7077 6809 6970
f 6970 7024 6971
f 6971 7027 6982
f 6982 7031 6983
f 6983 7017 7115
f 7115 7011 7000
f 7000 7005 6959
f 6959 6969 6960
f 6960 6796 6793
f 6793 5482 5483
f 7218 7233 7232
f 7219 7232 7223
f 7220 7223 7224
f 7221 7224 7225
f 7222 7225 7038
f 7187 7038 7032
f 7173 7032 7034
f 7166 7034 7141
f 7165 7141 7143
f 7164 7143 7145
f 6714 7145 7147
f 6715 7147 7149
f 5497 5498 6729
f 6729 7091 6727
f 6727 7090 7095
f 7095 7089 7100
f 7100 7088 7082
f 7082 7087 7083
f 7083 7086 7084
f 7084 7085 6946
f 6946 7060 6745
f 6745 7053 6746
f 6746 7052 6747
f 6747 7227 7213
f 7213 7229 7211
f 7211 7231 7209
f 7209 7233 7207
f 7207 7217 7205
f 7205 7181 7203
f 7203 7180 7201
f 7201 7172 6718
f 6718 7163 6716
f 6716 7162 7133
f 7133 7149 7134
f 7134 7148 7127
f 7127 6719 7128
f 7128 6721 7130
f 7130 7137 7135
f 7135 7037 7136
f 7136 6768 5469
f 7234 7235 7236
f 7237 7236 7238
f 7240 7241 7242
f 7243 7242 7244
f 7245 7244 7246
f 7248 7249 7250
f 7251 7250 7252
f 7254 7255 7256
f 7257 7256 7258
f 7260 7261 7262
f 7263 7262 7264
f 7266 7267 7268
f 7269 7268 7270
f 7272 7273 7274
f 7276 7277 7278
f 7280 7281 7282
f 7283 7284 7285
f 7289 7290 7291
f 7293 7292 7294
f 7296 7295 7297
f 7293 7298 7299
f 7297 7247 7300
f 7302 7240 7243
f 7297 7243 7245
f 7300 7303 7297
f 7297 7304 7296
f 7302 7306 7307
f 7308 7309 7310
f 7308 7311 7312
f 7302 7312 7313
f 7314 7315 7289
f 7289 7316 7290
f 7288 7317 7318
f 7289 7318 7319
f 7320 7321 7322
f 7322 7324 7325
f 7322 7326 7327
f 7325 7328 7322
f 7322 7329 7330
f 7330 7334 7322
f 7322 7335 7288
f 7288 7336 7286
f 7331 7337 7338
f 7340 7341 7342
f 7342 7338 7343
f 7266 7269 7322
f 7344 7345 7322
f 7331 7323 7332
f 7332 7322 7347
f 7346 7348 7322
f 7322 7349 7266
f 7285 7253 7350
f 7351 7350 7352
f 7284 7354 7285
f 7285 7248 7251
f 7355 7285 7356
f 7358 7274 7356
f 7359 7360 7356
f 7356 7361 7362
f 7360 7363 7356
f 7356 7364 7358
f 7257 7365 7254
f 7365 7366 7367
f 7356 7367 7368
f 7369 7370 7282
f 7254 7372 7373
f 7375 7376 7377
f 7282 7379 7380
f 7282 7382 7383
f 7370 7384 7365
f 7375 7386 7376
f 7376 7387 7388
f 7376 7389 7390
f 7282 7390 7391
f 7385 7392 7365
f 7365 7393 7394
f 7282 7395 7396
f 7394 7397 7365
f 7365 7398 7399
f 7365 7400 7401
f 7254 7401 7402
f 7374 7403 7254
f 7254 7404 7405
f 7405 7406 7407
f 7407 7408 7409
f 7409 7377 7410
f 7263 7411 7281
f 7281 7412 7413
f 7281 7415 7416
f 7263 7418 7419
f 7413 7420 7281
f 7281 7421 7414
f 7423 7422 7424
f 7425 7424 7426
f 7427 7426 7265
f 7265 7428 7263
f 7263 7429 7430
f 7263 7431 7432
f 7376 7433 7434
f 7281 7435 7436
f 7282 7436 7437
f 7434 7439 7376
f 7376 7440 7422
f 7282 7441 7442
f 7443 7444 7282
f 7282 7445 7446
f 7282 7447 7448
f 7376 7448 7449
f 7237 7239 7281
f 7451 7452 7281
f 7281 7234 7237
f 7281 7454 7455
f 7281 7456 7457
f 7450 7458 7281
f 7281 7459 7453
f 7461 7463 7462
f 7462 7464 7465
f 7280 7467 7468
f 7469 7470 7280
f 7280 7471 7472
f 7280 7474 7475
f 7472 7476 7280
f 7280 7477 7281
f 7281 7478 7479
f 7480 7462 7481
f 7482 7481 7483
f 7484 7483 7485
f 7486 7485 7451
f 7479 7488 7281
f 7281 7489 7490
f 7451 7492 7493
f 7490 7494 7281
f 7281 7495 7496
f 7281 7497 7498
f 7451 7498 7499
f 7280 7278 7279
f 7462 7473 7280
f 7500 7280 7279
f 7501 7502 7280
f 7280 7503 7278
f 7506 7507 7508
f 7508 7509 7510
f 7512 7285 7513
f 7510 7516 7508
f 7508 7517 7518
f 7356 7519 7520
f 7365 7522 7523
f 7365 7524 7525
f 7518 7527 7508
f 7508 7528 7529
f 7285 7531 7532
f 7511 7533 7285
f 7285 7534 7356
f 7356 7535 7504
f 7356 7536 7537
f 7365 7537 7538
f 7523 7539 7365
f 7365 7540 7514
f 7289 7293 7280
f 7542 7543 7288
f 7541 7546 7289
f 7289 7547 7548
f 7548 7552 7289
f 7289 7553 7544
f 7289 7554 7555
f 7288 7555 7556
f 7543 7557 7288
f 7288 7558 7559
f 7280 7561 7562
f 7550 7564 7551
f 7551 7565 7566
f 7282 7365 7551
f 7280 7551 7566
f 7563 7567 7280
f 7280 7568 7569
f 7280 7570 7571
f 7572 7573 7551
f 7551 7574 7549
f 7288 7575 7576
f 7551 7576 7577
f 7578 7579 7288
f 7288 7580 7581
f 7583 7584 7508
f 7288 7585 7586
f 7322 7586 7587
f 7584 7589 7508
f 7508 7590 7591
f 7508 7592 7593
f 7588 7595 7322
f 7322 7596 7597
f 7322 7599 7600
f 7508 7600 7601
f 7526 7506 7365
f 7365 7508 7551
f 7551 7594 7602
f 7551 7604 7605
f 7288 7605 7606
f 7597 7607 7322
f 7322 7608 7598
f 7551 7609 7610
f 7611 7612 7551
f 7551 7613 7603
f 7508 7530 7285
f 7322 7285 7351
f 7344 7351 7353
f 7617 7618 7619
f 7623 7624 7625
f 7625 7626 7627
f 7628 7625 7629
f 7630 7631 7628
f 7628 7632 7246
f 7628 7244 7242
f 7633 7242 7241
f 7633 7634 7635
f 7633 7637 7638
f 7633 7639 7640
f 7636 7642 7633
f 7633 7643 7637
f 7646 7647 7644
f 7644 7277 7276
f 7625 7620 7622
f 7648 7622 7644
f 7649 7644 7645
f 7646 7651 7652
f 7644 7654 7655
f 7644 7656 7657
f 7658 7659 7644
f 7644 7660 7661
f 7664 7663 7665
f 7661 7667 7644
f 7644 7668 7646
f 7646 7669 7650
f 7646 7670 7671
f 7672 7671 7673
f 7674 7673 7675
f 7676 7675 7677
f 7664 7677 7678
f 7679 7680 7681
f 7683 7681 7684
f 7683 7686 7681
f 7681 7687 7688
f 7681 7689 7690
f 7238 7236 7681
f 7666 7679 7664
f 7664 7681 7691
f 7692 7681 7693
f 7692 7695 7681
f 7681 7696 7697
f 7681 7698 7699
f 7700 7701 7702
f 7704 7681 7705
f 7681 7262 7261
f 7706 7707 7262
f 7262 7708 7709
f 7681 7710 7711
f 7709 7713 7262
f 7262 7714 7715
f 7702 7717 7718
f 7719 7720 7721
f 7721 7702 7722
f 7719 7723 7720
f 7720 7724 7725
f 7681 7726 7727
f 7712 7728 7681
f 7681 7729 7706
f 7262 7730 7731
f 7264 7731 7732
f 7716 7733 7734
f 7732 7734 7735
f 7725 7736 7720
f 7720 7737 7738
f 7720 7739 7740
f 7741 7742 7743
f 7745 7255 7746
f 7750 7751 7255
f 7255 7752 7746
f 7743 7754 7755
f 7742 7757 7743
f 7743 7758 7720
f 7720 7759 7760
f 7720 7761 7762
f 7756 7764 7743
f 7743 7765 7741
f 7255 7748 7766
f 7767 7768 7702
f 7749 7770 7747
f 7747 7771 7772
f 7720 7773 7774
f 7771 7776 7772
f 7772 7777 7778
f 7778 7702 7779
f 7775 7780 7720
f 7720 7781 7702
f 7702 7782 7767
f 7744 7753 7255
f 7255 7743 7256
f 7619 7618 7743
f 7743 7784 7783
f 7619 7786 7787
f 7273 7272 7619
f 7619 7788 7789
f 7619 7790 7791
f 7792 7793 7794
f 7796 7252 7792
f 7792 7250 7249
f 7792 7797 7798
f 7799 7800 7801
f 7801 7270 7268
f 7801 7267 7802
f 7803 7804 7801
f 7801 7805 7806
f 7806 7807 7808
f 7811 7812 7801
f 7801 7813 7814
f 7810 7815 7801
f 7801 7816 7817
f 7801 7818 7819
f 7799 7819 7820
f 7821 7820 7822
f 7616 7823 7824
f 7801 7824 7825
f 7822 7820 7826
f 7826 7827 7828
f 7828 7830 7831
f 7621 7832 7622
f 7622 7833 7834
f 7622 7835 7836
f 7616 7836 7837
f 7616 7838 7839
f 7616 7840 7841
f 7842 7843 7616
f 7616 7844 7845
f 7622 7847 7848
f 7845 7850 7616
f 7616 7851 7622
f 7622 7852 7846
f 7622 7853 7854
f 7644 7856 7857
f 7859 7860 7838
f 7838 7861 7862
f 7857 7865 7644
f 7644 7866 7838
f 7838 7867 7858
f 7622 7868 7869
f 7644 7869 7870
f 7864 7871 7644
f 7644 7872 7856
f 7838 7873 7874
f 7801 7875 7876
f 7879 7880 7801
f 7801 7881 7882
f 7886 7887 7885
f 7885 7888 7889
f 7801 7890 7891
f 7878 7892 7616
f 7616 7893 7894
f 7885 7895 7896
f 7876 7897 7801
f 7801 7898 7616
f 7616 7899 7877
f 7885 7900 7901
f 7894 7902 7616
f 7616 7903 7838
f 7838 7904 7905
f 7905 7908 7838
f 7838 7909 7906
f 7838 7910 7911
f 7808 7795 7806
f 7806 7792 7801
f 7801 7885 7879
f 7912 7913 7885
f 7914 7743 7916
f 7619 7792 7794
f 7917 7918 7792
f 7792 7919 7920
f 7792 7921 7922
f 7885 7924 7925
f 7885 7916 7743
f 7838 7743 7720
f 7644 7720 7681
f 7653 7681 7688
f 7792 7926 7927
f 7885 7927 7928
f 7913 7930 7885
f 7885 7931 7924
f 7885 7932 7933
f 7915 7934 7743
f 7743 7935 7936
f 7743 7937 7938
f 7940 7941 7619
f 7942 7943 7619
f 7619 7944 7917
f 7743 7945 7946
f 7619 7946 7947
f 7820 7819 7331
f 7836 7319 7318
f 7837 7318 7317
f 7614 7317 7287
f 7615 7287 7286
f 7823 7286 7336
f 7824 7336 7335
f 7302 7297 7633
f 7410 7378 7776
f 7427 7265 7735
f 7749 7255 7405
f 7777 7378 7702
f 7702 7376 7733
f 7733 7423 7425
f 7734 7425 7427
f 7749 7405 7407
f 7770 7407 7409
f 7771 7409 7410
f 7360 7359 7791
f 7366 7259 7783
f 7788 7272 7358
f 7345 7344 7805
f 7350 7253 7796
f 7802 7267 7349
f 7293 7296 7625
f 7300 7247 7632
f 7645 7276 7503
f 7454 7453 7695
f 7450 7239 7699
f 7694 7261 7457
f 7617 7359 7368
f 7618 7368 7367
f 7784 7367 7366
f 7788 7358 7364
f 7789 7364 7363
f 7790 7363 7360
f 7807 7344 7353
f 7808 7353 7352
f 7795 7352 7350
f 7802 7349 7348
f 7803 7348 7346
f 7804 7346 7345
f 7629 7296 7304
f 7630 7304 7303
f 7631 7303 7300
f 7645 7503 7502
f 7649 7502 7501
f 7648 7501 7293
f 7696 7453 7459
f 7697 7459 7458
f 7698 7458 7450
f 7694 7457 7456
f 7693 7456 7455
f 7692 7455 7454
f 7284 7283 7798
f 7793 7283 7355
f 7794 7355 7357
f 7786 7785 7362
f 7451 7485 7664
f 7676 7485 7483
f 7674 7483 7481
f 7646 7672 7462
f 7451 7664 7691
f 7452 7691 7235
f 7279 7277 7647
f 7500 7647 7646
f 7284 7798 7797
f 7354 7797 7249
f 7275 7273 7787
f 7361 7787 7786
f 7628 7297 7623
f 7623 7295 7624
f 7624 7299 7626
f 7626 7298 7627
f 7627 7294 7620
f 7620 7292 7621
f 7621 7291 7832
f 7832 7290 7833
f 7833 7316 7834
f 7834 7315 7835
f 7835 7314 7836
f 7825 7335 7811
f 7811 7334 7812
f 7812 7330 7813
f 7813 7329 7814
f 7814 7328 7809
f 7809 7325 7810
f 7810 7324 7815
f 7815 7327 7816
f 7816 7326 7817
f 7817 7321 7818
f 7818 7320 7819
f 7302 7633 7641
f 7308 7641 7640
f 7309 7640 7639
f 7310 7639 7638
f 7311 7638 7637
f 7312 7637 7643
f 7313 7643 7642
f 7305 7642 7636
f 7306 7636 7635
f 7307 7635 7634
f 7301 7634 7241
f 7271 7270 7800
f 7347 7800 7799
f 7332 7799 7821
f 7333 7821 7822
f 7337 7822 7826
f 7338 7826 7831
f 7343 7831 7830
f 7340 7830 7829
f 7341 7829 7828
f 7342 7828 7827
f 7339 7827 7820
f 7869 7541 7870
f 7870 7571 7863
f 7863 7570 7864
f 7864 7569 7871
f 7871 7568 7872
f 7872 7567 7856
f 7856 7563 7857
f 7857 7562 7865
f 7865 7561 7866
f 7866 7560 7867
f 7867 7566 7858
f 7858 7565 7859
f 7859 7564 7860
f 7860 7550 7861
f 7861 7549 7862
f 7862 7574 7873
f 7873 7573 7874
f 7874 7572 7839
f 7839 7577 7840
f 7840 7576 7841
f 7841 7575 7842
f 7842 7559 7843
f 7843 7558 7844
f 7844 7557 7845
f 7845 7543 7850
f 7850 7542 7851
f 7851 7556 7852
f 7852 7555 7846
f 7846 7554 7847
f 7847 7545 7848
f 7848 7544 7849
f 7849 7553 7853
f 7853 7552 7854
f 7854 7548 7855
f 7855 7547 7868
f 7868 7546 7869
f 7904 7605 7905
f 7905 7604 7908
f 7908 7603 7909
f 7909 7613 7906
f 7906 7612 7907
f 7907 7611 7910
f 7910 7610 7911
f 7911 7609 7900
f 7900 7602 7901
f 7901 7594 7883
f 7883 7593 7884
f 7884 7592 7895
f 7895 7591 7896
f 7896 7590 7886
f 7886 7589 7887
f 7887 7584 7888
f 7888 7583 7889
f 7889 7601 7879
f 7879 7600 7880
f 7880 7599 7881
f 7881 7598 7882
f 7882 7608 7890
f 7890 7607 7891
f 7891 7597 7875
f 7875 7596 7876
f 7876 7595 7897
f 7897 7588 7898
f 7898 7587 7899
f 7899 7586 7877
f 7877 7585 7878
f 7878 7582 7892
f 7892 7581 7893
f 7893 7580 7894
f 7894 7579 7902
f 7902 7578 7903
f 7903 7606 7904
f 7916 7948 7914
f 7914 7526 7915
f 7915 7525 7934
f 7934 7524 7935
f 7935 7515 7936
f 7936 7514 7937
f 7937 7540 7938
f 7938 7539 7939
f 7939 7523 7945
f 7945 7522 7946
f 7946 7538 7947
f 7947 7537 7940
f 7940 7536 7941
f 7941 7521 7942
f 7942 7520 7943
f 7943 7519 7944
f 7944 7505 7917
f 7917 7504 7918
f 7918 7535 7919
f 7919 7534 7920
f 7920 7533 7921
f 7921 7511 7922
f 7922 7512 7923
f 7923 7513 7926
f 7926 7532 7927
f 7927 7531 7928
f 7928 7530 7929
f 7929 7529 7932
f 7932 7528 7933
f 7933 7527 7912
f 7912 7518 7913
f 7913 7517 7930
f 7930 7516 7931
f 7931 7510 7924
f 7924 7509 7925
f 7925 7507 7916
f 7780 7379 7781
f 7781 7391 7782
f 7782 7390 7767
f 7767 7389 7768
f 7768 7388 7769
f 7769 7387 7779
f 7779 7386 7778
f 7778 7375 7772
f 7772 7377 7747
f 7747 7408 7748
f 7748 7406 7766
f 7766 7404 7750
f 7750 7403 7751
f 7751 7374 7752
f 7752 7373 7746
f 7746 7372 7745
f 7745 7371 7744
f 7744 7402 7753
f 7753 7401 7754
f 7754 7400 7755
f 7755 7399 7756
f 7756 7398 7764
f 7764 7397 7765
f 7765 7394 7741
f 7741 7393 7742
f 7742 7392 7757
f 7757 7385 7758
f 7758 7384 7759
f 7759 7370 7760
f 7760 7369 7761
f 7761 7383 7762
f 7762 7382 7763
f 7763 7381 7773
f 7773 7396 7774
f 7774 7395 7775
f 7775 7380 7780
f 7706 7411 7707
f 7707 7419 7708
f 7708 7418 7709
f 7709 7417 7713
f 7713 7432 7714
f 7714 7431 7715
f 7715 7430 7730
f 7730 7429 7731
f 7731 7428 7732
f 7732 7426 7716
f 7716 7424 7717
f 7717 7422 7718
f 7718 7440 7700
f 7700 7439 7701
f 7701 7434 7722
f 7722 7433 7721
f 7721 7449 7719
f 7719 7448 7723
f 7723 7447 7724
f 7724 7446 7725
f 7725 7445 7736
f 7736 7444 7737
f 7737 7443 7738
f 7738 7442 7739
f 7739 7441 7740
f 7740 7438 7726
f 7726 7437 7727
f 7727 7436 7705
f 7705 7435 7704
f 7704 7416 7703
f 7703 7415 7710
f 7710 7414 7711
f 7711 7421 7712
f 7712 7420 7728
f 7728 7413 7729
f 7729 7412 7706
f 7675 7949 7677
f 7677 7484 7678
f 7678 7486 7662
f 7662 7487 7663
f 7663 7493 7665
f 7665 7492 7666
f 7666 7491 7679
f 7679 7499 7680
f 7680 7498 7682
f 7682 7497 7689
f 7689 7496 7690
f 7690 7495 7685
f 7685 7494 7684
f 7684 7490 7683
f 7683 7489 7686
f 7686 7488 7687
f 7687 7479 7688
f 7688 7478 7653
f 7653 7477 7654
f 7654 7476 7655
f 7655 7472 7656
f 7656 7471 7657
f 7657 7470 7658
f 7658 7469 7659
f 7659 7468 7660
f 7660 7467 7661
f 7661 7466 7667
f 7667 7475 7668
f 7668 7474 7669
f 7669 7473 7650
f 7650 7465 7651
f 7651 7464 7652
f 7652 7463 7670
f 7670 7461 7671
f 7671 7460 7673
f 7673 7480 7675
