# LOD50 crude face decimation from models/go1/meshes_obj/thigh_mirror.obj
o thigh_mirror
v 0.04516714 0.04819995 0.01697003
v 0.04516714 0.06169992 0.01697003
v 0.04353982 0.06169992 0.0207929
v 0.04353982 0.04819995 0.0207929
v 0.04158955 0.06169992 0.02446144
v 0.04158955 0.04819995 0.02446144
v 0.01531744 0.04819995 -0.04575407
v 0.01531744 0.06169992 -0.04575407
v 0.01845955 0.06169992 -0.04457908
v 0.01845955 0.04819995 -0.04457908
v 0.0215125 0.06169992 -0.04318875
v 0.0215125 0.04819995 -0.04318875
v 0.02446144 0.06169992 -0.04158955
v 0.02446144 0.04819995 -0.04158955
v -0.04516714 0.04819995 -0.01697003
v -0.04516714 0.06169992 -0.01697003
v -0.04353982 0.06169992 -0.0207929
v -0.04353982 0.04819995 -0.0207929
v -0.04158955 0.06169992 -0.02446144
v -0.04158955 0.04819995 -0.02446144
v -0.01732069 0.04819995 0.04503393
v -0.01732069 0.06169992 0.04503393
v -0.02096194 0.06169992 0.04345864
v -0.02096194 0.04819995 0.04345864
v -0.02446144 0.06169992 0.04158955
v -0.02446144 0.04819995 0.04158955
v 0.01959609 0.04819995 0.0440914
v 0.01959609 0.06169992 0.0440914
v 0.01590752 0.06169992 0.04555225
v 0.01590752 0.04819995 0.04555225
v 0.0121113 0.06169992 0.04670512
v 0.0121113 0.04819995 0.04670512
v -0.01959609 0.04819995 -0.0440914
v -0.01959609 0.06169992 -0.0440914
v -0.01647561 0.06169992 -0.04534983
v -0.01647561 0.04819995 -0.04534983
v -0.01327502 0.06169992 -0.04638785
v -0.01327502 0.04819995 -0.04638785
v -0.0440914 0.06169992 0.01959609
v -0.04516714 0.06169992 0.01697003
v -0.0440914 0.04819995 0.01959609
v -0.04516714 0.04819995 0.01697003
v 0.0440914 0.06169992 -0.01959609
v 0.04516714 0.06169992 -0.01697003
v 0.0440914 0.04819995 -0.01959609
v 0.04516714 0.04819995 -0.01697003
v 0.01293742 0.04819995 -0.007469356
v 0.01293742 0.04819995 0.007469356
v 0 0.04819995 0.007469356
v -0.04691302 0.04819995 -0.002856314
v -0.04640799 0.04819995 -0.01115131
v -0.03324997 0.04819995 -0.007469356
v -0.002730846 0.04819995 -0.03609681
v 0.001008272 0.04819995 -0.03618592
v 0 0.04819995 -0.03180766
v 0.01293742 0.04819995 -0.03180766
v 0.01302289 0.04819995 -0.03416144
v 0.0132578 0.04819995 -0.03427284
v 0.01346993 0.04819995 -0.03442317
v 0.03747302 0.04819995 -0.03157156
v 0.01365292 0.04819995 -0.03460776
v 0.0139774 0.04819995 -0.03530842
v 0.03561067 0.04819995 -0.03365808
v 0.01399993 0.04819995 -0.0355674
v 0.01380121 0.04819995 -0.03482133
v 0.01391053 0.04819995 -0.03505712
v 0.02901738 0.04819995 -0.03890997
v 0.01515024 0.04819995 -0.04579436
v 0.01399993 0.04819995 -0.04480582
v 0.03137665 0.04819995 -0.03736877
v 0.03358089 0.04819995 -0.035613
v 0.01464235 0.04819995 -0.04573971
v 0.0148077 0.04819995 -0.04578709
v 0.01497864 0.04819995 -0.04580557
v 0.01401478 0.04819995 -0.04497706
v 0.01405858 0.04819995 -0.0451433
v 0.01413041 0.04819995 -0.04529958
v 0.0142278 0.04819995 -0.04544126
v 0.01434808 0.04819995 -0.04556417
v 0.01448774 0.04819995 -0.0456646
v 0.01225435 0.04819995 -0.03408753
v 0.01251351 0.04819995 -0.03406745
v 0.01277238 0.04819995 -0.03409224
v 0.004736721 0.04819995 -0.03588873
v 0.008414566 0.04819995 -0.0352084
v 0.01200258 0.04819995 -0.03415215
v -0.01197868 0.04819995 -0.03595674
v -0.01191562 0.04819995 -0.03571242
v -0.01293742 0.04819995 -0.03180766
v -0.01199996 0.04819995 -0.03620827
v -0.01149863 0.04819995 -0.03508895
v -0.01129674 0.04819995 -0.03493744
v -0.01181238 0.04819995 -0.03548198
v -0.01167207 0.04819995 -0.0352723
v -0.01107239 0.04819995 -0.03482174
v -0.01083189 0.04819995 -0.03474545
v -0.01058191 0.04819995 -0.03471046
v -0.01199996 0.04819995 -0.04542636
v -0.01294243 0.04819995 -0.04642468
v -0.01277613 0.04819995 -0.04640108
v -0.01032966 0.04819995 -0.03471791
v -0.01008212 0.04819995 -0.03476756
v -0.006440877 0.04819995 -0.03562229
v -0.01261621 0.04819995 -0.04634988
v -0.01246708 0.04819995 -0.04627257
v -0.01201409 0.04819995 -0.04559373
v -0.01221776 0.04819995 -0.04604935
v -0.01212447 0.04819995 -0.0459097
v -0.01205599 0.04819995 -0.04575634
v -0.01233297 0.04819995 -0.04617148
v -0.03365808 0.04819995 -0.03561067
v -0.03157156 0.04819995 -0.03747302
v -0.02933359 0.04819995 -0.03918552
v -0.01311028 0.04819995 -0.04642027
v -0.02694469 0.04819995 -0.0406804
v -0.02442622 0.04819995 -0.04194468
v -0.03890997 0.04819995 -0.02901738
v -0.03324997 0.04819995 -0.03180766
v -0.03736877 0.04819995 -0.03137665
v -0.035613 0.04819995 -0.03358089
v -0.04600512 0.04819995 -0.01410704
v -0.04699999 0.04819995 0
v -0.03324997 0.04819995 0.007469356
v -0.04691302 0.04819995 0.002856314
v -0.04194468 0.04819995 0.02442622
v -0.03561067 0.04819995 0.03365808
v -0.03747302 0.04819995 0.03157156
v -0.04600512 0.04819995 0.01410704
v -0.04640799 0.04819995 0.01115131
v -0.03918552 0.04819995 0.02933359
v -0.0406804 0.04819995 0.02694469
v -0.01293742 0.04819995 0.007469356
v -0.02901738 0.04819995 0.03890997
v -0.03137665 0.04819995 0.03736877
v -0.03358089 0.04819995 0.035613
v -0.007855415 0.04819995 0.01282459
v -0.008234262 0.04819995 0.01272302
v -0.0107392 0.04819995 0.01570838
v -0.01057344 0.04819995 0.01606386
v -0.01034849 0.04819995 0.01638513
v -0.01007115 0.04819995 0.01666247
v -0.007855415 0.04819995 0.01705318
v 6.22257e-07 0.04819995 0.04898756
v -0.008234262 0.04819995 0.01715475
v -0.001380622 0.04819995 0.04898053
v -0.006374955 0.04819995 0.01493889
v -0.006409168 0.04819995 0.01454818
v -0.006901383 0.04819995 0.01349264
v -0.007178664 0.04819995 0.0132153
v -0.007499933 0.04819995 0.01299029
v -0.00862497 0.04819995 0.01268893
v -0.009015679 0.04819995 0.01272302
v -0.007499933 0.04819995 0.01688748
v -0.007178664 0.04819995 0.01666247
v -0.006901383 0.04819995 0.01638513
v -0.006676435 0.04819995 0.01606386
v -0.006510615 0.04819995 0.01570838
v -0.006409168 0.04819995 0.01532953
v -0.009394526 0.04819995 0.01282459
v -0.009749948 0.04819995 0.01299029
v -0.01007115 0.04819995 0.0132153
v -0.006510615 0.04819995 0.01416939
v -0.006676435 0.04819995 0.01381391
v -0.01034849 0.04819995 0.01349264
v -0.01057344 0.04819995 0.01381391
v -0.0107392 0.04819995 0.01416939
v -0.01084077 0.04819995 0.01454818
v -0.01087492 0.04819995 0.01493889
v -0.01084077 0.04819995 0.01532953
v -0.009749948 0.04819995 0.01688748
v -0.009394526 0.04819995 0.01705318
v -0.01238739 0.04819995 0.04693126
v -0.009015679 0.04819995 0.01715475
v -0.009712576 0.04819995 0.0478183
v -0.00862497 0.04819995 0.0171889
v -0.006966352 0.04819995 0.04845035
v -0.004172921 0.04819995 0.04882192
v 0.01087492 0.04819995 0.01493889
v 0.01084077 0.04819995 0.01454818
v 0.0107392 0.04819995 0.01416939
v 0.01007115 0.04819995 0.0132153
v 0.009749948 0.04819995 0.01299029
v 0.009394526 0.04819995 0.01282459
v 0.01057344 0.04819995 0.01606386
v 0.0107392 0.04819995 0.01570838
v 0.01084077 0.04819995 0.01532953
v 0.01057344 0.04819995 0.01381391
v 0.01034849 0.04819995 0.01349264
v 0.007855415 0.04819995 0.01705318
v 0.001436769 0.04819995 0.04892748
v 0.008234262 0.04819995 0.01715475
v 0.004236996 0.04819995 0.04861032
v 0.00862497 0.04819995 0.0171889
v 0.006995022 0.04819995 0.04803186
v 0.009015679 0.04819995 0.01715475
v 0.009394526 0.04819995 0.01705318
v 0.009749948 0.04819995 0.01688748
v 0.01007115 0.04819995 0.01666247
v 0.01034849 0.04819995 0.01638513
v 0.006676435 0.04819995 0.01606386
v 0.006901383 0.04819995 0.01638513
v 0.009015679 0.04819995 0.01272302
v 0.00862497 0.04819995 0.01268893
v 0.008234262 0.04819995 0.01272302
v 0.007855415 0.04819995 0.01282459
v 0.007178664 0.04819995 0.01666247
v 0.007499933 0.04819995 0.01688748
v 0.007499933 0.04819995 0.01299029
v 0.007178664 0.04819995 0.0132153
v 0.006901383 0.04819995 0.01349264
v 0.006676435 0.04819995 0.01381391
v 0.006510615 0.04819995 0.01416939
v 0.006409168 0.04819995 0.01454818
v 0.006374955 0.04819995 0.01493889
v 0.006409168 0.04819995 0.01532953
v 0.006510615 0.04819995 0.01570838
v 0.03890997 0.04819995 0.02901738
v 0.04640799 0.04819995 0.01115131
v 0.04600512 0.04819995 0.01410704
v 0.03365808 0.04819995 0.03561067
v 0.03157156 0.04819995 0.03747302
v 0.02933359 0.04819995 0.03918552
v 0.02694469 0.04819995 0.0406804
v 0.02442622 0.04819995 0.04194468
v 0.03736877 0.04819995 0.03137665
v 0.035613 0.04819995 0.03358089
v 0.01936423 0.04819995 -0.000769545
v 0.01919847 0.04819995 -0.001124978
v 0.04640799 0.04819995 -0.01115131
v 0.01897352 0.04819995 -0.001446247
v 0.01869618 0.04819995 -0.001723527
v 0.01837491 0.04819995 -0.001948535
v 0.01685929 0.04819995 -0.002215743
v 0.01648044 0.04819995 -0.002114236
v 0.01612496 0.04819995 -0.001948535
v 0.01580369 0.04819995 -0.001723527
v 0.01552635 0.04819995 -0.001446247
v 0.01530134 0.04819995 -0.001124978
v 0.01513558 0.04819995 -0.000769545
v 0.01801943 0.04819995 -0.002114236
v 0.01764065 0.04819995 -0.002215743
v 0.01725 0.04819995 -0.002249956
v 0.01503407 0.04819995 -0.000390708
v 0.01499992 0.04819995 0
v 0.01503407 0.04819995 0.000390708
v 0.01513558 0.04819995 0.000769545
v 0.0194658 0.04819995 -0.000390708
v 0.04691302 0.04819995 -0.002856314
v 0.01949989 0.04819995 0
v 0.04699999 0.04819995 0
v 0.0194658 0.04819995 0.000390708
v 0.04691302 0.04819995 0.002856314
v 0.01936423 0.04819995 0.000769545
v 0.01919847 0.04819995 0.001124978
v 0.01530134 0.04819995 0.001124978
v 0.01552635 0.04819995 0.001446247
v 0.01580369 0.04819995 0.001723527
v 0.01837491 0.04819995 0.001948535
v 0.01869618 0.04819995 0.001723527
v 0.01897352 0.04819995 0.001446247
v 0.01612496 0.04819995 0.001948535
v 0.01648044 0.04819995 0.002114236
v 0.01685929 0.04819995 0.002215743
v 0.01725 0.04819995 0.002249956
v 0.01764065 0.04819995 0.002215743
v 0.01801943 0.04819995 0.002114236
v 0.04600512 0.04819995 -0.01410704
v 0.03918552 0.04819995 -0.02933359
v 0.0406804 0.04819995 -0.02694469
v 0.04194468 0.04819995 -0.02442622
v -0.0194658 0.04819995 0.000390708
v -0.01936423 0.04819995 0.000769545
v -0.01499992 0.04819995 0
v -0.01503407 0.04819995 -0.000390708
v -0.01293742 0.04819995 -0.007469356
v -0.01513558 0.04819995 -0.000769545
v -0.01530134 0.04819995 -0.001124978
v -0.01919847 0.04819995 -0.001124978
v -0.01897352 0.04819995 -0.001446247
v -0.01869618 0.04819995 -0.001723527
v -0.01580369 0.04819995 0.001723527
v -0.01552635 0.04819995 0.001446247
v -0.01552635 0.04819995 -0.001446247
v -0.01580369 0.04819995 -0.001723527
v -0.01612496 0.04819995 -0.001948535
v -0.01919847 0.04819995 0.001124978
v -0.01897352 0.04819995 0.001446247
v -0.01869618 0.04819995 0.001723527
v -0.01725 0.04819995 0.002249956
v -0.01685929 0.04819995 0.002215743
v -0.01530134 0.04819995 0.001124978
v -0.01513558 0.04819995 0.000769545
v -0.01503407 0.04819995 0.000390708
v -0.01648044 0.04819995 -0.002114236
v -0.01685929 0.04819995 -0.002215743
v -0.01725 0.04819995 -0.002249956
v -0.01764065 0.04819995 -0.002215743
v -0.01801943 0.04819995 -0.002114236
v -0.01837491 0.04819995 -0.001948535
v -0.01936423 0.04819995 -0.000769545
v -0.0194658 0.04819995 -0.000390708
v -0.01949989 0.04819995 0
v -0.01837491 0.04819995 0.001948535
v -0.01801943 0.04819995 0.002114236
v -0.01764065 0.04819995 0.002215743
v -0.01648044 0.04819995 0.002114236
v -0.01612496 0.04819995 0.001948535
v 0.01087492 0.04819995 -0.01493889
v 0.007855415 0.04819995 -0.01705318
v 0.007499933 0.04819995 -0.01688748
v 0.009749948 0.04819995 -0.01688748
v 0.009394526 0.04819995 -0.01705318
v 0.01084077 0.04819995 -0.01532953
v 0.0107392 0.04819995 -0.01570838
v 0.01057344 0.04819995 -0.01606386
v 0.006901383 0.04819995 -0.01349264
v 0.007178664 0.04819995 -0.0132153
v 0 0.04819995 -0.007469356
v 0.01034849 0.04819995 -0.01638513
v 0.01007115 0.04819995 -0.01666247
v 0.009015679 0.04819995 -0.01715475
v 0.00862497 0.04819995 -0.0171889
v 0.008234262 0.04819995 -0.01715475
v 0.007178664 0.04819995 -0.01666247
v 0.006901383 0.04819995 -0.01638513
v 0.006676435 0.04819995 -0.01606386
v 0.00862497 0.04819995 -0.01268893
v 0.009015679 0.04819995 -0.01272302
v 0.009394526 0.04819995 -0.01282459
v 0.009749948 0.04819995 -0.01299029
v 0.007499933 0.04819995 -0.01299029
v 0.007855415 0.04819995 -0.01282459
v 0.008234262 0.04819995 -0.01272302
v 0.01007115 0.04819995 -0.0132153
v 0.01034849 0.04819995 -0.01349264
v 0.01057344 0.04819995 -0.01381391
v 0.0107392 0.04819995 -0.01416939
v 0.01084077 0.04819995 -0.01454818
v 0.006409168 0.04819995 -0.01454818
v 0.006510615 0.04819995 -0.01416939
v 0.006676435 0.04819995 -0.01381391
v 0.006510615 0.04819995 -0.01570838
v 0.006409168 0.04819995 -0.01532953
v 0.006374955 0.04819995 -0.01493889
v -0.006510615 0.04819995 -0.01570838
v -0.006676435 0.04819995 -0.01606386
v -0.006901383 0.04819995 -0.01638513
v -0.007178664 0.04819995 -0.01666247
v -0.007499933 0.04819995 -0.01688748
v -0.0107392 0.04819995 -0.01416939
v -0.01057344 0.04819995 -0.01381391
v -0.007855415 0.04819995 -0.01705318
v -0.008234262 0.04819995 -0.01715475
v -0.00862497 0.04819995 -0.0171889
v -0.009015679 0.04819995 -0.01715475
v -0.01034849 0.04819995 -0.01349264
v -0.01007115 0.04819995 -0.0132153
v -0.009749948 0.04819995 -0.01299029
v -0.009394526 0.04819995 -0.01282459
v -0.009015679 0.04819995 -0.01272302
v -0.00862497 0.04819995 -0.01268893
v -0.009394526 0.04819995 -0.01705318
v -0.009749948 0.04819995 -0.01688748
v -0.01007115 0.04819995 -0.01666247
v -0.0107392 0.04819995 -0.01570838
v -0.01084077 0.04819995 -0.01532953
v -0.01087492 0.04819995 -0.01493889
v -0.01084077 0.04819995 -0.01454818
v -0.008234262 0.04819995 -0.01272302
v -0.006510615 0.04819995 -0.01416939
v -0.006409168 0.04819995 -0.01454818
v -0.006374955 0.04819995 -0.01493889
v -0.006409168 0.04819995 -0.01532953
v -0.01034849 0.04819995 -0.01638513
v -0.01057344 0.04819995 -0.01606386
v -0.007855415 0.04819995 -0.01282459
v -0.007499933 0.04819995 -0.01299029
v -0.007178664 0.04819995 -0.0132153
v -0.006901383 0.04819995 -0.01349264
v -0.006676435 0.04819995 -0.01381391
v 0.004736721 0.06169992 -0.03588873
v 0.001008272 0.06169992 -0.03618592
v 0 0.06169992 -0.03180766
v -0.03561067 0.06169992 0.03365808
v -0.03358089 0.06169992 0.035613
v -0.03324997 0.06169992 0.007469356
v 0.01346993 0.06169992 -0.03442317
v 0.0132578 0.06169992 -0.03427284
v 0.01293742 0.06169992 -0.03180766
v 0.0139774 0.06169992 -0.03530842
v 0.01391053 0.06169992 -0.03505712
v 0.03747302 0.06169992 -0.03157156
v 0.01380121 0.06169992 -0.03482133
v 0.01365292 0.06169992 -0.03460776
v 0.01399993 0.06169992 -0.0355674
v 0.03561067 0.06169992 -0.03365808
v 0.03358089 0.06169992 -0.035613
v 0.03137665 0.06169992 -0.03736877
v 0.02901738 0.06169992 -0.03890997
v 0.01399993 0.06169992 -0.04480582
v 0.01515024 0.06169992 -0.04579436
v 0.01497864 0.06169992 -0.04580557
v 0.0148077 0.06169992 -0.04578709
v 0.01434808 0.06169992 -0.04556417
v 0.0142278 0.06169992 -0.04544126
v 0.01413041 0.06169992 -0.04529958
v 0.01405858 0.06169992 -0.0451433
v 0.01401478 0.06169992 -0.04497706
v 0.01464235 0.06169992 -0.04573971
v 0.01448774 0.06169992 -0.0456646
v 0.01293742 0.06169992 -0.007469356
v 0.04194468 0.06169992 -0.02442622
v 0.04640799 0.06169992 -0.01115131
v 0.04600512 0.06169992 -0.01410704
v 0.03918552 0.06169992 -0.02933359
v 0.0406804 0.06169992 -0.02694469
v 0.01837491 0.06169992 -0.001948535
v 0.01869618 0.06169992 -0.001723527
v 0.01897352 0.06169992 -0.001446247
v 0.01499992 0.06169992 0
v 0.01503407 0.06169992 -0.000390708
v 0.01513558 0.06169992 -0.000769545
v 0.01530134 0.06169992 -0.001124978
v 0.01552635 0.06169992 -0.001446247
v 0.01580369 0.06169992 -0.001723527
v 0.01612496 0.06169992 -0.001948535
v 0.01648044 0.06169992 -0.002114236
v 0.01685929 0.06169992 -0.002215743
v 0.01919847 0.06169992 0.001124978
v 0.01897352 0.06169992 0.001446247
v 0.04640799 0.06169992 0.01115131
v 0.01869618 0.06169992 0.001723527
v 0.01837491 0.06169992 0.001948535
v 0.01725 0.06169992 -0.002249956
v 0.01764065 0.06169992 -0.002215743
v 0.01801943 0.06169992 -0.002114236
v 0.01919847 0.06169992 -0.001124978
v 0.01936423 0.06169992 -0.000769545
v 0.04691302 0.06169992 -0.002856314
v 0.0194658 0.06169992 -0.000390708
v 0.04699999 0.06169992 0
v 0.01949989 0.06169992 0
v 0.04691302 0.06169992 0.002856314
v 0.0194658 0.06169992 0.000390708
v 0.01936423 0.06169992 0.000769545
v 0.01801943 0.06169992 0.002114236
v 0.01764065 0.06169992 0.002215743
v 0.01293742 0.06169992 0.007469356
v 0.01725 0.06169992 0.002249956
v 0.01552635 0.06169992 0.001446247
v 0.01580369 0.06169992 0.001723527
v 0.01612496 0.06169992 0.001948535
v 0.01530134 0.06169992 0.001124978
v 0.01513558 0.06169992 0.000769545
v 0.01503407 0.06169992 0.000390708
v 0.01685929 0.06169992 0.002215743
v 0.01648044 0.06169992 0.002114236
v 0.04600512 0.06169992 0.01410704
v 0.02933359 0.06169992 0.03918552
v 0.02694469 0.06169992 0.0406804
v 0.02442622 0.06169992 0.04194468
v 0.03157156 0.06169992 0.03747302
v 0.03365808 0.06169992 0.03561067
v 0.035613 0.06169992 0.03358089
v 0.03736877 0.06169992 0.03137665
v 0.03890997 0.06169992 0.02901738
v 0.007178664 0.06169992 0.01666247
v 0.006901383 0.06169992 0.01638513
v 6.22257e-07 0.06169992 0.04898756
v 0.009749948 0.06169992 0.01299029
v 0.009394526 0.06169992 0.01282459
v 0.009015679 0.06169992 0.01272302
v 0.01087492 0.06169992 0.01493889
v 0.01084077 0.06169992 0.01532953
v 0.0107392 0.06169992 0.01570838
v 0.01057344 0.06169992 0.01606386
v 0.01007115 0.06169992 0.0132153
v 0.01034849 0.06169992 0.01349264
v 0.01057344 0.06169992 0.01381391
v 0.01034849 0.06169992 0.01638513
v 0.01007115 0.06169992 0.01666247
v 0.009749948 0.06169992 0.01688748
v 0.008234262 0.06169992 0.01715475
v 0.007855415 0.06169992 0.01705318
v 0.007499933 0.06169992 0.01688748
v 0.006409168 0.06169992 0.01532953
v 0 0.06169992 0.007469356
v 0.006510615 0.06169992 0.01570838
v 0.006676435 0.06169992 0.01606386
v 0.006374955 0.06169992 0.01493889
v 0.006409168 0.06169992 0.01454818
v 0.006510615 0.06169992 0.01416939
v 0.008234262 0.06169992 0.01272302
v 0.00862497 0.06169992 0.01268893
v 0.0107392 0.06169992 0.01416939
v 0.01084077 0.06169992 0.01454818
v 0.009394526 0.06169992 0.01705318
v 0.009015679 0.06169992 0.01715475
v 0.00862497 0.06169992 0.0171889
v 0.001436769 0.06169992 0.04892748
v 0.004236996 0.06169992 0.04861032
v 0.006995022 0.06169992 0.04803186
v 0.006676435 0.06169992 0.01381391
v 0.006901383 0.06169992 0.01349264
v 0.007178664 0.06169992 0.0132153
v 0.007499933 0.06169992 0.01299029
v 0.007855415 0.06169992 0.01282459
v -0.009749948 0.06169992 0.01299029
v -0.009394526 0.06169992 0.01282459
v -0.01293742 0.06169992 0.007469356
v -0.01084077 0.06169992 0.01532953
v -0.0107392 0.06169992 0.01570838
v -0.01057344 0.06169992 0.01606386
v -0.00862497 0.06169992 0.0171889
v -0.009015679 0.06169992 0.01715475
v -0.01238739 0.06169992 0.04693126
v -0.009749948 0.06169992 0.01688748
v -0.01007115 0.06169992 0.01666247
v -0.01034849 0.06169992 0.01638513
v -0.01087492 0.06169992 0.01493889
v -0.01084077 0.06169992 0.01454818
v -0.0107392 0.06169992 0.01416939
v -0.01057344 0.06169992 0.01381391
v -0.009015679 0.06169992 0.01272302
v -0.00862497 0.06169992 0.01268893
v -0.008234262 0.06169992 0.01272302
v -0.007855415 0.06169992 0.01282459
v -0.007499933 0.06169992 0.01299029
v -0.007178664 0.06169992 0.0132153
v -0.006901383 0.06169992 0.01349264
v -0.01034849 0.06169992 0.01349264
v -0.01007115 0.06169992 0.0132153
v -0.009394526 0.06169992 0.01705318
v -0.006676435 0.06169992 0.01606386
v -0.006901383 0.06169992 0.01638513
v -0.007178664 0.06169992 0.01666247
v -0.009712576 0.06169992 0.0478183
v -0.006966352 0.06169992 0.04845035
v -0.008234262 0.06169992 0.01715475
v -0.006676435 0.06169992 0.01381391
v -0.006510615 0.06169992 0.01416939
v -0.006409168 0.06169992 0.01454818
v -0.004172921 0.06169992 0.04882192
v -0.001380622 0.06169992 0.04898053
v -0.007855415 0.06169992 0.01705318
v -0.007499933 0.06169992 0.01688748
v -0.006374955 0.06169992 0.01493889
v -0.006409168 0.06169992 0.01532953
v -0.006510615 0.06169992 0.01570838
v -0.02901738 0.06169992 0.03890997
v -0.03137665 0.06169992 0.03736877
v -0.04691302 0.06169992 0.002856314
v -0.04640799 0.06169992 0.01115131
v -0.04600512 0.06169992 0.01410704
v -0.04194468 0.06169992 0.02442622
v -0.0406804 0.06169992 0.02694469
v -0.03918552 0.06169992 0.02933359
v -0.03747302 0.06169992 0.03157156
v -0.03324997 0.06169992 -0.007469356
v -0.04691302 0.06169992 -0.002856314
v -0.04699999 0.06169992 0
v -0.03736877 0.06169992 -0.03137665
v -0.03890997 0.06169992 -0.02901738
v -0.04600512 0.06169992 -0.01410704
v -0.04640799 0.06169992 -0.01115131
v -0.01294243 0.06169992 -0.04642468
v -0.01311028 0.06169992 -0.04642027
v -0.01293742 0.06169992 -0.03180766
v -0.02442622 0.06169992 -0.04194468
v -0.02694469 0.06169992 -0.0406804
v -0.02933359 0.06169992 -0.03918552
v -0.03157156 0.06169992 -0.03747302
v -0.03324997 0.06169992 -0.03180766
v -0.03365808 0.06169992 -0.03561067
v -0.035613 0.06169992 -0.03358089
v -0.01129674 0.06169992 -0.03493744
v -0.01149863 0.06169992 -0.03508895
v -0.01032966 0.06169992 -0.03471791
v -0.01058191 0.06169992 -0.03471046
v -0.01083189 0.06169992 -0.03474545
v -0.01107239 0.06169992 -0.03482174
v -0.01167207 0.06169992 -0.0352723
v -0.01181238 0.06169992 -0.03548198
v -0.01191562 0.06169992 -0.03571242
v -0.01197868 0.06169992 -0.03595674
v -0.01199996 0.06169992 -0.03620827
v -0.01199996 0.06169992 -0.04542636
v -0.01277613 0.06169992 -0.04640108
v -0.01261621 0.06169992 -0.04634988
v -0.002730846 0.06169992 -0.03609681
v -0.006440877 0.06169992 -0.03562229
v -0.01008212 0.06169992 -0.03476756
v -0.01246708 0.06169992 -0.04627257
v -0.01201409 0.06169992 -0.04559373
v -0.01205599 0.06169992 -0.04575634
v -0.01212447 0.06169992 -0.0459097
v -0.01221776 0.06169992 -0.04604935
v -0.01233297 0.06169992 -0.04617148
v 0.01302289 0.06169992 -0.03416144
v 0.01277238 0.06169992 -0.03409224
v 0.01251351 0.06169992 -0.03406745
v 0.01225435 0.06169992 -0.03408753
v 0.01200258 0.06169992 -0.03415215
v 0.008414566 0.06169992 -0.0352084
v 0 0.06169992 -0.007469356
v 0.006374955 0.06169992 -0.01493889
v 0.006409168 0.06169992 -0.01532953
v 0.006510615 0.06169992 -0.01570838
v 0.006676435 0.06169992 -0.01606386
v 0.006901383 0.06169992 -0.01638513
v 0.007178664 0.06169992 -0.01666247
v 0.007499933 0.06169992 -0.01688748
v 0.009015679 0.06169992 -0.01715475
v 0.009394526 0.06169992 -0.01705318
v 0.009749948 0.06169992 -0.01688748
v 0.01007115 0.06169992 -0.01666247
v 0.007855415 0.06169992 -0.01705318
v 0.008234262 0.06169992 -0.01715475
v 0.00862497 0.06169992 -0.0171889
v 0.01034849 0.06169992 -0.01638513
v 0.01057344 0.06169992 -0.01606386
v 0.0107392 0.06169992 -0.01570838
v 0.009749948 0.06169992 -0.01299029
v 0.009394526 0.06169992 -0.01282459
v 0.007855415 0.06169992 -0.01282459
v 0.007499933 0.06169992 -0.01299029
v 0.007178664 0.06169992 -0.0132153
v 0.006901383 0.06169992 -0.01349264
v 0.006676435 0.06169992 -0.01381391
v 0.0107392 0.06169992 -0.01416939
v 0.01057344 0.06169992 -0.01381391
v 0.009015679 0.06169992 -0.01272302
v 0.00862497 0.06169992 -0.01268893
v 0.008234262 0.06169992 -0.01272302
v 0.01084077 0.06169992 -0.01532953
v 0.01087492 0.06169992 -0.01493889
v 0.01084077 0.06169992 -0.01454818
v 0.01034849 0.06169992 -0.01349264
v 0.01007115 0.06169992 -0.0132153
v 0.006510615 0.06169992 -0.01416939
v 0.006409168 0.06169992 -0.01454818
v -0.009749948 0.06169992 -0.01688748
v -0.009394526 0.06169992 -0.01705318
v -0.007855415 0.06169992 -0.01705318
v -0.007499933 0.06169992 -0.01688748
v -0.01087492 0.06169992 -0.01493889
v -0.01084077 0.06169992 -0.01532953
v -0.0107392 0.06169992 -0.01570838
v -0.01057344 0.06169992 -0.01606386
v -0.009015679 0.06169992 -0.01272302
v -0.009394526 0.06169992 -0.01282459
v -0.01293742 0.06169992 -0.007469356
v -0.01034849 0.06169992 -0.01349264
v -0.01057344 0.06169992 -0.01381391
v -0.0107392 0.06169992 -0.01416939
v -0.01084077 0.06169992 -0.01454818
v -0.01034849 0.06169992 -0.01638513
v -0.01007115 0.06169992 -0.01666247
v -0.007178664 0.06169992 -0.01666247
v -0.006901383 0.06169992 -0.01638513
v -0.006676435 0.06169992 -0.01606386
v -0.009749948 0.06169992 -0.01299029
v -0.01007115 0.06169992 -0.0132153
v -0.009015679 0.06169992 -0.01715475
v -0.00862497 0.06169992 -0.0171889
v -0.008234262 0.06169992 -0.01715475
v -0.008234262 0.06169992 -0.01272302
v -0.00862497 0.06169992 -0.01268893
v -0.006510615 0.06169992 -0.01570838
v -0.006409168 0.06169992 -0.01532953
v -0.006374955 0.06169992 -0.01493889
v -0.006409168 0.06169992 -0.01454818
v -0.006901383 0.06169992 -0.01349264
v -0.007178664 0.06169992 -0.0132153
v -0.006510615 0.06169992 -0.01416939
v -0.006676435 0.06169992 -0.01381391
v -0.007499933 0.06169992 -0.01299029
v -0.007855415 0.06169992 -0.01282459
v -0.01612496 0.06169992 -0.001948535
v -0.01580369 0.06169992 -0.001723527
v -0.01503407 0.06169992 0.000390708
v -0.01513558 0.06169992 0.000769545
v -0.01499992 0.06169992 0
v -0.0194658 0.06169992 0.000390708
v -0.01949989 0.06169992 0
v -0.0194658 0.06169992 -0.000390708
v -0.01936423 0.06169992 -0.000769545
v -0.01919847 0.06169992 -0.001124978
v -0.01897352 0.06169992 -0.001446247
v -0.01869618 0.06169992 -0.001723527
v -0.01513558 0.06169992 -0.000769545
v -0.01503407 0.06169992 -0.000390708
v -0.01837491 0.06169992 -0.001948535
v -0.01801943 0.06169992 -0.002114236
v -0.01764065 0.06169992 -0.002215743
v -0.01725 0.06169992 -0.002249956
v -0.01552635 0.06169992 -0.001446247
v -0.01530134 0.06169992 -0.001124978
v -0.01685929 0.06169992 -0.002215743
v -0.01648044 0.06169992 -0.002114236
v -0.01530134 0.06169992 0.001124978
v -0.01552635 0.06169992 0.001446247
v -0.01580369 0.06169992 0.001723527
v -0.01612496 0.06169992 0.001948535
v -0.01648044 0.06169992 0.002114236
v -0.01685929 0.06169992 0.002215743
v -0.01837491 0.06169992 0.001948535
v -0.01869618 0.06169992 0.001723527
v -0.01897352 0.06169992 0.001446247
v -0.01919847 0.06169992 0.001124978
v -0.01936423 0.06169992 0.000769545
v -0.01725 0.06169992 0.002249956
v -0.01764065 0.06169992 0.002215743
v -0.01801943 0.06169992 0.002114236
v -0.01499992 0.04819995 0
v 0.01949989 0.04819995 0
v 0.04619705 0.02219992 -0.01323324
v 0.04600465 0.02219992 -0.01440787
v -0.04624992 0.02219992 -0.01220655
v 0.04572707 0.02219992 -0.01539772
v -0.04619705 0.02219992 -0.01323324
v 0.04600465 0.02219992 0.01440787
v 0.04619705 0.02219992 0.01323324
v -0.04624992 0.02219992 0.01220655
v 0.04624992 0.02219992 0.01220655
v 0.04624992 0.02219992 -0.01220655
v -0.04260081 0.02219992 -0.02265453
v -0.04541534 0.02219992 -0.01629436
v 0.04541534 0.02219992 -0.01629436
v -0.04572707 0.02219992 -0.01539772
v -0.04600465 0.02219992 -0.01440787
v 0.04572707 0.02219992 0.01539772
v -0.04619705 0.02219992 0.01323324
v -0.04600465 0.02219992 0.01440787
v -0.03890115 0.02219992 0.02854394
v -0.03439313 0.02219992 0.03384035
v 0.04541534 0.02219992 0.01629436
v -0.02917051 0.02219992 -0.03843361
v 0.04260081 0.02219992 -0.02265453
v -0.003477454 0.02219992 -0.04812449
v -0.01036036 0.02219992 -0.04712456
v -0.01702797 0.02219992 -0.04514539
v -0.03439313 0.02219992 -0.03384035
v -0.03890115 0.02219992 -0.02854394
v 0.03890115 0.02219992 -0.02854394
v 0.03439313 0.02219992 -0.03384035
v 0.02917051 0.02219992 -0.03843361
v 0.02334171 0.02219992 -0.04222822
v 0.01702797 0.02219992 -0.04514539
v 0.01036036 0.02219992 -0.04712456
v 0.003477454 0.02219992 -0.04812449
v -0.02334171 0.02219992 -0.04222822
v -0.04572707 0.02219992 0.01539772
v -0.04541534 0.02219992 0.01629436
v -0.04260081 0.02219992 0.02265453
v -0.02917051 0.02219992 0.03843361
v -0.02334171 0.02219992 0.04222822
v -0.01702797 0.02219992 0.04514539
v 0.02334171 0.02219992 0.04222822
v 0.02917051 0.02219992 0.03843361
v -0.01036036 0.02219992 0.04712456
v -0.003477454 0.02219992 0.04812449
v 0.003477454 0.02219992 0.04812449
v 0.01036036 0.02219992 0.04712456
v 0.01702797 0.02219992 0.04514539
v 0.03439313 0.02219992 0.03384035
v 0.03890115 0.02219992 0.02854394
v 0.04260081 0.02219992 0.02265453
v 0.03936243 0.01401454 0.007995903
v 0.03964507 0.01408118 0
v 0.0416764 0.01520144 0
v 0.03563809 0.01787847 0.0315997
v 0.03715276 0.01786726 0.02979069
v 0.03744024 0.01831132 0.02997171
v 0.04260081 0.0191999 0.02265453
v 0.04174602 0.0191999 0.0241934
v 0.04174 0.01907628 0.02419126
v 0.04391753 0.01896822 0.01992899
v 0.04287475 0.01897001 0.02208399
v 0.04281634 0.01874029 0.02206426
v 0.04549282 0.01777917 0
v 0.04556447 0.01785349 0
v 0.04554563 0.01782244 0.008766174
v 0.04592794 0.01873105 0.01435005
v 0.04561239 0.01873153 0.01546758
v 0.04550999 0.01849794 0.01544761
v 0.04586845 0.01907366 0.01491951
v 0.04600811 0.01907366 0.01436394
v 0.04600465 0.0191999 0.01440787
v 0.04611992 0.0191999 0.01381373
v 0.04606127 0.01851248 0.008818268
v 0.04616415 0.01874214 0.008828341
v 0.04616361 0.01873695 0.01104134
v 0.02591937 0.01665991 0.03814148
v 0.0265631 0.01750278 0.03904461
v 0.0225709 0.01752233 0.04147148
v 0.0185737 0.01816141 0.04406213
v 0.01850831 0.01795351 0.04389518
v 0.02066767 0.01794797 0.04292559
v 0.02499562 0.01835709 0.0409463
v 0.02699953 0.01835215 0.03965473
v 0.02706861 0.01856434 0.03975045
v 0.02952903 0.01662534 0.0354126
v 0.03028428 0.01747941 0.03622895
v 0.02873021 0.017919 0.03801465
v 0.0305764 0.01790982 0.03654253
v 0.03079855 0.01834028 0.03677934
v 0.02906656 0.01877355 0.03842258
v 0.02711969 0.01877629 0.03982079
v 0.03258466 0.01833367 0.03520309
v 0.03234589 0.01789993 0.03497982
v 0.03403443 0.01788944 0.03333073
v 0.03428977 0.01832646 0.03354024
v 0.006041288 0.005348265 0.03089034
v 0.005990982 0.004572451 0.03061825
v 0.008933186 0.00456649 0.02997004
v 0.01743131 0.002999961 0.02599716
v 0.01833343 0.002999961 0.02537578
v 0.01836681 0.003774464 0.02542322
v 0.02049064 0.002999961 0.02362179
v 0.02064907 0.002999961 0.02347636
v 0.02068728 0.003772497 0.02351969
v 0.01336896 0.01022958 0.03261888
v 0.01393389 0.01136714 0.03377789
v 0.01055771 0.01141387 0.03490144
v 0.02584308 0.002999961 0.01694363
v 0.02686727 0.002999961 0.01508074
v 0.02691823 0.003769934 0.01510512
v 0.02405327 0.005286872 0.02046203
v 0.02432769 0.006023406 0.02067625
v 0.02231287 0.006027579 0.02302151
v 0.02460676 0.003770709 0.01897758
v 0.0254352 0.003770411 0.01772278
v 0.02557486 0.004534006 0.01781255
v 0.03730791 0.0124365 0
v 0.03810012 0.01308763 0
v 0.03752505 0.0127629 0.003801584
v 0.03273385 0.008722603 0.00677073
v 0.03332227 0.008698165 0.003399074
v 0.03387528 0.009952604 0.006954014
v 0.03440105 0.009937405 0.003489971
v 0.03505599 0.01104927 0.00715363
v 0.03551131 0.01104629 0.003589808
v 0.03599494 0.0112257 0
v 0.03281462 0.007343113 0
v 0.03341859 0.008251428 0
v 0.03364098 0.008556008 0
v 0.03374397 0.00869286 0
v 0.03524231 0.01045584 0
v 0.03583323 0.01106542 0
v 0.03205978 0.005924344 0
v 0.03237515 0.0065732 0
v 0.03235083 0.007356405 0.003321111
v 0.02920562 0.002999961 0.009470343
v 0.02979332 0.002999961 0.00757724
v 0.02925992 0.003765225 0.009483098
v 0.03017657 0.003750503 0.006373286
v 0.02941733 0.004524648 0.009520888
v 0.03032666 0.004498243 0.006396949
v 0.02966779 0.00527364 0.009580373
v 0.03056496 0.005239069 0.0064345
v 0.03088152 0.005969285 0.006483972
v 0.03000092 0.006009221 0.009658336
v 0.03040671 0.00672847 0.009751617
v 0.0297746 0.007439792 0.01290977
v 0.03136789 0.002999961 0
v 0.03141331 0.003713548 0
v 0.03107726 0.002999961 0.001905322
v 0.03089058 0.003739476 0.003207147
v 0.03084093 0.002999961 0.003203392
v 0.02802532 0.002999961 0.01259654
v 0.02818077 0.003769457 0.01237213
v 0.02706658 0.004533112 0.01517778
v 0.02833586 0.004532158 0.01242697
v 0.02730298 0.005284011 0.01529151
v 0.02858287 0.005283117 0.01251292
v 0.02761763 0.006020009 0.01543933
v 0.02891153 0.006019592 0.01262497
v 0.02844464 0.00744009 0.01581275
v 0.02371811 0.003771007 0.02019017
v 0.02171826 0.002999961 0.02242618
v 0.02276879 0.003771424 0.02135533
v 0.02175855 0.003771781 0.02246701
v 0.02384734 0.004535377 0.02029639
v 0.02187585 0.004537284 0.02258837
v 0.02206319 0.005289912 0.02277731
v 0.02272659 0.002999961 0.02131712
v 0.02329546 0.002999961 0.02063405
v 0.02367389 0.002999961 0.02015459
v 0.02456051 0.002999961 0.01894456
v 0.02538722 0.002999961 0.0176925
v 0.0257973 0.005285084 0.01795297
v 0.02609372 0.006020963 0.01813501
v 0.02687335 0.007442474 0.01859271
v 0.02784544 0.008789718 0.01913714
v 0.02297168 0.007456064 0.02363175
v 0.02505064 0.007447779 0.02121299
v 0.02379667 0.008819699 0.024351
v 0.02595371 0.008802533 0.02184808
v 0.0247333 0.0100739 0.02516019
v 0.02697581 0.01004707 0.02256518
v 0.02572578 0.01118469 0.02601385
v 0.01649677 0.01018607 0.03123348
v 0.01718163 0.01131862 0.03232741
v 0.01146268 0.01310902 0.03716123
v 0.01451671 0.01231819 0.03490453
v 0.01872116 0.00887072 0.02855145
v 0.01586085 0.00890392 0.03018498
v 0.0153076 0.007511675 0.02924561
v 0.02079838 0.004538774 0.02364808
v 0.01807171 0.007488012 0.02768009
v 0.0148701 0.006060719 0.02844834
v 0.0175563 0.006046116 0.02693921
v 0.01736164 0.005303204 0.0266425
v 0.01982772 0.005295157 0.02485263
v 0.01846486 0.004543006 0.02556478
v 0.01966065 0.004540622 0.0246421
v 0.01955598 0.003773391 0.02450704
v 0.0195201 0.002999961 0.02446138
v 0.01458185 0.004552245 0.02788341
v 0.01450479 0.003778874 0.02772527
v 0.01583522 0.003777325 0.02703195
v 0.01580631 0.002999961 0.02698022
v 0.01447838 0.002999961 0.02767187
v 0.0138033 0.002999961 0.02798956
v 0.01712465 0.003775835 0.0262652
v 0.01709336 0.002999961 0.02621531
v 0.01721584 0.004545748 0.02641272
v 0.01470524 0.005313575 0.02812969
v 0.01204103 0.006077349 0.02965992
v 0.01239627 0.007538855 0.03050512
v 0.01284766 0.0089401 0.03150475
v 0.008886098 0.003785312 0.02979844
v 0.01032584 0.003783822 0.02938091
v 0.007429659 0.003786683 0.03015244
v 0.00595963 0.003787755 0.0304448
v 0.003065109 0.006128132 0.03164929
v 0.003031492 0.005357623 0.0312938
v 0.003006458 0.004576683 0.0310238
v 0.002990782 0.003789067 0.03085237
v 0.002985537 0.002999961 0.03079324
v 0.005385637 0.002999961 0.0304811
v 0.005948901 0.002999961 0.03038537
v 0.007416129 0.002999961 0.03009331
v 0.008870005 0.002999961 0.02974003
v 0.0100212 0.002999961 0.02941191
v 0.01030719 0.002999961 0.02932339
v 0.01180756 0.004559457 0.02906399
v 0.01174521 0.003782153 0.02889776
v 0.0131396 0.003780603 0.02834653
v 0.01172381 0.002999961 0.02884125
v 0.01311576 0.002999961 0.02829158
v 0 0.01127433 0.03607964
v 0 0.009079039 0.0338394
v 0.003271818 0.009047806 0.03367733
v 0 0.007300496 0.03247773
v 0.00315541 0.007626473 0.03256487
v 0 0.006142497 0.03180813
v 0 0.01152122 0.03637492
v 0.003408551 0.01034939 0.03491467
v 0.006521165 0.009013891 0.03324025
v 0.006289601 0.007597625 0.03215217
v 0.00610888 0.006112337 0.03124594
v 0.009008526 0.005337119 0.03023844
v 0.03094065 0.01877033 0.03692895
v 0.03088027 0.01855546 0.03686565
v 0.03273767 0.01876688 0.03534424
v 0.03438389 0.01854491 0.03361672
v 0.03445351 0.01876324 0.03367263
v 0.03608381 0.01875931 0.0319184
v 0.02917051 0.0191999 0.03843361
v 0.02910953 0.01908266 0.03847432
v 0.03099107 0.0191999 0.0369811
v 0.03098732 0.01908195 0.03697788
v 0.03278785 0.01908129 0.03539031
v 0.02893543 0.01834648 0.03826457
v 0.03369891 0.01745265 0.03305304
v 0.03283464 0.01658684 0.03232848
v 0.03179144 0.01574409 0.031439
v 0.02911281 0.0191999 0.0384773
v 0.02716201 0.0191999 0.0398783
v 0.02715903 0.01908326 0.03987514
v 0.02514338 0.0191999 0.04118084
v 0.02514046 0.01908367 0.04117715
v 0.02510476 0.01877892 0.04112017
v 0.02298539 0.01857149 0.04224115
v 0.02302712 0.01878112 0.04231786
v 0.02089208 0.01878315 0.04341119
v 0.0186727 0.01857709 0.04431498
v 0.01862859 0.01836925 0.04420262
v 0.02074211 0.01815676 0.04308712
v 0.02080488 0.01836568 0.04322296
v 0.02285844 0.01815176 0.04200571
v 0.02292895 0.01836162 0.04213654
v 0.0249173 0.01814603 0.04082071
v 0.0268113 0.01792734 0.03939211
v 0.02482438 0.01793491 0.04067146
v 0.02277475 0.01794183 0.04185014
v 0.02861279 0.01579219 0.03441321
v 0.02662318 0.01424765 0.03219819
v 0.02955389 0.01419174 0.02945393
v 0.02489072 0.01291781 0.03023368
v 0.02766168 0.01287055 0.0276637
v 0.02402567 0.0121687 0.02936106
v 0.02184671 0.01296722 0.03248214
v 0.02340322 0.01430219 0.0346077
v 0.02513355 0.01583647 0.03703868
v 0.02203989 0.01668995 0.0404883
v 0.01834863 0.01753842 0.0434888
v 0.01189696 0.01899456 0.04674065
v 0.01421064 0.01899403 0.04609078
v 0.01421415 0.01908528 0.04610455
v 0.01648855 0.01899325 0.04532587
v 0.01872998 0.01908481 0.04446119
v 0.01872503 0.01899254 0.04444801
v 0.02092063 0.01908451 0.04347282
v 0.02091503 0.01899158 0.04346019
v 0.02305912 0.01908415 0.04237729
v 0.01417285 0.01858156 0.04595005
v 0.01421529 0.0191254 0.04610806
v 0.01190078 0.01912546 0.04675841
v 0.01189988 0.01908558 0.04675471
v 0.02334171 0.0191999 0.04222822
v 0.02306199 0.0191999 0.04238164
v 0.02306127 0.01912552 0.04238039
v 0.02092301 0.0191999 0.04347735
v 0.02092242 0.01912552 0.0434761
v 0.01873201 0.0191999 0.04446542
v 0.01873153 0.01912546 0.04446446
v 0.01702797 0.0191999 0.04514539
v 0.01421535 0.0191999 0.04610836
v 0.01036036 0.0191999 0.04712456
v 0.00955671 0.0191999 0.04729408
v 0.01870507 0.01878494 0.04439735
v 0.01647132 0.01878643 0.0452736
v 0.01419615 0.01878786 0.04603707
v 0.01188522 0.01878911 0.04668581
v 0.00952959 0.01858514 0.04712802
v 0.009544432 0.01879018 0.04721862
v 0.007179439 0.01879113 0.04763466
v 0 0.01858961 0.04807949
v 0 0.01837486 0.04794418
v 0.004780054 0.01838386 0.04771369
v 0.004768073 0.01817983 0.04755568
v 0.009483933 0.01817506 0.04684996
v 0.009453594 0.01797032 0.04666656
v 0.01405364 0.01796293 0.04550629
v 0.01393735 0.0175516 0.04507702
v 0.01793044 0.0167154 0.04243499
v 0.0213871 0.01587623 0.03929007
v 0.0199266 0.01435357 0.03666085
v 0.01856577 0.01301687 0.03438836
v 0.02106714 0.01221776 0.03154635
v 0.0231207 0.0112254 0.02843481
v 0.02222299 0.01010644 0.0274949
v 0.02137982 0.008842289 0.0266003
v 0.02063989 0.007469296 0.02580255
v 0.0200507 0.00603497 0.02512437
v 0.01410108 0.01816904 0.04568272
v 0.01414102 0.01837527 0.04583132
v 0.009509325 0.01838004 0.04700452
v 0.004789531 0.01858788 0.04784017
v 0.009555816 0.01908576 0.04728883
v 0.009556472 0.0191254 0.04729253
v 0.007187724 0.01908594 0.04770576
v 0.004801869 0.01908612 0.0480048
v 0.004764974 0.01908934 0.04800915
v 0.002403855 0.0190863 0.04818493
v 0.003477454 0.0191999 0.04812449
v 0 0.0191999 0.0482499
v 0.002404034 0.01912552 0.04818868
v 0 0.01912552 0.04824894
v 0 0.01909512 0.04824692
v 0.009553551 0.01899516 0.04727447
v 0.007186055 0.0189957 0.04769122
v 0.004796445 0.01879209 0.04793298
v 0.004800796 0.01899605 0.04799014
v 0.002401292 0.01879274 0.04811269
v 0.002403378 0.01899641 0.04817008
v 0 0.01865041 0.04811096
v 0 0.01879322 0.04817283
v 0 0.01884609 0.04819124
v 0 0.01902335 0.04823505
v 0 0.01818263 0.04779309
v 0 0.01800197 0.04762637
v 0.004753649 0.01797616 0.04736787
v 0.004718244 0.01756995 0.04691118
v 0.009379029 0.01756197 0.04622024
v 0.009181201 0.01675367 0.04506438
v 0.01363086 0.01673668 0.0439648
v 0.01324784 0.01594018 0.04261296
v 0.01741248 0.01591086 0.04115253
v 0.01235795 0.01444166 0.03966647
v 0.01623255 0.01440048 0.03834921
v 0.0150913 0.01306486 0.03594821
v 0.01788228 0.0122683 0.03339493
v 0.02025949 0.01127064 0.03054624
v 0.01946413 0.01014429 0.02952617
v 0.01012212 0.0102728 0.0336886
v 0.007088959 0.01145642 0.03570383
v 0.007715702 0.01314771 0.03802877
v 0.008337855 0.01447594 0.04060941
v 0.008931279 0.01596397 0.04366123
v 0.004623413 0.01676654 0.04572916
v 0 0.01743662 0.04696458
v 0 0.01677381 0.04595547
v 0.004502177 0.01598191 0.04429519
v 0.004207253 0.01450192 0.04118108
v 0.003884196 0.01317876 0.03855705
v 0.003560066 0.0114926 0.03619301
v 0.006791651 0.01031345 0.0344507
v 0.009722828 0.008977353 0.03251963
v 0.009379088 0.007567942 0.0314697
v 0.009109616 0.006094992 0.03058755
v 0.01190733 0.005325198 0.02932351
v 0.04623615 0.0190218 0
v 0.04624956 0.01915389 0
v 0.04624408 0.01907694 0.00883609
v 0.04592227 0.01828265 0.00880444
v 0.0461688 0.01876062 0
v 0.04605507 0.01850879 0
v 0.04585331 0.0181955 0
v 0.04619705 0.0191999 0.01323324
v 0.0461927 0.01912373 0.01326417
v 0.04624992 0.0191999 0.01220655
v 0.04624879 0.01912415 0.01216125
v 0.04624992 0.0191999 0.01216143
v 0.04624992 0.0191999 0.01105213
v 0.04618763 0.01907402 0.01326358
v 0.04617166 0.01896589 0.01326102
v 0.0462439 0.01907461 0.01216059
v 0.04622781 0.01896715 0.01215839
v 0.0462439 0.01907545 0.01105141
v 0.04620069 0.01885074 0.01215451
v 0.04622787 0.01896858 0.01104933
v 0.04622799 0.01897138 0.00883454
v 0.04622894 0.01897937 0
v 0.04616338 0.01873433 0.01214933
v 0.04606032 0.01850539 0.01102823
v 0.04599207 0.01896542 0.01436114
v 0.04611372 0.01907378 0.01381283
v 0.04624992 0.0191999 0.008836627
v 0.04624992 0.0191999 0
v 0.04619377 0.0191999 0.01326435
v 0.04567605 0.0189656 0.0154798
v 0.04469019 0.01850134 0.01768714
v 0.04479008 0.01873373 0.0177111
v 0.04564929 0.01884847 0.01547461
v 0.04596513 0.01884818 0.01435649
v 0.04548341 0.01779979 0.01315057
v 0.04554188 0.01781082 0.01096051
v 0.0456891 0.01803231 0.01318413
v 0.04574692 0.01804214 0.01098757
v 0.04586333 0.01826518 0.01321232
v 0.04592055 0.01827377 0.01101016
v 0.04600358 0.01849848 0.01323467
v 0.04568493 0.01826363 0.01430737
v 0.04551136 0.01803058 0.01427644
v 0.04476416 0.01756793 0.01529812
v 0.04524838 0.01756787 0.01311177
v 0.04530638 0.01779788 0.01423943
v 0.04418921 0.01780623 0.01756387
v 0.04499626 0.01779961 0.01534533
v 0.0443874 0.01803743 0.01761311
v 0.04519951 0.01803189 0.01538622
v 0.04455512 0.01826924 0.01765424
v 0.04537153 0.01826471 0.01542037
v 0.04380476 0.01645606 0.008578717
v 0.04505401 0.01736307 0.008714914
v 0.0443924 0.01687824 0.01296716
v 0.04498672 0.01733678 0.01306807
v 0.04450541 0.01733714 0.01524507
v 0.04288899 0.01907557 0.02208912
v 0.04393243 0.01907473 0.01993346
v 0.04486763 0.01907414 0.01772958
v 0.04587465 0.0191999 0.01492053
v 0.04572707 0.0191999 0.01539772
v 0.04569178 0.01907372 0.0154829
v 0.04541534 0.0191999 0.01629436
v 0.04487395 0.0191999 0.01773095
v 0.04393911 0.0191999 0.01993519
v 0.04289567 0.0191999 0.02209115
v 0.04172623 0.01897186 0.02418553
v 0.04167002 0.01874393 0.0241633
v 0.04485219 0.01896673 0.01772582
v 0.04385721 0.01873677 0.01991176
v 0.04272252 0.01851087 0.02203214
v 0.04327362 0.01781487 0.0197395
v 0.04346615 0.01804476 0.01979702
v 0.04362905 0.01827514 0.01984524
v 0.04582458 0.0184971 0.01433205
v 0.04610723 0.01873207 0.01325094
v 0.04614454 0.01884895 0.01325678
v 0.04371047 0.0173456 0.01744335
v 0.03754615 0.01853328 0.0300377
v 0.04033434 0.0185219 0.02616316
v 0.0390715 0.0187515 0.0281794
v 0.04042083 0.01874762 0.02620345
v 0.04047477 0.01897364 0.02622818
v 0.04049319 0.0191999 0.02623659
v 0.03913998 0.0191999 0.02821552
v 0.04048794 0.01907718 0.02623456
v 0.03913539 0.01907801 0.02821362
v 0.03912281 0.01897567 0.02820658
v 0.03762453 0.01875543 0.03008598
v 0.03890115 0.0191999 0.02854394
v 0.0376898 0.0191999 0.03012531
v 0.03768527 0.01907885 0.03012329
v 0.0361458 0.0191999 0.0319615
v 0.03614109 0.01907968 0.03195869
v 0.03451204 0.0191999 0.03371906
v 0.03450727 0.01908046 0.0337159
v 0.03439313 0.0191999 0.03384035
v 0.03279232 0.0191999 0.03539377
v 0.02305293 0.01899069 0.04236513
v 0.02513349 0.01898956 0.04116547
v 0.02715134 0.01898825 0.039864
v 0.02910119 0.01898682 0.03846371
v 0.0309782 0.01898527 0.03696787
v 0.03277814 0.01898354 0.03538084
v 0.03449678 0.01898163 0.03370702
v 0.03612995 0.0189796 0.03195053
v 0.03767335 0.0189777 0.0301156
v 0.03948473 0.01739585 0.0257554
v 0.03990024 0.01784545 0.02595663
v 0.03857463 0.01785624 0.02790826
v 0.04021728 0.0182963 0.02610808
v 0.03887724 0.01830369 0.02807456
v 0.03590971 0.01831895 0.03179514
v 0.04180228 0.01736915 0.02170592
v 0.04225212 0.01782459 0.02186703
v 0.04112672 0.0178349 0.02394109
v 0.04259574 0.01828187 0.02198815
v 0.04145765 0.01828896 0.02407747
v 0.03677588 0.01742398 0.02955049
v 0.04391789 0.0168792 0.01512265
v 0.04371988 0.0164265 0.0128501
v 0.04221785 0.01555293 0.01257663
v 0.04233288 0.01558184 0.008406341
v 0.03913527 0.01399415 0.0119372
v 0.04325222 0.01642805 0.01498079
v 0.04176306 0.01555562 0.01465022
v 0.03869038 0.01399761 0.01388245
v 0.03633809 0.01273649 0.01312351
v 0.03681021 0.01273441 0.01129561
v 0.03393745 0.01107949 0.01239913
v 0.0344401 0.01107203 0.01068019
v 0.03317421 0.009987235 0.01037907
v 0.03722721 0.01274079 0.007568717
v 0.03818535 0.01336002 0.007779479
v 0.04387152 0.0165047 0
v 0.04461336 0.01702398 0
v 0.04508513 0.01740074 0
v 0.03205221 0.0100001 0.01364547
v 0.03331184 0.01108419 0.01406723
v 0.03184729 0.01109826 0.017313
v 0.03569018 0.01274186 0.01491856
v 0.03415614 0.01276105 0.01840013
v 0.03801804 0.01400917 0.01581436
v 0.03641229 0.01404333 0.01955294
v 0.04103159 0.01556873 0.01672989
v 0.03927737 0.01560491 0.02075672
v 0.0424872 0.01643943 0.01712596
v 0.04065114 0.0164709 0.02128255
v 0.03144633 0.003942847 0
v 0.03155314 0.004466593 0
v 0.03103381 0.004478693 0.003218114
v 0.03173667 0.005098402 0
v 0.03156262 0.005940735 0.003259301
v 0.03126651 0.006685793 0.006543695
v 0.0308749 0.007429122 0.009857773
v 0.03084719 0.008776724 0.01325315
v 0.02947402 0.008781254 0.01625978
v 0.03063285 0.01000976 0.01676857
v 0.02894228 0.0100255 0.01975423
v 0.03009563 0.01112031 0.02041143
v 0.02805417 0.01114952 0.02332514
v 0.03230482 0.01279032 0.0217092
v 0.03013771 0.01282739 0.02480953
v 0.03446221 0.01408684 0.02309638
v 0.03217262 0.01413708 0.02640861
v 0.03714406 0.01564776 0.02457576
v 0.03464323 0.01569491 0.02814877
v 0.03841954 0.01650732 0.02522808
v 0.03580731 0.01654648 0.02892243
v 0.03171002 0.007385551 0.006612241
v 0.03195911 0.008764505 0.01010054
v 0 0.002999961 0.03097677
v 0 0.00376302 0.03103047
v 0 0.004706621 0.03123509
v 0 0.005365252 0.03146082
v 0 0.005872189 0.03167778
v 0 0.01641494 0.04532247
v 0 0.01477622 0.0419479
v 0 0.01306664 0.03852635
v 0.006546676 0.01547586 -0.2245371
v 0.007525086 0.01556915 -0.2238239
v 0.007668077 0.01524353 -0.2240609
v 0.004982829 0.01363408 -0.2264805
v 0.003922462 0.01333141 -0.2269349
v 0.003824055 0.01371967 -0.2267995
v 0.004002273 0.01292395 -0.2270542
v 0.002918899 0.01256036 -0.2274126
v 0.000675196 0.01164144 -0.2278639
v -0.000485517 0.01108235 -0.2279394
v -0.00069502 0.01182806 -0.227824
v 0.005169332 0.01186984 -0.2269315
v 0.006180465 0.01210272 -0.2264715
v 0.006171464 0.01160472 -0.2265621
v 0.000808133 0.01081609 -0.2279502
v -0.000342077 0.01028126 -0.2279924
v 0.0138942 0.01383095 -0.2149029
v 0.01375913 0.01409161 -0.2145954
v 0.01417315 0.01348853 -0.2135366
v 0.01416879 0.01122897 -0.2176882
v 0.01448762 0.01074022 -0.216777
v 0.01432794 0.01012945 -0.2174365
v 0.01183247 0.01079386 -0.2221786
v 0.011173 0.01090115 -0.2229614
v 0.01134347 0.01186782 -0.2225909
v 0.01067405 0.01287078 -0.2230076
v 0.009866416 0.0129311 -0.2237912
v 0.009830117 0.0137782 -0.2234036
v 0.01457017 0.01185739 -0.2104873
v 0.01453471 0.01228612 -0.2110417
v 0.0143916 0.01255214 -0.2107167
v 0.007265985 0.01772069 -0.2194882
v 0.007866084 0.01732957 -0.2201656
v 0.005996048 0.01739031 -0.2218151
v 0.00238353 0.01738744 -0.2232833
v 0.001326858 0.01712018 -0.2238992
v 0.000703838 0.01750123 -0.2231807
v 0.006761193 0.01670056 -0.2227498
v 0.006980299 0.01644176 -0.223037
v 0.005996346 0.01635873 -0.2237774
v -0.002092421 0.01715838 -0.2234829
v -0.001454353 0.01678711 -0.2242475
v -0.002565979 0.01632392 -0.2246659
v -0.00085826 0.01637607 -0.2249352
v -0.009613573 0.01411247 -0.2233588
v -0.009863257 0.01437586 -0.2229782
v -0.009325206 0.01476061 -0.2230437
v -0.01040148 0.01396948 -0.2228756
v -0.01170927 0.01066541 -0.2230231
v -0.01225697 0.01005446 -0.2226016
v -0.01267498 0.01078373 -0.2222094
v -0.009674727 0.01057708 -0.2245426
v -0.01025211 0.00999999 -0.2241571
v -0.01070427 0.01060461 -0.2238056
v -0.01158839 0.01378571 -0.2220461
v -0.01130688 0.01403552 -0.2221032
v -0.01116418 0.01383978 -0.2223653
v -0.01047408 0.01469093 -0.2222357
v -0.01029193 0.01482087 -0.2222578
v -0.01011246 0.01463621 -0.2225743
v -0.009768545 0.0151714 -0.2223085
v 0.01249116 0.01371973 -0.2066839
v 0.01252925 0.01368743 -0.2067144
v 0.01249933 0.01408964 -0.2072902
v 0.01301831 0.01023024 -0.2055529
v 0.01277309 0.0100035 -0.2051075
v 0.01308763 0.00999999 -0.205671
v 0.01496911 0.00999999 -0.2139617
v 0.01495176 0.00999999 -0.2142009
v 0.01495069 0.01002889 -0.214215
v 0.0145877 0.00999999 -0.2164926
v 0.009483873 0.00999999 -0.2246212
v 0.009674429 0.01096886 -0.2244173
v 0.01045221 0.01095908 -0.2237102
v 0.001206219 0.00999999 -0.2279514
v 0.001984179 0.01036912 -0.2278631
v 0.001985073 0.00999999 -0.227868
v -0.009223997 0.00999999 -0.2248628
v -0.008633971 0.01056104 -0.2252218
v -0.008707702 0.00999999 -0.225193
v -0.008155941 0.00999999 -0.2255278
v -0.00759536 0.01053714 -0.2258332
v -0.007084548 0.00999999 -0.2261232
v -0.006572008 0.01048749 -0.2263695
v -0.006286025 0.00999999 -0.2265185
v -0.006036818 0.00999999 -0.2266331
v -0.004896104 0.00999999 -0.2271032
v -0.00557661 0.00999999 -0.2268337
v -0.004954755 0.01087009 -0.227042
v -0.005137801 0.01117175 -0.2269383
v -0.002961218 0.00999999 -0.2276836
v -0.003141105 0.00999999 -0.2276417
v -0.003105342 0.01043784 -0.2276408
v -0.003702282 0.00999999 -0.2274948
v -0.003385961 0.01110273 -0.2275181
v -0.001393735 0.00999999 -0.2279351
v -0.001576304 0.00999999 -0.2279165
v -0.001672208 0.01045042 -0.2278961
v -0.002389132 0.00999999 -0.2277992
v -0.001889348 0.01117569 -0.2278098
v 0.000866349 0.00999999 -0.227975
v -0.000310674 0.00999999 -0.2279968
v -0.000463859 0.00999999 -0.2279928
v 0.00196737 0.01083737 -0.2278426
v 0.001932621 0.01128733 -0.2278063
v 0.002091825 0.00999999 -0.2278534
v 0.003071427 0.01075768 -0.2276595
v 0.003054857 0.00999999 -0.2276856
v 0.004083514 0.01005083 -0.2274333
v 0.004031658 0.00999999 -0.227448
v 0.004082143 0.00999999 -0.2274338
v 0.004586577 0.00999999 -0.2272815
v 0.00609225 0.01053982 -0.2266954
v 0.006030499 0.00999999 -0.2267343
v 0.007967472 0.01084673 -0.225678
v 0.007879912 0.01028066 -0.22576
v 0.006947875 0.00999999 -0.2262939
v 0.007835626 0.00999999 -0.2257907
v 0.01024776 0.00999999 -0.2239536
v 0.01095557 0.00999999 -0.2232457
v 0.01225417 0.00999999 -0.2216506
v 0.01100063 0.00999999 -0.2231973
v 0.01468372 0.00999999 -0.2160639
v 0.01472073 0.01018214 -0.2158719
v 0.01494956 0.00999999 -0.2142287
v 0.01499938 0.00999999 -0.2128722
v 0.01497817 0.01051735 -0.213478
v 0.0149616 0.00999999 -0.2119274
v 0.01494097 0.01100969 -0.2127574
v 0.01476579 0.01088166 -0.2106256
v 0.01462376 0.00999999 -0.2096616
v 0.01475292 0.00999999 -0.2102888
v 0.01455318 0.00999999 -0.2093665
v 0.01467305 0.01113772 -0.2102749
v 0.01450341 0.01013588 -0.2091765
v 0.01427483 0.01067221 -0.2084784
v 0.01428025 0.00999999 -0.2084095
v 0.01439744 0.0103991 -0.2088231
v 0.01442605 0.00999999 -0.2088903
v 0.01446712 0.00999999 -0.2090376
v 0.01369822 0.00999999 -0.2068879
v 0.01382136 0.00999999 -0.2071716
v 0.01397919 0.01041632 -0.2075886
v 0.01406455 0.00999999 -0.2077858
v 0.0141341 0.01095575 -0.2081432
v 0.01276892 0.01058346 -0.2051396
v 0.01283311 0.01058989 -0.2052552
v 0.01275151 0.01128137 -0.2052696
v 0.0130639 0.01115429 -0.2057991
v 0.01284134 0.0115208 -0.2055188
v 0.01274728 0.01139158 -0.2052998
v 0.01274794 0.01137661 -0.2052955
v 0.01281839 0.01289516 -0.2063871
v 0.01263785 0.01283937 -0.2059748
v 0.01273483 0.01241338 -0.2058148
v 0.01266056 0.01264005 -0.2058483
v 0.01270663 0.01212096 -0.2055716
v 0.01285004 0.01334625 -0.2069635
v 0.01252353 0.01356542 -0.2065406
v 0.01258718 0.01320499 -0.206238
v 0.01187509 0.01533389 -0.2087401
v 0.01205128 0.01501107 -0.2082421
v 0.01232075 0.01480811 -0.2084227
v 0.01205927 0.01499474 -0.208218
v 0.01242834 0.01446241 -0.2078605
v 0.01222735 0.01460975 -0.2076858
v 0.01233083 0.01431781 -0.2073228
v 0.01201117 0.01542884 -0.2095178
v 0.01186585 0.0153492 -0.208765
v 0.01218062 0.01512938 -0.2089754
v 0.01159507 0.01597219 -0.2105731
v 0.01141667 0.01596647 -0.2098514
v 0.01166331 0.0156548 -0.2092813
v 0.01088303 0.01649814 -0.2109264
v 0.01113003 0.01627129 -0.2104514
v 0.01120567 0.01619571 -0.2102987
v 0.007210433 0.01823139 -0.2157173
v 0.008147954 0.01796209 -0.2147527
v 0.009140729 0.01758718 -0.2144934
v 0.005922496 0.01848602 -0.2168693
v 0.007572174 0.0180881 -0.2163076
v 0.005231976 0.01857668 -0.2174195
v 0.006593585 0.01806765 -0.2187733
v 0.003372073 0.01868766 -0.2187101
v 0.004736602 0.01813149 -0.2204001
v 0.003227949 0.01868885 -0.2187998
v 0.002769589 0.0179457 -0.2218798
v 0.002067029 0.01826077 -0.2210886
v 0.003200769 0.01868909 -0.2188166
v 0.001310408 0.01853537 -0.2202392
v -0.00100255 0.01833021 -0.2208881
v 0.000720726 0.0185635 -0.2201565
v 0.001081228 0.01859784 -0.2199836
v -0.002158463 0.01811128 -0.2212951
v -0.00202459 0.01813918 -0.2212514
v -0.001718938 0.01784783 -0.2221195
v -0.003334105 0.01783758 -0.2216424
v -0.003480792 0.01779323 -0.2217233
v -0.004539728 0.01750105 -0.2219294
v -0.004520714 0.01739531 -0.2221853
v -0.005729854 0.01710838 -0.2221432
v -0.005574882 0.01693129 -0.2225679
v -0.007712364 0.01579773 -0.2230281
v -0.008146464 0.01608735 -0.2223533
v -0.007015824 0.01660752 -0.2222936
v -0.006640136 0.01639914 -0.2228545
v -0.006926119 0.01664537 -0.2222859
v -0.005854368 0.01706355 -0.2221615
v -0.00870037 0.01579976 -0.2223563
v -0.0082497 0.0154705 -0.2230675
v -0.00879985 0.01574552 -0.2223548
v -0.008787393 0.01512503 -0.2230731
v -0.009238004 0.01549667 -0.2223414
v -0.01049888 0.01467305 -0.2222325
v -0.0128768 0.01116091 -0.2219861
v -0.01356714 0.01059705 -0.221435
v -0.01342904 0.01116216 -0.2214912
v -0.008027493 0.01111721 -0.2255342
v -0.007418394 0.01164281 -0.2257927
v -0.006979644 0.01107019 -0.2261156
v -0.006363451 0.01157265 -0.226345
v -0.005951285 0.01099264 -0.2266193
v -0.005331397 0.01146817 -0.2268176
v -0.008483529 0.01169335 -0.2251648
v -0.007883071 0.01220625 -0.2253964
v -0.007647871 0.01192563 -0.2256041
v -0.00704205 0.0124154 -0.225798
v -0.006808578 0.012138 -0.2259991
v -0.0061993 0.01260393 -0.2261553
v -0.005747795 0.01204562 -0.2265233
v -0.005134165 0.01249003 -0.2266528
v -0.01027524 0.00999999 -0.2241405
v -0.01131039 0.00999999 -0.2233654
v -0.01221251 0.00999999 -0.222639
v -0.01231634 0.00999999 -0.2225522
v -0.01250898 0.00999999 -0.2223899
v -0.01361715 0.01000994 -0.221414
v -0.009081363 0.01115036 -0.2248806
v -0.01012754 0.01118785 -0.2241632
v -0.01115155 0.01125043 -0.2233924
v -0.0121383 0.01136165 -0.2225812
v -0.003545582 0.01393699 -0.2265625
v -0.004523396 0.01290726 -0.226736
v -0.00475049 0.01318323 -0.2265413
v -0.00559175 0.01304161 -0.2262638
v -0.006436586 0.01287621 -0.2259424
v -0.00728172 0.01268947 -0.2255772
v -0.00812304 0.01248472 -0.2251691
v -0.008956909 0.01226615 -0.2247198
v -0.009544372 0.01174181 -0.2244676
v -0.01001453 0.01233673 -0.2239766
v -0.0105859 0.01180791 -0.2237101
v -0.01103937 0.01243931 -0.223176
v -0.01159226 0.01191413 -0.2229031
v -0.0118066 0.0122531 -0.2226272
v -0.01234602 0.01171988 -0.2223309
v -0.01254695 0.01208454 -0.2220584
v -0.01307129 0.01154661 -0.2217416
v -0.01315504 0.0118193 -0.2215963
v -0.01274055 0.01245439 -0.2217619
v -0.01201522 0.01259648 -0.2223283
v -0.0112614 0.01275914 -0.2228763
v -0.01048237 0.01293605 -0.2234011
v -0.009439527 0.01283639 -0.2241935
v -0.008367002 0.01276105 -0.2249215
v -0.007526755 0.01296001 -0.2253363
v -0.006680727 0.01314383 -0.2257094
v -0.00583291 0.013309 -0.2260398
v -0.004986763 0.01345252 -0.2263271
v -0.003787875 0.01419931 -0.2263299
v -0.002606809 0.01485502 -0.2261863
v -0.009336471 0.01543831 -0.2223366
v -0.005421519 0.01560664 -0.2244997
v -0.004846811 0.01516819 -0.225194
v -0.00598973 0.01528012 -0.2245706
v -0.005427241 0.01482754 -0.225248
v -0.006560683 0.01493263 -0.2246071
v -0.00601089 0.01446443 -0.2252656
v -0.00713402 0.01456278 -0.2246068
v -0.006020367 0.01601636 -0.2237197
v -0.006573677 0.0157063 -0.2238066
v -0.007128953 0.01537668 -0.2238612
v -0.007685959 0.01502698 -0.2238814
v -0.008244276 0.01465612 -0.223865
v -0.003837287 0.0170713 -0.2230923
v -0.00429517 0.01619899 -0.2242642
v -0.004922032 0.0165801 -0.2234575
v -0.004856467 0.01591265 -0.2243967
v -0.01267361 0.01259326 -0.2217602
v -0.01221752 0.01294314 -0.222005
v -0.01147872 0.01308143 -0.222553
v -0.01071292 0.01323717 -0.2230798
v -0.009923219 0.01340454 -0.2235804
v -0.008862853 0.01330769 -0.2243629
v -0.00777626 0.01322728 -0.2250747
v -0.006930828 0.01340705 -0.2254559
v -0.006081283 0.01357066 -0.2257956
v -0.005231678 0.0137152 -0.2260929
v -0.004039824 0.01445353 -0.226077
v -0.002865076 0.01510143 -0.2259173
v -0.001710176 0.01566678 -0.2256353
v -0.01184231 0.01354432 -0.2219889
v -0.01169127 0.01340484 -0.2222052
v -0.01094025 0.01353871 -0.2227346
v -0.01016324 0.01368767 -0.2232398
v -0.009363353 0.01384633 -0.2237163
v -0.008285701 0.01375162 -0.2244869
v -0.007186055 0.01366567 -0.2251815
v -0.00633645 0.01382684 -0.2255306
v -0.005484402 0.01397132 -0.2258381
v -0.004300713 0.01469957 -0.2258036
v -0.003133296 0.01533854 -0.2256278
v -0.001985192 0.01589566 -0.2253322
v -0.000307954 0.01592284 -0.2255464
v -0.001446127 0.0154277 -0.2259187
v -0.001193702 0.0151782 -0.2261825
v -0.002359092 0.01459926 -0.2264354
v -0.002122581 0.01433372 -0.2266647
v -0.003313541 0.01366639 -0.2267754
v -0.003092229 0.01338726 -0.2269687
v -0.004306137 0.01262462 -0.2269116
v -0.00409919 0.012335 -0.2270685
v -0.004713714 0.01191502 -0.2269665
v -0.008803486 0.01426309 -0.2238106
v -0.007709205 0.01416963 -0.2245675
v -0.00659734 0.0140776 -0.2252443
v -0.005744457 0.01422113 -0.2255625
v -0.004569888 0.01493769 -0.2255094
v -0.003410995 0.01556652 -0.225318
v 0.001896858 0.01669287 -0.2245495
v 0.002961993 0.01697129 -0.2239478
v 0.00400114 0.0171799 -0.2232878
v 0.003415226 0.0175867 -0.222613
v 0.005399346 0.01778447 -0.2211315
v 0.005012989 0.01731938 -0.2225754
v 0.001748621 0.01775646 -0.2225553
v 3.09548e-05 0.01783961 -0.222394
v -0.004270136 0.01548731 -0.2251064
v -0.003697574 0.01578587 -0.2249875
v -0.003184676 0.01671499 -0.2239193
v -0.002768874 0.01749294 -0.2226414
v -0.000688568 0.01813834 -0.2215391
v -0.001020073 0.01753246 -0.2229702
v -0.000364071 0.01717871 -0.2237482
v 0.00024609 0.01678359 -0.2244532
v 0.00080667 0.01634389 -0.2250857
v 0.008391618 0.01688987 -0.2208053
v 0.008625805 0.01665043 -0.2211108
v 0.009854078 0.01678913 -0.2186869
v 0.01138162 0.01620227 -0.2167583
v 0.01010048 0.0165627 -0.2189999
v 0.01161563 0.015971 -0.2170661
v 0.01032638 0.01632463 -0.2193061
v 0.01182764 0.01573044 -0.2173701
v 0.01201802 0.0154801 -0.2176703
v 0.009795546 0.01715314 -0.216773
v 0.01038187 0.01674556 -0.2174206
v 0.008993685 0.01740366 -0.2177078
v 0.009587287 0.01700448 -0.2183672
v 0.008321285 0.01776385 -0.2170213
v 0.01410132 0.012232 -0.2089532
v 0.01423233 0.01146626 -0.2087047
v 0.01427739 0.01194727 -0.2092697
v 0.01437884 0.01118582 -0.2090356
v 0.01443034 0.01167017 -0.209596
v 0.01450532 0.01091432 -0.209376
v 0.01456171 0.0114004 -0.2099315
v 0.01351732 0.00999999 -0.2064976
v 0.01355147 0.00999999 -0.206569
v 0.01361787 0.01015317 -0.2067136
v 0.01382565 0.01071548 -0.2072608
v 0.01397347 0.01125019 -0.2078188
v 0.01406413 0.011756 -0.208384
v 0.01124113 0.01647752 -0.213203
v 0.01245087 0.01556253 -0.2127802
v 0.0118857 0.0160495 -0.2138156
v 0.01298469 0.01508957 -0.2133793
v 0.01243609 0.01559799 -0.214425
v 0.01430946 0.01295179 -0.2112733
v 0.01413577 0.01321792 -0.2109599
v 0.01422482 0.01282215 -0.2103994
v 0.01393687 0.01348662 -0.2106537
v 0.01403325 0.01309627 -0.2100902
v 0.01371186 0.0137574 -0.2103552
v 0.01381582 0.01337432 -0.2097899
v 0.0129323 0.01500922 -0.2117172
v 0.01331382 0.01437902 -0.2106232
v 0.01320236 0.01476114 -0.212011
v 0.01357257 0.01411491 -0.2109143
v 0.01344656 0.01451081 -0.2123089
v 0.01380461 0.01385116 -0.2112119
v 0.01366519 0.01425826 -0.2126104
v 0.01401042 0.01358813 -0.2115158
v 0.01385873 0.01400369 -0.2129157
v 0.01419097 0.01332575 -0.2118258
v 0.01402783 0.01374703 -0.2132245
v 0.01434701 0.0130642 -0.2121414
v 0.0136013 0.01434767 -0.2142893
v 0.01341986 0.01459932 -0.2139844
v 0.01321446 0.01484656 -0.2136811
v 0.01271551 0.01490634 -0.21006
v 0.0130282 0.01464301 -0.2103385
v 0.01263624 0.01525455 -0.2114269
v 0.0144332 0.01212537 -0.2101572
v 0.01427346 0.01239895 -0.2098354
v 0.01408958 0.0126785 -0.2095227
v 0.01388025 0.01296389 -0.2092199
v 0.01345282 0.01047122 -0.2063952
v 0.01365214 0.01102751 -0.206945
v 0.01379102 0.01155602 -0.2075062
v 0.0138725 0.01205527 -0.2080749
v 0.01390063 0.01252448 -0.2086474
v 0.01326811 0.01080453 -0.2060906
v 0.0134567 0.01135307 -0.2066427
v 0.01358485 0.01187366 -0.2072067
v 0.01365596 0.01236432 -0.2077782
v 0.01367413 0.01282471 -0.2083532
v 0.01364439 0.01325488 -0.2089277
v 0.01323837 0.011693 -0.2063544
v 0.013354 0.01220309 -0.2069208
v 0.01341342 0.01268309 -0.2074944
v 0.01342087 0.01313227 -0.2080709
v 0.01338142 0.01355111 -0.2086461
v 0.01329994 0.01394128 -0.2092171
v 0.01299774 0.01204687 -0.2060788
v 0.01309847 0.01254409 -0.2066479
v 0.01314485 0.01301079 -0.2072232
v 0.01314055 0.01344645 -0.2078002
v 0.0130909 0.013852 -0.208375
v 0.01300066 0.01422899 -0.2089444
v 0.01050496 0.01688265 -0.2125851
v 0.01108914 0.01645433 -0.2115936
v 0.01181817 0.01601767 -0.212186
v 0.01231426 0.01549708 -0.2111399
v 0.008857071 0.01770013 -0.2139331
v 0.009806513 0.01724392 -0.2126769
v 0.0128743 0.01457971 -0.2095065
v 0.01283329 0.0137661 -0.2075405
v 0.01277303 0.01415622 -0.2081136
v 0.01267415 0.01451838 -0.20868
v 0.008957564 0.01379472 -0.2241679
v 0.009006977 0.01293164 -0.2245246
v 0.00808072 0.0133211 -0.225046
v 0.01060783 0.01195949 -0.2233818
v 0.009814977 0.01199603 -0.2241297
v 0.008969724 0.01197826 -0.2248277
v 0.008823096 0.01457262 -0.2237596
v 0.00860548 0.015271 -0.2233018
v 0.00830686 0.0158962 -0.2227964
v 0.009500503 0.01522928 -0.2224902
v 0.00970757 0.01454234 -0.2229692
v 0.01054292 0.01444458 -0.22213
v 0.01065194 0.01369738 -0.2225896
v 0.0114181 0.01355183 -0.221732
v 0.01142477 0.01274991 -0.2221804
v 0.01211386 0.01256769 -0.2213176
v 0.01201719 0.01172018 -0.2217651
v 0.01262474 0.01151633 -0.2209135
v 0.01242673 0.01063638 -0.2213716
v 0.01340705 0.01016825 -0.2197242
v 0.01257407 0.00999999 -0.2211787
v 0.007180809 0.01616746 -0.2233119
v 0.007929563 0.01645433 -0.2222453
v 0.009210824 0.01584535 -0.2219687
v 0.01034849 0.0151183 -0.2216314
v 0.01132434 0.01427918 -0.221248
v 0.01212364 0.01334112 -0.2208384
v 0.01273685 0.01232439 -0.2204278
v 0.01316249 0.01125591 -0.2200459
v 0.00884056 0.01639693 -0.2214066
v 0.0100702 0.01572471 -0.2210958
v 0.01114469 0.01493805 -0.2207309
v 0.01204693 0.01404631 -0.2203301
v 0.01276379 0.01306581 -0.2199171
v 0.01328969 0.01202023 -0.2195206
v 0.01362735 0.01093888 -0.219172
v 0.01378148 0.00999999 -0.2189218
v 0.01296567 0.01455479 -0.2172594
v 0.01267093 0.0150839 -0.2166645
v 0.01249027 0.0153355 -0.2163636
v 0.01228713 0.0155788 -0.2160604
v 0.01206147 0.0158143 -0.2157551
v 0.01112592 0.01642447 -0.2164466
v 0.01181322 0.01604211 -0.2154476
v 0.01054924 0.01684337 -0.2158119
v 0.01124858 0.01647561 -0.2148259
v 0.00988692 0.01723027 -0.2151612
v 0.01059424 0.01688104 -0.2141942
v 0.01371085 0.01353782 -0.2168421
v 0.01317334 0.01398831 -0.217844
v 0.01233339 0.01494848 -0.2182587
v 0.01130294 0.01581048 -0.2186521
v 0.01256239 0.01437216 -0.2188304
v 0.01163625 0.01527529 -0.2192351
v 0.01053184 0.01607424 -0.2196053
v 0.009709477 0.01627016 -0.2205251
v 0.01088023 0.01553452 -0.2201827
v 0.01188439 0.01468902 -0.2197949
v 0.01270574 0.01374644 -0.2193838
v 0.01333421 0.0127263 -0.2189767
v 0.01376825 0.01165527 -0.2186047
v 0.01401644 0.01056402 -0.2183001
v 0.01430988 0.00999999 -0.2174974
v 0.01481473 0.01071918 -0.2151678
v 0.01457595 0.01132279 -0.2161175
v 0.01424556 0.01185566 -0.2170705
v 0.01382976 0.01232308 -0.2180255
v 0.01484102 0.01124501 -0.2144724
v 0.01459223 0.01188474 -0.2154616
v 0.0142458 0.01245081 -0.2164503
v 0.01381123 0.01294881 -0.2174372
v 0.01329571 0.0133804 -0.2184171
v 0.01267576 0.01536327 -0.2147291
v 0.01289182 0.01512247 -0.2150326
v 0.01308465 0.01487541 -0.2153359
v 0.01325446 0.01462185 -0.2156386
v 0.0134015 0.01436156 -0.2159408
v 0.01352638 0.01409441 -0.2162421
v 0.01409769 0.01329523 -0.2155203
v 0.01400679 0.01356559 -0.2152112
v 0.01439595 0.01296466 -0.2141694
v 0.01429551 0.01322776 -0.2138516
v 0.01459002 0.01254343 -0.2127878
v 0.01447963 0.01280355 -0.2124623
v 0.01465559 0.01202416 -0.2113735
v 0.01468586 0.01159495 -0.210825
v 0.01357156 0.01365613 -0.2094989
v 0.01479727 0.01176536 -0.2137883
v 0.01453363 0.0124309 -0.2148117
v 0.01416742 0.01301956 -0.21583
v 0.01447498 0.01269918 -0.2144895
v 0.01467907 0.01228398 -0.2131175
v 0.01474779 0.0120247 -0.2134512
v 0.01483559 0.01151072 -0.2120551
v 0.01489716 0.0112589 -0.2124038
v 0.01484125 0.01063179 -0.210983
v 0.01494377 0.01014918 -0.2117164
v 0.01491469 0.00999999 -0.2114028
v 0.01493006 0.00999999 -0.2115542
v 0.01475542 0.01176571 -0.2117115
v 0.004128754 0.01158159 -0.2273163
v 0.005167067 0.01137489 -0.2270042
v 0.004132926 0.0110926 -0.2273715
v 0.006142139 0.0110839 -0.2266368
v 0.004117846 0.01058226 -0.2274104
v 0.003061056 0.01123774 -0.2276218
v 0.00187999 0.0117191 -0.2277539
v 0.003032088 0.01169794 -0.227568
v 0.008033275 0.01138871 -0.2255811
v 0.008844494 0.01093119 -0.2250755
v 0.009106814 0.00999999 -0.2249191
v 0.008077383 0.01190686 -0.2254694
v 0.007158637 0.01227992 -0.2259405
v 0.008099913 0.01240134 -0.2253428
v 0.008100986 0.01287257 -0.2252016
v 0.007127285 0.01320654 -0.2256777
v 0.007153332 0.01275449 -0.2258167
v 0.006137371 0.01303076 -0.226243
v 0.006169021 0.01257795 -0.2263651
v 0.005115032 0.01279419 -0.2267377
v 0.005151987 0.01234287 -0.2268426
v 0.004063427 0.01249688 -0.2271577
v 0.004105627 0.01204955 -0.227245
v 0.002984583 0.01213872 -0.2274983
v -0.003718554 0.01173412 -0.2273281
v -0.00390309 0.01203823 -0.2272072
v -0.002683997 0.01280272 -0.2272987
v -0.002882122 0.01309943 -0.227143
v -0.001685023 0.01377266 -0.227065
v -0.001897752 0.01405829 -0.2268744
v -0.000725507 0.01464635 -0.2266521
v -0.000953324 0.01491785 -0.2264268
v 0.000192523 0.01542419 -0.2260819
v -5.12325e-05 0.01567929 -0.2258235
v -0.008241534 0.00999999 -0.2254772
v 0.00273317 0.01334881 -0.2271928
v 0.001616299 0.01291084 -0.2275009
v 0.001809597 0.0121333 -0.2276857
v 0.000473834 0.01240468 -0.2277147
v 0.005058526 0.01322454 -0.226617
v 0.006085753 0.01346194 -0.2261055
v 0.007080674 0.01363635 -0.2255238
v 0.006014168 0.01387184 -0.2259525
v 0.004887998 0.01402384 -0.2263283
v 0.003707528 0.01408958 -0.226648
v 0.002613723 0.01371669 -0.2270584
v 0.001493871 0.01327538 -0.227384
v 0.000348263 0.01276439 -0.2276157
v 0.008039474 0.01374733 -0.2248764
v 0.007013559 0.01404458 -0.2253552
v 0.005923092 0.01426124 -0.2257844
v 0.004774451 0.01439416 -0.2261605
v 0.00357306 0.01444149 -0.2264805
v 0.002476871 0.01406782 -0.2269076
v 0.001354694 0.01362437 -0.2272505
v 0.000206656 0.01311016 -0.2274997
v 0.001199126 0.01395863 -0.2271
v 0.002323091 0.0144028 -0.22674
v 0.003420889 0.01477634 -0.2262967
v 0.004642248 0.01474589 -0.2259771
v 0.005812585 0.01463073 -0.2256011
v 0.006926417 0.01443201 -0.225172
v 0.007977306 0.01415205 -0.2246928
v 0.001313865 0.01585626 -0.2256461
v 0.001546204 0.01559329 -0.2258998
v 0.000422804 0.01515698 -0.2263218
v 0.000639105 0.0148772 -0.2265433
v -0.000510807 0.0143634 -0.2268583
v -0.00030974 0.01406878 -0.227046
v -0.001485168 0.01347661 -0.2272368
v -0.001298666 0.01316976 -0.2273899
v -0.002498269 0.01249676 -0.227436
v -0.002325475 0.01218152 -0.2275555
v -0.003546059 0.01142239 -0.2274317
v -0.004622042 0.01024901 -0.2271994
v -0.004531443 0.00999999 -0.227234
v -0.002166092 0.01185643 -0.2276573
v -0.000967353 0.01252257 -0.2276421
v -0.001125872 0.01285195 -0.2275249
v 4.94768e-05 0.01344245 -0.2273663
v -0.000122813 0.01376187 -0.2272152
v 0.001027703 0.01427853 -0.2269321
v 0.000840929 0.01458454 -0.2267466
v 0.001966059 0.01502686 -0.2263543
v 0.001763761 0.01531708 -0.2261357
v 0.002862811 0.01568454 -0.2256476
v 0.002410054 0.01621574 -0.2251321
v 0.003935456 0.01598036 -0.2250876
v 0.003480434 0.01650381 -0.2245491
v 0.004980564 0.01620507 -0.2244625
v 0.004523873 0.01672095 -0.2239043
v 0.005539119 0.01686763 -0.2232033
v 0.006523907 0.01694434 -0.2224504
v 0.002152681 0.01472228 -0.2265557
v 0.003251612 0.01509469 -0.2260968
v 0.004491925 0.01507955 -0.2257781
v 0.005682945 0.01498097 -0.225403
v 0.006819367 0.01479911 -0.2249745
v 0.007894515 0.01453584 -0.2244955
v 0.005534708 0.01531279 -0.2251899
v 0.006692647 0.01514691 -0.2247627
v 0.00779134 0.01489943 -0.2242848
v 0.007362604 0.01587677 -0.2235742
v 0.006198227 0.01608115 -0.2240443
v 0.00638175 0.01578712 -0.2242975
v 0.0051831 0.01592409 -0.2247196
v 0.005367875 0.01562684 -0.2249621
v 0.004138231 0.0156961 -0.2253333
v 0.00432384 0.01539611 -0.2255635
v 0.003065407 0.01539725 -0.2258804
v 0.04600465 0.0191999 -0.01440787
v 0.04572707 0.0191999 -0.01539772
v 0.04624992 0.0191999 -0.01220655
v 0.04619705 0.0191999 -0.01323324
v -0.003477454 0.0191999 0.04812449
v -0.004740715 0.0191999 0.04801642
v -0.01036036 0.0191999 0.04712456
v -0.01403898 0.0191999 0.0461623
v -0.01702797 0.0191999 0.04514539
v -0.02334171 0.0191999 0.04222822
v -0.02279454 0.0191999 0.042526
v -0.02067542 0.0191999 0.04359573
v -0.01850616 0.0191999 0.04455977
v -0.0268622 0.0191999 0.04008096
v -0.02917051 0.0191999 0.03843361
v -0.04017794 0.0191999 0.02671682
v -0.03890115 0.0191999 0.02854394
v -0.03735995 0.0191999 0.03053349
v -0.03439313 0.0191999 0.03384035
v -0.03066951 0.0191999 0.03724831
v -0.04260081 0.0191999 0.02265453
v -0.04462492 0.0191999 0.01834869
v -0.04541534 0.0191999 0.01629436
v -0.04572707 0.0191999 0.01539772
v -0.04600465 0.0191999 0.01440787
v -0.04611277 0.0191999 0.01385688
v -0.04619705 0.0191999 0.01323324
v -0.04624992 0.0191999 0.01220655
v -0.04624992 0.0191999 -0.01220655
v -0.04624992 0.0191999 -0.009507119
v -0.04624992 0.0191999 0
v -0.04624992 0.0191999 0.009220719
v -0.04572707 0.0191999 -0.01539772
v -0.04600465 0.0191999 -0.01440787
v -0.04619705 0.0191999 -0.01323324
v -0.04621291 0.0191999 -0.01306664
v -0.03850162 0.0191999 -0.02908056
v -0.03890115 0.0191999 -0.02854394
v -0.04541534 0.0191999 -0.01629436
v -0.03971195 0.0191999 -0.02740478
v -0.04225522 0.0191999 -0.02329277
v -0.04260081 0.0191999 -0.02265453
v -0.04442346 0.0191999 -0.01883125
v -0.03615427 0.0191999 -0.03195196
v -0.03439313 0.0191999 -0.03384035
v -0.03327804 0.0191999 -0.0349375
v -0.02917051 0.0191999 -0.03843361
v -0.02105033 0.0191999 -0.0434159
v -0.01905721 0.0191999 -0.04432696
v -0.01702797 0.0191999 -0.04514539
v -0.02298665 0.0191999 -0.04242253
v -0.02334171 0.0191999 -0.04222822
v -0.02667891 0.0191999 -0.04020315
v -0.01058018 0.0191999 -0.04707562
v -0.01491248 0.0191999 -0.04588758
v -0.001475214 0.0191999 -0.04822736
v -0.003477454 0.0191999 -0.04812449
v -0.006089568 0.0191999 -0.04786407
v -0.01036036 0.0191999 -0.04712456
v 0.003477454 0.0191999 -0.04812449
v 0.007974088 0.0191999 -0.0475865
v 0.01036036 0.0191999 -0.04712456
v 0.02602851 0.0191999 -0.04062736
v 0.02334171 0.0191999 -0.04222822
v 0.02200835 0.0191999 -0.04293817
v 0.01702797 0.0191999 -0.04514539
v 0.01271945 0.0191999 -0.04654324
v 0.02917051 0.0191999 -0.03843361
v 0.03241878 0.0191999 -0.0357362
v 0.03439313 0.0191999 -0.03384035
v 0.03850162 0.0191999 -0.02908068
v 0.0364561 0.0191999 -0.03160709
v 0.0428847 0.0191999 -0.02211225
v 0.04260081 0.0191999 -0.02265453
v 0.04150462 0.0191999 -0.02460539
v 0.03890115 0.0191999 -0.02854394
v 0.04541534 0.0191999 -0.01629436
v 0.04516386 0.0191999 -0.0169788
v 0.04410511 0.0191999 -0.01956522
v -0.01223254 0.01103317 -0.06699997
v -0.01738458 0.01093941 -0.06699991
v -0.01866805 0.01102972 -0.06362551
v -0.01904886 0.01869606 -0.04437261
v -0.02666163 0.01853621 -0.04032802
v -0.02666777 0.01875638 -0.04026126
v -0.02485179 0.01873964 -0.04140567
v -0.02840936 0.01834863 -0.03921169
v -0.03009939 0.01838016 -0.03793591
v -0.03010386 0.01858627 -0.03783464
v -0.002869606 0.01338583 -0.05332571
v -0.002566695 0.0139901 -0.05209583
v 0.001764059 0.01396739 -0.05203896
v -0.01074683 0.0158568 -0.04861891
v -0.0107063 0.01627504 -0.04822677
v -0.006319165 0.01624906 -0.04894977
v -0.0014925 0.01865637 -0.04825925
v -0.006101012 0.01865565 -0.04789608
v -0.00437659 0.01138103 -0.06075358
v 0.002822816 0.01098054 -0.06062018
v 0.001936972 0.010531 -0.06388795
v -0.004811823 0.01101768 -0.06393861
v -0.01169127 0.01114696 -0.0638411
v -0.0116111 0.01149052 -0.06050312
v -0.007238209 0.0128979 -0.05446338
v -0.003183782 0.01285189 -0.05466806
v -0.003810465 0.01198726 -0.05760872
v -0.02954924 0.009828448 -0.06699991
v -0.03033816 0.009670019 -0.06699997
v -0.02926534 0.01010113 -0.06314426
v -0.01896411 0.01088231 -0.06699997
v -0.02498912 0.01047456 -0.06699991
v -0.02572304 0.01057583 -0.06332069
v -0.03141862 0.009420752 -0.06699997
v -0.03259515 0.009096026 -0.06699985
v -0.03278619 0.00932008 -0.06295794
v -0.0293172 0.0139575 -0.04592138
v -0.02923423 0.0143634 -0.04487764
v -0.02644145 0.01430702 -0.04638969
v -0.02933257 0.01478552 -0.04378098
v -0.02972465 0.01534676 -0.04230046
v -0.02649748 0.01503753 -0.04467517
v -0.03426069 0.01801246 -0.03460985
v -0.03449463 0.01810944 -0.03428882
v -0.03327751 0.01803928 -0.03550571
v 0.02200931 0.01857453 -0.04299169
v 0.02198225 0.01856833 -0.04300659
v 0.02200281 0.01872897 -0.0429719
v 0.01689589 0.01730984 -0.04564726
v 0.01243317 0.01723617 -0.04708838
v 0.01255714 0.0177111 -0.04685389
v 0.004867732 0.01314169 -0.0533207
v 0.003947079 0.01272451 -0.05441391
v 0.000916337 0.01278764 -0.05462586
v 0.004251122 0.009941816 -0.06653112
v 0.004190683 0.009928107 -0.06700015
v 0.001531243 0.01033431 -0.06699979
v 0.002634227 0.01184266 -0.0572015
v 0.002645969 0.01161032 -0.05802559
v 4.20316e-05 0.01187688 -0.05758082
v 0.002857863 0.01126843 -0.05931127
v 0.004237473 0.0100122 -0.06566774
v 0.003864586 0.01036232 -0.06335836
v 0.003252387 0.01241016 -0.05534362
v 0.002943754 0.01222437 -0.05592751
v 0.00272876 0.01202762 -0.05657202
v 0.006627321 0.01465618 -0.05049449
v 0.006628215 0.0144028 -0.0508452
v 0.002149224 0.01466053 -0.05093532
v 0.006064355 0.01412504 -0.05134463
v 0.01245605 0.0161485 -0.04777342
v 0.01127034 0.0158326 -0.04833233
v 0.009765625 0.01630413 -0.04827654
v 0.01002323 0.01549273 -0.04892915
v 0.009358167 0.01544821 -0.04910832
v 0.008929014 0.01518189 -0.04947346
v 0.01286196 0.01625579 -0.04758226
v 0.01209378 0.01632046 -0.04773539
v 0.0131551 0.01633304 -0.04744428
v 0.01227796 0.01677244 -0.04738318
v 0.0136463 0.0164622 -0.04721242
v 0.01603323 0.01708608 -0.04606968
v 0.01503127 0.01682507 -0.04655325
v 0.01483899 0.01677489 -0.04664534
v 0.01710873 0.01736479 -0.04554212
v 0.01724708 0.01774841 -0.04533028
v 0.017228 0.01739567 -0.04548299
v 0.01842302 0.01770234 -0.04488337
v 0.01873219 0.0177809 -0.04472595
v 0.01734763 0.01822835 -0.04514425
v 0.01961815 0.01800364 -0.04426944
v 0.01740479 0.01871246 -0.04503208
v 0.02081358 0.01829618 -0.0436396
v 0.020662 0.0182597 -0.04372036
v 0.01985383 0.01806211 -0.04414647
v 0.02440202 0.01904565 -0.04162806
v 0.02560001 0.01918482 -0.04089874
v 0.02320545 0.01882988 -0.04232275
v 0.02306425 0.01880133 -0.04240298
v 0.02275979 0.01873821 -0.0425747
v -0.03820896 0.01918643 -0.02946418
v -0.0361588 0.0190258 -0.03196597
v -0.03765004 0.01910519 -0.0301811
v -0.03746289 0.01906776 -0.03041887
v -0.03615921 0.0187174 -0.03208088
v -0.03625941 0.01874893 -0.03195178
v -0.03616338 0.01884537 -0.03201663
v -0.03643566 0.01880288 -0.03172522
v -0.03695064 0.01894706 -0.03106838
v -0.03605079 0.01868253 -0.03222107
v -0.03327888 0.01863276 -0.03508245
v -0.03557991 0.01852303 -0.03283542
v -0.03473132 0.01820468 -0.03396701
v -0.03476297 0.01845818 -0.03373509
v -0.03491359 0.01827633 -0.03372102
v -0.0355392 0.01850867 -0.03288888
v -0.03327816 0.01823967 -0.03533506
v -0.0332787 0.01843768 -0.03519374
v -0.03316992 0.01752555 -0.03615021
v -0.03326964 0.01757246 -0.03600609
v -0.0332753 0.01763159 -0.03593122
v -0.03343629 0.01764982 -0.0357666
v -0.0336219 0.01773428 -0.03550237
v -0.03007727 0.0175513 -0.03860038
v -0.03006368 0.01713609 -0.03907811
v -0.03299862 0.01744365 -0.0363999
v -0.03004842 0.01672208 -0.03964537
v -0.03177618 0.01681107 -0.0382651
v -0.03180736 0.01682841 -0.03821516
v -0.02654665 0.01580917 -0.0431813
v -0.02983158 0.01545655 -0.04200732
v -0.03001272 0.01590144 -0.04102504
v -0.030725 0.01616787 -0.0400753
v -0.02929329 0.014687 -0.04403823
v -0.03202533 0.01131564 -0.05326879
v -0.03294026 0.01005035 -0.05807441
v -0.0330851 0.009979009 -0.05823266
v -0.03354614 0.009113132 -0.06268435
v -0.03368312 0.008732199 -0.06699991
v -0.02959382 0.01352971 -0.04701226
v -0.02980029 0.01288014 -0.04897379
v -0.03087681 0.01243156 -0.04986071
v -0.02965128 0.01164966 -0.05376446
v -0.02947312 0.01069986 -0.0586102
v -0.01881641 0.01142364 -0.05993402
v -0.02595031 0.01108217 -0.05910444
v -0.01891243 0.01208096 -0.0561611
v -0.0261448 0.01190114 -0.05466675
v -0.02269357 0.01301658 -0.0515176
v -0.026308 0.01299011 -0.05032336
v -0.00731492 0.01096826 -0.06700015
v -0.00504601 0.0108819 -0.06699991
v -0.002023637 0.01069444 -0.06699985
v -0.000153422 0.01052725 -0.06699979
v -0.01058447 0.01866197 -0.04710996
v -0.01059615 0.01814442 -0.04721117
v -0.006124258 0.0181328 -0.04799109
v -0.01061481 0.01764726 -0.04737633
v -0.006158471 0.01763093 -0.04814672
v -0.01063966 0.01717013 -0.04760259
v -0.006202936 0.01714986 -0.04836004
v -0.01067042 0.01671284 -0.04788696
v -0.006256759 0.01668936 -0.04862862
v -0.01079154 0.01545763 -0.04906064
v -0.00638926 0.01582866 -0.04932075
v -0.001721084 0.01668649 -0.0489735
v -0.001642227 0.01714879 -0.04871165
v -0.001577079 0.01763099 -0.04850369
v -0.001526772 0.01813346 -0.04835206
v 0.003206849 0.01866346 -0.0481742
v 0.003163099 0.01814568 -0.04826819
v 0.003097653 0.01764637 -0.04842162
v 0.003011763 0.01716554 -0.04863148
v 0.002906858 0.01670295 -0.04889541
v -0.001812577 0.01624405 -0.04928642
v -0.001915752 0.01582098 -0.04964792
v 0.00278455 0.01625865 -0.0492109
v 0.002646267 0.01583242 -0.04957515
v 0.007434368 0.0162872 -0.04870098
v 0.007259786 0.0158559 -0.04908025
v 0.00758785 0.01673418 -0.0483725
v 0.007718265 0.01719665 -0.04809749
v 0.007824003 0.0176745 -0.04787856
v 0.007903099 0.01816773 -0.04771858
v 0.007953703 0.01867622 -0.04762017
v -0.01100015 0.01404792 -0.05126476
v -0.006828606 0.01401662 -0.05183035
v 0.005725145 0.0138964 -0.05176466
v 0.005227327 0.01339882 -0.05274206
v 0.00134927 0.01334345 -0.05327612
v -0.006466448 0.015428 -0.049739
v -0.002029359 0.01541721 -0.05005568
v 0.002493262 0.01542401 -0.0499857
v 0.007065892 0.01544022 -0.04950731
v 0.01264768 0.018197 -0.04668289
v 0.01270258 0.01869332 -0.04657828
v 0.008083164 0.01492542 -0.0499227
v -0.03327864 0.01901417 -0.03495353
v -0.03327888 0.01882511 -0.03500217
v -0.03172326 0.01841056 -0.03659534
v -0.03172034 0.01820874 -0.03672999
v -0.031717 0.01800549 -0.03689211
v -0.0300945 0.01817345 -0.03806382
v -0.02840316 0.01813644 -0.03933292
v -0.03008913 0.01796633 -0.03821772
v -0.02839642 0.01792478 -0.03947865
v -0.02838194 0.01750332 -0.03984075
v -0.02662533 0.01745432 -0.04101389
v -0.02660804 0.0170319 -0.04144096
v -0.02298104 0.01896059 -0.04243755
v -0.02667349 0.0189777 -0.04021936
v -0.02483898 0.01828682 -0.04155486
v -0.02665507 0.01831722 -0.04041916
v -0.02484554 0.01851218 -0.04146879
v -0.0229752 0.01872378 -0.0424748
v -0.02104014 0.01870918 -0.04346495
v -0.02102988 0.01823145 -0.0435974
v -0.02296316 0.01825803 -0.04261547
v -0.02296924 0.01848948 -0.04253435
v -0.02482485 0.01784211 -0.0417934
v -0.02664101 0.01788294 -0.04067164
v -0.02664828 0.01809936 -0.0405339
v -0.02101999 0.01776695 -0.04380989
v -0.01903551 0.01773422 -0.04469799
v -0.01903039 0.0172764 -0.04497092
v -0.02480959 0.01740586 -0.0421167
v -0.02293711 0.01735937 -0.04314577
v -0.02292311 0.01692706 -0.043527
v -0.01700085 0.01818674 -0.04531186
v -0.01700431 0.01868486 -0.04519426
v -0.01491546 0.01768201 -0.04621821
v -0.01491075 0.01816946 -0.04603791
v -0.01490974 0.01867538 -0.04592663
v -0.01904159 0.01820755 -0.04449737
v -0.01699972 0.01770579 -0.04550182
v -0.01492351 0.01721286 -0.04646456
v -0.02295053 0.01780313 -0.04284054
v -0.0210101 0.0173158 -0.04409825
v -0.01902598 0.0168339 -0.04531252
v -0.03011155 0.01899629 -0.03771483
v -0.03010791 0.01879173 -0.03776073
v -0.02658927 0.01661658 -0.04194784
v -0.02656883 0.0162087 -0.04252964
v -0.01493442 0.01676195 -0.04677355
v -0.01902204 0.01640683 -0.04571884
v -0.01494783 0.01632916 -0.0471419
v -0.01901853 0.01599532 -0.0461865
v -0.01496338 0.01591444 -0.04756653
v -0.01901519 0.01559937 -0.04671174
v -0.01498091 0.01551741 -0.04804414
v -0.01501995 0.01477634 -0.0491454
v -0.01089102 0.01471585 -0.05008101
v -0.006638348 0.01468461 -0.0507062
v -0.002283692 0.01466655 -0.05099886
v -0.01144552 0.01207888 -0.05717098
v -0.01520437 0.01209694 -0.0567317
v -0.01514405 0.0129677 -0.05338454
v -0.01896893 0.01299828 -0.0525425
v -0.01899898 0.01417213 -0.0493142
v -0.02279627 0.01424753 -0.0479651
v -0.02283853 0.01494807 -0.04642367
v -0.007643878 0.0120542 -0.05746763
v -0.01122999 0.01292645 -0.05402988
v -0.01506203 0.01410514 -0.05041968
v -0.01900798 0.01485431 -0.04791992
v -0.02287554 0.01570183 -0.04508394
v -0.02289241 0.01609802 -0.04450035
v -0.02290827 0.01650649 -0.04398
v -0.000146449 0.002999961 0.03098011
v -0.04237872 0.01282137 0.01139545
v -0.04249072 0.01280409 0.01037496
v -0.04154938 0.01190775 0.01007848
v -0.03417193 0.01898187 0.03404355
v -0.04624032 0.01897442 0.01153033
v -0.0462138 0.0187447 0.009212017
v -0.01840639 0.01815176 0.04416292
v -0.01836425 0.01793873 0.043998
v -0.01616764 0.01794797 0.04483723
v -0.02671742 0.01811587 0.03974318
v -0.02665627 0.01789218 0.03960233
v -0.02466768 0.01790529 0.04085218
v -0.03066259 0.01898568 0.03723537
v -0.01001149 0.005353868 0.03045457
v -0.009954929 0.004568099 0.0302366
v -0.006664693 0.004575014 0.03081673
v -0.03206664 0.006461024 0.01586127
v -0.03237009 0.007059574 0.01605772
v -0.0342229 0.006981015 0.01314783
v -0.03578549 0.008000135 0.01195651
v -0.03652864 0.007949054 0.01035112
v -0.03580302 0.006907105 0.01008188
v -0.03732913 0.005029976 0.003352582
v -0.03720104 0.004390001 0.003335595
v -0.03618192 0.004412055 0.006609082
v -0.03794282 0.008817255 0.008943259
v -0.03842574 0.008757889 0.007190406
v -0.03767293 0.007837355 0.006991147
v -0.04063385 0.01114785 0.009789705
v -0.0409432 0.01109606 0.007861435
v -0.03924518 0.009595453 0.007407844
v -0.0395267 0.01127833 0.01354891
v -0.04022067 0.01120895 0.01169735
v -0.03829497 0.009726107 0.01100254
v -0.03971123 0.008430063 0
v -0.03924691 0.00772202 0
v -0.0385431 0.007760763 0.00352174
v -0.04145145 0.01102322 0.003953695
v -0.0405181 0.009470224 0
v -0.0399484 0.009508311 0.003725886
v -0.04041963 0.00935173 0
v -0.04018229 0.009057939 0
v -0.03921729 0.008673131 0.003618836
v -0.03995937 0.008769452 0
v -0.03871703 0.006720066 0
v -0.03795975 0.006753981 0.003439009
v -0.03896623 0.007226586 0
v -0.03908783 0.00744915 0
v -0.03726273 0.006233811 0.005088329
v -0.03752261 0.006781578 0.005140662
v -0.03813678 0.007794082 0.005266368
v -0.03802573 0.004375874 0
v -0.03806167 0.004600346 0
v -0.03821301 0.005301535 0
v -0.03750109 0.005635917 0.003375649
v -0.03829944 0.005610287 0
v -0.03839719 0.005915284 0
v -0.03651446 0.005680084 0.006690025
v -0.03674924 0.00626409 0.00674957
v -0.03737252 0.008883297 0.01066374
v -0.03714203 0.007890701 0.008689403
v -0.03645253 0.006860435 0.008471369
v -0.03549689 0.00634098 0.00996989
v -0.03476697 0.003740191 0.009718179
v -0.03609347 0.003725171 0.00658822
v -0.03712111 0.003714025 0.003325164
v -0.0379275 0.002999961 0
v -0.03331661 0.002999961 0.01234465
v -0.03473305 0.002999961 0.009706735
v -0.03555959 0.002999961 0.007868111
v -0.03711789 0.002999961 0.003232896
v -0.03027451 0.01039898 0.02359974
v -0.03206378 0.0119245 0.02514344
v -0.03268706 0.01021116 0.02072024
v -0.03456795 0.01171976 0.02208346
v -0.03485202 0.01003217 0.01765382
v -0.0367875 0.01152765 0.01881235
v -0.03674119 0.009868979 0.01441228
v -0.03869676 0.01135516 0.01534759
v -0.03757309 0.009795486 0.01273047
v -0.02685672 0.009622514 0.02540111
v -0.02942752 0.009463608 0.02280598
v -0.03179436 0.009304285 0.02002793
v -0.03393077 0.009150743 0.01707291
v -0.03580766 0.009009361 0.01394963
v -0.03523522 0.005742311 0.00987643
v -0.03502309 0.005109608 0.009803235
v -0.03343701 0.005138874 0.01276397
v -0.03327804 0.004459202 0.01269203
v -0.03144133 0.004474282 0.01548111
v -0.03134399 0.003752708 0.01542598
v -0.02929449 0.003757834 0.01804941
v -0.030285 0.007142484 0.01880854
v -0.02999192 0.00652498 0.01857179
v -0.02974176 0.005875766 0.01837551
v -0.02799832 0.007225811 0.02139753
v -0.02772122 0.006588459 0.02112317
v -0.02748471 0.005920112 0.02089577
v -0.02729308 0.005222976 0.0207203
v -0.03702366 0.006816864 0.006820619
v -0.03365069 0.005786061 0.01286429
v -0.03159737 0.005167186 0.01557159
v -0.0293883 0.004489064 0.01811534
v -0.02706193 0.003762066 0.02051907
v -0.035052 0.006944715 0.01163536
v -0.03391426 0.00639981 0.01299303
v -0.03180748 0.005830228 0.01569813
v -0.02953898 0.005195796 0.0182237
v -0.02715075 0.004502356 0.02059519
v -0.02467262 0.003765106 0.02283722
v -0.02553635 0.007305622 0.02382421
v -0.02528071 0.006648242 0.02351588
v -0.02506256 0.00596106 0.02326035
v -0.02488583 0.005247116 0.02306318
v -0.02475452 0.004513621 0.02292263
v -0.02406406 0.009777963 0.02775746
v -0.02614486 0.008527994 0.02456176
v -0.02865731 0.008407115 0.02205497
v -0.03098142 0.008283972 0.01937651
v -0.03309065 0.008163571 0.01652956
v -0.03495508 0.008051395 0.01351964
v -0.03858029 0.006403863 0
v -0.03771275 0.006210029 0.003404617
v -0.03704035 0.005655467 0.0050444
v -0.03632378 0.005063176 0.006643176
v -0.03486526 0.004442632 0.009750485
v -0.0331791 0.003746986 0.01264804
v -0.03052562 0.002999961 0.01645869
v -0.02102196 0.009928464 0.02978038
v -0.0234211 0.008645057 0.02683895
v -0.003771424 0.01152276 0.03624713
v -0.004029512 0.01319152 0.03860986
v -0.007517874 0.01147776 0.03580212
v -0.008024632 0.01313328 0.03812742
v -0.01121127 0.01139175 0.03504168
v -0.01195287 0.01303279 0.0373044
v -0.01482141 0.01127141 0.0339623
v -0.01578092 0.01289665 0.03613823
v -0.01831483 0.01112365 0.03255772
v -0.01947331 0.01273196 0.03462696
v -0.02165061 0.01095581 0.03081595
v -0.02298951 0.01254552 0.03276509
v -0.024773 0.0107752 0.02871775
v -0.02627855 0.01234424 0.03054207
v -0.02764058 0.01058846 0.02628314
v -0.02930086 0.01213485 0.02797806
v -0.01777273 0.01006865 0.03145051
v -0.02045267 0.008758723 0.02878588
v -0.0228722 0.007381916 0.02602893
v -0.02264171 0.006704926 0.0256896
v -0.02244514 0.005999505 0.02540791
v -0.02228587 0.005269706 0.02519041
v -0.02216762 0.004523754 0.02503526
v -0.02209389 0.003767549 0.02494072
v -0.01927971 0.003771007 0.02671587
v -0.01627457 0.00377506 0.02814501
v -0.01934492 0.004535079 0.02681982
v -0.01633054 0.004547119 0.02825891
v -0.01944941 0.005293071 0.02699023
v -0.01642024 0.005316317 0.0284453
v -0.01959002 0.00603801 0.02722853
v -0.016541 0.006075203 0.0287047
v -0.01976364 0.006760776 0.02753603
v -0.01669013 0.006813704 0.02903777
v -0.01996731 0.00745666 0.02790576
v -0.01314067 0.003779292 0.02926504
v -0.01318675 0.004558563 0.02938932
v -0.01326048 0.005337238 0.02959156
v -0.0133596 0.006107628 0.02987152
v -0.02206844 0.002999961 0.02490639
v -0.01996988 0.002999961 0.02627539
v -0.003416955 0.006920278 0.0321294
v -0.003454804 0.007669985 0.03260868
v -0.006893098 0.007662296 0.03222995
v -0.003545284 0.009094059 0.03372287
v -0.007072091 0.009076237 0.03332167
v -0.007283151 0.01035737 0.03454244
v -0.013125 0.002999961 0.0292204
v -0.01115959 0.002999961 0.02976393
v -0.009919703 0.003783047 0.03010207
v -0.003384709 0.006151378 0.03171807
v -0.01437371 0.0101912 0.03279155
v -0.01728254 0.0088647 0.03038358
v -0.01396971 0.008956611 0.03166061
v -0.01686519 0.007526636 0.0294367
v -0.01362615 0.007587075 0.03065431
v -0.01348233 0.006859481 0.03022861
v -0.01018154 0.00689435 0.03113234
v -0.01008749 0.006132543 0.03075385
v -0.006754457 0.006147742 0.0313667
v -0.006702899 0.005364716 0.03104972
v -0.003358781 0.005368471 0.03138506
v -0.00333935 0.004578649 0.03113758
v -0.00332731 0.003788053 0.03098285
v -0.006640732 0.003786087 0.03067207
v -0.006818175 0.006915569 0.03176349
v -0.01029199 0.007633507 0.03158086
v -0.0105558 0.009028792 0.03263628
v -0.01086646 0.01028949 0.03381919
v -0.003323197 0.002999961 0.03092837
v -0.005744636 0.002999961 0.03072881
v -0.006632626 0.002999961 0.03062075
v -0.01112312 0.002999961 0.02977311
v -0.01925718 0.002999961 0.02667796
v -0.01586657 0.002999961 0.02826106
v -0.03735166 0.01897811 0.03052371
v -0.03732633 0.01875108 0.03049427
v -0.03414887 0.01875913 0.03400957
v -0.03411108 0.01853191 0.0339542
v -0.03060817 0.01854568 0.037135
v -0.03043365 0.01786261 0.03681534
v -0.03056192 0.01832062 0.03704977
v -0.03221344 0.01784646 0.03528511
v -0.03234952 0.01831096 0.03550696
v -0.03391546 0.01782983 0.03366929
v -0.0340591 0.01830101 0.0338782
v -0.02857989 0.01787799 0.03825575
v -0.02870017 0.01832962 0.03850263
v -0.03154301 0.0164166 0.03422302
v -0.0320307 0.01737362 0.0349906
v -0.03372251 0.01734948 0.03339177
v -0.03320837 0.01637554 0.03266727
v -0.0325548 0.01540774 0.03177738
v -0.02921575 0.01552474 0.03470289
v -0.02278918 0.01899147 0.04250997
v -0.02485281 0.01899027 0.04133838
v -0.0268563 0.01898896 0.04006689
v -0.03064197 0.01876765 0.03719729
v -0.0268383 0.01877486 0.04002463
v -0.02680879 0.0185576 0.03995579
v -0.02483618 0.01877802 0.04129409
v -0.02274888 0.01856744 0.04238849
v -0.02277392 0.0187807 0.04246377
v -0.01846939 0.01857537 0.04441237
v -0.01848959 0.01878535 0.04449325
v -0.0206567 0.01878321 0.04353106
v -0.01850199 0.01899343 0.04454296
v -0.02067053 0.0189926 0.04357904
v -0.02676832 0.0183379 0.0398615
v -0.0247243 0.01812607 0.04099959
v -0.02477151 0.01834541 0.04112333
v -0.02267134 0.01813536 0.04215657
v -0.02271461 0.01835227 0.04228568
v -0.02056366 0.01814401 0.04321187
v -0.02051657 0.01792854 0.04305249
v -0.02261942 0.01791739 0.04200309
v -0.02060294 0.01835846 0.04334586
v -0.02558863 0.01563477 0.0372762
v -0.02170991 0.01573419 0.03947383
v -0.02415484 0.01656746 0.03956025
v -0.02610266 0.01653271 0.03836619
v -0.02798658 0.01649594 0.03707689
v -0.02980136 0.01645708 0.03569442
v -0.01762318 0.01582121 0.04128623
v -0.02008885 0.01663064 0.04165589
v -0.02214843 0.01660019 0.04065746
v -0.01844149 0.01836419 0.04430162
v -0.01620471 0.01815891 0.04500728
v -0.01393175 0.01795619 0.04556792
v -0.008986055 0.01594877 0.043715
v -0.01364094 0.01670747 0.04404127
v -0.0133686 0.01589369 0.04270303
v -0.01583003 0.01668453 0.04334974
v -0.01798105 0.01665884 0.04255402
v -0.009417057 0.01858663 0.04715436
v -0.007090449 0.01879268 0.04764932
v -0.009427249 0.01879179 0.04724401
v -0.007093191 0.01889443 0.04768174
v -0.009433507 0.01899605 0.04729902
v -0.007095158 0.01899641 0.04770529
v -0.00951904 0.01901668 0.04728549
v -0.004740655 0.01909482 0.0480107
v -0.004724383 0.01838546 0.04772198
v -0.004731476 0.01858943 0.04784762
v -0.004736483 0.0187934 0.04793977
v -0.002371132 0.01879364 0.04811459
v -0.004738271 0.01889491 0.04797261
v -0.002372026 0.01889503 0.04814773
v -0.00473994 0.01899433 0.04799598
v -0.002372086 0.01890295 0.04815006
v -0.004715621 0.01818162 0.04756474
v -0.00940299 0.01838099 0.04703205
v -0.0117284 0.01858443 0.04663687
v -0.01174122 0.0187906 0.04672467
v -0.01174896 0.01899564 0.04677867
v -0.01403892 0.01909351 0.04615819
v -0.004678726 0.01757156 0.04692327
v -0.004704952 0.01797789 0.04737788
v -0.009363889 0.01796942 0.04669702
v -0.009385228 0.0181753 0.04687899
v -0.01396363 0.01816523 0.04574257
v -0.01399028 0.01837378 0.04588931
v -0.01623558 0.01836925 0.04515027
v -0.01401138 0.0185818 0.04600656
v -0.01626008 0.01857882 0.04526448
v -0.0140267 0.01878911 0.04609245
v -0.01627784 0.01878738 0.04534792
v -0.01403594 0.01899498 0.04614514
v -0.01628875 0.01899433 0.04539918
v -0.01629149 0.01909446 0.04541224
v -0.008533239 0.01445209 0.0406894
v -0.01269865 0.01436519 0.03978818
v -0.01674723 0.01424974 0.03851711
v -0.02064174 0.01411092 0.03687888
v -0.024342 0.0139535 0.03487521
v -0.02780145 0.01378232 0.03250491
v -0.03098249 0.01360285 0.02978885
v -0.03026127 0.01739728 0.03650432
v -0.02841824 0.01741981 0.03792846
v -0.02650547 0.01744091 0.03925895
v -0.02452814 0.01746058 0.04049319
v -0.02249133 0.01747888 0.04162889
v -0.02040028 0.01749587 0.04266405
v -0.01826012 0.01751136 0.04359614
v -0.0160759 0.01752561 0.04442328
v -0.01385289 0.01753824 0.04514282
v -0.009169101 0.01674455 0.04510712
v -0.004516184 0.0159831 0.04431957
v -0.004288077 0.01450502 0.04122167
v -0.004607737 0.01676779 0.0457468
v -0.009311079 0.01755869 0.04625409
v -0.04621213 0.01873987 0.01152181
v -0.04616618 0.01849716 0.01150792
v -0.04610949 0.01825469 0.009186744
v -0.04610306 0.01824694 0.01148885
v -0.04610288 0.01897192 0.01385331
v -0.04583936 0.01897156 0.01500439
v -0.04531985 0.01824092 0.01606518
v -0.04538553 0.01849138 0.01609432
v -0.04569602 0.01823985 0.01494652
v -0.04576194 0.01849085 0.01497316
v -0.0459603 0.01824033 0.01380097
v -0.04602587 0.01849138 0.01382505
v -0.04602372 0.01799011 0.01146477
v -0.04594326 0.01773595 0.009146213
v -0.04592901 0.01772707 0.01143586
v -0.04581964 0.01745897 0.01140254
v -0.04572123 0.01719456 0.009091854
v -0.04569631 0.01718622 0.01136493
v -0.04523712 0.0179845 0.0160284
v -0.04561316 0.01798284 0.01491302
v -0.04587793 0.0179829 0.01377069
v -0.04607355 0.01873552 0.01384264
v -0.04580998 0.01873499 0.01499259
v -0.04546284 0.01897162 0.01612854
v -0.04543352 0.01873517 0.0161156
v -0.0445854 0.01873636 0.01832801
v -0.04447263 0.01824456 0.01826858
v -0.04429239 0.01772999 0.01817363
v -0.04574453 0.01708769 0
v -0.04604578 0.01795834 0
v -0.04612916 0.01827692 0
v -0.04620409 0.01865559 0
v -0.04621899 0.01875805 0
v -0.04513472 0.01606816 0.008947074
v -0.04541146 0.01663017 0.01127797
v -0.04567158 0.01718211 0.0125032
v -0.04566574 0.01745218 0.01369261
v -0.04553759 0.01718026 0.01364547
v -0.04537969 0.01662713 0.01240539
v -0.04524099 0.01662683 0.01353627
v -0.04489654 0.01606523 0.01340937
v -0.04497241 0.01663058 0.0146535
v -0.04508084 0.01606476 0.01117658
v -0.04471063 0.01549583 0.01106297
v -0.04451048 0.01550132 0.01326727
v -0.04430741 0.01492941 0.01093888
v -0.04424726 0.01493322 0.01202517
v -0.04405105 0.01719826 0.01804667
v -0.04513818 0.01772296 0.01598447
v -0.04502397 0.01745671 0.01593369
v -0.04551416 0.01772034 0.01487284
v -0.0457794 0.01771998 0.01373445
v -0.04600667 0.0179857 0.01261538
v -0.04608792 0.01824301 0.0126425
v -0.04615241 0.01849383 0.01266402
v -0.0461995 0.01873743 0.01267957
v -0.04622828 0.01897299 0.01268923
v -0.04259711 0.01897329 0.02263492
v -0.04461461 0.01897192 0.01834326
v -0.0436297 0.01873791 0.02049607
v -0.04016906 0.01897525 0.02670866
v -0.04129767 0.01825988 0.0245921
v -0.04245895 0.01825398 0.02253711
v -0.04228335 0.01774793 0.02241301
v -0.04351806 0.01824897 0.02042758
v -0.03685998 0.01730293 0.02995592
v -0.03707093 0.01779818 0.03019791
v -0.03851664 0.01778388 0.02835065
v -0.0372281 0.01828235 0.03037995
v -0.03867954 0.018274 0.02851843
v -0.03873836 0.0185132 0.02857941
v -0.04009771 0.01850813 0.02664315
v -0.04014194 0.01874452 0.02668374
v -0.04140532 0.01874196 0.02467912
v -0.04003697 0.01826655 0.0265876
v -0.03986912 0.0177707 0.02643418
v -0.03964418 0.01726186 0.02622973
v -0.03476506 0.01432418 0.0276739
v -0.03558599 0.0152921 0.0285415
v -0.03828775 0.01518452 0.02502977
v -0.03629851 0.01629561 0.02932262
v -0.03904575 0.01622265 0.02569371
v -0.03936779 0.01674431 0.02598083
v -0.04175961 0.01669526 0.02204537
v -0.04204821 0.01722675 0.02224743
v -0.03348529 0.01686352 0.03305464
v -0.03660076 0.01680082 0.02966153
v -0.04256874 0.0187397 0.02261477
v -0.03553593 0.01781356 0.03197211
v -0.03568667 0.01829135 0.03216791
v -0.03728497 0.01851892 0.03044605
v -0.03878134 0.01874756 0.02862375
v -0.04260271 0.01500415 0.01729267
v -0.04341065 0.0161041 0.01771169
v -0.0442509 0.01608115 0.01559096
v -0.04459726 0.01663756 0.01574426
v -0.04386252 0.01552283 0.01541954
v -0.04325598 0.0127263 0
v -0.0429961 0.01273351 0.004183948
v -0.04339569 0.01292198 0
v -0.04379355 0.01378685 0.004293799
v -0.04398334 0.01378858 0
v -0.04525929 0.01600801 0
v -0.04520547 0.01590049 0
v -0.04439949 0.01492369 0.008763492
v -0.04467922 0.01492661 0
v -0.04465138 0.01487839 0
v -0.04312163 0.012542 0
v -0.04270094 0.01198983 0
v -0.04220676 0.01180821 0.004069209
v -0.04254215 0.01179164 0
v -0.04195499 0.01109808 0
v -0.04186606 0.01099735 0
v -0.04179775 0.01186615 0.008091092
v -0.04268151 0.01277428 0.008324563
v -0.04356527 0.01380962 0.008552312
v -0.04119139 0.0119583 0.0120489
v -0.04051172 0.01202052 0.0139628
v -0.04218477 0.01284188 0.0124129
v -0.04408931 0.0149405 0.01311236
v -0.04343861 0.01496815 0.01523292
v -0.04251009 0.01389133 0.01482611
v -0.04167819 0.01394063 0.0168187
v -0.04068791 0.01295554 0.0163185
v -0.03875541 0.01309508 0.02002388
v -0.03972834 0.01405358 0.02066069
v -0.03647774 0.01325285 0.02351909
v -0.04527086 0.01718211 0.01477426
v -0.04489523 0.01718664 0.01587653
v -0.04375505 0.01665455 0.01789152
v -0.04142361 0.01615834 0.02181178
v -0.04063397 0.01508766 0.02126973
v -0.03741633 0.01418268 0.02428823
v -0.03387814 0.01342386 0.0267809
v -0.04151719 0.01289427 0.01439487
v -0.04316806 0.01385098 0.01277381
v -0.0433427 0.01383721 0.01172071
v -0.04342705 0.01382684 0.0106666
v -0.02330559 0.002999961 0.02395564
v -0.02676463 0.002999961 0.02076596
v -0.02879405 0.00999999 -0.1946007
v -0.02879405 0.002999961 -0.1946007
v -0.0292052 0.009976983 -0.1928265
v -0.02939242 0.002999961 -0.1919605
v -0.03013169 0.009703159 -0.1881332
v -0.03051441 0.002999961 -0.1858501
v -0.03257638 0.002999961 -0.1690378
v -0.03329205 0.004633963 -0.1613585
v -0.03306496 0.005131483 -0.1638983
v -0.03207653 0.002999961 -0.1738364
v -0.03229749 0.006857812 -0.1717728
v -0.03207778 0.007313787 -0.1738238
v -0.03104889 0.002999961 -0.1822484
v -0.03118777 0.00878793 -0.1812286
v -0.03051602 0.009461641 -0.1858391
v -0.03458768 0.002999961 -0.145
v -0.03448438 0.003012955 -0.1464222
v -0.03403788 0.002999961 -0.1523343
v -0.0339365 0.003474116 -0.1536239
v -0.03358399 0.004048407 -0.157952
v 0.01277333 0.002999961 -0.2051074
v 0.01308757 0.002999961 -0.2056709
v -0.00557661 0.002999961 -0.2268337
v -0.01250898 0.002999961 -0.2223899
v -0.01361715 0.002999961 -0.221414
v -0.008707702 0.002999961 -0.225193
v -0.003141105 0.002999961 -0.2276417
v -0.001393735 0.002999961 -0.2279351
v -0.02777457 0.00999999 -0.1983644
v -0.02587121 0.00999999 -0.2036748
v -0.02751934 0.002999961 -0.1991873
v -0.02777457 0.002999961 -0.1983644
v -0.01756668 0.00999999 -0.2173408
v -0.01981449 0.002999961 -0.2145503
v -0.02080112 0.00999999 -0.2131823
v -0.02080112 0.002999961 -0.2131823
v -0.0221309 0.00999999 -0.2111338
v -0.02254748 0.002999961 -0.2104259
v -0.02325308 0.00999999 -0.2091453
v -0.02325308 0.002999961 -0.2091453
v -0.02433413 0.00999999 -0.2070307
v -0.02528285 0.002999961 -0.2050255
v -0.02587121 0.002999961 -0.2036748
v -0.01519668 0.00999999 -0.2198994
v -0.01601988 0.002999961 -0.2190508
v -0.01756668 0.002999961 -0.2173408
v 0.008501768 0.002999961 -0.1967836
v 0.00826323 0.01000338 -0.1962689
v 0.006529629 0.002999961 -0.1922712
v 0.005501568 0.01000183 -0.1896291
v 0.005501866 0.002999961 -0.1896291
v 0.005328774 0.01000177 -0.1891587
v 0.00398004 0.002999961 -0.1851456
v 0.003699243 0.01000094 -0.1842149
v 0.003194808 0.002999961 -0.1824337
v 0.003194749 0.01000064 -0.1824337
v 0.002057552 0.002999961 -0.1776888
v 0.001899421 0.01000005 -0.1769155
v 0.001679122 0.002999961 -0.1757715
v 0.001679122 0.00999999 -0.1757715
v 0.001492679 0.002999961 -0.1747335
v 0.009830594 0.002999961 -0.1995364
v 0.01023381 0.01000422 -0.2003377
v 0.00850141 0.0100035 -0.1967837
v 0.000390065 0.002999961 -0.1660068
v 0.000729485 0.002999961 -0.1694311
v 0.000441302 0.008617877 -0.166604
v 0.001491904 0.009976089 -0.1747289
v 0.001444578 0.009962201 -0.1744537
v 0.001033484 0.00968784 -0.1718055
v 0.000389552 0.008461236 -0.1660004
v 0.000217323 0.00779891 -0.1636239
v 7.56074e-05 0.002999961 -0.160842
v 6.00385e-05 0.006830573 -0.1604363
v -2.56799e-05 0.002999961 -0.1568713
v 4.21028e-05 0.003611922 -0.1495572
v 1.15088e-05 0.002999961 -0.150765
v -2.36615e-05 0.004456341 -0.152799
v -2.56932e-05 0.005700588 -0.1568707
v 0.000155008 0.003070533 -0.1463665
v 0.000167282 0.003045022 -0.1460805
v 0.000216705 0.002999961 -0.145
v 0.02101713 0.01212882 -0.04451006
v 0.02168864 0.01223278 -0.04362469
v 0.02208495 0.01139611 -0.0433765
v 0.0249632 0.0127815 -0.03901875
v 0.02562618 0.01285219 -0.03809607
v 0.02569371 0.01192873 -0.03775393
v 0.01768553 0.01081711 -0.04950982
v 0.01705366 0.01072835 -0.05036222
v 0.01620304 0.01144009 -0.05037641
v 0.02099204 0.008753657 -0.04649829
v 0.02073884 0.00926572 -0.04659378
v 0.0217936 0.009378314 -0.04473352
v 0.01620423 0.009600281 -0.05308717
v 0.01672774 0.009750068 -0.05213093
v 0.01715511 0.009335756 -0.05213445
v 0.01338368 0.00819385 -0.06034767
v 0.01392 0.008682787 -0.05819517
v 0.01485502 0.007986247 -0.05825418
v 0.01086241 0.007831096 -0.06699997
v 0.01036077 0.008087694 -0.06700003
v 0.01094746 0.008243501 -0.06466919
v 0.01740807 0.005914092 -0.05616748
v 0.01661473 0.005748808 -0.05829703
v 0.01635134 0.0062536 -0.05830383
v 0.01774483 0.00476855 -0.05610913
v 0.0185545 0.004848778 -0.05399501
v 0.01858854 0.004538774 -0.05396527
v 0.01646018 0.01671236 -0.04609256
v 0.02091634 0.01572495 -0.04385322
v 0.02058696 0.01640278 -0.04401916
v 0.02164793 0.01662117 -0.0432887
v 0.01182913 0.01397192 -0.05005401
v 0.01091706 0.01437085 -0.04989683
v 0.01305663 0.01484835 -0.04864978
v 0.005919814 0.009677886 -0.06573653
v 0.009026229 0.01208609 -0.05446714
v 0.008319854 0.0118137 -0.05541288
v 0.006056249 0.01228308 -0.05507069
v 0.02305519 0.01542037 -0.04202795
v 0.0239641 0.0155844 -0.04118382
v 0.02412164 0.01422101 -0.0405752
v 0.0214948 0.01262825 -0.04374355
v 0.02347803 0.01338016 -0.04118406
v 0.02418595 0.0135073 -0.04026669
v 0.0242359 0.01310706 -0.04011189
v 0.01369357 0.01245641 -0.0510953
v 0.01449191 0.01261466 -0.05033075
v 0.01534307 0.01207393 -0.05036604
v 0.009372591 0.00998491 -0.06005215
v 0.009351313 0.00939691 -0.06230354
v 0.007435858 0.00993812 -0.06218034
v 0.01389914 0.01176792 -0.05199038
v 0.01487052 0.01117664 -0.05206078
v 0.01427882 0.01097691 -0.05297875
v 0.04614371 0.01870369 -0.01152908
v 0.04619991 0.01886498 -0.01155781
v 0.04534286 0.01826679 -0.01551353
v 0.04570287 0.01826393 -0.01418358
v 0.04550343 0.01799798 -0.01412558
v 0.04579061 0.01840537 -0.01421242
v 0.04399549 0.01856833 -0.01944047
v 0.04504066 0.01855897 -0.01687002
v 0.04488986 0.01827186 -0.01681429
v 0.04368054 0.01802295 -0.01931226
v 0.04250741 0.01803737 -0.0218389
v 0.04266721 0.01829659 -0.02190876
v 0.03753787 0.01322495 -0.01507115
v 0.03701061 0.01276671 -0.01493173
v 0.03573662 0.01283013 -0.01962536
v 0.03870946 0.0157274 -0.0233404
v 0.03981059 0.01570755 -0.02093565
v 0.03774863 0.0144059 -0.02028697
v 0.03990739 0.01892066 -0.02707076
v 0.04045361 0.01716738 -0.02400171
v 0.03905034 0.01718801 -0.0263822
v 0.03939628 0.0176059 -0.02655023
v 0.03648918 0.01875591 -0.03147834
v 0.03649395 0.0189011 -0.03152149
v 0.03830778 0.01889598 -0.02928614
v 0.03751039 0.01720827 -0.0286839
v 0.03583788 0.0172286 -0.03089189
v 0.03609693 0.01764392 -0.0310769
v 0.03034609 0.01838856 -0.03732764
v 0.03032237 0.0181474 -0.03723424
v 0.0281248 0.0181626 -0.03895843
v 0.03072196 0.0137434 -0.03196316
v 0.03003263 0.01374042 -0.03294807
v 0.03048205 0.0144546 -0.0333631
v 0.0323562 0.01333099 -0.02869713
v 0.03208708 0.01288175 -0.02849143
v 0.03092026 0.01288491 -0.0305438
v 0.02787446 0.01372677 -0.03578436
v 0.02712708 0.01372098 -0.03668302
v 0.02722752 0.01409274 -0.03687202
v 0.03486996 0.01186954 -0.01928997
v 0.02695274 0.0119394 -0.03592872
v 0.02700626 0.01286792 -0.03630578
v 0.02836352 0.01287627 -0.03445863
v 0.03327697 0.009759068 -0.01862138
v 0.03256177 0.008587658 -0.01829081
v 0.03157949 0.008633255 -0.02265501
v 0.03214687 0.009808003 -0.02303051
v 0.03030961 0.008666574 -0.02686291
v 0.03293585 0.007115185 -0.004435718
v 0.01609253 0.002999842 -0.06099528
v 0.01434791 0.002999961 -0.06699997
v 0.01434487 0.003164291 -0.06699997
v 0.01432842 0.00341475 -0.06699997
v 0.01498377 0.003429234 -0.06476187
v 0.02648288 0.003740668 -0.03340423
v 0.02659636 0.00449723 -0.03363448
v 0.02804642 0.004499435 -0.02966803
v 0.02673143 0.005995512 -0.03404718
v 0.02825546 0.005993247 -0.03008836
v 0.02666723 0.002999961 -0.03263366
v 0.02645021 0.003367066 -0.03329205
v 0.02715164 0.002999961 -0.03132277
v 0.02789139 0.003368258 -0.02932953
v 0.02902442 0.002999961 -0.02564632
v 0.0291357 0.003369212 -0.02532655
v 0.02903622 0.002999961 -0.02560317
v 0.03005522 0.003369927 -0.02122682
v 0.03127205 0.003368616 -0.01275318
v 0.03130596 0.002999961 -0.01222515
v 0.03075259 0.003369987 -0.01704055
v 0.03033936 0.002999961 -0.01953768
v 0.03028011 0.002999961 -0.01987946
v 0.03158634 0.002999961 -0.008308708
v 0.03135818 0.002999961 -0.0116502
v 0.03131252 0.003739774 -0.01282483
v 0.02792489 0.003742635 -0.02944022
v 0.02917337 0.003743827 -0.0254333
v 0.03009587 0.003744423 -0.02132511
v 0.0307936 0.003743529 -0.01712602
v 0.02930772 0.004499316 -0.0256524
v 0.03023952 0.00449723 -0.02152609
v 0.03094083 0.004491925 -0.01730006
v 0.03146016 0.004480779 -0.01296997
v 0.03170442 0.003719449 -0.004131913
v 0.03165549 0.002999961 -0.004066944
v 0.03166413 0.002999961 -0.004682183
v 0.0316658 0.002999961 -0.005001962
v 0.03163599 0.003730118 -0.008419632
v 0.0318371 0.00443387 -0.004195809
v 0.03177571 0.004458785 -0.008530199
v 0.03203725 0.005133748 -0.004257917
v 0.03198021 0.00517416 -0.00863707
v 0.03229349 0.00581485 -0.004318237
v 0.03223896 0.005870759 -0.008740842
v 0.03288602 0.007198154 -0.008943438
v 0.02959638 0.005984961 -0.02606326
v 0.03060042 0.005971789 -0.0219075
v 0.03135824 0.005951583 -0.01763361
v 0.0319209 0.005919933 -0.01325112
v 0.03277695 0.007239878 -0.01124769
v 0.02868461 0.00868982 -0.030896
v 0.02687168 0.008701026 -0.03481096
v 0.02791553 0.009870707 -0.03326135
v 0.02890002 0.00986588 -0.03129869
v 0.02913129 0.01094412 -0.03170615
v 0.02984035 0.009856879 -0.0293008
v 0.0301702 0.01093786 -0.02971094
v 0.03070598 0.009842872 -0.02726399
v 0.03113251 0.0109263 -0.02766966
v 0.03275811 0.01089531 -0.02340984
v 0.03341114 0.01191109 -0.02379196
v 0.03404873 0.01084846 -0.01895469
v 0.03504478 0.01077723 -0.01436883
v 0.03537654 0.01073896 -0.01197052
v 0.0335592 0.008486628 -0.01148873
v 0.0341416 0.009688317 -0.01408749
v 0.0333057 0.008523225 -0.01380777
v 0.03748536 0.01269102 -0.009923815
v 0.03548938 0.01056689 -0.004773199
v 0.0354529 0.01068794 -0.009532272
v 0.0337044 0.008334934 -0.00454998
v 0.03365826 0.008437454 -0.009141445
v 0.0270496 0.01330959 -0.03649461
v 0.02776509 0.01331502 -0.03558897
v 0.02846759 0.01331996 -0.03466004
v 0.02915662 0.01332437 -0.03370952
v 0.026919 0.01094722 -0.03555399
v 0.02819162 0.01194292 -0.03405648
v 0.02967077 0.01288259 -0.0325334
v 0.03195661 0.01445513 -0.03137689
v 0.03139299 0.013745 -0.0309605
v 0.02877277 0.01410174 -0.03506159
v 0.02860814 0.01373189 -0.03486067
v 0.02932733 0.01373642 -0.03391391
v 0.03134822 0.01580494 -0.03418868
v 0.03304678 0.0157929 -0.03220278
v 0.02893614 0.01445096 -0.03526359
v 0.02956467 0.01581567 -0.03606873
v 0.033468 0.01332622 -0.02656656
v 0.03383034 0.01374065 -0.02676457
v 0.03488647 0.01373314 -0.02455484
v 0.03460901 0.0144453 -0.02716016
v 0.03576594 0.014436 -0.02493262
v 0.0361213 0.01576316 -0.02794086
v 0.03747671 0.01574623 -0.02567648
v 0.0298326 0.01332813 -0.03274118
v 0.03049337 0.01333081 -0.0317552
v 0.03113675 0.01333218 -0.03075265
v 0.03266614 0.01374471 -0.02890139
v 0.0333389 0.01445174 -0.0293104
v 0.03464299 0.01577872 -0.03011906
v 0.02809113 0.01771801 -0.0387721
v 0.03023815 0.01770043 -0.03704535
v 0.02803248 0.01730525 -0.03858464
v 0.03012591 0.01728731 -0.03685396
v 0.02787989 0.01654016 -0.03820705
v 0.02985972 0.0165255 -0.03646486
v 0.02770477 0.01582425 -0.03782659
v 0.03249871 0.01863485 -0.03555428
v 0.03247559 0.01837509 -0.0354619
v 0.03242897 0.01813143 -0.03536856
v 0.03229612 0.01768159 -0.03517907
v 0.03213226 0.017268 -0.03498631
v 0.03404104 0.01724857 -0.03299576
v 0.03425353 0.01766294 -0.03318619
v 0.03454947 0.01890635 -0.03364533
v 0.03453189 0.01905214 -0.03368967
v 0.03648048 0.01904726 -0.0315681
v 0.03454422 0.01862508 -0.03355562
v 0.0399608 0.01874077 -0.02691292
v 0.03992664 0.01859581 -0.02687376
v 0.03826904 0.01860547 -0.02920341
v 0.03982847 0.01832199 -0.02679461
v 0.03818804 0.01833516 -0.02911955
v 0.0397014 0.01806777 -0.0267142
v 0.03807944 0.01808363 -0.02903455
v 0.03781414 0.01762491 -0.02886122
v 0.04143798 0.01858621 -0.02446091
v 0.04132413 0.01830893 -0.02438706
v 0.04118013 0.01805222 -0.02431195
v 0.02689677 0.009875118 -0.03518193
v 0.02804458 0.01094615 -0.03365695
v 0.02938652 0.011945 -0.03211832
v 0.03052902 0.01194292 -0.03012603
v 0.03159219 0.01193535 -0.02807956
v 0.03314745 0.01287513 -0.026367
v 0.03447455 0.01331794 -0.02436578
v 0.03584212 0.01372069 -0.02228564
v 0.03743177 0.01273441 -0.01245391
v 0.03857064 0.01361691 -0.01269382
v 0.03929865 0.01435238 -0.01548278
v 0.03810477 0.01364523 -0.01520884
v 0.03669255 0.01370334 -0.01995736
v 0.0361936 0.01328593 -0.01979213
v 0.03538417 0.01330441 -0.02210748
v 0.03496861 0.01285022 -0.02192759
v 0.03410476 0.01286518 -0.02417492
v 0.04078179 0.01568531 -0.01848185
v 0.04163926 0.0156567 -0.01601892
v 0.04199934 0.01564568 -0.01474618
v 0.03981065 0.01432949 -0.01293385
v 0.04225856 0.0156399 -0.01341581
v 0.0398454 0.01430034 -0.01031965
v 0.03861272 0.01357936 -0.01012033
v 0.03175735 0.01650905 -0.03459233
v 0.03356343 0.01649188 -0.03260481
v 0.03526222 0.01647365 -0.03051131
v 0.0368402 0.01645439 -0.02831846
v 0.03829032 0.01643455 -0.02603542
v 0.03961068 0.01641374 -0.02367705
v 0.0407921 0.01639306 -0.02124828
v 0.04183501 0.01637119 -0.0187686
v 0.04275339 0.01634472 -0.01627582
v 0.04314303 0.01633477 -0.01499187
v 0.04343038 0.01632988 -0.01365482
v 0.04287606 0.01888084 -0.02204555
v 0.04288941 0.01904141 -0.0220831
v 0.04410624 0.01918286 -0.01956236
v 0.04509884 0.01871204 -0.01689749
v 0.04284346 0.01872622 -0.02201169
v 0.04514062 0.01887094 -0.01692479
v 0.04083853 0.01758688 -0.02415883
v 0.04213213 0.01756876 -0.0216962
v 0.04327523 0.01755088 -0.01918071
v 0.04427617 0.01753103 -0.01664173
v 0.04279541 0.01857715 -0.02197766
v 0.04385435 0.01828461 -0.01937681
v 0.04470539 0.01800727 -0.01675754
v 0.04515182 0.01800131 -0.0154581
v 0.04493868 0.01775473 -0.01540195
v 0.04470908 0.01752352 -0.01534515
v 0.04171127 0.01714754 -0.02155005
v 0.04282224 0.01712757 -0.01904606
v 0.04379725 0.0171048 -0.0165227
v 0.04421591 0.01709628 -0.01522976
v 0.04453426 0.01709192 -0.01389169
v 0.04563033 0.01903337 -0.01564908
v 0.04563575 0.01911646 -0.01566243
v 0.0460177 0.01911616 -0.01434165
v 0.04516273 0.01903718 -0.01695531
v 0.04598414 0.01855212 -0.01356393
v 0.04581475 0.01826268 -0.01350528
v 0.0454263 0.01840806 -0.01554101
v 0.04549968 0.0185554 -0.01556831
v 0.04586797 0.01855307 -0.01424121
v 0.04556053 0.01870918 -0.01559537
v 0.04593294 0.01870733 -0.01427
v 0.045605 0.01886892 -0.01562231
v 0.04598134 0.01886767 -0.01429867
v 0.04601055 0.01903259 -0.01432728
v 0.04614114 0.01911598 -0.01366645
v 0.04605132 0.0187065 -0.01359319
v 0.04610174 0.01886707 -0.01362252
v 0.04613298 0.01903229 -0.01365172
v 0.04621803 0.0191158 -0.0129835
v 0.04528176 0.01775097 -0.01406753
v 0.04567176 0.01799494 -0.01276212
v 0.04587966 0.01826137 -0.01282089
v 0.0460534 0.01855111 -0.01287984
v 0.04612272 0.01870572 -0.01290947
v 0.04617542 0.01886641 -0.01293897
v 0.04620879 0.01903206 -0.01296859
v 0.04518759 0.01751112 -0.01127439
v 0.04519599 0.01751613 -0.01264494
v 0.04504382 0.01751965 -0.01400905
v 0.04623681 0.01903134 -0.01158666
v 0.04607081 0.0185486 -0.01150041
v 0.04588997 0.01825815 -0.01144337
v 0.04567527 0.01799112 -0.01138681
v 0.04624778 0.01911538 -0.01160115
v 0.04465305 0.01708215 -0.01116353
v 0.04231178 0.01562285 -0.01073259
v 0.03981792 0.01419776 -0.005213439
v 0.03632003 0.0180996 -0.03125804
v 0.03640896 0.01834845 -0.03134697
v 0.0364716 0.01861524 -0.03143489
v 0.03829514 0.01874834 -0.02924489
v 0.03998064 0.01889073 -0.02695184
v 0.04150646 0.01917803 -0.02460211
v 0.03443259 0.01811558 -0.03337299
v 0.03450083 0.01836174 -0.03346484
v 0.01380729 0.0107007 -0.05397188
v 0.01328742 0.01046419 -0.05496054
v 0.01118803 0.01140141 -0.05474728
v 0.009996712 0.01091498 -0.05671477
v 0.01221883 0.01005887 -0.0569517
v 0.009614288 0.01062244 -0.05780708
v 0.01183593 0.009803235 -0.05802804
v 0.01144331 0.009223103 -0.06021738
v 0.01120966 0.008681178 -0.06241583
v 0.01175779 0.0116862 -0.05376923
v 0.00964725 0.01241648 -0.05348891
v 0.0122568 0.01201808 -0.05278086
v 0.01017481 0.0128051 -0.05249345
v 0.01055544 0.01116585 -0.0557028
v 0.007708013 0.01152974 -0.05642855
v 0.007325649 0.01121002 -0.05754625
v 0.007204592 0.01087284 -0.05870699
v 0.007238984 0.01054298 -0.05986398
v 0.02084738 0.01122188 -0.04517942
v 0.01965522 0.01193159 -0.04623723
v 0.02033901 0.01202875 -0.04538071
v 0.01858192 0.01327139 -0.04652184
v 0.02560681 0.01329165 -0.03826749
v 0.02491408 0.01321589 -0.03918236
v 0.02489489 0.01362252 -0.03934514
v 0.02561902 0.01370257 -0.03843843
v 0.02490061 0.01342386 -0.03926378
v 0.02560883 0.01350188 -0.0383529
v 0.02334892 0.01408213 -0.04147267
v 0.02257162 0.01393967 -0.04235649
v 0.02214175 0.01524925 -0.04285526
v 0.02151215 0.01444005 -0.04345291
v 0.02122223 0.01507663 -0.04366368
v 0.02489537 0.014346 -0.03967231
v 0.02488768 0.01503646 -0.04000133
v 0.02574491 0.0151267 -0.03913301
v 0.005394697 0.01196807 -0.05610162
v 0.005013883 0.01162594 -0.05725562
v 0.004952967 0.01127833 -0.05846196
v 0.005081892 0.01094675 -0.05966162
v 0.005494952 0.01034653 -0.06205195
v 0.005218625 0.00972706 -0.06700032
v 0.005818605 0.009595692 -0.06700038
v 0.007109642 0.0092718 -0.06700032
v 0.007575631 0.009266376 -0.06576579
v 0.008107244 0.008975446 -0.06700009
v 0.009202539 0.008748531 -0.0657953
v 0.009006142 0.008664011 -0.06699997
v 0.009289503 0.008919298 -0.06461101
v 0.007578372 0.0094437 -0.06454986
v 0.005839765 0.009854972 -0.06448829
v 0.01272642 0.01027017 -0.05593448
v 0.008055746 0.0134294 -0.05211001
v 0.008891642 0.01380574 -0.05126297
v 0.007501184 0.01297259 -0.05312907
v 0.006832242 0.01259255 -0.05412209
v 0.01361936 0.01310205 -0.05026882
v 0.01193755 0.0127117 -0.05177843
v 0.0127303 0.01355171 -0.05017727
v 0.01093053 0.01311111 -0.05163425
v 0.009914278 0.01347357 -0.05146265
v 0.0183205 0.01089996 -0.04865741
v 0.016891 0.01154649 -0.0495575
v 0.01758301 0.01164603 -0.04873865
v 0.01609164 0.01219904 -0.04958099
v 0.0168454 0.01231622 -0.04879605
v 0.0153051 0.01275742 -0.04957938
v 0.01612442 0.01289117 -0.0488286
v 0.01449704 0.01326429 -0.04955053
v 0.01538217 0.01341682 -0.04883372
v 0.01367193 0.01373702 -0.04949098
v 0.01462221 0.01391178 -0.04880768
v 0.01384747 0.0143857 -0.0487473
v 0.01521879 0.01529812 -0.04739761
v 0.01629954 0.01551955 -0.04675525
v 0.01588368 0.0147714 -0.04742705
v 0.01689982 0.01496094 -0.04674834
v 0.01652824 0.01424497 -0.04741907
v 0.01747828 0.01440858 -0.04670482
v 0.017156 0.01370692 -0.04737669
v 0.0180391 0.01384955 -0.04662805
v 0.01776552 0.01314562 -0.04730349
v 0.01737779 0.01574039 -0.04609817
v 0.01845222 0.01596117 -0.04542404
v 0.01791232 0.01515024 -0.0460534
v 0.01891988 0.01534044 -0.04534006
v 0.01842397 0.01457262 -0.04597389
v 0.01936376 0.0147382 -0.04522407
v 0.01891762 0.0139932 -0.04586303
v 0.01978993 0.01413887 -0.04507935
v 0.01939368 0.01339834 -0.04572439
v 0.02019912 0.01352798 -0.04490935
v 0.02132141 0.01299875 -0.04385799
v 0.0221889 0.01274436 -0.04285508
v 0.02301234 0.01245307 -0.04181379
v 0.02190601 0.01591807 -0.04308122
v 0.02289044 0.01610767 -0.04228973
v 0.02387112 0.01628744 -0.04147994
v 0.02270478 0.01683324 -0.0425387
v 0.02375882 0.01703184 -0.04176914
v 0.01952201 0.01618224 -0.04473102
v 0.01992118 0.01553207 -0.04460644
v 0.02029651 0.0149061 -0.04445374
v 0.02065467 0.01428771 -0.0442757
v 0.02099704 0.0136612 -0.0440756
v 0.02204662 0.01312249 -0.04298102
v 0.02287673 0.0128647 -0.04195332
v 0.009981811 0.01476311 -0.04970413
v 0.01223391 0.01531749 -0.04851245
v 0.01178753 0.01556652 -0.04842787
v 0.0129522 0.01585602 -0.04785364
v 0.0133726 0.01558363 -0.04792267
v 0.01451396 0.01584649 -0.04732722
v 0.01412045 0.0161429 -0.04727554
v 0.01565593 0.01610773 -0.04672211
v 0.0152902 0.01642829 -0.04668939
v 0.01679706 0.01636809 -0.04610472
v 0.01762938 0.01699537 -0.04548293
v 0.02020668 0.0171411 -0.04415875
v 0.01907283 0.01688563 -0.04482442
v 0.01879721 0.01727616 -0.04485827
v 0.01793622 0.01662749 -0.04547286
v 0.02368789 0.01742982 -0.04191082
v 0.02477997 0.01760935 -0.04114562
v 0.02481395 0.01720285 -0.04098337
v 0.02580022 0.01582437 -0.03948438
v 0.02487444 0.01572901 -0.04033005
v 0.02584826 0.01654535 -0.03983706
v 0.02587914 0.01731216 -0.04019081
v 0.0258798 0.01772385 -0.04036808
v 0.0235958 0.01785469 -0.04205048
v 0.02246785 0.01763194 -0.04277324
v 0.02238929 0.01785105 -0.04282951
v 0.018628 0.01748543 -0.04487192
v 0.01980954 0.01777428 -0.04424452
v 0.0199638 0.01755309 -0.04421788
v 0.02099061 0.01805526 -0.04360079
v 0.02124208 0.01760214 -0.0435189
v 0.02112925 0.0178231 -0.04356062
v 0.02229362 0.01808118 -0.04288458
v 0.02217143 0.0183233 -0.04293864
v 0.0280534 0.01892173 -0.03923535
v 0.02810496 0.0186541 -0.03914344
v 0.02578854 0.01864957 -0.04072278
v 0.02583289 0.01840084 -0.04063415
v 0.0246219 0.01852065 -0.04146796
v 0.02468222 0.01827633 -0.04138761
v 0.02345746 0.01831907 -0.04218775
v 0.02353543 0.01808094 -0.04211944
v 0.0233522 0.01856964 -0.04225552
v 0.02453333 0.01877826 -0.04154801
v 0.02571511 0.01891207 -0.04081147
v 0.0247246 0.01804423 -0.04130715
v 0.02585864 0.01816511 -0.04054546
v 0.02812498 0.0184015 -0.03905105
v 0.030348 0.01864475 -0.03742039
v 0.03031605 0.01891678 -0.0375123
v 0.0213384 0.0173915 -0.04347562
v 0.02637255 0.01371568 -0.03756427
v 0.0256527 0.01407611 -0.03861027
v 0.0264396 0.01408839 -0.03774529
v 0.02568536 0.01443153 -0.03878366
v 0.02732694 0.01444512 -0.0370624
v 0.01487183 0.004285097 -0.06477767
v 0.0149542 0.00385946 -0.06477242
v 0.01426422 0.003857791 -0.06700003
v 0.0156461 0.003461062 -0.06254112
v 0.01422315 0.004045546 -0.06700003
v 0.01417446 0.004230082 -0.06700003
v 0.01474004 0.004701018 -0.0647785
v 0.01563733 0.003926575 -0.06256771
v 0.01560837 0.004158735 -0.06257712
v 0.01556146 0.004389286 -0.06258368
v 0.01542401 0.004842638 -0.06259089
v 0.01405465 0.004588544 -0.06700009
v 0.0140413 0.004623115 -0.06700009
v 0.01456731 0.005102515 -0.06477725
v 0.01385772 0.005029976 -0.06700015
v 0.01374709 0.005233705 -0.06700015
v 0.01435554 0.005486547 -0.06477373
v 0.01366937 0.005364418 -0.06700015
v 0.01359337 0.005483925 -0.06700015
v 0.0138325 0.006195247 -0.06476104
v 0.01850688 0.002999961 -0.05375891
v 0.01754397 0.002999842 -0.05646461
v 0.01859605 0.004227519 -0.05392915
v 0.01704216 0.004113316 -0.05821251
v 0.01701933 0.004393339 -0.05823642
v 0.01697212 0.004671812 -0.05825483
v 0.02021479 0.004986882 -0.04985678
v 0.02023476 0.004652619 -0.04980862
v 0.0202285 0.004317522 -0.0497539
v 0.02014964 0.003650546 -0.04962784
v 0.01899945 0.002999961 -0.0524317
v 0.02011448 0.003322184 -0.04956656
v 0.02105695 0.002999961 -0.04707276
v 0.01682114 0.005219638 -0.05828046
v 0.01760411 0.005350828 -0.05614316
v 0.01842808 0.00546056 -0.05404156
v 0.01926505 0.005591869 -0.0519647
v 0.01328814 0.005904436 -0.06700015
v 0.01317965 0.006035864 -0.06700015
v 0.01320493 0.006818175 -0.06474262
v 0.01293939 0.00630182 -0.06700009
v 0.01255369 0.006672143 -0.06699991
v 0.012501 0.007360637 -0.06472051
v 0.01216393 0.006994128 -0.06699979
v 0.01195394 0.007150948 -0.06699979
v 0.01524019 0.005280852 -0.06259369
v 0.01501047 0.005699694 -0.06259161
v 0.0147404 0.006096959 -0.06258541
v 0.01443505 0.006470859 -0.06257551
v 0.01373732 0.007146239 -0.06254696
v 0.01295113 0.007732093 -0.06250953
v 0.01162731 0.007375836 -0.06699979
v 0.01174342 0.007832229 -0.06469589
v 0.01603764 0.006730914 -0.05830192
v 0.01567983 0.0071792 -0.05829244
v 0.0152837 0.007597327 -0.05827623
v 0.01824831 0.006053328 -0.0540784
v 0.01715427 0.006452143 -0.05618101
v 0.01684945 0.006961405 -0.05618512
v 0.01650017 0.007440209 -0.05618095
v 0.01611208 0.007887721 -0.05616927
v 0.01569157 0.008304655 -0.05615115
v 0.01524382 0.008692741 -0.05612725
v 0.0147733 0.009054064 -0.05609816
v 0.01575309 0.009383738 -0.05409383
v 0.01620072 0.008996725 -0.05411142
v 0.01662653 0.008582592 -0.05412346
v 0.01756161 0.008894085 -0.05213218
v 0.01702636 0.008139133 -0.05412954
v 0.0179429 0.008422613 -0.05212402
v 0.01739454 0.007664442 -0.05412906
v 0.01829344 0.007919371 -0.05210912
v 0.01772499 0.007157981 -0.05412095
v 0.01860702 0.007383406 -0.05208665
v 0.01801162 0.006620347 -0.05410444
v 0.0188778 0.006815493 -0.05205577
v 0.01909935 0.006217062 -0.05201566
v 0.0199775 0.006287813 -0.05001622
v 0.02011948 0.005646944 -0.04994058
v 0.01480638 0.0100848 -0.05404323
v 0.01526749 0.01033139 -0.05304408
v 0.01582384 0.01050567 -0.05210733
v 0.01642972 0.01062858 -0.05122298
v 0.01728814 0.009852945 -0.05121845
v 0.01786202 0.009935379 -0.05032581
v 0.01824474 0.009503483 -0.05029964
v 0.01377785 0.00970453 -0.0560255
v 0.01326882 0.01154214 -0.05289071
v 0.01290655 0.00928384 -0.05811911
v 0.01243942 0.00874561 -0.06028765
v 0.0121029 0.008239865 -0.06246548
v 0.01860892 0.009044826 -0.05026829
v 0.01895052 0.008556842 -0.05023145
v 0.01926416 0.008037447 -0.05018872
v 0.01954358 0.007485628 -0.050139
v 0.01978337 0.00690186 -0.05008184
v 0.02122348 0.008211076 -0.04639858
v 0.02219295 0.008301973 -0.04449152
v 0.02142769 0.007636666 -0.04629391
v 0.02235949 0.007717192 -0.04436469
v 0.0215997 0.007030785 -0.04618346
v 0.02350562 0.005833983 -0.04196238
v 0.02267116 0.005779564 -0.04395067
v 0.02249795 0.007100701 -0.0442329
v 0.02182656 0.005731225 -0.04594177
v 0.02173453 0.006394386 -0.04606658
v 0.02334553 0.003344655 -0.04131656
v 0.02993816 0.007382214 -0.02646422
v 0.0310589 0.007356703 -0.02228182
v 0.03191411 0.007321119 -0.01796245
v 0.03255462 0.007270038 -0.01352941
v 0.02506667 0.004472911 -0.03760743
v 0.02348709 0.004410803 -0.04161584
v 0.02513808 0.005951881 -0.03799301
v 0.02352535 0.005127429 -0.04179716
v 0.02338188 0.003696203 -0.04141414
v 0.02186816 0.004357457 -0.04566282
v 0.02188742 0.004703581 -0.04573988
v 0.02188283 0.005048871 -0.04581087
v 0.02338415 0.007178366 -0.04227632
v 0.02511471 0.007347226 -0.03834635
v 0.02408808 0.008510529 -0.04063117
v 0.02314847 0.008401751 -0.04256904
v 0.01844155 0.01000809 -0.04944032
v 0.01902329 0.01007622 -0.04855531
v 0.01935672 0.009630262 -0.0484972
v 0.01960515 0.0101422 -0.04766696
v 0.01895576 0.01098001 -0.04780066
v 0.01827579 0.01174187 -0.0479145
v 0.01760029 0.01242899 -0.04800516
v 0.01694566 0.01301968 -0.0480715
v 0.01626956 0.01356339 -0.04811084
v 0.01557546 0.01408004 -0.04811877
v 0.01486539 0.01458036 -0.04809212
v 0.01413702 0.01507502 -0.04802781
v 0.02046877 0.00974965 -0.04668527
v 0.02133703 0.01034426 -0.04496282
v 0.02018553 0.01020807 -0.04677301
v 0.01958966 0.01105934 -0.04693651
v 0.01896715 0.0118364 -0.04708141
v 0.01835381 0.01253992 -0.04720413
v 0.02283257 0.00950098 -0.04284769
v 0.02385306 0.009634912 -0.04093647
v 0.02501225 0.008620798 -0.03868043
v 0.02467709 0.01081752 -0.03932338
v 0.02593278 0.008700788 -0.03673195
v 0.02577537 0.01094138 -0.03741317
v 0.02508741 0.01186847 -0.03869104
v 0.02431398 0.01267957 -0.03995579
v 0.02355855 0.01298695 -0.04103803
v 0.02276539 0.01325047 -0.04208976
v 0.0217877 0.01379853 -0.04322403
v 0.0244925 0.01178079 -0.03964084
v 0.02632755 0.01330441 -0.03738421
v 0.02631551 0.01286363 -0.03720366
v 0.02632266 0.01193743 -0.03684341
v 0.02358323 0.01065224 -0.04123502
v 0.02247059 0.01049149 -0.04311662
v 0.02097481 0.005688369 -0.04793721
v 0.02085787 0.006340742 -0.0480386
v 0.0206933 0.006966531 -0.04813104
v 0.02048712 0.007561922 -0.04821616
v 0.02024501 0.008125722 -0.0482946
v 0.01997214 0.008657455 -0.04836714
v 0.01967436 0.009158194 -0.04843443
v 0.01460689 0.01193463 -0.05116236
v 0.01292914 0.01226848 -0.05189663
v 0.03860956 0.01346057 -0.005102932
v 0.03750348 0.01256728 -0.004993379
v 0.0324859 0.01891154 -0.03564572
v -0.03215122 0.009201407 -0.1413003
v -0.03161102 0.009576916 -0.1413199
v -0.03123456 0.009605646 -0.146461
v -0.01573485 0.01830399 -0.1966224
v -0.01755082 0.01830345 -0.1916012
v -0.01263529 0.01849502 -0.1884557
v -0.006296217 0.01889175 -0.2035397
v -0.003409624 0.01929098 -0.2086481
v -0.005721807 0.01920861 -0.2101712
v -0.02430218 0.01067823 -0.207027
v -0.01664412 0.01643192 -0.2124328
v -0.01516115 0.01646894 -0.2145949
v -0.01624238 0.0157178 -0.2148612
v -0.01355594 0.01526999 -0.2188359
v -0.01407659 0.01482445 -0.2188349
v -0.01570671 0.01484286 -0.2169741
v -0.01124387 0.01559799 -0.2206422
v -0.01492983 0.01145797 -0.2200088
v -0.005750179 0.01290768 -0.1575357
v -0.00446105 0.01238483 -0.1573275
v -0.003904283 0.01449161 -0.1646558
v 0.004227221 0.01604068 -0.1941459
v 0.003856182 0.01637858 -0.194597
v 0.001883566 0.01632517 -0.1898092
v 0.01012432 0.01627939 -0.2071827
v -0.006358206 0.01740586 -0.1740749
v -0.005138993 0.01708137 -0.1734666
v -0.004236042 0.0174362 -0.1777152
v -0.005411863 0.01776397 -0.1784057
v -0.003105998 0.01740193 -0.18215
v 0.010374 0.006504595 -0.07618355
v 0.01065731 0.006183505 -0.07618361
v 0.01018214 0.006076753 -0.07847726
v 0.009751558 0.007088959 -0.07618355
v 0.01007115 0.006806254 -0.07618349
v 0.00964868 0.006697893 -0.07847744
v 0.006699264 0.008494436 -0.08078366
v 0.007395625 0.008099794 -0.08078211
v 0.006749033 0.007968068 -0.08542585
v 0.008076548 0.004698157 -0.09015321
v 0.00798273 0.005029857 -0.09015315
v 0.009050965 0.005147099 -0.08542233
v 0.007608771 0.007253766 -0.08542424
v 0.007867753 0.006990551 -0.08542382
v 0.007005274 0.006866931 -0.09015309
v 0.006569266 0.005903363 -0.09500157
v 0.006422162 0.006208181 -0.09500086
v 0.007406592 0.006294429 -0.09015315
v 0.003476381 0.009330511 -0.09015262
v 0.004034221 0.009367644 -0.08543235
v 0.005450487 0.008749544 -0.08542883
v -0.002050757 0.01070135 -0.07620298
v -0.004571974 0.010315 -0.1335155
v -0.005961716 0.0107339 -0.1334348
v -0.004709899 0.01061761 -0.1242834
v -0.007673203 0.01120007 -0.1240836
v -0.02981656 0.01047497 -0.09475088
v -0.02887648 0.01043266 -0.08552914
v -0.02528339 0.01090478 -0.08551722
v -0.03103727 0.009679079 -0.07626855
v -0.03210258 0.009275794 -0.07162815
v -0.03354781 0.008843302 -0.07627379
v -0.03434896 0.008477509 -0.0762754
v -0.03386127 0.00866419 -0.07162904
v -0.0316683 0.00963509 -0.08091062
v -0.03220927 0.009590923 -0.08554059
v -0.03373593 0.008967339 -0.08554589
v -0.03463554 0.008343696 -0.06699997
v -0.0342679 0.00850284 -0.06699997
v -0.03472286 0.008276998 -0.07162952
v -0.03642123 0.007328569 -0.06699979
v -0.03612315 0.00753504 -0.06699979
v -0.03635573 0.007272005 -0.07163035
v -0.03620481 0.007296681 -0.07627868
v -0.0358563 0.00756818 -0.07627815
v -0.03598558 0.007450819 -0.0786032
v -0.03697592 0.006342232 -0.08324599
v -0.03719216 0.006013751 -0.08324664
v -0.03718292 0.006119549 -0.08092868
v -0.0381866 0.004974544 -0.07163071
v -0.03827261 0.00523293 -0.06699991
v -0.03804069 0.005641341 -0.06699997
v -0.03834557 0.003460884 -0.07628065
v -0.03836715 0.002999842 -0.07628047
v -0.0388264 0.002999842 -0.06699997
v -0.03769969 0.004948854 -0.08324795
v -0.03781861 0.004571497 -0.08324819
v -0.03789359 0.00464195 -0.08093017
v -0.0379123 0.003380537 -0.08555877
v -0.03792375 0.002999961 -0.08555865
v -0.03555661 0.007778584 -0.1082484
v -0.0356425 0.007814228 -0.1037355
v -0.03514355 0.008308827 -0.1037573
v -0.03631335 0.006010413 -0.1126808
v -0.03646475 0.005387485 -0.1126581
v -0.03687119 0.005451858 -0.1036713
v -0.03460228 0.002999961 -0.1447975
v -0.0347945 0.004250109 -0.141187
v -0.03520077 0.003000319 -0.1361116
v -0.03607177 0.004175007 -0.1217441
v -0.03609395 0.003000438 -0.1217321
v -0.03669244 0.003000319 -0.1110268
v -0.03704714 0.00420165 -0.1036549
v -0.03699332 0.003000259 -0.1052602
v -0.03707456 0.00300014 -0.10365
v -0.03602343 0.0047791 -0.12176
v -0.03698629 0.004821479 -0.1036617
v -0.03345996 0.009155154 -0.1220884
v -0.03400051 0.00873357 -0.1220321
v -0.03442925 0.00872749 -0.1128581
v -0.03494596 0.008266508 -0.1128154
v -0.03508341 0.00828135 -0.1082795
v -0.03750622 0.002999961 -0.09467935
v -0.03768432 0.003699362 -0.09014594
v -0.03742361 0.005081593 -0.090146
v -0.03730738 0.00496602 -0.09468191
v -0.03751653 0.004740059 -0.09014594
v -0.03742665 0.004308581 -0.0946803
v -0.03759032 0.004395127 -0.09014594
v -0.03748893 0.003652751 -0.09467941
v -0.03751552 0.00522989 -0.08555793
v -0.0376411 0.004872143 -0.08555823
v -0.03774344 0.004506707 -0.08555847
v -0.03716182 0.004880428 -0.09918063
v -0.03722256 0.005293369 -0.09468293
v -0.03731071 0.005418539 -0.090146
v -0.03736668 0.005578577 -0.08555752
v -0.03643542 0.006987214 -0.09014618
v -0.03629529 0.007147312 -0.09469288
v -0.03650099 0.0068596 -0.09469085
v -0.03631198 0.007054746 -0.09920722
v -0.03649425 0.006762683 -0.09920227
v -0.03625458 0.006987929 -0.1037068
v -0.03641885 0.006693184 -0.1036984
v -0.03628063 0.006647408 -0.1081953
v -0.03701663 0.005520284 -0.0991863
v -0.03691649 0.005838513 -0.09918969
v -0.03711891 0.005618274 -0.09468418
v -0.03699529 0.005939066 -0.09468561
v -0.0371772 0.005749464 -0.090146
v -0.03702259 0.006073117 -0.09014606
v -0.0371952 0.005916774 -0.08555704
v -0.03700143 0.006243526 -0.08555644
v -0.0366851 0.006081283 -0.1036835
v -0.03679639 0.006152987 -0.09919351
v -0.03685116 0.006254017 -0.09468722
v -0.03684717 0.006388247 -0.09014612
v -0.03678679 0.006558239 -0.08555585
v -0.0365523 0.006859958 -0.08555513
v -0.03665131 0.006693363 -0.09014612
v -0.03668648 0.006561458 -0.09468895
v -0.03665578 0.006461679 -0.09919768
v -0.03656238 0.006390452 -0.1036906
v -0.03621 0.006318569 -0.1126939
v -0.03782248 0.00413537 -0.08555865
v -0.03800058 0.004241347 -0.08093035
v -0.03828251 0.003917098 -0.07628083
v -0.03807795 0.003832519 -0.08093041
v -0.03787857 0.003759503 -0.08555877
v -0.03755509 0.005316019 -0.08324766
v -0.03775691 0.00503236 -0.08092999
v -0.0373857 0.005671381 -0.08324718
v -0.03740006 0.00577265 -0.08092927
v -0.03876602 0.003725469 -0.06700009
v -0.03870898 0.004020035 -0.06700009
v -0.03868728 0.004112303 -0.06700009
v -0.03836029 0.004501283 -0.07163065
v -0.03759199 0.005409896 -0.08092969
v -0.0376262 0.005511403 -0.07860654
v -0.03786772 0.005219161 -0.07628083
v -0.03765797 0.005620241 -0.07628071
v -0.03770828 0.00585401 -0.07163101
v -0.03741228 0.006252527 -0.07163095
v -0.03818154 0.004364252 -0.07628089
v -0.03804314 0.004799306 -0.07628083
v -0.03796792 0.005426943 -0.07163089
v -0.03787678 0.005887091 -0.06700003
v -0.03783077 0.005951166 -0.06700003
v -0.03859359 0.004448235 -0.06700003
v -0.03852659 0.00464648 -0.06699997
v -0.03838628 0.004994988 -0.06699991
v -0.03673881 0.006656587 -0.08324527
v -0.03694236 0.006449997 -0.08092808
v -0.03716784 0.006234288 -0.07860571
v -0.03690117 0.006566703 -0.07860517
v -0.03714752 0.00635761 -0.07628011
v -0.03685307 0.00669229 -0.07627969
v -0.03668087 0.006763875 -0.08092737
v -0.0366137 0.006879985 -0.07860457
v -0.0365377 0.007004976 -0.07627916
v -0.03655999 0.007225573 -0.06699979
v -0.03673058 0.00696069 -0.07163053
v -0.03670608 0.007111728 -0.06699985
v -0.03708469 0.006621479 -0.07163077
v -0.03697723 0.006883621 -0.06699991
v -0.03741037 0.005882263 -0.07860618
v -0.03741699 0.006000161 -0.07628047
v -0.0359646 0.007557392 -0.07163012
v -0.03492969 0.008164465 -0.07395213
v -0.03512167 0.008055329 -0.07627689
v -0.0352993 0.007951796 -0.07860159
v -0.035672 0.007814645 -0.06699979
v -0.03556835 0.007874071 -0.06699979
v -0.03571498 0.00769186 -0.07395297
v -0.03556025 0.007818698 -0.07162994
v -0.03521031 0.00806725 -0.06699985
v -0.03772443 0.006091952 -0.06700003
v -0.03756028 0.006292462 -0.06700003
v -0.0373677 0.006506145 -0.06699997
v -0.03726625 0.006610751 -0.06699997
v -0.03574013 0.007682502 -0.08555263
v -0.03543728 0.007929325 -0.08555161
v -0.03567606 0.007795572 -0.0901463
v -0.0353893 0.008039832 -0.09014636
v -0.03556489 0.00794214 -0.09469997
v -0.03477203 0.008489847 -0.09014648
v -0.03444933 0.008589923 -0.08554834
v -0.03512042 0.008162617 -0.0855506
v -0.03339529 0.009242951 -0.09014678
v -0.03369349 0.009200274 -0.09471732
v -0.03410476 0.008889615 -0.09014666
v -0.0343675 0.008829116 -0.09471118
v -0.03499418 0.008410751 -0.09470534
v -0.03189307 0.01011884 -0.1130477
v -0.0333085 0.009504258 -0.1038312
v -0.03187799 0.0100857 -0.1038851
v -0.03297924 0.009527564 -0.0947237
v -0.03145176 0.01006591 -0.09473711
v -0.03265035 0.00955373 -0.09014689
v -0.03058183 0.01006907 -0.08553498
v -0.03272593 0.009161412 -0.07627218
v -0.02930814 0.0100739 -0.07626467
v -0.03327292 0.009059488 -0.08091646
v -0.03403794 0.008708894 -0.08091908
v -0.03477042 0.008309245 -0.08092159
v -0.03546202 0.007855057 -0.08092385
v -0.03378343 0.008694708 -0.06699997
v -0.02919572 0.01068019 -0.1414034
v -0.03021115 0.01063299 -0.1223958
v -0.02697688 0.01129788 -0.1319857
v -0.0275501 0.01037585 -0.07626056
v -0.02396762 0.01077711 -0.07625198
v -0.008244812 0.01129114 -0.1045899
v -0.01663649 0.01160854 -0.1139522
v -0.01569509 0.01148641 -0.1043841
v -0.02382487 0.01148605 -0.1135562
v -0.02333503 0.01137989 -0.1041654
v -0.02724492 0.01118582 -0.1133525
v -0.02696228 0.01109945 -0.1040531
v -0.03042775 0.01058351 -0.1131483
v -0.03032839 0.01052808 -0.1039405
v -0.0356093 0.007765293 -0.08324164
v -0.02656328 0.01130676 -0.1414893
v -0.02403694 0.01162362 -0.1322131
v -0.02383339 0.01163536 -0.141575
v -0.01795208 0.01178437 -0.1326546
v -0.01823145 0.01181048 -0.1417413
v -0.01184064 0.01160049 -0.1330673
v -0.01253408 0.01164138 -0.1418965
v -0.008853554 0.01129549 -0.1332584
v -0.01080912 0.01151973 -0.1238679
v -0.01739782 0.01171243 -0.1234032
v -0.02404129 0.01157009 -0.1229072
v -0.02722251 0.01125425 -0.1226518
v -0.009678661 0.01135271 -0.1419682
v -0.006853759 0.01081126 -0.1420343
v -0.005471706 0.0104022 -0.1420645
v -0.004132986 0.009865999 -0.1420919
v 0.001857399 0.004332542 -0.1246692
v 0.001626074 0.00300014 -0.1272397
v 0.00090243 0.004406929 -0.133767
v 0.000610763 0.00300002 -0.1384719
v 0.000257089 0.004464745 -0.1421563
v 0.004047155 0.008653163 -0.09498715
v 0.002829909 0.008266448 -0.1049036
v 0.002288699 0.008678138 -0.1048889
v 0.001179814 0.008364379 -0.1148858
v 0.000645929 0.008783757 -0.1148597
v -0.000250354 0.008506894 -0.1245643
v -0.002868533 0.00916934 -0.1421157
v -0.003243327 0.009771108 -0.133589
v -0.00331521 0.01018786 -0.1243751
v -0.003250837 0.01048487 -0.1146581
v -0.004817426 0.01095896 -0.1046863
v -0.006920874 0.01117211 -0.09491252
v -0.01461917 0.01136034 -0.09486126
v -0.02252835 0.01126152 -0.09480684
v -0.0262975 0.01100313 -0.09477889
v -0.005598485 0.01096171 -0.07621061
v -0.01290732 0.01112478 -0.07622653
v -0.02031505 0.01099103 -0.0762434
v -0.0215035 0.01114028 -0.08550536
v -0.01366716 0.01124489 -0.08548223
v -0.006011784 0.01106953 -0.08546042
v -0.002426207 0.01077127 -0.08545023
v -0.003377497 0.01084935 -0.09493654
v -0.000121729 0.01027071 -0.09495896
v -0.00167793 0.01036065 -0.1047759
v -0.000239039 0.009925961 -0.1048172
v -0.00184375 0.01004815 -0.114732
v -0.000536479 0.009490787 -0.1147999
v -0.002002418 0.009635031 -0.1244589
v -0.000798799 0.008928239 -0.1245323
v -0.002004981 0.00906974 -0.1336532
v -0.001433849 0.008649468 -0.1336809
v -0.002279341 0.0087502 -0.1421259
v 0.003427386 0.00900644 -0.0949831
v 0.002774417 0.00932151 -0.09497874
v 0.001707494 0.009046137 -0.1048727
v 0.00093847 0.01023972 -0.08544069
v 0.001378417 0.009851872 -0.09496927
v 0.001090586 0.00937426 -0.1048552
v 0.001236259 0.01024323 -0.0807988
v 0.002524971 0.009855568 -0.08543634
v 0.004811525 0.008684217 -0.09015285
v 0.005409002 0.006162405 -0.09994369
v 0.005094826 0.006748855 -0.0999394
v 0.006072342 0.006787776 -0.09499913
v 0.006256341 0.006503224 -0.09500002
v 0.007214725 0.006586492 -0.09015309
v 0.008111119 0.006714642 -0.0854234
v 0.004458785 0.009426534 -0.08078944
v 0.005973637 0.008843421 -0.08078545
v 0.006117761 0.008381724 -0.08542722
v 0.005431056 0.008301079 -0.09015291
v 0.004630327 0.008257746 -0.09499084
v 0.004255414 0.007796049 -0.09992736
v 0.001410841 0.01024603 -0.07619565
v 0.004775345 0.009496569 -0.07618945
v 0.006403744 0.008956193 -0.07618677
v 0.006768763 0.009090006 -0.07160121
v 0.006895244 0.004949808 -0.095003
v 0.006805956 0.005271673 -0.09500265
v 0.007868707 0.005356848 -0.09015315
v 0.007734239 0.005677998 -0.09015315
v 0.008735358 0.005808234 -0.08542263
v 0.008546113 0.006123006 -0.08542281
v 0.008784115 0.0065068 -0.08309298
v 0.008273839 0.007068037 -0.08309382
v 0.007703483 0.007574915 -0.08309483
v 0.008665859 0.007155001 -0.08077996
v 0.008054077 0.00765419 -0.08078092
v 0.009046196 0.007250547 -0.07847797
v 0.007197201 0.008630216 -0.07618558
v 0.007969558 0.008258819 -0.07618463
v 0.008389532 0.007741272 -0.07847869
v 0.00871247 0.007835328 -0.07618403
v 0.009417235 0.007353961 -0.07618367
v 0.006697237 0.005590379 -0.09500217
v 0.007579982 0.005991101 -0.09015315
v 0.008337616 0.00642544 -0.08542311
v 0.009220421 0.006597757 -0.08077919
v 0.005652189 0.007324635 -0.09499686
v 0.005168676 0.007815778 -0.09499412
v 0.00653702 0.007393062 -0.09015303
v 0.006009459 0.007871747 -0.09015297
v 0.007335186 0.007504343 -0.08542472
v 0.008151173 0.004362881 -0.09015321
v 0.009276866 0.004452407 -0.08542209
v 0.009355306 0.004095077 -0.08542203
v 0.009838223 0.004507005 -0.08309197
v 0.01050537 0.004185736 -0.08077812
v 0.008904039 0.005482435 -0.08542245
v 0.009223222 0.005888462 -0.08309251
v 0.009412169 0.005559623 -0.08309233
v 0.009704828 0.005978167 -0.08077877
v 0.009915828 0.005645692 -0.08077865
v 0.0104171 0.005740225 -0.0784772
v 0.009578466 0.005219042 -0.08309221
v 0.01010334 0.005299091 -0.08077853
v 0.01062744 0.005386888 -0.07847714
v 0.00917536 0.004803419 -0.08542221
v 0.009720802 0.004867732 -0.08309209
v 0.01026535 0.004939377 -0.08077841
v 0.01135849 0.005102634 -0.07618355
v 0.01285231 0.004416823 -0.07160192
v 0.01166784 0.004294157 -0.07618296
v 0.01153165 0.004706025 -0.07618337
v 0.01039999 0.004567742 -0.0807783
v 0.009410679 0.003732681 -0.08542197
v 0.01058036 0.003795087 -0.08077794
v 0.01062667 0.003399074 -0.08077818
v 0.01176452 0.003869414 -0.0761823
v 0.01182907 0.00343734 -0.07618361
v 0.008495032 0.008443117 -0.07160061
v 0.009332418 0.008043646 -0.07160085
v 0.01014113 0.007581353 -0.07160121
v 0.01053035 0.007322788 -0.07160145
v 0.01090615 0.0070436 -0.07160168
v 0.01126605 0.00674206 -0.07160204
v 0.01091784 0.005842626 -0.07618367
v 0.01115268 0.005481958 -0.07618367
v 0.01246505 0.005287528 -0.07160282
v 0.01268136 0.004862666 -0.07160258
v 0.01192212 0.006065905 -0.0716027
v 0.01221007 0.005689263 -0.07160282
v 0.007020711 0.00430119 -0.09500366
v 0.00824666 0.003684163 -0.09015321
v 0.01160603 0.006416559 -0.07160246
v 0.005572617 0.002999961 -0.1017338
v 0.004850745 0.004250109 -0.1049553
v 0.006019711 0.002999961 -0.09971451
v 0.007087469 0.003650546 -0.09500408
v 0.00903517 0.002999961 -0.08709061
v 0.00945425 0.002999961 -0.08542191
v 0.01064062 0.002999961 -0.08077782
v 0.004894495 0.00300002 -0.1049584
v 0.003911793 0.00300002 -0.1102922
v 0.003143966 0.004270434 -0.1149751
v 0.003498554 0.00300002 -0.1128718
v 0.001945137 0.00300014 -0.1243961
v -0.00117892 0.01919001 -0.2070041
v -0.004014909 0.01881426 -0.201866
v -0.006434798 0.01856601 -0.1967717
v 0.000940104 0.0188964 -0.2052516
v -0.001820623 0.01857388 -0.2001169
v -0.00416702 0.01836812 -0.1950516
v -0.006143093 0.0183022 -0.1901017
v 0.007345557 0.01815843 -0.2112573
v 0.005589485 0.01871383 -0.2130846
v 0.007464826 0.01757943 -0.2066336
v 0.006682515 0.01801979 -0.2076343
v 0.003831923 0.01803863 -0.2024454
v 0.002913177 0.01838725 -0.2034021
v 0.000255374 0.01813435 -0.1983051
v -0.001992583 0.0179829 -0.1932991
v -0.003864884 0.01795393 -0.188424
v -0.005386412 0.01799046 -0.1836904
v -0.00584954 0.01638126 -0.1693857
v -0.008376479 0.0169357 -0.1704417
v -0.006397247 0.01545172 -0.165435
v 0.008876323 0.01736491 -0.2092797
v 0.009539663 0.01686382 -0.2082422
v 0.008177101 0.01705986 -0.2056092
v 0.008809685 0.01644891 -0.204571
v 0.01061695 0.01559078 -0.2061187
v 0.009570181 0.01530838 -0.2030343
v 0.00684458 0.01575738 -0.1985385
v 0.009345531 0.01572299 -0.203538
v 0.006545126 0.01614308 -0.1990169
v 0.009091079 0.01610207 -0.204052
v 0.006218314 0.01649385 -0.1995036
v 0.004572153 0.01566708 -0.1937053
v 0.002681136 0.01562708 -0.1889939
v 0.001156032 0.01564878 -0.1844297
v 0.000282471 0.01634746 -0.1851682
v -5.19896e-05 0.01570546 -0.1800367
v 0.01125711 0.01379412 -0.2041464
v 0.00788033 0.01262772 -0.1962124
v 0.01019167 0.01201415 -0.200697
v 0.010163 0.01264935 -0.2009577
v 0.01139068 0.01264995 -0.2033843
v 0.01133728 0.01324206 -0.2037371
v 0.01020872 0.01135736 -0.2005053
v 0.007959008 0.01133918 -0.1958211
v 0.001360297 0.01128512 -0.1744987
v 0.002129495 0.01131141 -0.1784393
v 0.003139138 0.01130872 -0.182552
v 0.004428923 0.01131331 -0.186829
v 0.006030023 0.01132386 -0.1912575
v -0.002866089 0.01506567 -0.1682137
v -0.00343281 0.01540195 -0.1684284
v -0.002268373 0.01575762 -0.1720777
v -0.002810359 0.01609432 -0.1723342
v -0.001494646 0.01611447 -0.1761186
v -0.002008855 0.01644903 -0.1764163
v -0.000994167 0.0164107 -0.1806969
v -0.003315091 0.01067644 -0.1535587
v -0.003238499 0.011698 -0.1571441
v -0.002750456 0.01378256 -0.1643209
v -0.002322912 0.01468545 -0.1680124
v -0.001750588 0.0153777 -0.1718357
v -0.001004993 0.01573801 -0.1758361
v -0.007074058 0.01329898 -0.1577622
v -0.005130231 0.01503795 -0.1650308
v -0.004618406 0.01595747 -0.1688905
v -0.003949642 0.01665288 -0.1728827
v -0.00309509 0.01700609 -0.1770482
v -0.002020776 0.01696777 -0.1814072
v -0.000676934 0.01690459 -0.1859521
v 0.000998587 0.01688814 -0.1906627
v 0.003048956 0.0169602 -0.1955184
v 0.00549525 0.0171048 -0.2004881
v -0.003282964 0.009791612 -0.1499004
v -0.004561126 0.01135885 -0.153675
v -0.01270657 0.01167243 -0.1461983
v -0.009906232 0.01139199 -0.1461656
v -0.009966194 0.01159137 -0.1482244
v -0.007114589 0.01085925 -0.1461355
v -0.007191359 0.01107019 -0.1481339
v -0.005740523 0.01045382 -0.1461217
v -0.005822837 0.01066982 -0.1480926
v -0.004404067 0.009920239 -0.1461093
v -0.004490137 0.01014077 -0.1480548
v -0.003136575 0.00922507 -0.1460984
v -0.003224611 0.00944966 -0.1480222
v -0.002544343 0.008806347 -0.1460938
v 0.006779015 0.007135868 -0.09015309
v 0.00587064 0.007061719 -0.09499806
v 0.00470829 0.007294893 -0.09993398
v 0.003756701 0.007297754 -0.1049278
v 0.00332272 0.007806777 -0.1049168
v 0.002091944 0.007375836 -0.1149283
v 0.001665294 0.007895588 -0.1149089
v 0.000697854 0.007509887 -0.1246159
v 0.000251885 0.008034706 -0.1245924
v -0.000429752 0.007650852 -0.1337251
v -0.00090552 0.008177161 -0.1337051
v -0.001229405 0.007751882 -0.1421421
v -0.001729846 0.00827831 -0.1421348
v -0.001484513 0.007809162 -0.1460865
v -0.001990437 0.008334934 -0.1460897
v -0.001635015 0.008388638 -0.1498355
v -0.002140343 0.008909642 -0.1498535
v -0.001687347 0.009281694 -0.1534264
v -0.002186298 0.009799182 -0.1534636
v -0.001645505 0.01029986 -0.1569329
v -0.002132952 0.01081746 -0.1569928
v -0.001262784 0.01236009 -0.1639253
v -0.001715183 0.01288354 -0.1640395
v -0.000902579 0.01325863 -0.1675134
v -0.0013327 0.01378214 -0.1676588
v -0.000405766 0.01395905 -0.1712273
v -0.000811115 0.01447838 -0.1714066
v 0.000257139 0.01433736 -0.175114
v -0.000121446 0.01484936 -0.1753293
v 0.00112152 0.01432424 -0.179197
v 0.000771279 0.01482844 -0.1794506
v 0.00223273 0.01428925 -0.1834686
v 0.001913011 0.01478505 -0.1837626
v 0.003647387 0.01427954 -0.1879101
v 0.003363013 0.0147702 -0.1882455
v 0.005412459 0.01430743 -0.1924982
v 0.005169868 0.0148015 -0.192875
v 0.007541537 0.01436591 -0.1972116
v 0.007347226 0.01486998 -0.1976287
v 0.009916841 0.01436334 -0.2020866
v 0.009761691 0.01485586 -0.2025478
v 0.00564748 0.005541265 -0.09994679
v 0.004414916 0.006150722 -0.104944
v 0.004122734 0.006743907 -0.1049368
v 0.002733111 0.006205201 -0.1149563
v 0.00244987 0.006810486 -0.1149441
v 0.001382172 0.006322205 -0.1246491
v 0.001076757 0.006937325 -0.1246347
v 0.00032304 0.00645256 -0.1337526
v -1.77723e-05 0.007074475 -0.1337409
v -0.000417376 0.006548762 -0.1421518
v -0.000789297 0.007174134 -0.1421477
v -0.00065695 0.006607711 -0.146082
v -0.001037359 0.007232308 -0.1460838
v -0.000805 0.00719887 -0.1498106
v -0.001187264 0.007817268 -0.1498212
v -0.000866716 0.008102536 -0.153374
v -0.001244962 0.008714914 -0.1533966
v -0.000844445 0.009124875 -0.156847
v -0.00121361 0.009734272 -0.1568843
v -0.000525015 0.01118397 -0.1637557
v -0.000864156 0.01179212 -0.1638306
v -0.000205224 0.01208716 -0.1672928
v -0.000525049 0.01269209 -0.1673911
v 0.000247009 0.01279991 -0.1709496
v -5.15914e-05 0.01339799 -0.1710746
v 0.000862525 0.01319617 -0.1747732
v 0.000586364 0.0137847 -0.174928
v 0.001677989 0.01320004 -0.1787862
v 0.001424849 0.01378005 -0.1789746
v 0.002736449 0.0131818 -0.1829816
v 0.002508044 0.01375383 -0.1832069
v 0.004087686 0.0131812 -0.1873447
v 0.003889501 0.01374894 -0.1876081
v 0.005772352 0.01320207 -0.1918557
v 0.005613446 0.01377332 -0.1921561
v 0.007804811 0.01323992 -0.1964956
v 0.007693648 0.0138213 -0.1968311
v 0.01011329 0.01325654 -0.2012816
v 0.01003336 0.01382946 -0.2016611
v 0.01114523 0.01430368 -0.2046
v 0.005810678 0.004903495 -0.099949
v 0.00477308 0.004885971 -0.1049528
v 0.004631102 0.005524992 -0.1049492
v 0.003073394 0.004916965 -0.1149712
v 0.002939999 0.005567491 -0.1149652
v 0.001767337 0.005002975 -0.1246654
v 0.001611769 0.005671381 -0.1246591
v 0.000780812 0.005104124 -0.1337649
v 0.000589379 0.005790591 -0.1337604
v 0.000106204 0.00518167 -0.1421558
v -0.000118087 0.005880415 -0.1421545
v -0.000113702 0.00524044 -0.1460801
v -0.00034808 0.005939841 -0.1460808
v -0.000254488 0.005845487 -0.1497995
v -0.000492991 0.006537914 -0.1498035
v -0.000320029 0.006765007 -0.1533487
v -0.000557343 0.007448971 -0.1533583
v -0.000311014 0.00779891 -0.1568032
v -0.00054264 0.008476257 -0.1568204
v -3.93352e-05 0.009873867 -0.1636615
v -0.000249548 0.0105412 -0.1636999
v 0.000249375 0.01078939 -0.1671653
v 5.32101e-05 0.01144951 -0.1672181
v 0.00066773 0.0115202 -0.1707825
v 0.000486844 0.01217073 -0.1708527
v 0.001248002 0.01193708 -0.1745598
v 0.001082897 0.01257693 -0.1746507
v 0.002028465 0.01195669 -0.1785188
v 0.001878917 0.01258903 -0.1786341
v 0.003049731 0.01195085 -0.182653
v 0.002916634 0.01257795 -0.1827964
v 0.004354119 0.01195544 -0.1869527
v 0.004241645 0.01258081 -0.1871252
v 0.005975127 0.01196986 -0.1914029
v 0.005891263 0.01259833 -0.1916032
v 5.11313e-06 0.004403889 -0.1497976
v 0.000138168 0.003786981 -0.1460801
v 0.000791598 0.01085758 -0.1707365
v 0.000384537 0.01011568 -0.1671318
v 0.000106221 0.009191334 -0.1636379
v -0.000149958 0.007102549 -0.1567935
v -0.0001553 0.006060719 -0.1533437
v -8.97893e-05 0.005132079 -0.1497977
v 4.65672e-05 0.004520714 -0.14608
v -5.66033e-05 0.006392717 -0.1567894
v -5.99647e-05 0.005341887 -0.153342
v 0.000190336 0.008498191 -0.1636263
v 0.007113516 0.01533359 -0.1980736
v 0.004888117 0.01525449 -0.1932796
v 0.003039062 0.01521939 -0.1886088
v 0.001551926 0.01523834 -0.1840848
v 0.000377718 0.01528906 -0.1797321
v -0.000544757 0.01531654 -0.1755715
v -0.001262128 0.0149517 -0.1716107
v -0.001808941 0.01425802 -0.1678262
v -0.002214074 0.01335775 -0.1641722
v -0.002667129 0.01128339 -0.1570637
v -0.002731919 0.0102638 -0.153508
v -0.002692759 0.009376823 -0.1498754
v -0.01647526 0.01143985 -0.218394
v -0.01463508 0.01211822 -0.2201212
v -0.01621031 0.01210033 -0.2184901
v -0.01426541 0.01273036 -0.2202433
v -0.01587468 0.01271933 -0.2185923
v -0.01383942 0.01329749 -0.2203595
v -0.01915037 0.01206034 -0.2149878
v -0.02209103 0.01069623 -0.2111361
v -0.01937139 0.01140409 -0.2149326
v -0.01951473 0.01071655 -0.2148918
v -0.01795589 0.01142179 -0.2167013
v -0.01811391 0.01072758 -0.2166464
v -0.02197152 0.01137059 -0.2111498
v -0.01770555 0.01434993 -0.2150713
v -0.01618474 0.0143575 -0.2169826
v -0.01457518 0.0143485 -0.2188091
v -0.01287013 0.01431524 -0.2205399
v -0.01234567 0.01477307 -0.2205973
v -0.01180255 0.01520001 -0.2206315
v -0.01009207 0.01631122 -0.2205926
v -0.008908987 0.01692169 -0.2204535
v -0.01467937 0.01572042 -0.2168799
v -0.01358008 0.01647728 -0.2166856
v -0.01301658 0.01568615 -0.2188122
v -0.01691216 0.01698243 -0.2097327
v -0.01402652 0.01710045 -0.2142418
v -0.0118941 0.01643294 -0.218691
v -0.01073002 0.017071 -0.2184783
v -0.01243197 0.01712 -0.2164011
v -0.01125454 0.01766043 -0.2160386
v -0.01285874 0.01762646 -0.2138154
v -0.01006215 0.01811176 -0.2156081
v -0.02420359 0.01134133 -0.2070201
v -0.02626621 0.01066315 -0.2026342
v -0.02618604 0.01131689 -0.2026126
v -0.02712225 0.01065677 -0.2003124
v -0.02705007 0.01130676 -0.2002857
v -0.02178239 0.01202023 -0.2111635
v -0.0240435 0.01198559 -0.2070015
v -0.02605193 0.01195776 -0.2025715
v -0.02771127 0.0119366 -0.1978155
v -0.02782356 0.01129794 -0.1978717
v -0.02913421 0.01126176 -0.1927779
v -0.01771062 0.01569509 -0.2127676
v -0.01907891 0.01566904 -0.2106041
v -0.01802551 0.01639068 -0.2102071
v -0.02152872 0.01564764 -0.2061077
v -0.0205006 0.01635313 -0.2056112
v -0.02370655 0.01565974 -0.2014445
v -0.02269905 0.01636523 -0.2008802
v -0.02551162 0.01568764 -0.1965491
v -0.02694946 0.01569014 -0.1913937
v -0.02502948 0.01606523 -0.196258
v -0.02647507 0.01607322 -0.1911002
v -0.02452176 0.01640158 -0.1959494
v -0.02597326 0.01641368 -0.1907905
v -0.02551907 0.01686817 -0.1874848
v -0.02490729 0.0169788 -0.1901351
v -0.02344876 0.01696234 -0.1952916
v -0.02161628 0.01692414 -0.2002525
v -0.01940548 0.01691979 -0.2050452
v -0.01576101 0.01746386 -0.2091965
v -0.01340138 0.01816427 -0.2079797
v -0.000645967 0.0190916 -0.2175568
v -0.00294435 0.01878446 -0.218675
v -0.004119992 0.01854515 -0.2191549
v -0.005309224 0.01824492 -0.2195776
v -0.006507754 0.01787889 -0.2199389
v -0.007710099 0.01744055 -0.2202332
v 0.003649771 0.01905274 -0.2147493
v 0.001561105 0.0191791 -0.2162435
v 0.005839169 0.01838934 -0.2086071
v 0.00399667 0.01894491 -0.210456
v 0.001981616 0.0192784 -0.2121668
v -0.000170177 0.01939934 -0.2137297
v -0.00242722 0.0193082 -0.2151333
v -0.004760742 0.01899582 -0.2163606
v -0.007143676 0.01844322 -0.2173892
v -0.008343875 0.01806581 -0.217819
v -0.009542107 0.01761144 -0.2181847
v -0.006473541 0.01902377 -0.2139824
v -0.01592236 0.01800662 -0.2030761
v -0.01826781 0.01737087 -0.2044271
v -0.01813858 0.01796323 -0.1981428
v -0.02048504 0.01736193 -0.1995799
v -0.01997131 0.01798206 -0.193128
v -0.0249384 0.01708394 -0.1841449
v -0.0226196 0.01774269 -0.1887358
v -0.02378273 0.01741302 -0.1894463
v -0.02232158 0.01739686 -0.1945949
v -0.0135352 0.01838165 -0.2016125
v -0.01088958 0.01851481 -0.1934243
v -0.008767545 0.01862454 -0.198446
v -0.01114183 0.01857143 -0.2000637
v -0.008638024 0.01882606 -0.2051268
v -0.01101511 0.01859688 -0.2066131
v -0.008087217 0.01892727 -0.211557
v -0.01047819 0.01841735 -0.212783
v -0.008863806 0.01848387 -0.2151179
v -0.009060859 0.0183137 -0.1805645
v -0.01403647 0.01847451 -0.1835392
v -0.01899874 0.01829737 -0.1865342
v -0.02142971 0.01798909 -0.1880108
v -0.02377367 0.01740962 -0.1834782
v -0.0258494 0.0163598 -0.1787379
v -0.00775814 0.0183134 -0.1852689
v -0.006612896 0.01800918 -0.1791138
v -0.03019636 0.01090776 -0.1873492
v -0.03106397 0.01014125 -0.1816622
v -0.0317924 0.009028494 -0.1758035
v -0.01886433 0.01268333 -0.2150398
v -0.02153223 0.01264166 -0.2111642
v -0.02382624 0.01260703 -0.2069626
v -0.02586442 0.01258087 -0.2025046
v -0.02754884 0.01256197 -0.1977306
v -0.02903777 0.01189875 -0.1927132
v -0.02889382 0.01252567 -0.1926186
v -0.03010958 0.01154237 -0.1872819
v -0.02997708 0.0121687 -0.1871854
v -0.03085446 0.0114023 -0.181506
v -0.03300029 0.006428599 -0.1638704
v -0.03041148 0.01073724 -0.1573096
v -0.02884823 0.01242268 -0.1626316
v -0.02993828 0.01180475 -0.1629223
v -0.02771186 0.01487654 -0.1737741
v -0.02878034 0.01428943 -0.1742563
v -0.02697652 0.01592302 -0.1793225
v -0.02804023 0.01534873 -0.179884
v -0.02606272 0.01665091 -0.1847944
v -0.02712571 0.0160833 -0.185416
v -0.02658301 0.01630192 -0.1881269
v -0.03351593 0.005345523 -0.1579342
v -0.03398388 0.004611134 -0.1521239
v -0.03440862 0.004281461 -0.1465217
v -0.0154829 0.01329845 -0.218685
v -0.01852279 0.01327258 -0.2150755
v -0.02122747 0.01323288 -0.211143
v -0.02355509 0.01320183 -0.2068969
v -0.02562373 0.01318114 -0.2024075
v -0.02733409 0.01316809 -0.1976138
v -0.0286985 0.01313602 -0.192492
v -0.02979379 0.01278007 -0.1870585
v -0.03067749 0.01201504 -0.1813868
v -0.03158438 0.01029533 -0.1756641
v -0.03140926 0.0109111 -0.1755589
v -0.032781 0.007709801 -0.1637825
v -0.03260123 0.008332371 -0.1637169
v -0.03328973 0.006624937 -0.1578763
v -0.03310662 0.007246673 -0.1578329
v -0.03375393 0.005879104 -0.1520947
v -0.03356856 0.00649625 -0.1520726
v -0.03418081 0.005533993 -0.1465163
v -0.0339961 0.006145298 -0.1465121
v -0.03457742 0.005493879 -0.1411988
v -0.03439724 0.006104469 -0.1412079
v -0.03593206 0.005393922 -0.1217821
v -0.03578305 0.006011128 -0.1218103
v -0.03595787 0.007231712 -0.1082202
v -0.03578174 0.007207632 -0.1127399
v -0.03608697 0.006621778 -0.1127081
v -0.03527706 0.007201552 -0.1218841
v -0.03556621 0.006617665 -0.1218444
v -0.03386884 0.007270753 -0.1412323
v -0.03416204 0.006699085 -0.1412191
v -0.03346455 0.007309377 -0.1465011
v -0.03375822 0.006739199 -0.146507
v -0.03303915 0.007668495 -0.1520143
v -0.03333109 0.007094681 -0.1520458
v -0.0325827 0.008425831 -0.1577188
v -0.03287172 0.007849097 -0.1577804
v -0.03208398 0.009510576 -0.1635438
v -0.03236967 0.008934795 -0.1636372
v -0.03089827 0.01207095 -0.1752785
v -0.03118109 0.01150548 -0.1754302
v -0.03016144 0.01316571 -0.1810663
v -0.03044706 0.0126053 -0.1812402
v -0.02926445 0.01392465 -0.1867126
v -0.02955663 0.01336795 -0.1869007
v -0.02814549 0.01427471 -0.1921404
v -0.02844899 0.01372152 -0.1923326
v -0.02674514 0.01429361 -0.1972795
v -0.02706593 0.01374757 -0.1974635
v -0.02498781 0.01428967 -0.2021147
v -0.0253309 0.01375263 -0.2022778
v -0.02286458 0.01429438 -0.2066717
v -0.02323341 0.01376563 -0.2068004
v -0.02047628 0.0143156 -0.2110143
v -0.02087378 0.01379162 -0.2110936
v -0.01813411 0.01382809 -0.2150869
v -0.01663249 0.01384007 -0.2169646
v -0.01504647 0.01384073 -0.2187585
v -0.01337081 0.01382464 -0.2204599
v -0.03606998 0.007273674 -0.1037158
v -0.03610956 0.007336795 -0.09921258
v -0.03470802 0.004874229 -0.1411918
v -0.03226065 0.008814334 -0.1464786
v -0.03136128 0.009600758 -0.1518517
v -0.0318489 0.009181022 -0.1518967
v -0.03092604 0.01036173 -0.1574012
v -0.03140676 0.009941875 -0.1574891
v -0.03044605 0.01143354 -0.1630616
v -0.0309208 0.01101773 -0.1631951
v -0.02927923 0.01393455 -0.1744866
v -0.02974689 0.01353526 -0.1747069
v -0.02853775 0.01500099 -0.1801515
v -0.02900511 0.01460921 -0.1804068
v -0.02762413 0.01574003 -0.1857111
v -0.02809375 0.01535332 -0.1859919
v -0.02708292 0.01596015 -0.188431
v -0.02755445 0.01557523 -0.1887201
v -0.03491657 0.007753551 -0.1219291
v -0.03311151 0.008317947 -0.1412637
v -0.03351795 0.007812559 -0.1412472
v -0.03271269 0.008352637 -0.1464866
v -0.03311538 0.007849335 -0.1464943
v -0.03229492 0.008717238 -0.1519392
v -0.03269308 0.008211493 -0.1519786
v -0.03184705 0.009477555 -0.1575721
v -0.0322405 0.008970677 -0.157649
v -0.03135603 0.01055723 -0.1633211
v -0.03174537 0.01005327 -0.163438
v -0.03017681 0.01309061 -0.1749143
v -0.0305624 0.01260113 -0.1751058
v -0.02943587 0.01417201 -0.1806467
v -0.02982318 0.01368969 -0.1808676
v -0.02852797 0.01492142 -0.186255
v -0.02892023 0.01444423 -0.1864964
v -0.02739036 0.01526266 -0.1916677
v -0.02779102 0.01478993 -0.1919178
v -0.02596253 0.01526653 -0.196819
v -0.02637571 0.01480126 -0.1970637
v -0.02417021 0.01524549 -0.2016949
v -0.02459931 0.01478832 -0.2019194
v -0.02200686 0.01523703 -0.2063229
v -0.02245408 0.01478558 -0.2065119
v -0.0195738 0.01525497 -0.2107678
v -0.02004116 0.01480364 -0.2109052
v -0.01821392 0.01527607 -0.212899
v -0.01869159 0.01482212 -0.2130044
v -0.0167551 0.01529455 -0.2149575
v -0.01724416 0.01483863 -0.2150279
v -0.01520377 0.01529693 -0.2169398
v -0.02657866 0.01532363 -0.1732738
v -0.007597446 0.01764696 -0.1747021
v -0.01010656 0.01794338 -0.1759962
v -0.010935 0.01722186 -0.1715569
v -0.0151534 0.01810199 -0.1786834
v -0.016034 0.01737231 -0.1738962
v -0.0201435 0.01794523 -0.1814306
v -0.02104163 0.01721954 -0.176317
v -0.00898236 0.01598691 -0.1663026
v -0.01158237 0.01625639 -0.1672253
v -0.016725 0.01638305 -0.1691765
v -0.02175003 0.01621013 -0.1712152
v -0.02769088 0.01289719 -0.1623313
v -0.02526807 0.01352578 -0.1617194
v -0.024203 0.01590633 -0.1722487
v -0.0234856 0.01692724 -0.1775354
v -0.02258139 0.01765036 -0.182801
v -0.03539943 0.007758319 -0.1127759
v -0.03448879 0.008265972 -0.1219787
v -0.03265362 0.008781671 -0.1412814
v -0.03176569 0.009232103 -0.14647
v -0.03083872 0.009976208 -0.1518048
v -0.02971434 0.01060169 -0.1517069
v -0.02930551 0.01136308 -0.1571187
v -0.02813053 0.01184445 -0.1569216
v -0.02567064 0.01248365 -0.1565208
v -0.03458231 0.008754253 -0.1037807
v -0.03385823 0.009141385 -0.1129031
v -0.03287458 0.009531259 -0.1221472
v -0.03103977 0.009909391 -0.1413403
v -0.03008955 0.01022714 -0.1464424
v -0.02851819 0.01108193 -0.1516062
v -0.0260117 0.01171612 -0.1514012
v -0.005872607 0.01187801 -0.1538078
v -0.007217824 0.01226651 -0.1539527
v -0.009754955 0.01379442 -0.1582532
v -0.009938955 0.0127598 -0.1542683
v -0.01242941 0.01403093 -0.1587807
v -0.01265138 0.01299726 -0.1546087
v -0.01767367 0.01410448 -0.1599102
v -0.01796776 0.01307529 -0.1553409
v -0.02277374 0.01386845 -0.1611068
v -0.02313941 0.01283365 -0.1561204
v -0.004544198 0.01047831 -0.1499582
v -0.005871534 0.0110026 -0.1500245
v -0.007233381 0.01139736 -0.1500973
v -0.00999093 0.01190626 -0.1502562
v -0.01274448 0.01216185 -0.1504282
v -0.01815581 0.01227498 -0.1507998
v -0.02343034 0.01205813 -0.1511968
v 0.004695773 0.01761484 -0.2014724
v 0.002171099 0.01743572 -0.1964502
v 4.81838e-05 0.0173397 -0.1915358
v -0.001698136 0.01734429 -0.1867632
v -0.03610295 0.007341682 -0.08092576
v -0.03620761 0.007240772 -0.0832436
v -0.03629899 0.007148027 -0.08555436
v -0.03602772 0.007422149 -0.08555352
v -0.03620022 0.007268965 -0.09014624
v -0.03594666 0.007538557 -0.0901463
v -0.03607004 0.007423996 -0.09469509
v -0.03582626 0.007689118 -0.09469747
v -0.03588777 0.007608056 -0.09921824
v -0.03564757 0.007867813 -0.09922426
v -0.03511601 0.008351147 -0.09923714
v -0.03452467 0.008784651 -0.09925109
v -0.03396821 0.009151995 -0.1038054
v -0.03324085 0.009509444 -0.11295
v -0.03225135 0.009863674 -0.1222078
v -0.0304436 0.01020187 -0.1413609
v -0.02886921 0.01070261 -0.1464231
v -0.02630537 0.01132524 -0.1463838
v -0.02365857 0.01165258 -0.1463448
v -0.01824265 0.01183193 -0.146269
v 0.01110261 0.002999961 -0.07899999
v 0.01184433 0.002999961 -0.0761823
v -0.03159672 0.01015567 -0.1222696
v 0.000478727 0.00300002 -0.1403909
v -0.04021418 0.007146239 -0.03721296
v -0.04031437 0.00658375 -0.03712671
v -0.04059708 0.006615877 -0.03292614
v -0.03848081 0.009903609 -0.0418027
v -0.03816819 0.01031702 -0.04185897
v -0.03790044 0.01006746 -0.04393339
v -0.03904038 0.009021937 -0.04168146
v -0.0387718 0.00947225 -0.04174345
v -0.0385431 0.009259223 -0.04383111
v -0.03930646 0.009146153 -0.03960788
v -0.03959238 0.009224474 -0.03754472
v -0.03938722 0.00969851 -0.03762257
v -0.03818267 0.006142199 -0.06263732
v -0.03848129 0.005676627 -0.06263893
v -0.03987282 0.007024884 -0.04141271
v -0.0400123 0.006480455 -0.04134196
v -0.04065638 0.004181206 -0.01616728
v -0.04076802 0.002999961 -0.01894068
v -0.04006022 0.002999961 -0.0115996
v -0.04620593 0.0186426 -0.00945574
v -0.04513317 0.01610893 -0.01490288
v -0.04482072 0.01612174 -0.01600623
v -0.04451155 0.01515555 -0.01584684
v -0.04231607 0.01866507 -0.02313441
v -0.03861081 0.01614344 -0.0292539
v -0.03891497 0.01522779 -0.02902472
v -0.03909981 0.01526659 -0.02849954
v -0.03840547 0.01609331 -0.02977991
v -0.03820616 0.01604235 -0.03031039
v -0.03858453 0.01514357 -0.03011101
v -0.04454529 0.01416456 -0.01352089
v -0.04409575 0.01322084 -0.01339232
v -0.04405283 0.01317358 -0.01118642
v -0.04340565 0.01233148 -0.0154004
v -0.04298353 0.01140516 -0.01525527
v -0.0431171 0.0113632 -0.01313686
v -0.03739243 0.01584571 -0.03240317
v -0.03791308 0.01500034 -0.0322622
v -0.03825837 0.01506865 -0.03119736
v -0.03840476 0.0141595 -0.03212088
v -0.03886502 0.01331537 -0.03197765
v -0.03930962 0.01338005 -0.02976691
v -0.0396474 0.0124979 -0.02961295
v -0.03965049 0.01346129 -0.02811324
v -0.03952354 0.01343435 -0.02865129
v -0.03981685 0.01253938 -0.02849471
v -0.03558123 0.01343238 -0.04017239
v -0.03641211 0.01277083 -0.04011166
v -0.03704339 0.01299035 -0.03812336
v -0.03626579 0.01103764 -0.04615098
v -0.03707152 0.01040244 -0.046085
v -0.03717011 0.01080709 -0.04402339
v -0.03651404 0.007434546 -0.06480485
v -0.04012107 0.002999842 -0.04090923
v -0.04052889 0.002999842 -0.03232187
v -0.04066169 0.005444586 -0.03272914
v -0.03694063 0.007115483 -0.06480735
v -0.03734064 0.006767213 -0.06480967
v -0.03745281 0.006967723 -0.0626325
v -0.03658407 0.007662594 -0.06262546
v -0.03560328 0.007993459 -0.0647996
v -0.0356242 0.008242964 -0.06261634
v -0.03460609 0.008724033 -0.06260484
v -0.03644478 0.01049572 -0.04812932
v -0.03563833 0.01103228 -0.04816877
v -0.0359897 0.01042801 -0.05009776
v -0.0358572 0.01248264 -0.04211592
v -0.03496038 0.01309251 -0.04216259
v -0.0340175 0.01365095 -0.04218643
v -0.03356575 0.01316523 -0.04421293
v -0.03454214 0.01266258 -0.04419505
v -0.03433221 0.009549617 -0.05829733
v -0.03550481 0.009023129 -0.05831986
v -0.03372514 0.01064378 -0.0541101
v -0.03511857 0.01006275 -0.05414021
v -0.03273689 0.01191824 -0.05008512
v -0.0344215 0.01127499 -0.05011552
v -0.03202819 0.0126149 -0.04818481
v -0.03389662 0.01193344 -0.0482074
v -0.03150469 0.0133261 -0.04622876
v -0.03351932 0.01258116 -0.04625326
v -0.03150731 0.01401245 -0.04417902
v -0.03549671 0.01437717 -0.03825902
v -0.03703528 0.01390993 -0.03622519
v -0.03633022 0.01464259 -0.0363056
v -0.03674525 0.0147525 -0.03531819
v -0.03604698 0.01549804 -0.03539431
v -0.03378057 0.01462435 -0.04022115
v -0.0346542 0.01501995 -0.03829091
v -0.03558063 0.01535367 -0.03636515
v -0.03530406 0.01623547 -0.03545129
v -0.03201478 0.01462632 -0.04215657
v -0.03180801 0.01567304 -0.04015648
v -0.03450775 0.01697462 -0.03548777
v -0.03393614 0.01674079 -0.03641402
v -0.03478533 0.0160501 -0.0364018
v -0.03282845 0.01623356 -0.03827136
v -0.0337671 0.01563602 -0.03829586
v -0.03281742 0.01516342 -0.04020416
v -0.03508597 0.0171945 -0.03455972
v -0.03582274 0.01640599 -0.03449404
v -0.03650814 0.01562714 -0.03441327
v -0.03715157 0.01484745 -0.03431832
v -0.03775495 0.01405894 -0.0342099
v -0.03831619 0.01325517 -0.03408849
v -0.040169 0.01165133 -0.02780932
v -0.04028058 0.01165825 -0.02729529
v -0.04005509 0.01257133 -0.02744328
v -0.04088604 0.01161724 -0.02536374
v -0.04076999 0.01253581 -0.02553695
v -0.0414313 0.01157277 -0.02340674
v -0.04142737 0.01249545 -0.02359145
v -0.04008597 0.01163578 -0.02834933
v -0.03992033 0.01256048 -0.02795451
v -0.03981041 0.01347637 -0.02760583
v -0.04063421 0.01344794 -0.02572166
v -0.04140269 0.01341372 -0.02378511
v -0.04334944 0.01713711 -0.02057665
v -0.04233735 0.01714813 -0.02270221
v -0.04224842 0.01523536 -0.02221125
v -0.04133075 0.01525759 -0.02421927
v -0.04049253 0.01435923 -0.02592426
v -0.03956186 0.01437973 -0.02779006
v -0.0403493 0.01527726 -0.0261507
v -0.0393157 0.01529008 -0.02800345
v -0.0394625 0.01437258 -0.02803587
v -0.04282027 0.01127642 -0.008764863
v -0.04339951 0.01219236 -0.008854746
v -0.04299235 0.0113191 -0.01096552
v -0.04362136 0.01228696 -0.01326501
v -0.04398787 0.01324331 -0.01447641
v -0.04379892 0.01326435 -0.01554596
v -0.0444011 0.01418524 -0.0146144
v -0.0426886 0.01144492 -0.01733601
v -0.04301041 0.01237237 -0.01749819
v -0.04330641 0.0133031 -0.0176624
v -0.04416894 0.01420444 -0.01569408
v -0.04478514 0.01513922 -0.01475602
v -0.04494673 0.01504606 -0.009121596
v -0.04394453 0.01312708 -0.008943319
v -0.04307591 0.01209431 -0.004420757
v -0.04241973 0.0111888 -0.004374623
v -0.03895372 0.01425898 -0.0299313
v -0.0378068 0.01594322 -0.03136622
v -0.03684151 0.01670503 -0.03254491
v -0.03883051 0.01618796 -0.02874082
v -0.03894907 0.01620453 -0.02849233
v -0.03884738 0.01716423 -0.02854454
v -0.04191631 0.01152873 -0.02141648
v -0.04202401 0.01245433 -0.02160149
v -0.0421099 0.01337778 -0.02179288
v -0.04308372 0.01521056 -0.02013552
v -0.04123646 0.01715707 -0.02474743
v -0.0402081 0.01620918 -0.02640658
v -0.03907722 0.0162149 -0.02825278
v -0.03920221 0.01528114 -0.0282464
v -0.03937488 0.01436042 -0.02829247
v -0.03922092 0.01432746 -0.02882581
v -0.03809165 0.0141136 -0.03317707
v -0.03754276 0.01492887 -0.03330135
v -0.03695839 0.01574224 -0.0334177
v -0.03633666 0.0165621 -0.03352642
v -0.03566777 0.0173999 -0.03362751
v -0.03733438 0.01683819 -0.03154659
v -0.03683167 0.01776593 -0.0317409
v -0.03625035 0.01759034 -0.03268855
v -0.03655982 0.01824826 -0.03184407
v -0.03830921 0.01708459 -0.02951925
v -0.03856813 0.01713418 -0.02902269
v -0.03843814 0.01762056 -0.02918088
v -0.03873419 0.01765161 -0.02870839
v -0.03741347 0.01792621 -0.03078496
v -0.03761976 0.01744014 -0.0306555
v -0.03815788 0.01756852 -0.02966725
v -0.03781872 0.0169655 -0.03053361
v -0.03806149 0.0170269 -0.030025
v -0.0371949 0.01842683 -0.03092241
v -0.03800237 0.01806426 -0.02982652
v -0.03861826 0.01815038 -0.02888536
v -0.0399174 0.01815342 -0.02702838
v -0.0442686 0.01712441 -0.01839232
v -0.04440718 0.01813673 -0.01860404
v -0.04234027 0.01814746 -0.02298349
v -0.04006773 0.01716387 -0.02669733
v -0.043841 0.01518416 -0.01800799
v -0.0458067 0.01706987 -0.01163697
v -0.04544574 0.0160799 -0.01265966
v -0.04543012 0.01606416 -0.01152026
v -0.0449652 0.01512134 -0.01365244
v -0.04500418 0.01508325 -0.01140689
v -0.04539388 0.01603466 -0.009213268
v -0.04578846 0.01704943 -0.009307682
v -0.04610103 0.01809966 -0.009405434
v -0.04568219 0.01709115 -0.01392984
v -0.04582279 0.01760083 -0.01400303
v -0.04543191 0.01710098 -0.01505649
v -0.04555583 0.01760834 -0.01513618
v -0.04508399 0.01710981 -0.01617354
v -0.04519182 0.01761496 -0.01626062
v -0.04610592 0.01810973 -0.01175779
v -0.04608595 0.01811528 -0.01292479
v -0.04580479 0.01708078 -0.01278942
v -0.04593807 0.01812046 -0.01407814
v -0.04565501 0.01812547 -0.01521795
v -0.04527616 0.01812982 -0.0163502
v -0.04530704 0.0183916 -0.0163961
v -0.04443889 0.01866018 -0.01871562
v -0.0461781 0.01865005 -0.01299488
v -0.04603946 0.01892423 -0.01419442
v -0.04601836 0.01865249 -0.01415514
v -0.0453363 0.01892632 -0.01648986
v -0.04532814 0.0186569 -0.01644253
v -0.04598355 0.01838475 -0.01411634
v -0.04620486 0.01892304 -0.01303052
v -0.04620695 0.01864737 -0.01181989
v -0.04534882 0.01609474 -0.01378834
v -0.04048812 0.009775757 -0.02807521
v -0.04040962 0.009761393 -0.02917218
v -0.04057663 0.008774816 -0.0290206
v -0.04025679 0.008783817 -0.03330338
v -0.04023855 0.009761571 -0.03135526
v -0.03999811 0.009767591 -0.03348028
v -0.04013454 0.009283721 -0.0333929
v -0.03984665 0.01023668 -0.0335654
v -0.03998392 0.01069176 -0.03151947
v -0.03967982 0.01069283 -0.03364819
v -0.03949618 0.01113843 -0.03372853
v -0.03967046 0.01158642 -0.03167778
v -0.03929346 0.01157593 -0.03380656
v -0.03883278 0.01242935 -0.03395408
v -0.03830111 0.01235902 -0.03600746
v -0.03769338 0.01315069 -0.03612548
v -0.03629434 0.01370209 -0.03820252
v -0.03470242 0.01404911 -0.04020977
v -0.03303462 0.01416075 -0.04218524
v -0.03995323 0.0116052 -0.02946436
v -0.04020506 0.01069808 -0.02931857
v -0.04030758 0.01071965 -0.02821123
v -0.0392909 0.01245999 -0.03183054
v -0.04060947 0.009783148 -0.02702182
v -0.04082816 0.007728815 -0.02673625
v -0.04100388 0.009738147 -0.02503663
v -0.04104459 0.007688701 -0.02470105
v -0.04133296 0.009692609 -0.02305269
v -0.04119169 0.007649958 -0.02269238
v -0.04160219 0.009649693 -0.0210579
v -0.04274165 0.01334071 -0.01974856
v -0.04254847 0.01241308 -0.01956808
v -0.04233205 0.01148593 -0.01939147
v -0.04176992 0.01059925 -0.02123606
v -0.0413953 0.01064378 -0.02322822
v -0.04096055 0.01068991 -0.0251984
v -0.04046303 0.01073402 -0.02715665
v -0.04131019 0.007584929 -0.01869523
v -0.04102468 0.005374193 -0.02030378
v -0.04102516 0.006474316 -0.0165196
v -0.03864616 0.002999961 -0.003274083
v -0.03960961 0.004167795 -0.008095085
v -0.04022085 0.00417304 -0.0121864
v -0.04107838 0.007522284 -0.01261132
v -0.04122632 0.007539749 -0.01466763
v -0.04129183 0.007560074 -0.01668894
v -0.04081332 0.005344212 -0.01634597
v -0.04041564 0.005327165 -0.012331
v -0.03980696 0.005315721 -0.008195638
v -0.03906941 0.005307078 -0.004084527
v -0.03940355 0.0064134 -0.004134774
v -0.04203957 0.009513974 -0.01287859
v -0.04206103 0.009544372 -0.01496523
v -0.04196143 0.009575605 -0.01701557
v -0.04180848 0.009610474 -0.019046
v -0.0410279 0.005418539 -0.0243197
v -0.04127943 0.00761497 -0.02069389
v -0.04154664 0.008623659 -0.01887249
v -0.04160815 0.008593499 -0.01685392
v -0.04161971 0.00856769 -0.01481813
v -0.04153037 0.008543848 -0.01274669
v -0.04052877 0.007491946 -0.008393049
v -0.04103177 0.008500158 -0.008488893
v -0.04041892 0.00846225 -0.004233539
v -0.04105353 0.009401738 -0.004281282
v -0.03986001 0.007467389 -0.004184544
v -0.04070293 0.006447613 -0.01247262
v -0.04011535 0.006428062 -0.008295059
v -0.04084336 0.005448818 -0.02849924
v -0.04083156 0.002999961 -0.02570676
v -0.03906202 0.003828704 -0.06263959
v -0.03903013 0.004105687 -0.0626403
v -0.03897964 0.004380345 -0.0626406
v -0.03891164 0.004651427 -0.0626406
v -0.0390774 0.003551006 -0.06263858
v -0.03934162 0.003634393 -0.05828619
v -0.03931915 0.0042786 -0.05829727
v -0.03927409 0.004598498 -0.05830216
v -0.04043632 0.00541985 -0.03695303
v -0.04019409 0.005350828 -0.04119867
v -0.03991091 0.002999842 -0.04523068
v -0.03997093 0.005154848 -0.04547864
v -0.0398637 0.002999842 -0.04619383
v -0.03978705 0.004816472 -0.04970645
v -0.03969734 0.002999842 -0.04956698
v -0.0387426 0.006103992 -0.05832099
v -0.03901118 0.005527019 -0.05831432
v -0.03936105 0.006560683 -0.0498346
v -0.0396322 0.005708098 -0.04977196
v -0.03943723 0.0071823 -0.04571008
v -0.03977084 0.006195068 -0.04559665
v -0.03970414 0.007552862 -0.04148232
v -0.03954303 0.007409334 -0.04359698
v -0.0392065 0.004914343 -0.05830651
v -0.03872668 0.005178153 -0.06264001
v -0.03783774 0.006572425 -0.06263518
v -0.03926354 0.002999842 -0.05827206
v -0.0384112 0.006639063 -0.05832648
v -0.0380252 0.007130861 -0.05833035
v -0.03759181 0.007581233 -0.05833274
v -0.0366041 0.008370995 -0.05833119
v -0.04070925 0.00772649 -0.02886003
v -0.04036504 0.008266866 -0.03321164
v -0.0404585 0.007732748 -0.03311806
v -0.0399447 0.008221805 -0.0373823
v -0.04009056 0.007692873 -0.03729832
v -0.03950786 0.008062243 -0.04155057
v -0.03906714 0.009610116 -0.03967767
v -0.03909349 0.008374035 -0.04371821
v -0.03928601 0.008552074 -0.04161715
v -0.03977829 0.008732438 -0.03746449
v -0.03641802 0.009318292 -0.05414348
v -0.03702014 0.008881866 -0.05413651
v -0.03671526 0.009925305 -0.05007302
v -0.0373879 0.009369373 -0.05003893
v -0.03719282 0.009900867 -0.04807776
v -0.03799438 0.008759438 -0.04999691
v -0.03779703 0.009705424 -0.04600632
v -0.03843766 0.008940219 -0.04591661
v -0.03853029 0.008090317 -0.04994815
v -0.03880697 0.01005589 -0.03974485
v -0.03852599 0.01048487 -0.03980892
v -0.03916293 0.01015543 -0.03769767
v -0.03891932 0.01059681 -0.03776985
v -0.03865587 0.01102423 -0.03783881
v -0.03837102 0.01143985 -0.0379045
v -0.03822422 0.01089853 -0.03986984
v -0.0379002 0.01129871 -0.03992718
v -0.0378338 0.01071405 -0.04191195
v -0.03747719 0.01109623 -0.04196155
v -0.03635537 0.01148563 -0.04409873
v -0.03539681 0.0116117 -0.0462017
v -0.03757894 0.00840187 -0.05412423
v -0.03808432 0.007876873 -0.05410778
v -0.03853219 0.007302165 -0.05408757
v -0.03898894 0.007357299 -0.04989373
v -0.03898757 0.008099734 -0.04581743
v -0.04160159 0.009455561 -0.008582353
v -0.03547465 0.01210355 -0.04415643
v -0.0367006 0.01181793 -0.04204833
v -0.03718942 0.01206058 -0.04002916
v -0.03773957 0.01223742 -0.03802353
v -0.03884738 0.01153063 -0.03587234
v -0.03909093 0.01110249 -0.03579938
v -0.03931391 0.0106644 -0.0357232
v -0.03951841 0.01021397 -0.03564429
v -0.03970545 0.009749233 -0.03556257
v -0.0398752 0.009268581 -0.03547829
v 0.01617318 -0.01101082 0.01419758
v 0.01868975 -0.01056897 0.01314795
v 0.01893579 -0.009647488 0.01686006
v 0.02707326 -0.007585704 0.008295476
v 0.02696073 -0.007914066 0.007238864
v 0.0277723 -0.007459402 0.00637567
v 0.005200624 -0.01208215 0.0164377
v 0.008016943 -0.01190656 0.01613879
v 0.007807612 -0.01086658 0.0206952
v 0.03079092 -0.003385365 0.003393769
v 0.03136789 -0.002999961 0
v 0.03082245 -0.003330171 0.003251194
v 0.02412205 -0.004408836 0.01927423
v 0.02410238 -0.004836082 0.01908499
v 0.02599632 -0.004602134 0.01623648
v 0.03127318 -0.003327488 0.000598879
v 0.0311324 -0.003518044 0.001419067
v 0.02938562 -0.005346596 0.007000744
v 0.0299316 -0.004934906 0.005624294
v 0.02994656 -0.004666805 0.005992174
v 0.03041046 -0.004283905 0.004510462
v 0.02794981 -0.006826758 0.008175671
v 0.02866196 -0.006392896 0.007047951
v 0.02872109 -0.00607419 0.007737398
v 0.02464944 -0.007834434 0.01365679
v 0.02365112 -0.008124351 0.01473557
v 0.0235148 -0.008604586 0.01342236
v 0.0165255 -0.008113563 0.02300643
v 0.01363712 -0.008367955 0.02436506
v 0.01361995 -0.0091241 0.02286905
v -0.01112312 -0.002999961 0.02977311
v -0.01115959 -0.002999961 0.02976393
v -0.01151466 -0.003730475 0.02962893
v -0.008484065 -0.003740966 0.0302881
v -0.008461952 -0.004445672 0.0301581
v -0.005367577 -0.004456639 0.03058993
v -0.0269593 -0.003553569 0.02052807
v -0.02693372 -0.004083812 0.02043998
v -0.02478593 -0.004167497 0.0225138
v -0.02180868 -0.007760465 0.02193146
v -0.02165216 -0.008170127 0.02134919
v -0.01913774 -0.008403539 0.02280795
v -0.03635269 -0.0039047 0.005475938
v -0.03636294 -0.003732681 0.005545437
v -0.03680616 -0.003835201 0.004058599
v -0.02797573 -0.007878661 0.01496964
v -0.0258671 -0.008269608 0.01676344
v -0.02618527 -0.007576942 0.01786017
v -0.03570169 -0.005045533 0.00613147
v -0.03627163 -0.004705846 0.00492841
v -0.0362268 -0.005001544 0.004625797
v -0.0372262 -0.004244685 0.002153754
v -0.03722476 -0.004086792 0.002326965
v -0.03743016 -0.003828585 0.001746892
v -0.03698331 -0.004712164 0.002449512
v -0.03671562 -0.005009829 0.002935349
v -0.03673881 -0.004792571 0.003222525
v -0.03654909 -0.005497217 0.002541065
v -0.03603923 -0.005914211 0.003308773
v -0.03605794 -0.005819976 0.003485262
v -0.0350672 -0.006489515 0.004495501
v -0.03452861 -0.006792426 0.005131185
v -0.03458923 -0.006813645 0.005206108
v -0.03415358 -0.007003307 0.005573689
v 0.03131771 -0.003657042 6.08187e-05
v 0.03134721 -0.003423929 2.51775e-05
v 0.03130406 -0.003443539 0.000319856
v 0.03119879 -0.003882527 0.000639027
v 0.03127872 -0.003870666 0.000107718
v 0.0310527 -0.004312992 0.000957389
v 0.03116434 -0.004302263 0.000244917
v 0.03086787 -0.004730463 0.001274704
v 0.03099328 -0.004747748 0.000448914
v 0.03064703 -0.005132198 0.001591086
v 0.03068166 -0.005328059 0.00081584
v 0.03063356 -0.00540328 0.000871924
v 0.03039401 -0.005517423 0.001906335
v 0.03039103 -0.005746603 0.001152873
v 0.0301125 -0.005885422 0.002220213
v 0.03003853 -0.006167173 0.001555204
v 0.02980595 -0.006235659 0.002532601
v 0.02978217 -0.006433308 0.001843333
v 0.02685093 -0.008432865 0.004879713
v 0.02757155 -0.008049845 0.004175961
v 0.02757424 -0.008014261 0.004366517
v 0.02836006 -0.007567942 0.003374218
v 0.02838051 -0.00747627 0.003764212
v 0.02894479 -0.007154047 0.002758443
v 0.02494633 -0.009261012 0.006613314
v 0.02669972 -0.008507609 0.005024135
v 0.01920676 -0.01082497 0.01082098
v 0.02085864 -0.01047688 0.009756743
v 0.01544857 -0.01140886 0.01283979
v 0.01735889 -0.01114332 0.01188105
v 0.007467091 -0.01207947 0.01549971
v 0.005773067 -0.01216042 0.01581484
v 0.002409875 -0.01227283 0.01621741
v -0.008887529 -0.01215893 0.01594352
v -0.009741604 -0.01106673 0.02039945
v -0.01160258 -0.01199644 0.01561951
v -0.01255035 -0.01093518 0.01978695
v -0.01439374 -0.01176625 0.01516938
v -0.01528948 -0.01075488 0.0190078
v -0.01793545 -0.01052165 0.01804894
v -0.01714527 -0.01146388 0.01459342
v -0.01877737 -0.01124024 0.01418101
v -0.02045488 -0.0102303 0.01689451
v -0.01965957 -0.01110309 0.01393377
v -0.0220732 -0.0106703 0.0131601
v -0.02283364 -0.009880781 0.0155676
v -0.02454292 -0.01014858 0.01219749
v -0.02510404 -0.009480416 0.01413357
v -0.02728044 -0.009028971 0.01262116
v -0.03309392 -0.007272124 0.007611334
v -0.03290694 -0.007623732 0.006903231
v -0.03252053 -0.007783651 0.00725466
v -0.03356957 -0.007331669 0.006262958
v -0.0339297 -0.00689888 0.00670892
v -0.03375107 -0.007229626 0.006048738
v -0.03471726 -0.006493151 0.005788803
v -0.03587186 -0.006036937 0.00354588
v -0.03529608 -0.006360769 0.004225373
v -0.03535717 -0.006344199 0.004341483
v -0.03723156 -0.00469017 0.001529932
v -0.03696775 -0.00508815 0.001851677
v -0.03696233 -0.005068123 0.00191015
v -0.03685975 -0.00520128 0.00203526
v -0.03668332 -0.005374073 0.002326369
v -0.03754478 -0.004325926 0.000791982
v -0.0374822 -0.004428565 0.000914203
v -0.03746664 -0.004290759 0.001148521
v -0.03741729 -0.004527509 0.001038849
v -0.03714996 -0.004881203 0.001532018
v -0.03769099 -0.004017949 0.000524909
v -0.03765511 -0.004121482 0.000572168
v -0.03772932 -0.003958821 0.000420525
v -0.03781545 -0.003722488 0.000240726
v -0.03783768 -0.003513336 0.000262648
v -0.03787046 -0.003516197 0.000123354
v -0.0379275 -0.002999961 0
v -0.03792071 -0.003179848 1.49795e-05
v -0.03790265 -0.003342509 5.40931e-05
v -0.0372278 -0.004397571 0.001961827
v -0.03779757 -0.003363192 0.000491767
v -0.03761607 -0.003559589 0.001165688
v -0.03763747 -0.003720521 0.000982808
v -0.03744685 -0.004066348 0.00147289
v -0.03484803 -0.006133139 0.006355047
v -0.03409719 -0.00650382 0.007365286
v -0.03329658 -0.006846189 0.008355975
v -0.03129529 -0.007938623 0.009359896
v -0.03038769 -0.008561432 0.008952081
v -0.03722345 -0.003923118 0.002479076
v -0.03722244 -0.003753244 0.002608418
v -0.03629148 -0.00455302 0.005062878
v -0.03679358 -0.004089534 0.003902733
v -0.03677809 -0.004333317 0.003709435
v -0.03496599 -0.005755305 0.006865978
v -0.03424829 -0.006087124 0.007957339
v -0.03347939 -0.006394982 0.009027659
v -0.03156179 -0.00746119 0.0102756
v -0.02935034 -0.008518755 0.01103031
v -0.02678608 -0.009608209 0.01113981
v -0.02996051 -0.007441878 0.01308292
v -0.03191161 -0.006682634 0.0114777
v -0.03180205 -0.006951153 0.01110154
v -0.0335626 -0.006159067 0.00933361
v -0.03506976 -0.005357563 0.007315099
v -0.03511577 -0.005150616 0.007514595
v -0.03364002 -0.005915701 0.009618222
v -0.03371143 -0.005664706 0.009880602
v -0.03201341 -0.006404638 0.01182776
v -0.03210735 -0.006116688 0.01215034
v -0.03021496 -0.006838858 0.01393878
v -0.03032797 -0.006519258 0.014319
v -0.03573459 -0.004864037 0.006298661
v -0.03515774 -0.004937887 0.00769639
v -0.03377646 -0.005405545 0.01011955
v -0.03219282 -0.005818188 0.01244431
v -0.03043097 -0.006186783 0.01466542
v -0.03675967 -0.004567325 0.003481566
v -0.03722155 -0.003576636 0.002712488
v -0.03722089 -0.003392577 0.002789497
v -0.03759956 -0.003387272 0.001306653
v -0.03711789 -0.002999961 0.003232896
v -0.03522872 -0.00449419 0.008003771
v -0.03634029 -0.004072606 0.005392432
v -0.03579139 -0.004487216 0.006587862
v -0.03632599 -0.004236519 0.005295336
v -0.03630959 -0.004396617 0.005185425
v -0.03531378 -0.003527224 0.00837177
v -0.03530001 -0.00377959 0.008312523
v -0.03399688 -0.003976643 0.01092964
v -0.03555959 -0.002999961 0.007868111
v -0.0363819 -0.002999961 0.005672872
v -0.03637701 -0.00337553 0.005640387
v -0.03528124 -0.004024744 0.008230924
v -0.03525733 -0.004262804 0.008127808
v -0.03393071 -0.004576325 0.01068669
v -0.03576457 -0.004677951 0.00645107
v -0.03519546 -0.004719138 0.007859766
v -0.03383487 -0.005138099 0.01033437
v -0.03388643 -0.004861772 0.01052367
v -0.03226965 -0.00550884 0.01270836
v -0.03233742 -0.005188167 0.0129413
v -0.03052341 -0.005841076 0.01497656
v -0.03060501 -0.005481362 0.01525104
v -0.03401798 -0.003661692 0.01100748
v -0.03248274 -0.004153311 0.01344043
v -0.03251057 -0.003782629 0.01353627
v -0.03077989 -0.00431329 0.01583927
v -0.03081351 -0.003892362 0.01595211
v -0.03083389 -0.003454804 0.01602095
v -0.03052562 -0.002999961 0.01645869
v -0.03252756 -0.003398299 0.01359456
v -0.03331661 -0.002999961 0.01234465
v -0.03403097 -0.00333631 0.01105499
v -0.03403532 -0.002999961 0.01107096
v -0.0264554 -0.006817996 0.01879113
v -0.02851188 -0.006518363 0.01678043
v -0.02826571 -0.007227361 0.01594901
v -0.02839452 -0.006880462 0.01638406
v -0.01838153 -0.009890556 0.01981467
v -0.02089905 -0.009613037 0.01854747
v -0.02326166 -0.00928086 0.01709055
v -0.02550524 -0.008902132 0.01551628
v -0.02764606 -0.008477449 0.01385593
v -0.02967113 -0.008000373 0.01210945
v -0.02427554 -0.007089078 0.02069783
v -0.02413809 -0.007500112 0.02020895
v -0.02398729 -0.007891774 0.01967233
v -0.01878392 -0.009187221 0.02140748
v -0.02129977 -0.008928775 0.0200383
v -0.02364778 -0.008620083 0.01846444
v -0.02195119 -0.007329583 0.02246206
v -0.01646131 -0.008590877 0.02401959
v -0.01611644 -0.009394407 0.0225448
v -0.01366388 -0.00873661 0.0250042
v -0.01333624 -0.009555339 0.02346891
v -0.01077491 -0.008844137 0.02577823
v -0.0104708 -0.009673655 0.02419537
v -0.007814764 -0.008915543 0.02635169
v -0.01929491 -0.007979094 0.02342998
v -0.01943808 -0.007531583 0.02399682
v -0.01675403 -0.007693707 0.02527177
v -0.02481323 -0.003596842 0.02261096
v -0.02248096 -0.00424236 0.02443289
v -0.02250921 -0.003635585 0.02453827
v -0.01997005 -0.004305422 0.02610236
v -0.01999855 -0.003668189 0.02621489
v -0.01727247 -0.004356265 0.02748912
v -0.01730012 -0.003694534 0.02760761
v -0.03396767 -0.004281342 0.01082235
v -0.03239578 -0.004855692 0.01314175
v -0.03244429 -0.004510879 0.01330858
v -0.03067529 -0.005107223 0.01548725
v -0.03073376 -0.004718065 0.01568377
v -0.02885687 -0.004906177 0.0179457
v -0.0289095 -0.004458785 0.01812356
v -0.02689176 -0.004591584 0.02029538
v -0.02474117 -0.00471282 0.0223546
v -0.02243453 -0.004821181 0.0242601
v -0.01992338 -0.004912555 0.02591764
v -0.01722699 -0.004985988 0.02729463
v -0.01447004 -0.002999961 0.02878099
v -0.01586657 -0.002999961 0.02826106
v -0.0144611 -0.003715097 0.02873933
v -0.01443475 -0.004395902 0.02861595
v -0.01439154 -0.005043447 0.02841347
v -0.008491516 -0.002999961 0.03033208
v -0.01149016 -0.004425585 0.02950173
v -0.002221643 -0.004458308 0.03079497
v -0.005335748 -0.005130887 0.03037357
v -0.008425652 -0.00511527 0.02994465
v -0.01145011 -0.005086243 0.029293
v -0.02696782 -0.002999961 0.02055776
v -0.02676463 -0.002999961 0.02076596
v -0.02330559 -0.002999961 0.02395564
v -0.02251839 -0.002999961 0.0245732
v -0.01996988 -0.002999961 0.02627539
v -0.0173096 -0.002999961 0.02764791
v -0.01394212 -0.007820188 0.0263077
v -0.01103299 -0.007913768 0.02712202
v -0.008048295 -0.007976353 0.02772539
v -0.005004227 -0.008008599 0.02812248
v 0.02158725 -0.008073627 0.01808929
v 0.01914387 -0.008489072 0.01999741
v 0.02146852 -0.00864911 0.01674342
v 0.01904529 -0.009101569 0.01850962
v 0.02133697 -0.009164988 0.01525127
v 0.02558588 -0.007525563 0.01253616
v 0.02569764 -0.007045507 0.0135439
v 0.02476865 -0.007327437 0.01475453
v 0.02377396 -0.007592618 0.0159201
v 0.02935075 -0.005646169 0.006479859
v 0.02899497 -0.006163597 0.006477177
v 0.02931225 -0.005925536 0.005902349
v 0.02991455 -0.005185544 0.00520581
v 0.02961277 -0.005677938 0.005323827
v 0.02989578 -0.005420148 0.004741907
v 0.03016 -0.005151808 0.004156947
v 0.03040677 -0.004688322 0.003918528
v 0.0304045 -0.004872322 0.003569245
v 0.03062754 -0.004582047 0.002979159
v 0.03081893 -0.004154205 0.002620339
v 0.03082752 -0.004281461 0.002386868
v 0.03100252 -0.003970921 0.00179255
v 0.03040874 -0.004492521 0.004233479
v 0.02717846 -0.007231116 0.009282708
v 0.02802866 -0.006473243 0.008975565
v 0.02877438 -0.005730748 0.008359432
v 0.02646106 -0.007196605 0.0113793
v 0.02736252 -0.006428182 0.01101005
v 0.02656209 -0.006745994 0.01229399
v 0.02740234 -0.006205201 0.01138311
v 0.02574867 -0.006787896 0.01400285
v 0.02879863 -0.005548954 0.008642733
v 0.02809989 -0.006090462 0.00969702
v 0.02727526 -0.006846547 0.0101909
v 0.026349 -0.00760895 0.01036518
v 0.0308113 -0.00401926 0.002830982
v 0.03112459 -0.00344491 0.001511931
v 0.01353001 -0.01137638 0.01503598
v 0.01633358 -0.01005339 0.018206
v 0.01357883 -0.01038748 0.01928114
v 0.01640474 -0.009482026 0.01998722
v 0.01646906 -0.008838117 0.0215938
v 0.01918888 -0.008155465 0.02067518
v 0.01923066 -0.007802486 0.02130568
v 0.02164131 -0.007761538 0.01870226
v 0.02169156 -0.007431983 0.01927268
v 0.02382993 -0.007305622 0.01645958
v 0.02388209 -0.007003605 0.01696157
v 0.02579599 -0.006517887 0.01442986
v 0.02743929 -0.005972445 0.01173031
v 0.02882122 -0.005360007 0.008906304
v 0.0294162 -0.005024671 0.007458627
v 0.02942979 -0.0048545 0.007662177
v 0.02995318 -0.004525542 0.006155729
v 0.02995926 -0.004379153 0.006304562
v 0.03041195 -0.004060924 0.004745543
v 0.03111779 -0.003366947 0.001590669
v 0.03080463 -0.003875792 0.003016233
v 0.03079891 -0.003722786 0.00317347
v 0.03079432 -0.003559648 0.00330013
v 0.03115141 -0.003652036 0.001196444
v -0.02861726 -0.00614053 0.01713645
v -0.02871024 -0.005746424 0.01745051
v -0.02879029 -0.005335152 0.01772075
v -0.02676093 -0.005542278 0.01984429
v -0.02683401 -0.005077481 0.02009618
v -0.02460145 -0.005730867 0.02185767
v -0.02467948 -0.005233705 0.02213513
v -0.02228957 -0.005899012 0.02372092
v -0.02237045 -0.00537312 0.02402198
v -0.01977795 -0.006040394 0.02534157
v -0.01985919 -0.005490541 0.02566331
v -0.01708519 -0.006154119 0.02668792
v -0.01716428 -0.005584955 0.02702677
v -0.01425671 -0.006242871 0.02778196
v -0.01433199 -0.005658686 0.02813458
v -0.01132506 -0.006308913 0.02864187
v -0.01139485 -0.005713582 0.0290054
v -0.008312523 -0.006353497 0.02927917
v -0.008375704 -0.005750775 0.02965074
v -0.005236268 -0.006377041 0.02969849
v -0.005291759 -0.005770683 0.03007543
v -0.002157568 -0.005773127 0.03027701
v -0.002194643 -0.005133092 0.03057712
v 0.000983403 -0.005121529 0.03054732
v 0.000961807 -0.004450619 0.03076493
v 0.004170954 -0.004432976 0.03048402
v 0.01056671 -0.004365563 0.02907383
v 0.007383227 -0.004404902 0.02992945
v 0.007393062 -0.005054712 0.0297178
v 0.004186809 -0.00509572 0.03026837
v 0.004208505 -0.005724132 0.0299713
v 0.0010131 -0.005757868 0.03024744
v 0.001050651 -0.006360769 0.02986836
v -0.00211066 -0.006379663 0.02989751
v -0.002054274 -0.006953895 0.02944147
v -0.00516963 -0.006951451 0.02924543
v -0.005092144 -0.007494926 0.02871912
v -0.008236527 -0.00692451 0.02883255
v -0.008148312 -0.007465124 0.02831363
v -0.01124107 -0.00687325 0.02820497
v -0.01114362 -0.007407844 0.0276975
v -0.01416629 -0.006797194 0.02735817
v -0.01406127 -0.00732249 0.02686578
v -0.01699 -0.006694555 0.02628082
v -0.01687937 -0.007207453 0.02580791
v -0.01968026 -0.006563246 0.02495509
v -0.01956683 -0.007059872 0.02450603
v -0.02219229 -0.006399691 0.02335906
v -0.02207928 -0.00687623 0.02293866
v -0.02450782 -0.00620532 0.02152431
v -0.02439892 -0.006657779 0.02113693
v -0.02667307 -0.005986869 0.01954156
v -0.02657109 -0.00641185 0.01918989
v 0.0219233 -0.004569828 0.02190047
v 0.01942956 -0.004442036 0.02430516
v 0.0194233 -0.004709482 0.02421063
v 0.01665508 -0.004541218 0.02624547
v 0.01665103 -0.004826724 0.02614337
v 0.01367533 -0.004921913 0.02768725
v -0.00753957 -0.009751617 0.02473372
v -0.004799187 -0.008951544 0.02672904
v -0.001914501 -0.008010268 0.02831101
v -0.001988708 -0.007497072 0.02891165
v 0.001148462 -0.007470965 0.02888339
v 0.00109589 -0.006931424 0.02941268
v 0.004269123 -0.006882905 0.0291441
v 0.004236102 -0.006319463 0.02959561
v 0.007423341 -0.006254613 0.02905726
v 0.007406473 -0.005670845 0.02942603
v 0.01057529 -0.005596518 0.02858477
v 0.01057028 -0.004997313 0.02886807
v 0.01367753 -0.004313826 0.02788454
v 0.01665848 -0.004248321 0.02632957
v 0.02407765 -0.005243301 0.01884585
v 0.02188032 -0.005495131 0.02141368
v 0.0218665 -0.005712211 0.0212571
v 0.0193876 -0.005713582 0.02367252
v 0.01937609 -0.005948603 0.02349936
v 0.01662772 -0.005896747 0.02556222
v 0.01661223 -0.006390452 0.02517235
v 0.01366353 -0.006563961 0.02665889
v 0.01365798 -0.00705415 0.02617919
v 0.01059782 -0.007210016 0.0272957
v 0.01060765 -0.007690191 0.02672863
v 0.007494211 -0.007822871 0.02751535
v 0.007556796 -0.008727431 0.02615207
v 0.004453003 -0.008841276 0.02663654
v 0.004572868 -0.009659647 0.02500092
v 0.001510739 -0.009744942 0.02523142
v 0.001903533 -0.01112687 0.02127289
v 0.02889317 -0.004525423 0.009744703
v 0.02757817 -0.004644334 0.01303339
v 0.02755695 -0.004933357 0.0128346
v 0.02597379 -0.004959583 0.01603299
v 0.02594673 -0.005300939 0.01578837
v 0.02404779 -0.005631089 0.01855838
v 0.02185148 -0.005923867 0.02108705
v 0.0193637 -0.006177604 0.02331143
v 0.01659411 -0.006857991 0.02471935
v 0.01365172 -0.007517457 0.0256353
v 0.01657348 -0.007300317 0.0242058
v 0.01930433 -0.00703448 0.02241635
v 0.01933586 -0.006617546 0.02289187
v 0.02178019 -0.006717622 0.02027738
v 0.0218181 -0.006331086 0.02070754
v 0.02397388 -0.006351709 0.01784569
v 0.02401316 -0.006000339 0.01822435
v 0.02587944 -0.005937874 0.01518207
v 0.0259152 -0.005626857 0.0155043
v 0.02750444 -0.005475342 0.01234179
v 0.02753233 -0.00521028 0.0126037
v 0.0288611 -0.004959166 0.009370565
v 0.02887809 -0.004746556 0.009569406
v 0.02996951 -0.00407052 0.006556332
v 0.02996468 -0.004227638 0.006438314
v 0.03107726 -0.002999961 0.001905322
v 0.02189296 -0.005272448 0.02155661
v 0.01939809 -0.005472183 0.02383047
v 0.01663464 -0.005639791 0.02573287
v 0.01366823 -0.006045877 0.02707189
v 0.01058906 -0.006701648 0.02779597
v 0.007467389 -0.007329404 0.02809906
v 0.004351258 -0.007918834 0.02802509
v 0.001347005 -0.008915424 0.02688205
v -0.001536667 -0.009787857 0.02525597
v -0.003977954 -0.01119047 0.0211519
v -0.003292322 -0.01228672 0.01649487
v -0.005328953 -0.01228922 0.01621794
v -0.003265619 -0.01232326 0.01630622
v 0.01367223 -0.005498886 0.02741551
v 0.01664078 -0.005375862 0.02588677
v 0.01664626 -0.00510478 0.02602368
v 0.01940757 -0.005224466 0.02397298
v 0.01941597 -0.004970312 0.02409976
v 0.02190428 -0.005044043 0.02168554
v 0.02191442 -0.004809916 0.02180022
v -0.00455749 -0.009789824 0.02508789
v -0.001740992 -0.008951723 0.02690821
v 0.001208007 -0.007980763 0.02828329
v 0.004307568 -0.007415652 0.0286197
v 0.007443726 -0.006807029 0.02861404
v 0.01058155 -0.006164193 0.02822655
v 0.02890604 -0.004295468 0.009895682
v 0.02759575 -0.004342555 0.01319891
v 0.0260142 -0.004228055 0.01639735
v 0.02413636 -0.003960967 0.01941156
v 0.02193081 -0.00432378 0.02198594
v 0.02193707 -0.004071593 0.02205646
v 0.01943475 -0.004167795 0.02438306
v 0.0194388 -0.003886461 0.02444428
v 0.0166611 -0.003947854 0.02639561
v 0.01666307 -0.003639698 0.02644318
v 0.0136789 -0.003673434 0.02800476
v 0.02760976 -0.004027843 0.01332974
v 0.02761977 -0.003699362 0.01342469
v 0.0260272 -0.003836691 0.01651424
v 0.02603513 -0.003427565 0.0165854
v 0.02414494 -0.00349158 0.01949518
v 0.02584308 -0.002999961 0.01694363
v 0.02414786 -0.002999961 0.01952356
v 0.02329546 -0.002999961 0.02063405
v 0.02194535 -0.003548622 0.02215158
v 0.02194827 -0.002999961 0.02218389
v 0.01944172 -0.003598213 0.02448827
v 0.02049064 -0.002999961 0.02362179
v 0.01944392 -0.002999961 0.02452367
v 0.02893656 -0.002999961 0.01025152
v 0.02893149 -0.003548622 0.01019275
v 0.02891683 -0.004056215 0.0100212
v 0.02979332 -0.002999961 0.00757724
v 0.02998173 -0.003382623 0.006857812
v 0.02997702 -0.00373888 0.006742477
v 0.02802532 -0.002999961 0.01259654
v 0.02762812 -0.002999961 0.01350218
v 0.02603781 -0.002999961 0.01660948
v 0.000665317 -0.01230764 0.0163151
v 0.002368271 -0.01220303 0.01658928
v 0.004860401 -0.01102221 0.0210787
v 0.007630646 -0.009530067 0.02454626
v 0.01063084 -0.008570969 0.02540439
v 0.01364481 -0.007955074 0.02502965
v 0.01655066 -0.007718563 0.02363407
v 0.01926916 -0.007429063 0.02188682
v 0.02173793 -0.00708431 0.01979833
v 0.02393013 -0.006685853 0.01742422
v 0.02583962 -0.006234765 0.01482349
v 0.02747339 -0.005729258 0.01205027
v 0.02884209 -0.00516355 0.009149193
v 0.0106582 -0.009352982 0.02384448
v 0.01072365 -0.01065653 0.02010363
v 0.01080101 -0.01167291 0.01567739
v 0.01071363 -0.0118727 0.01466298
v 0.01255273 -0.01171934 0.0140444
v 0.02104085 -0.01004463 0.01189345
v 0.0231834 -0.009859561 0.008061945
v 0.02532726 -0.008361935 0.01020455
v 0.02518314 -0.008727848 0.008904933
v 0.02320814 -0.009433388 0.01046723
v 0.02336663 -0.009039044 0.01199483
v 0.02546203 -0.007962763 0.01141899
v 0.02384185 -0.009651243 0.007537782
v 0.0292254 -0.006432652 0.004602849
v 0.02912861 -0.006885886 0.00315243
v 0.02925366 -0.006909251 0.002425432
v 0.02672296 -0.008496224 0.005001962
v 0.02852892 -0.006967425 0.005496144
v 0.02888512 -0.006705701 0.005051136
v 0.03117382 -0.003772497 0.000933048
v 0.0310263 -0.004149675 0.001397848
v 0.03084659 -0.004516184 0.001861274
v 0.03063678 -0.004870057 0.00232321
v 0.03039962 -0.005210459 0.002783477
v 0.03013753 -0.005536973 0.003241658
v 0.02985334 -0.005849063 0.003697872
v 0.02954876 -0.006147325 0.004151642
v -0.0376628 -0.003872573 0.000766423
v -0.03781658 -0.003439903 0.000383495
v -0.03668177 -0.005375564 0.002328813
v -0.03669053 -0.005220115 0.0026232
v -0.03501975 -0.005559027 0.007098615
v -0.03562772 -0.005395293 0.005754888
v -0.0355435 -0.005729198 0.005326807
v -0.03617584 -0.005284965 0.00428164
v -0.03545022 -0.006048679 0.004852056
v -0.0361194 -0.005557358 0.003900051
v 0.01743131 -0.002999961 0.02599716
v 0.0166645 -0.002999961 0.02648138
v 0.0138033 -0.002999961 0.02798956
v 0.01056444 -0.003700137 0.02919924
v 0.0100212 -0.002999961 0.02941191
v 0.007377386 -0.003720343 0.03005862
v 0.007375419 -0.002999961 0.03010231
v 0.004161298 -0.003734827 0.03061544
v 0.005385637 -0.002999961 0.0304811
v 0.000948643 -0.003743827 0.03089761
v 0.000944188 -0.002999961 0.03094244
v -0.002238035 -0.003747642 0.03092777
v -0.000146449 -0.002999961 0.03098011
v -0.005387008 -0.003746688 0.0307219
v -0.005393505 -0.002999961 0.03076636
v -0.005744636 -0.002999961 0.03072881
v -0.04083156 -0.002999842 -0.02570676
v -0.04088377 -0.002999961 -0.02225536
v -0.04076802 -0.002999961 -0.01894068
v -0.04045563 -0.002999961 -0.01497995
v -0.04006022 -0.002999961 -0.0115996
v -0.03944635 -0.002999961 -0.007544457
v -0.03864616 -0.002999961 -0.003274083
v -0.02939242 -0.002999961 -0.1919605
v -0.02879405 -0.002999961 -0.1946007
v -0.02879405 -0.006999969 -0.1946007
v -0.03430348 -0.003075361 -0.1488651
v -0.03458768 -0.002999961 -0.145
v -0.03403788 -0.002999961 -0.1523343
v -0.03257638 -0.002999961 -0.1690378
v -0.03363692 -0.003643751 -0.1573159
v -0.03401869 -0.003268659 -0.1525815
v -0.03104889 -0.002999961 -0.1822484
v -0.03161358 -0.005934 -0.1778685
v -0.03207653 -0.002999961 -0.1738364
v -0.03207707 -0.005484819 -0.1738306
v -0.03321117 -0.004145324 -0.162275
v -0.02949899 -0.006950438 -0.1914515
v -0.03025555 -0.006763279 -0.1874192
v -0.03051441 -0.002999961 -0.1858501
v -0.03051501 -0.006658852 -0.1858459
v -0.03088682 -0.006467223 -0.1833949
v 0.01308763 -0.006999969 -0.205671
v 0.01351732 -0.006999969 -0.2064976
v 0.01355147 -0.006999969 -0.206569
v 0.01369822 -0.006999969 -0.2068879
v 0.01382136 -0.006999969 -0.2071716
v 0.01406455 -0.006999969 -0.2077858
v 0.01428025 -0.006999969 -0.2084095
v 0.01442605 -0.006999969 -0.2088903
v 0.01446712 -0.006999969 -0.2090376
v 0.01455318 -0.006999969 -0.2093665
v 0.01462376 -0.006999969 -0.2096616
v 0.01475292 -0.006999969 -0.2102888
v 0.01491469 -0.006999969 -0.2114028
v 0.01493006 -0.006999969 -0.2115542
v 0.0149616 -0.006999969 -0.2119274
v 0.01499938 -0.006999969 -0.2128722
v 0.01496911 -0.006999969 -0.2139617
v 0.01495176 -0.006999969 -0.2142009
v 0.01494956 -0.006999969 -0.2142287
v 0.01468372 -0.006999969 -0.2160639
v 0.0145877 -0.006999969 -0.2164926
v 0.01430988 -0.006999969 -0.2174974
v 0.01378148 -0.006999969 -0.2189218
v 0.01257407 -0.006999969 -0.2211787
v -0.001393735 -0.006999969 -0.2279351
v -0.000463859 -0.006999969 -0.2279928
v -0.000310674 -0.006999969 -0.2279968
v 0.000866349 -0.006999969 -0.227975
v 0.001206219 -0.006999969 -0.2279514
v 0.001985073 -0.006999969 -0.227868
v 0.002091825 -0.006999969 -0.2278534
v 0.003054857 -0.006999969 -0.2276856
v 0.004031658 -0.006999969 -0.227448
v 0.004082143 -0.006999969 -0.2274338
v 0.004586577 -0.006999969 -0.2272815
v 0.006030499 -0.006999969 -0.2267343
v 0.006947875 -0.006999969 -0.2262939
v 0.007835626 -0.006999969 -0.2257907
v 0.009106814 -0.006999969 -0.2249191
v 0.009483873 -0.006999969 -0.2246212
v 0.01024776 -0.006999969 -0.2239536
v 0.01095557 -0.006999969 -0.2232457
v 0.01100063 -0.006999969 -0.2231973
v 0.01225417 -0.006999969 -0.2216506
v 0.000610758 -0.002999961 -0.1384719
v 0.000216705 -0.002999961 -0.145
v 0.000106196 -0.003146648 -0.1475957
v 0.001945137 -0.002999961 -0.1243961
v 0.003911793 -0.002999961 -0.1102909
v 0.006019592 -0.002999961 -0.09971451
v 0.007282853 -0.002999961 -0.09426498
v 0.01110279 -0.002999961 -0.07899999
v 0.0149827 -0.002999961 -0.06476753
v 0.01609265 -0.002999961 -0.06099534
v 0.01712447 -0.002999961 -0.0577138
v 0.01899945 -0.002999961 -0.0524317
v 0.03033965 -0.002999961 -0.01953721
v 0.02917498 -0.002999961 -0.02508217
v 0.02666729 -0.002999961 -0.03263372
v 0.02711701 -0.002999961 -0.03141754
v 0.0290246 -0.002999961 -0.02564638
v 0.03130584 -0.002999961 -0.01222592
v 0.03162443 -0.002999961 -0.003053247
v 0.0316658 -0.002999961 -0.005002677
v 0.03165733 -0.002999961 -0.006140828
v 0.001679122 -0.006999969 -0.1757715
v 0.001056015 -0.006725609 -0.1719646
v 0.000589568 -0.006221354 -0.1681524
v 0.000728779 -0.006402075 -0.1694249
v 8.62732e-05 -0.003201127 -0.1481516
v 1.13948e-05 -0.003515899 -0.1507704
v -3.56521e-05 -0.004223525 -0.1555789
v 7.54953e-05 -0.005070567 -0.1608388
v 0.000306886 -0.005731821 -0.1649438
v 0.00398004 -0.006999969 -0.1851456
v 0.002057552 -0.006999969 -0.1776888
v 0.006529629 -0.006999969 -0.1922712
v 0.009830594 -0.006999969 -0.1995364
v 0.01277309 -0.007003664 -0.2051075
v -0.008241534 -0.006999969 -0.2254772
v -0.008707702 -0.006999969 -0.225193
v -0.03846716 -0.002999722 -0.07423716
v -0.03669238 -0.003000438 -0.1110268
v -0.04002732 -0.002999722 -0.04284423
v -0.03938543 -0.002999663 -0.05583536
v -0.04066789 -0.002999842 -0.02931416
v -0.03653985 -0.003000438 -0.1138465
v -0.03460228 -0.002999961 -0.1447975
v -0.02763003 -0.006999969 -0.1988357
v -0.001576304 -0.006999969 -0.2279165
v -0.002389132 -0.006999969 -0.2277992
v -0.002961218 -0.006999969 -0.2276836
v -0.003141105 -0.006999969 -0.2276417
v -0.003702282 -0.006999969 -0.2274948
v -0.004531443 -0.006999969 -0.227234
v -0.004896104 -0.006999969 -0.2271032
v -0.00557661 -0.006999969 -0.2268337
v -0.006036818 -0.006999969 -0.2266331
v -0.006286025 -0.006999969 -0.2265185
v -0.007084548 -0.006999969 -0.2261232
v -0.008155941 -0.006999969 -0.2255278
v -0.009223997 -0.006999969 -0.2248628
v -0.01025211 -0.006999969 -0.2241571
v -0.01027524 -0.006999969 -0.2241405
v -0.01131039 -0.006999969 -0.2233654
v -0.01221251 -0.006999969 -0.222639
v -0.01231634 -0.006999969 -0.2225522
v -0.01250898 -0.006999969 -0.2223899
v -0.01361715 -0.0070104 -0.221414
v -0.01601988 -0.006999969 -0.2190508
v -0.01803457 -0.006999969 -0.2167918
v -0.01981449 -0.006999969 -0.2145503
v -0.02254748 -0.006999969 -0.2104259
v -0.02507036 -0.006999969 -0.2054908
v -0.02355414 -0.006999969 -0.2085711
v -0.02528285 -0.006999969 -0.2050255
v -0.02553087 -0.006999969 -0.2044682
v -0.0264436 -0.006999969 -0.2022529
v -0.02751934 -0.006999969 -0.1991873
v -0.003366649 -0.01301181 0.01204818
v -0.03942269 -0.003612399 -0.007356286
v -0.001031219 -0.008287072 -0.1233177
v -0.000452028 -0.007877826 -0.1233422
v 0.000235214 -0.007914841 -0.1164236
v 0.003783941 -0.004865527 -0.1092103
v 0.00364089 -0.005218029 -0.1092131
v 0.002563059 -0.005159497 -0.1164425
v 0.000111498 -0.005016267 -0.1420652
v 0.000261476 -0.004353523 -0.1420646
v 0.00065903 -0.004366934 -0.136192
v -0.001014113 -0.01356267 -0.1780247
v -0.00051792 -0.01317691 -0.1777111
v -0.001098394 -0.01309061 -0.1747474
v -5.69306e-05 -0.01273423 -0.1774195
v 0.000359917 -0.01223474 -0.1771554
v -0.000188803 -0.01214033 -0.1742479
v 0.008971273 -0.01385998 -0.2068009
v 0.01102936 -0.01336717 -0.2106491
v 0.01153981 -0.01281762 -0.2095738
v 0.005551815 -0.0114364 -0.1927987
v 0.005755782 -0.01088637 -0.1924657
v 0.003381073 -0.01098573 -0.1858975
v -0.0318973 -0.006979167 -0.1748046
v -0.03485196 -0.003679454 -0.1409037
v -0.0368489 -0.004144549 -0.1063207
v -0.03690207 -0.003763139 -0.1062995
v -0.036085 -0.004436731 -0.1194987
v -0.03042501 -0.009938657 -0.1566953
v -0.02984946 -0.01025986 -0.1565965
v -0.03032618 -0.009601533 -0.1486507
v -0.02634876 -0.008392572 -0.2022178
v -0.01517522 -0.009501338 -0.2194293
v -0.01276588 -0.009464263 -0.2217308
v -0.01210016 -0.01028007 -0.2219249
v -0.01354104 -0.01150077 -0.2197045
v -0.01585215 -0.01162993 -0.2170161
v -0.01629877 -0.01115769 -0.2170289
v -0.01434701 -0.0128647 -0.2168469
v -0.01380348 -0.01321882 -0.2167487
v -0.01594424 -0.01327127 -0.2136495
v -0.01699411 -0.01224309 -0.1546844
v -0.01715487 -0.01162225 -0.148102
v -0.02251851 -0.01136684 -0.148308
v -0.04045701 -0.003597795 -0.01479846
v -0.0375415 -0.005603909 -0.001301646
v -0.03692394 -0.00768584 -0.006367981
v -0.03623759 -0.007531344 -0.002412319
v -0.03703826 -0.006963372 -0.003293991
v -0.04065847 -0.004101634 -0.01814448
v -0.04035395 -0.004111886 -0.01445657
v -0.03856372 -0.007182717 -0.01499617
v -0.03871005 -0.007176578 -0.01884961
v -0.03790557 -0.007793903 -0.01814585
v -0.03687113 -0.00836873 -0.01352566
v -0.03776139 -0.007804512 -0.01424407
v -0.03677892 -0.008220911 -0.02519536
v -0.03582406 -0.00869292 -0.02463889
v -0.03605073 -0.00885421 -0.01683264
v -0.03508472 -0.008740544 -0.004801452
v -0.03558373 -0.008848726 -0.008828759
v -0.03348594 -0.009746313 -0.007499933
v -0.03395509 -0.009722352 -0.0156539
v -0.008791863 -0.01286149 0.01170969
v -0.02202492 -0.0114175 -0.02806323
v -0.02233225 -0.01106184 -0.0358498
v -0.0176357 -0.01143187 -0.0351181
v -0.02304911 -0.01068598 -0.05092948
v -0.01883083 -0.01097655 -0.05034571
v -0.01519668 -0.01101857 -0.09410715
v -0.01372134 -0.01099509 -0.07949435
v -0.02077192 -0.01080912 -0.07976889
v 0.01757627 -0.01165753 0.00800383
v 0.007442057 -0.01273381 0.01135182
v 0.00206691 -0.01296097 0.01200866
v 0.01265066 -0.012317 0.01001119
v 0.02090382 -0.01091307 -0.01339024
v 0.01953721 -0.0105493 -0.02089023
v 0.0217247 -0.009912908 -0.02162343
v 0.0279935 -0.007748425 -0.0168218
v 0.02880811 -0.007049322 -0.01732933
v 0.02962082 -0.007138848 -0.01065886
v 0.02999228 -0.006745696 -0.01096278
v 0.03137773 -0.004278004 -0.001291275
v 0.03149873 -0.00425601 -0.009074568
v 0.03158992 -0.004268229 -0.005940556
v 0.03142476 -0.004853487 -0.005711615
v 0.02970308 -0.004731357 -0.02168118
v 0.030303 -0.004766762 -0.01845234
v 0.03009384 -0.005296051 -0.01826357
v 0.03038239 -0.004487097 -0.01853269
v 0.03044337 -0.004198849 -0.01860058
v 0.03126758 -0.004239976 -0.01223009
v 0.02211922 -0.007242619 -0.03696423
v 0.02291661 -0.00660938 -0.03720903
v 0.02532029 -0.00673604 -0.03063458
v 0.01100093 -0.00343436 -0.07932019
v -0.04088711 -0.003580689 -0.02209222
v -0.04065924 -0.003561615 -0.02917373
v 0.00982964 -0.006175756 -0.07928854
v 0.009537637 -0.006495535 -0.07928109
v 0.006033182 -0.006348431 -0.09427046
v 0.01495379 -0.003464818 -0.06478303
v 0.005213916 -0.004921019 -0.1017854
v 0.005342841 -0.00454998 -0.1017832
v 0.007037878 -0.004598796 -0.09426349
v 0.007147312 -0.004208028 -0.09426265
v 0.01084756 -0.004287362 -0.07931995
v 0.01094329 -0.003864943 -0.0793218
v 0.01487928 -0.00392282 -0.0647844
v 0.01708954 -0.003480792 -0.05773347
v 0.0135836 -0.006303489 -0.06465309
v 0.01325678 -0.006624341 -0.06462407
v 0.00299865 -0.007596433 -0.1018005
v 0.005156338 -0.007189393 -0.09427398
v 0.004502058 -0.007666826 -0.09427535
v 0.006817162 -0.007263839 -0.08673804
v 0.007811546 -0.007803857 -0.07924699
v 0.008543372 -0.007334411 -0.07925963
v 0.01215839 -0.007458329 -0.06453722
v 0.01290816 -0.006922841 -0.06459486
v 0.01490288 -0.006982207 -0.05743414
v 0.001127541 -0.00796467 -0.109211
v 0.002345979 -0.008023023 -0.1017979
v 0.003808975 -0.008086204 -0.09427583
v 0.02124989 -0.007789075 -0.03671634
v 0.0193718 -0.008676111 -0.0362277
v 0.01462531 -0.008440017 -0.0500856
v 0.01274859 -0.009091854 -0.0498473
v 0.01241946 -0.008373141 -0.05716931
v 0.01061213 -0.009022831 -0.05701398
v 0.01052218 -0.008321344 -0.06443017
v 0.008780121 -0.008975088 -0.06433856
v 0.005433619 -0.008881807 -0.07922047
v 0.003766477 -0.00939989 -0.07921195
v 0.000821488 -0.009323894 -0.09426933
v 0.0194438 -0.003984928 -0.05091607
v 0.01953881 -0.003497779 -0.05092108
v 0.02465862 -0.003535389 -0.03781098
v 0.02455598 -0.00405848 -0.03778851
v 0.02439326 -0.004557192 -0.03773081
v 0.01929771 -0.004452884 -0.05088937
v 0.01910465 -0.004897475 -0.05084729
v 0.01669532 -0.004844725 -0.05768764
v 0.01647639 -0.005258679 -0.05765247
v 0.01439648 -0.00520426 -0.06473463
v 0.01415711 -0.005592465 -0.06470906
v 0.0103349 -0.005473494 -0.0793032
v 0.01009649 -0.005834639 -0.07929599
v 0.006516993 -0.005697429 -0.09426754
v 0.006287038 -0.006032228 -0.09426903
v 0.004659116 -0.005957961 -0.1017932
v 0.02709299 -0.003556609 -0.03143477
v 0.02699619 -0.004101753 -0.03139734
v 0.01561206 -0.00636363 -0.05752527
v 0.01593053 -0.006018817 -0.0575698
v 0.01828789 -0.006083846 -0.05067539
v 0.01859486 -0.005712926 -0.05073744
v 0.02361428 -0.005873203 -0.03744268
v 0.02391541 -0.005464017 -0.03755068
v 0.02634441 -0.005559206 -0.03107875
v 0.02661335 -0.005106687 -0.03120726
v 0.02873057 -0.005201876 -0.02476954
v 0.02796572 -0.004656136 -0.02812647
v 0.0289455 -0.004693925 -0.02491533
v 0.0138849 -0.005959272 -0.06468164
v 0.01621997 -0.005650222 -0.05761247
v 0.01886874 -0.005317509 -0.05079555
v 0.02417743 -0.005025804 -0.03764843
v 0.02683359 -0.004620671 -0.03131711
v 0.01720887 -0.007049202 -0.05047798
v 0.0163927 -0.007582426 -0.05034428
v 0.01412022 -0.00751549 -0.05734288
v 0.02815437 -0.006110787 -0.02441966
v 0.02743744 -0.006894767 -0.02403056
v 0.02450531 -0.007385969 -0.03031772
v 0.01135832 -0.00792092 -0.06448203
v 0.007042706 -0.008212387 -0.0792362
v 0.002346694 -0.008780717 -0.0942741
v 0.000960317 -0.008734643 -0.1017855
v -0.000492893 -0.009295701 -0.1017645
v -0.000185349 -0.008696079 -0.1091827
v -0.001572132 -0.009277462 -0.109141
v -0.002340853 -0.009271144 -0.1163185
v 0.03050458 -0.003603041 -0.01868969
v 0.0298928 -0.003885746 -0.02185547
v 0.02991676 -0.003591597 -0.02188479
v 0.02914643 -0.003867447 -0.02506375
v 0.02917593 -0.003579795 -0.02508664
v 0.02817887 -0.003849208 -0.02825099
v 0.02821445 -0.003567934 -0.02826792
v 0.02812463 -0.004125297 -0.02822059
v 0.02909708 -0.004150271 -0.02502632
v 0.0294919 -0.005250692 -0.02151447
v 0.02982968 -0.005785465 -0.01804965
v 0.02846354 -0.00567317 -0.02460181
v 0.0303356 -0.006321251 -0.01125872
v 0.02917999 -0.006659269 -0.01757752
v 0.02952218 -0.006238639 -0.01781892
v 0.02820402 -0.006976664 -0.02068042
v 0.02891904 -0.006177902 -0.0211184
v 0.03064566 -0.005862653 -0.01154237
v 0.03091347 -0.005365133 -0.01180666
v 0.03112602 -0.004824042 -0.0120418
v 0.03048491 -0.003903329 -0.01865363
v 0.03132557 -0.00362432 -0.01235008
v 0.03130817 -0.00393486 -0.01229995
v 0.03156441 -0.003633916 -0.00920993
v 0.03154331 -0.003948152 -0.009152829
v 0.03167158 -0.003642559 -0.006090879
v 0.03164237 -0.003959298 -0.006026983
v 0.0312063 -0.004536867 -0.01214319
v 0.03134894 -0.004843056 -0.008865833
v 0.03119188 -0.005388677 -0.005428493
v 0.02984791 -0.004175126 -0.02181041
v 0.03161275 -0.003650367 -0.002996504
v 0.03150254 -0.003653824 -0.001461327
v 0.03157031 -0.00396806 -0.002926588
v 0.03043401 -0.00627917 -0.001566588
v 0.03076577 -0.005849719 -0.00193423
v 0.02986228 -0.007109642 -0.00405544
v 0.0298227 -0.007142484 -0.007347226
v 0.03054094 -0.006333947 -0.008004784
v 0.03106361 -0.005377054 -0.002277553
v 0.03131592 -0.004854023 -0.002584218
v 0.03150486 -0.004276037 -0.002832472
v 0.02661949 -0.007569909 -0.02362573
v 0.02361863 -0.007949233 -0.02999651
v 0.02170169 -0.008871793 -0.02936089
v 0.02881127 -0.007843852 -0.01003873
v 0.02905595 -0.007787287 -0.003315389
v 0.0288912 -0.007680892 1.02021e-05
v 0.03090852 -0.005875945 -0.005111396
v 0.03058725 -0.00632143 -0.004771888
v 0.02969807 -0.007033944 -0.000791052
v 0.02819186 -0.008384346 -0.002568364
v 0.02803295 -0.008249402 0.000818833
v 0.02619391 -0.00921148 0.002420008
v 0.01750659 -0.01017874 -0.0281831
v 0.01528614 -0.009906768 -0.03533339
v 0.01080441 -0.009598553 -0.04963415
v 0.00874257 -0.009525418 -0.05687969
v 0.006978452 -0.009479761 -0.06426346
v 0.02379912 -0.009133994 -0.02240395
v 0.02572929 -0.008158683 -0.02321583
v 0.02397984 -0.01037341 -0.006974041
v 0.02603483 -0.009513556 -0.0081712
v 0.02626222 -0.009491801 -0.004622936
v 0.0279352 -0.008464872 -0.009412229
v 0.02814525 -0.008452773 -0.005981743
v 0.02710813 -0.008361756 -0.01630866
v 0.02518403 -0.009389221 -0.01529222
v 0.02310657 -0.01022273 -0.0143131
v 0.0217939 -0.01109147 -0.005843341
v 0.02632933 -0.009395658 -0.001089036
v 0.02421706 -0.01000148 0.003964662
v 0.02432048 -0.01022779 0.000338177
v 0.02211642 -0.01065921 0.00542438
v 0.02218294 -0.01092326 0.00168699
v 0.01992684 -0.01150542 0.00293684
v 0.01948982 -0.01169371 -0.004796922
v -0.006659448 -0.01083576 -0.07929795
v -0.008738636 -0.0108506 -0.09419602
v -0.009655177 -0.01089143 -0.101529
v 0.007258415 -0.01315438 0.007144153
v 0.00179857 -0.01340001 0.007726967
v 0.006617367 -0.01341861 -0.001320779
v 0.001088798 -0.01367551 -0.000884907
v 0.005764842 -0.01312983 -0.009772837
v 0.000283955 -0.01337337 -0.009480476
v 0.004726052 -0.01254701 -0.0180943
v -0.000588756 -0.01276397 -0.01792609
v 0.00322324 -0.01195377 -0.0260939
v -0.001847565 -0.01214259 -0.02602827
v 0.001607835 -0.01151728 -0.03384947
v -0.003203332 -0.01168406 -0.03387176
v -0.001638591 -0.01103329 -0.04906469
v -0.005941331 -0.01117295 -0.04919922
v -0.003116667 -0.01093071 -0.0566172
v -0.01127088 -0.01109725 -0.05704426
v 0.01617497 -0.01196748 -0.01177185
v 0.01707738 -0.01219576 -0.003850579
v 0.01756078 -0.01198822 0.004069328
v -0.01039415 -0.01094925 -0.1087335
v -0.01585429 -0.01106762 -0.1012804
v -0.01638329 -0.01113408 -0.1083397
v -0.02165967 -0.01083004 -0.09399491
v -0.02427911 -0.01057648 -0.07993447
v -0.01986891 -0.0108428 -0.06520283
v -0.01213514 -0.01104325 -0.06458693
v -0.004375219 -0.01088166 -0.06420367
v -0.0277583 -0.01017349 -0.0801233
v -0.02369666 -0.01059269 -0.06559389
v -0.0248878 -0.01059275 -0.09393024
v -0.0281012 -0.01017767 -0.09385865
v -0.03126525 -0.009465873 -0.09377998
v -0.0349524 -0.007801949 -0.09367632
v -0.0352801 -0.007561624 -0.09366619
v -0.03498291 -0.007415354 -0.1066101
v -0.03526031 -0.007153213 -0.106576
v -0.03505063 -0.007074177 -0.113109
v -0.03364765 -0.008678197 -0.08051532
v -0.03443402 -0.008317112 -0.0805763
v -0.03426432 -0.008234679 -0.09369683
v -0.03518897 -0.007897496 -0.08063769
v -0.03589844 -0.007409334 -0.08069914
v -0.03559476 -0.007303953 -0.09365624
v -0.03589409 -0.007028043 -0.09364646
v -0.03552258 -0.006875157 -0.106543
v -0.03576773 -0.006581306 -0.1065111
v -0.03552198 -0.006501317 -0.113035
v -0.03660118 -0.007179439 -0.06764024
v -0.03694379 -0.006892085 -0.06772571
v -0.03654569 -0.006843864 -0.0807603
v -0.03683841 -0.006531119 -0.08079063
v -0.03643655 -0.006421267 -0.09362739
v -0.03667402 -0.006090462 -0.09361809
v -0.03619766 -0.005947351 -0.1064504
v -0.03637838 -0.005608141 -0.106422
v -0.03935545 -0.003490447 -0.05576354
v -0.03812158 -0.003433108 -0.08101469
v -0.03117322 -0.009476304 -0.05251628
v -0.02717953 -0.01020658 -0.05164474
v -0.0268957 -0.01048016 -0.03678733
v -0.02681684 -0.01076292 -0.02910608
v -0.02747261 -0.01016837 -0.0660547
v -0.03117728 -0.009494245 -0.08033823
v -0.03283882 -0.008989632 -0.08045506
v -0.03279978 -0.008935868 -0.09373855
v -0.03354394 -0.008610069 -0.09371763
v -0.03342503 -0.00850743 -0.1067925
v -0.003721415 -0.013453 0.007728755
v -0.009232997 -0.01329857 0.007374644
v -0.004499435 -0.01373004 -0.000956064
v -0.01007819 -0.01357853 -0.00133711
v -0.005251646 -0.01342707 -0.009621322
v -0.006951808 -0.01219022 -0.02626264
v -0.005948722 -0.01281523 -0.01812052
v -0.01129448 -0.0126971 -0.01853483
v -0.01077574 -0.01328951 -0.01002579
v -0.01624786 -0.01295781 -0.01067513
v -0.01560789 -0.01321446 -0.002005517
v -0.02104103 -0.01258051 -0.00301671
v -0.008039593 -0.01172745 -0.03413987
v -0.01203966 -0.0120905 -0.02667951
v -0.01658767 -0.01240992 -0.01915401
v -0.02162116 -0.01237815 -0.01161795
v -0.02628266 -0.01167523 -0.004426598
v -0.01469814 -0.01292598 0.006691694
v -0.01417148 -0.01249682 0.01102203
v -0.01945406 -0.01186668 0.009919881
v -0.02680683 -0.01154381 -0.01290255
v -0.02178347 -0.0119062 -0.0200203
v -0.01707744 -0.01184672 -0.02726757
v -0.01285988 -0.01164144 -0.03455811
v -0.01455903 -0.0111401 -0.04987138
v -0.01025646 -0.01120907 -0.04948753
v -0.03492146 -0.008313596 -0.05355703
v -0.03309023 -0.008968591 -0.05301594
v -0.03332114 -0.009091436 -0.03867506
v -0.03125512 -0.009648025 -0.03797483
v -0.03154605 -0.01015686 -0.02269309
v -0.03527402 -0.008394598 -0.0394482
v -0.03619128 -0.007975697 -0.0398609
v -0.03578841 -0.007910788 -0.05384159
v -0.0366069 -0.007443726 -0.05413401
v -0.03807359 -0.003859758 -0.0809918
v -0.03799396 -0.0042786 -0.08096557
v -0.03866589 -0.0039047 -0.06839686
v -0.03856712 -0.004333019 -0.06831896
v -0.03927391 -0.003949463 -0.05564022
v -0.03915297 -0.004382491 -0.0554983
v -0.03976476 -0.004438579 -0.04233801
v -0.03958815 -0.004852712 -0.04211193
v -0.04023885 -0.004930496 -0.02829927
v -0.03937602 -0.005247712 -0.04188162
v -0.03899574 -0.004796504 -0.0553494
v -0.0388025 -0.005193889 -0.05519753
v -0.03843343 -0.004747927 -0.06823706
v -0.03826421 -0.005149245 -0.06815326
v -0.03788161 -0.004688501 -0.08093786
v -0.03773534 -0.005087733 -0.08090931
v -0.03734928 -0.004611313 -0.09358334
v -0.03722423 -0.004999816 -0.09359163
v -0.03677046 -0.004522085 -0.1063439
v -0.03666549 -0.004893422 -0.1063686
v -0.03710609 -0.006198108 -0.08082073
v -0.03726416 -0.006584227 -0.06781142
v -0.03755909 -0.006255209 -0.06789726
v -0.0377053 -0.006601274 -0.05458498
v -0.03802448 -0.006279647 -0.05473756
v -0.03854417 -0.006325662 -0.04118788
v -0.03994101 -0.005740821 -0.0240305
v -0.03977066 -0.005715966 -0.02765613
v -0.03917896 -0.006440103 -0.02701503
v -0.03885197 -0.005984485 -0.04141843
v -0.03831493 -0.005936861 -0.05489087
v -0.03782528 -0.005905032 -0.06798297
v -0.03734606 -0.00584501 -0.08085066
v -0.03688538 -0.005741894 -0.09360903
v -0.0399034 -0.003999829 -0.0425536
v -0.04042214 -0.004509866 -0.02861422
v -0.04046458 -0.004967153 -0.02107352
v -0.04002141 -0.005331695 -0.02797842
v -0.03912997 -0.00562489 -0.04164987
v -0.03857493 -0.005574285 -0.05504441
v -0.03806096 -0.005535662 -0.06806838
v -0.03755629 -0.00547409 -0.08088016
v -0.0370692 -0.005377531 -0.09360021
v -0.03653454 -0.005256116 -0.1063947
v -0.02680355 -0.01116275 -0.02117717
v -0.02929478 -0.01104003 -0.01369673
v -0.03168815 -0.01044005 -0.01461076
v -0.0337615 -0.009498059 -0.02360969
v -0.03547281 -0.007922768 -0.06738644
v -0.02879476 -0.01113557 -0.005308151
v -0.03010147 -0.01014268 0.001992166
v -0.02832853 -0.01102924 -0.001095414
v -0.02772343 -0.01078498 0.003117144
v -0.02524441 -0.01134216 0.0040856
v -0.02006757 -0.01227974 0.005617797
v -0.02454423 -0.01093322 0.008327901
v -0.02698099 -0.01037681 0.007316291
v -0.02931779 -0.009747803 0.006140351
v -0.03152298 -0.009035527 0.004788637
v -0.03736037 -0.006902039 -0.05443322
v -0.0370537 -0.007497191 -0.04028964
v -0.03784549 -0.006949365 -0.04073292
v -0.03766757 -0.007692754 -0.02577841
v -0.03847438 -0.007100999 -0.0263862
v -0.03865194 -0.007146537 -0.02266389
v -0.03935277 -0.006473124 -0.02334028
v -0.03380686 -0.009769737 -0.01158791
v -0.03590774 -0.008880734 -0.01284283
v -0.037014 -0.008351087 -0.01747298
v -0.04079395 -0.004089236 -0.02179068
v -0.04000347 -0.0049811 -0.01364082
v -0.04019874 -0.004564285 -0.01405823
v -0.0403214 -0.004977822 -0.01737642
v -0.04051029 -0.004556477 -0.01776927
v -0.04064977 -0.004544079 -0.02144026
v -0.04056513 -0.004059672 -0.0289148
v -0.03999841 -0.003523766 -0.04273998
v -0.03940862 -0.006494641 -0.01957952
v -0.03926038 -0.006499052 -0.01577699
v -0.03892928 -0.006480038 -0.01194179
v -0.03535807 -0.008054971 -0.001569986
v -0.03604012 -0.008235871 -0.005564451
v -0.03441023 -0.008538663 -0.000769782
v -0.0329988 -0.009630501 -0.003401279
v -0.0312072 -0.01049906 -0.006329119
v -0.03617388 -0.006779015 0.000622933
v -0.03536939 -0.007297039 0.001540958
v -0.03449434 -0.007777631 0.002419233
v -0.03355681 -0.008225381 0.003254354
v -0.03234529 -0.009400725 0.000699123
v -0.03073114 -0.01038497 -0.002168655
v -0.03774785 -0.006344974 -0.004208922
v -0.03842419 -0.006430864 -0.008083164
v -0.03772348 -0.00708574 -0.00720936
v -0.03823232 -0.007155597 -0.01111274
v -0.03743195 -0.007772684 -0.0103147
v -0.03654444 -0.008335411 -0.009552657
v -0.03999602 -0.005758166 -0.02032512
v -0.0398485 -0.005764663 -0.01657491
v -0.03952145 -0.005756378 -0.0127893
v -0.03902584 -0.005729556 -0.008976817
v -0.03836584 -0.005680084 -0.005144596
v -0.03783112 -0.005275905 -0.001791656
v -0.03689873 -0.00621587 -0.000328576
v -0.03809708 -0.004926979 -0.002279222
v -0.03910726 -0.004561901 -0.006545126
v -0.0388872 -0.004957616 -0.00608474
v -0.0395233 -0.004974961 -0.009874582
v -0.03977763 -0.005376935 -0.01321578
v -0.04010081 -0.005379199 -0.01697641
v -0.0402466 -0.005370736 -0.02069997
v -0.03929072 -0.004124045 -0.00698322
v -0.01328581 -0.01550287 -0.1857252
v -0.01806122 -0.01527029 -0.1886998
v -0.01463788 -0.01542979 -0.1908532
v -0.02025961 -0.01464855 -0.1775843
v -0.01893341 -0.01519358 -0.1850067
v -0.01412487 -0.01540869 -0.1821736
v -0.002488017 -0.01504004 -0.2213992
v -0.004150032 -0.01531416 -0.2199011
v -0.003291904 -0.01484847 -0.2216311
v -0.003504633 -0.01479363 -0.2216873
v -0.003994405 -0.01466053 -0.2218083
v -0.005384325 -0.01498186 -0.2202839
v -0.004683077 -0.01445716 -0.2219589
v -0.005134463 -0.01431298 -0.222045
v -0.006684303 -0.01515758 -0.218676
v -0.009083688 -0.01520437 -0.2153069
v -0.009136676 -0.01482784 -0.2174267
v -0.0102986 -0.01482975 -0.2157664
v -0.01149863 -0.01438057 -0.2161635
v -0.01365303 -0.01433706 -0.2128466
v -0.01246547 -0.01473486 -0.2123587
v -0.01126521 -0.01506119 -0.2118203
v -0.007862567 -0.0155127 -0.2147901
v -0.005451202 -0.0154916 -0.218243
v -0.01678907 -0.0138756 -0.2099807
v -0.01563072 -0.01431471 -0.2094597
v -0.0132631 -0.01495409 -0.2082896
v -0.01087784 -0.01536363 -0.2069743
v -0.006641924 -0.01576006 -0.2142192
v -0.00421983 -0.01576113 -0.2177461
v -0.002919495 -0.01558327 -0.2194505
v -0.00154078 -0.01523452 -0.2210858
v -0.02132529 -0.0149511 -0.1864338
v -0.02268522 -0.01442545 -0.1788299
v -0.02364224 -0.01358133 -0.1711181
v -0.01721596 -0.01143181 -0.1351574
v -0.01698315 -0.01128894 -0.1220288
v -0.02273339 -0.0110569 -0.1213964
v -0.02541726 -0.01092094 -0.1413245
v -0.02269393 -0.01123058 -0.1414262
v -0.01722329 -0.01148259 -0.1416149
v -0.02829742 -0.01033306 -0.1342095
v -0.02555519 -0.0108726 -0.1344653
v -0.02278029 -0.0111829 -0.1347085
v -0.02560895 -0.0107643 -0.1210493
v -0.02846312 -0.0102573 -0.12068
v -0.01669043 -0.01309788 -0.1614004
v -0.02223432 -0.01198655 -0.1554079
v -0.02518415 -0.01106351 -0.1484183
v -0.02810406 -0.01037877 -0.141218
v -0.0296387 -0.009936034 -0.1340779
v -0.02369213 -0.01450097 -0.1878579
v -0.02508229 -0.01399224 -0.1800909
v -0.02608335 -0.01313197 -0.1721289
v -0.02683347 -0.01212167 -0.1641079
v -0.007833063 -0.0141139 -0.2208318
v -0.009124755 -0.01427882 -0.2193346
v -0.009026646 -0.01356762 -0.2209892
v -0.009721994 -0.0140109 -0.2194526
v -0.009609997 -0.01326376 -0.221037
v -0.008239507 -0.0130409 -0.222355
v -0.008144497 -0.01308858 -0.2223532
v -0.007670581 -0.01331651 -0.2223368
v -0.00701338 -0.01360845 -0.2222934
v -0.00644654 -0.01384001 -0.2222376
v -0.01538705 -0.01357716 -0.2134727
v -0.01324427 -0.01354598 -0.2166305
v -0.01481789 -0.01385504 -0.2132793
v -0.01267206 -0.01384758 -0.216493
v -0.01208955 -0.01412522 -0.216337
v -0.01018142 -0.01293814 -0.2210641
v -0.01073896 -0.01259016 -0.2210702
v -0.00938791 -0.01240807 -0.2223337
v -0.009239733 -0.01249629 -0.222341
v -0.008819758 -0.01273518 -0.2223542
v -0.008695602 -0.01280283 -0.2223561
v -0.01253807 -0.01233744 -0.2197359
v -0.01200515 -0.01271915 -0.2197211
v -0.0114547 -0.0130769 -0.2196855
v -0.01088911 -0.01341086 -0.2196286
v -0.0103107 -0.01372194 -0.2195509
v -0.01487195 -0.01248258 -0.2169245
v -0.01648616 -0.01293486 -0.2138084
v -0.01791214 -0.0133289 -0.2104493
v -0.01034319 -0.01435983 -0.2177734
v -0.007912039 -0.01475518 -0.2190414
v -0.006615102 -0.01458334 -0.2205955
v -0.005224764 -0.01428306 -0.222061
v -0.01537489 -0.01207125 -0.2169811
v -0.01305109 -0.01193153 -0.2197301
v -0.0170142 -0.01527065 -0.1923774
v -0.02044177 -0.01501154 -0.1901784
v -0.01938766 -0.01499438 -0.1938778
v -0.02279913 -0.0145449 -0.1916397
v -0.02173954 -0.0145089 -0.195343
v -0.02395439 -0.01418262 -0.1923549
v -0.02289241 -0.01413893 -0.196053
v -0.02507406 -0.01369076 -0.1930471
v -0.02401036 -0.01364248 -0.1967356
v -0.02485162 -0.01414567 -0.1885602
v -0.02625519 -0.01364302 -0.1807198
v -0.02727609 -0.01277333 -0.172637
v -0.02805244 -0.01174473 -0.1644673
v -0.02864623 -0.01078301 -0.1563948
v -0.02795773 -0.01211291 -0.1904628
v -0.02705717 -0.01214694 -0.1942705
v -0.02661144 -0.0126149 -0.193996
v -0.02922755 -0.01123541 -0.1648234
v -0.0289784 -0.0119704 -0.1733824
v -0.0284276 -0.0122804 -0.1731383
v -0.02793258 -0.01285398 -0.181636
v -0.02738928 -0.01315969 -0.1813369
v -0.02728033 -0.0131641 -0.1856536
v -0.02673977 -0.01346957 -0.1853356
v -0.02651333 -0.01335167 -0.1895731
v -0.02845156 -0.01249772 -0.1819245
v -0.02779716 -0.01280814 -0.1859596
v -0.02702885 -0.01299506 -0.1898893
v -0.02893823 -0.01208525 -0.1821982
v -0.02751356 -0.01258295 -0.1901878
v -0.02612656 -0.01302605 -0.193697
v -0.01180416 -0.01058161 -0.2219979
v -0.01400417 -0.0110439 -0.2196595
v -0.01149237 -0.0108729 -0.2220664
v -0.01099687 -0.01129257 -0.2221588
v -0.01047897 -0.01168757 -0.2222351
v -0.009941756 -0.01205915 -0.2222937
v -0.009564757 -0.01230013 -0.2223231
v -0.0173974 -0.009553134 -0.2169438
v -0.0148282 -0.01004618 -0.2195179
v -0.01707756 -0.01011919 -0.2169898
v -0.01443529 -0.01055961 -0.2195965
v -0.01670914 -0.01065409 -0.2170197
v -0.01786386 -0.008330047 -0.2168377
v -0.01569378 -0.008312582 -0.2192594
v -0.01766252 -0.008956253 -0.2168892
v -0.01546782 -0.008923411 -0.2193388
v -0.01356464 -0.007610797 -0.221436
v -0.01342815 -0.008164823 -0.2214916
v -0.01338422 -0.008293092 -0.221509
v -0.01317918 -0.008771538 -0.2215873
v -0.01283782 -0.009358584 -0.2217072
v -0.02001208 -0.007683455 -0.2142382
v -0.01989847 -0.008345961 -0.2142562
v -0.0217725 -0.008360385 -0.2115033
v -0.01971524 -0.008985161 -0.2142792
v -0.02160555 -0.009011626 -0.2115017
v -0.01946979 -0.009597122 -0.2142965
v -0.0213778 -0.009637653 -0.2114866
v -0.01916867 -0.01017886 -0.2142982
v -0.02109342 -0.01023411 -0.2114502
v -0.01881659 -0.01072806 -0.2142783
v -0.02075612 -0.01079708 -0.2113872
v -0.01841878 -0.01124238 -0.2142331
v -0.02036952 -0.01132225 -0.2112947
v -0.01798105 -0.01172047 -0.2141621
v -0.01993966 -0.01180666 -0.2111735
v -0.01750934 -0.01216125 -0.2140665
v -0.01947253 -0.01224815 -0.2110254
v -0.01700919 -0.01256555 -0.2139479
v -0.0189749 -0.01264762 -0.2108533
v -0.01845318 -0.0130068 -0.2106603
v -0.02017474 -0.01400411 -0.203158
v -0.02129161 -0.01349389 -0.203768
v -0.01967298 -0.01340728 -0.2071429
v -0.02234667 -0.01282942 -0.2043235
v -0.02073144 -0.0127384 -0.2076319
v -0.02283728 -0.01242756 -0.2045724
v -0.02122545 -0.01233929 -0.2078471
v -0.02329337 -0.0119757 -0.204796
v -0.02168685 -0.01189351 -0.2080374
v -0.02370691 -0.01147311 -0.2049898
v -0.02210825 -0.01140052 -0.2081993
v -0.02407103 -0.01092374 -0.2051503
v -0.02248317 -0.0108633 -0.2083297
v -0.0243802 -0.01033294 -0.2052755
v -0.02280586 -0.01028621 -0.2084275
v -0.02463257 -0.009707987 -0.205367
v -0.02307361 -0.009674966 -0.2084948
v -0.0248273 -0.00905627 -0.205428
v -0.02328413 -0.009035527 -0.2085356
v -0.02496474 -0.008383989 -0.2054645
v -0.02343577 -0.0083732 -0.2085568
v -0.02352631 -0.007693409 -0.2085661
v -0.02187395 -0.00768882 -0.2115006
v -0.01195693 -0.01544898 -0.198154
v -0.01576811 -0.01526558 -0.1960368
v -0.01431363 -0.0152595 -0.1996783
v -0.0181356 -0.0149675 -0.1975296
v -0.01667743 -0.01493465 -0.2011349
v -0.02048379 -0.01445811 -0.1989656
v -0.01902401 -0.01439607 -0.2025102
v -0.02163505 -0.01407849 -0.199653
v -0.02275192 -0.01357609 -0.2003079
v -0.02380514 -0.01291179 -0.2009122
v -0.02429324 -0.01250636 -0.2011862
v -0.02474486 -0.012048 -0.2014348
v -0.02515166 -0.0115363 -0.2016527
v -0.02550655 -0.01097559 -0.2018361
v -0.02580392 -0.01037251 -0.2019824
v -0.02604269 -0.009735524 -0.2020925
v -0.02622354 -0.009073197 -0.2021692
v -0.02745413 -0.01162177 -0.1945146
v -0.02835202 -0.01158475 -0.1907086
v -0.02938288 -0.0116145 -0.1824518
v -0.02999687 -0.01119554 -0.1738434
v -0.02950417 -0.01161044 -0.1736186
v -0.03032565 -0.01055383 -0.1651661
v -0.02942687 -0.00835067 -0.1914014
v -0.0285592 -0.00840193 -0.1951888
v -0.03082072 -0.007855415 -0.1833429
v -0.03253716 -0.007289946 -0.1659192
v -0.03269124 -0.006622076 -0.1659832
v -0.02754443 -0.008398592 -0.1987938
v -0.0309171 -0.009281277 -0.1486794
v -0.03148269 -0.008917093 -0.1487075
v -0.0309748 -0.009571135 -0.1567914
v -0.03149086 -0.009153127 -0.1568834
v -0.03082811 -0.01013576 -0.1653272
v -0.03128761 -0.009662687 -0.1654776
v -0.03044641 -0.01072317 -0.1740525
v -0.03084349 -0.01019352 -0.1742418
v -0.02977561 -0.01108509 -0.18268
v -0.03010892 -0.01050347 -0.1828784
v -0.02868872 -0.01100426 -0.1909205
v -0.02896255 -0.01037979 -0.1910951
v -0.02779525 -0.01104491 -0.1947239
v -0.0280748 -0.01042425 -0.1948949
v -0.02986752 -0.009884715 -0.1204879
v -0.0312376 -0.009402632 -0.1202929
v -0.03093713 -0.009421646 -0.1339454
v -0.03156256 -0.009111583 -0.1338798
v -0.03068113 -0.009454607 -0.1411088
v -0.03187173 -0.008780121 -0.1410555
v -0.03201532 -0.008505046 -0.1487344
v -0.0319643 -0.008682787 -0.1569695
v -0.03169447 -0.009134531 -0.1656143
v -0.03118014 -0.009613037 -0.1744074
v -0.03037732 -0.009878277 -0.1830438
v -0.02917408 -0.009722352 -0.1912322
v -0.02829319 -0.009770274 -0.1950279
v -0.03254991 -0.008782625 -0.120099
v -0.03317171 -0.008410513 -0.1200047
v -0.03273797 -0.008366167 -0.1337532
v -0.03274661 -0.008854985 -0.1068691
v -0.03133457 -0.009427428 -0.1070241
v -0.02987784 -0.009867906 -0.1071774
v -0.02839589 -0.01020634 -0.1073268
v -0.02540028 -0.0106638 -0.1076098
v -0.02239227 -0.01092636 -0.1078716
v -0.03190326 -0.00911194 -0.1201954
v -0.03216511 -0.008760988 -0.1338155
v -0.03242325 -0.008376181 -0.1410301
v -0.03250628 -0.008043229 -0.1487597
v -0.032386 -0.008160054 -0.1570481
v -0.03204101 -0.00855726 -0.1657345
v -0.03145092 -0.00898993 -0.1745465
v -0.03058207 -0.009221136 -0.1831757
v -0.02932667 -0.009043157 -0.1913334
v -0.02845281 -0.009093403 -0.1951246
v -0.03072726 -0.008543968 -0.1832748
v -0.03165733 -0.008336007 -0.1746589
v -0.03232163 -0.007938742 -0.1658363
v -0.03274822 -0.007590055 -0.1571176
v -0.03294712 -0.007531464 -0.1487829
v -0.03293496 -0.007924437 -0.1410061
v -0.03463059 -0.005020678 -0.1409199
v -0.03477197 -0.004355013 -0.1409105
v -0.03421038 -0.00442785 -0.1488568
v -0.03442353 -0.005668461 -0.140932
v -0.03408479 -0.00509423 -0.1488479
v -0.03355515 -0.00500524 -0.1572917
v -0.03327578 -0.006339073 -0.1572256
v -0.03304469 -0.006979644 -0.1571769
v -0.03364729 -0.00637567 -0.1488212
v -0.0333296 -0.006973624 -0.1488035
v -0.03380525 -0.006878018 -0.1409641
v -0.03339833 -0.007424116 -0.1409839
v -0.03376251 -0.007434546 -0.1336389
v -0.03327316 -0.007924497 -0.1336941
v -0.03406167 -0.00746876 -0.1266193
v -0.03354358 -0.007948219 -0.1266958
v -0.0343101 -0.007522523 -0.1198276
v -0.0337612 -0.007991671 -0.1199138
v -0.034518 -0.007589042 -0.1131888
v -0.03407633 -0.008111715 -0.1067175
v -0.03469204 -0.007661998 -0.1066451
v -0.03480815 -0.007001042 -0.1197474
v -0.03524458 -0.006426692 -0.119674
v -0.03452694 -0.006940007 -0.1265491
v -0.03492975 -0.006362915 -0.1264858
v -0.03419715 -0.006897509 -0.1335888
v -0.03456854 -0.006316125 -0.1335443
v -0.03414797 -0.006290256 -0.1409467
v -0.03389877 -0.005746126 -0.1488361
v -0.03344368 -0.005678296 -0.1572638
v -0.03279167 -0.005943298 -0.166029
v -0.03526198 -0.00574249 -0.1264299
v -0.03560823 -0.005802989 -0.119608
v -0.0357595 -0.00547415 -0.1195778
v -0.03591835 -0.005872905 -0.1129671
v -0.03487128 -0.005696475 -0.1335058
v -0.03499549 -0.005374491 -0.1334889
v -0.03510153 -0.005045831 -0.1334733
v -0.03534919 -0.003688514 -0.1334271
v -0.03623992 -0.007446408 -0.06755512
v -0.03623121 -0.007136583 -0.08072978
v -0.0361756 -0.006733894 -0.09363681
v -0.03599339 -0.006271839 -0.1064803
v -0.03588968 -0.005135715 -0.1195495
v -0.0352599 -0.004373431 -0.1334471
v 0.012735 -0.008660018 -0.2053849
v 0.00909841 -0.008983612 -0.1984727
v 0.01273345 -0.008690893 -0.2053958
v 0.01272016 -0.008921682 -0.2054845
v 0.009054124 -0.009612739 -0.1987001
v 0.01267385 -0.009509265 -0.2057715
v 0.0126844 -0.009396195 -0.205709
v 0.01057082 -0.01122325 -0.2032881
v 0.01241785 -0.01102209 -0.2069898
v 0.0124759 -0.01078802 -0.2067499
v 0.01252442 -0.01056087 -0.2065364
v 0.01067787 -0.01070773 -0.2028747
v 0.01252287 -0.01056861 -0.2065435
v 0.01249039 -0.01072394 -0.2066879
v 0.0125944 -0.01015812 -0.2062021
v 0.01260262 -0.01010239 -0.20616
v 0.0126093 -0.01005643 -0.2061262
v 0.005304694 -0.01194316 -0.1931698
v 0.0031268 -0.01155871 -0.1861742
v 0.001471757 -0.009779393 -0.1764467
v 0.00209105 -0.009769916 -0.17936
v 0.002308309 -0.008399784 -0.1791803
v 0.003740429 -0.009732127 -0.1854717
v 0.0039258 -0.008386313 -0.1852205
v 0.006037116 -0.009676694 -0.1919354
v 0.006177604 -0.0083642 -0.1916082
v 0.009126663 -0.008335173 -0.198306
v 0.01276409 -0.007846415 -0.2051767
v 0.01236462 -0.01120907 -0.2071965
v 0.01043033 -0.01170009 -0.2037389
v 0.01221466 -0.01164227 -0.2077285
v 0.01025742 -0.01213932 -0.204217
v 0.01196044 -0.01218509 -0.208505
v 0.01005369 -0.01254326 -0.2047154
v 0.009821295 -0.01291418 -0.2052276
v 0.01186609 -0.01234883 -0.2087644
v 0.009562134 -0.01325523 -0.2057484
v 0.01170068 -0.01260221 -0.2091895
v 0.008294045 -0.01437968 -0.2078509
v 0.009372472 -0.0141766 -0.2097682
v 0.007859528 -0.01307523 -0.2015489
v 0.00565505 -0.013462 -0.1984482
v 0.007559001 -0.01341998 -0.2020512
v 0.004903912 -0.0140326 -0.1994318
v 0.006135404 -0.01452261 -0.2040964
v 0.007537484 -0.01482522 -0.2088854
v 0.001212537 -0.0136885 -0.1880189
v 0.003954768 -0.0135129 -0.1949065
v 0.001661479 -0.01336228 -0.1876073
v 0.004336595 -0.01318585 -0.1944466
v 0.002083778 -0.01298862 -0.1872114
v 0.004692137 -0.01281726 -0.1940001
v 0.002473354 -0.01256352 -0.1868365
v 0.005016565 -0.01240342 -0.1935724
v 0.002823114 -0.01208651 -0.1864888
v 0.002239823 -0.01449102 -0.1968057
v 0.003129065 -0.01405984 -0.1958498
v 0.000257334 -0.01421755 -0.1888716
v -0.000780017 -0.01384884 -0.1814785
v -0.000277462 -0.01351767 -0.1811196
v 0.00019799 -0.01313477 -0.1807777
v 0.000638758 -0.0126962 -0.1804579
v 0.001036345 -0.01220208 -0.180166
v 0.008986711 -0.01021623 -0.1989853
v 0.008889138 -0.01078903 -0.1993232
v 0.008755683 -0.01132571 -0.1997072
v 0.008583903 -0.01182264 -0.2001298
v 0.008375227 -0.01227897 -0.2005823
v 0.008132636 -0.01269578 -0.2010576
v 0.006887257 -0.01402002 -0.2030719
v 0.004081428 -0.0144962 -0.2004241
v 0.000512997 -0.007626473 -0.1681701
v 0.001213014 -0.008284628 -0.1735089
v 0.000970647 -0.00966674 -0.1736308
v 0.001702845 -0.008402645 -0.1762977
v -0.000621214 -0.01264411 -0.1744844
v 0.008652746 -0.01461869 -0.2108076
v 0.007857501 -0.01499783 -0.2118193
v 0.006065726 -0.01558178 -0.2137346
v 0.008998632 -0.01464039 -0.2137587
v 0.009387135 -0.0144627 -0.2132577
v 0.01043272 -0.01384979 -0.2117125
v 0.01074123 -0.01361662 -0.2111839
v -0.001743376 -0.01547104 -0.2005476
v 0.002265751 -0.01518005 -0.2023838
v 0.000320181 -0.01510077 -0.1987053
v 0.004044771 -0.01593649 -0.215479
v 0.007068336 -0.01526546 -0.2158534
v 0.007623434 -0.01512253 -0.2153071
v -0.001176059 -0.01530069 -0.2209534
v 0.000432553 -0.01553267 -0.2202897
v -0.000495038 -0.01594001 -0.2183578
v 0.003161609 -0.01568925 -0.2188405
v 0.001842021 -0.01605719 -0.2170272
v 0.003178179 -0.01568925 -0.2188304
v 0.00322777 -0.01568901 -0.2187999
v 0.005233526 -0.0155766 -0.2174183
v 0.005446732 -0.01555162 -0.2172529
v 0.005313098 -0.01494348 -0.2051112
v 0.006708562 -0.01520323 -0.2098958
v 0.004860579 -0.01577806 -0.2118201
v 0.00279808 -0.0161224 -0.21359
v 0.000566896 -0.01623678 -0.2151815
v -0.001787543 -0.01611763 -0.2165737
v 0.002496182 -0.01581043 -0.2080227
v -0.001874089 -0.01586049 -0.2060477
v 0.000384021 -0.01611006 -0.2098111
v -0.004129171 -0.01592576 -0.207707
v -0.001868844 -0.01620227 -0.211452
v -0.006466448 -0.01581919 -0.2092316
v -0.004223704 -0.01608705 -0.2129273
v 0.004428029 -0.01529306 -0.2061076
v -0.008509397 -0.01560455 -0.2055315
v -0.006182134 -0.01570373 -0.2039729
v -0.0096215 -0.01554 -0.1965687
v -0.003919184 -0.01566237 -0.2023082
v -0.007319033 -0.01553291 -0.1949273
v -0.005061686 -0.01541203 -0.1932352
v -0.002864003 -0.01513385 -0.1915012
v -0.000750669 -0.01461488 -0.1897446
v -0.00184077 -0.0143761 -0.1822293
v -0.007928013 -0.01457953 -0.1716915
v -0.008571743 -0.01373589 -0.1655864
v -0.01112282 -0.01395589 -0.1664441
v -0.002947807 -0.01475936 -0.1830058
v -0.003785192 -0.0148012 -0.1797711
v -0.006134629 -0.015257 -0.1812481
v -0.00686872 -0.01517534 -0.177991
v -0.009291112 -0.01537436 -0.1793748
v -0.01042306 -0.01478654 -0.1728259
v -0.01536983 -0.0148347 -0.1751608
v -0.01617807 -0.01401144 -0.168235
v -0.02116882 -0.01381516 -0.1701298
v -0.02180171 -0.0128687 -0.1627078
v -0.02433532 -0.01260632 -0.1633973
v -0.02483457 -0.01169586 -0.1557928
v -0.02739691 -0.01117682 -0.156192
v -0.02781122 -0.01052808 -0.1485334
v -0.02909219 -0.01012754 -0.1485921
v -0.02941542 -0.0099774 -0.1411634
v -0.01226651 -0.0155164 -0.1893097
v -0.009904503 -0.01553136 -0.1877489
v -0.008512198 -0.01546269 -0.1827397
v -0.007556438 -0.01545411 -0.1861729
v -0.005230367 -0.01523041 -0.184587
v -0.02506268 -0.01297801 -0.1973715
v -0.02561151 -0.01338297 -0.1933792
v -0.02597469 -0.0136584 -0.1892438
v -0.02742964 -0.009085655 -0.1987363
v -0.02726048 -0.009756445 -0.1986476
v -0.02703303 -0.01040321 -0.1985237
v -0.02674549 -0.0110163 -0.1983622
v -0.02639842 -0.01158618 -0.1981626
v -0.0259971 -0.01210558 -0.1979278
v -0.02554887 -0.01256936 -0.1976622
v 9.90565e-05 -0.006813824 -0.1630204
v -1.20956e-05 -0.007503271 -0.1630361
v -9.65516e-05 -0.005968809 -0.1579439
v -0.000214502 -0.006646335 -0.1579505
v -0.000118022 -0.005157947 -0.15284
v -0.000244024 -0.005824983 -0.1528414
v 4.16177e-06 -0.004494369 -0.1475948
v -0.000132123 -0.005157113 -0.1475946
v -0.000331309 -0.005804121 -0.1475954
v -0.000679504 -0.007113218 -0.1528576
v -0.000429713 -0.006479144 -0.1528467
v -0.000627145 -0.007961869 -0.15799
v -0.000389603 -0.007312953 -0.157965
v -0.000404691 -0.008845806 -0.1631098
v -0.00017809 -0.008182764 -0.1630647
v 3.65887e-05 -0.009681642 -0.1683187
v 0.000251632 -0.009010732 -0.1682475
v 0.000770141 -0.0103352 -0.1737346
v 0.001280248 -0.01044386 -0.1765695
v 0.001910269 -0.01042938 -0.1795037
v 0.003584682 -0.01037418 -0.1856629
v 0.005916357 -0.01029765 -0.1921765
v 0.000754087 -0.003686428 -0.1361904
v 0.00034716 -0.003679215 -0.1420639
v -0.003968954 -0.0104174 -0.1531442
v -0.003860712 -0.01135504 -0.1585493
v -0.00327754 -0.01101922 -0.1584348
v -0.003573179 -0.012317 -0.1639881
v -0.002996683 -0.01197749 -0.1638129
v -0.003036618 -0.01318836 -0.1695474
v -0.002472937 -0.01284849 -0.169309
v -0.002151668 -0.01381456 -0.1753323
v -0.001611351 -0.01347953 -0.1750316
v -0.000981448 -0.01149678 -0.1686979
v -0.001436293 -0.01200437 -0.16888
v -0.001464605 -0.01063776 -0.1633706
v -0.001933515 -0.01113963 -0.1635009
v -0.001721203 -0.009708821 -0.1581498
v -0.002199411 -0.01019799 -0.1582328
v -0.001807808 -0.008809387 -0.1529362
v -0.002293646 -0.009284079 -0.1529788
v -0.001766324 -0.008081316 -0.1476175
v -0.002261102 -0.008543491 -0.1476288
v -0.00161767 -0.007888317 -0.1420471
v -0.002126157 -0.008337378 -0.1420375
v -0.001356661 -0.007859408 -0.1361569
v -0.001884043 -0.008294463 -0.1361356
v -0.001936674 -0.0124551 -0.1690852
v -0.002447307 -0.01158612 -0.1636494
v -0.002721071 -0.01063472 -0.1583286
v -0.002821147 -0.009709298 -0.1530286
v -0.002795398 -0.008959054 -0.1476421
v -0.00267148 -0.008742094 -0.1420261
v -0.002445638 -0.008686661 -0.1361103
v -0.003644824 -0.00935465 -0.1360494
v -0.005091488 -0.00997287 -0.141968
v -0.003844678 -0.00942856 -0.141999
v -0.005186319 -0.01020491 -0.1477088
v -0.003952205 -0.009658515 -0.1476734
v -0.005196154 -0.01096004 -0.1532747
v -0.005080759 -0.01189744 -0.1587955
v -0.004779875 -0.0128597 -0.1643629
v -0.004217565 -0.01372724 -0.1700546
v -0.0032866 -0.01434427 -0.1759672
v -0.001537621 -0.01389539 -0.178355
v -0.002639532 -0.01442223 -0.1790497
v -0.004463732 -0.01472353 -0.1766293
v -0.005439758 -0.01411485 -0.170587
v -0.006028652 -0.01325452 -0.164759
v -0.006344974 -0.0122984 -0.1590574
v -0.006469905 -0.01136916 -0.1534139
v -0.006468415 -0.01062649 -0.1477469
v 0.002796113 -0.004460215 -0.1164377
v 0.001700997 -0.005107522 -0.1233758
v 0.001909554 -0.004422008 -0.1233718
v 0.001017332 -0.005064666 -0.1299652
v 0.000492391 -0.005033135 -0.1361939
v -0.000105714 -0.005659461 -0.1420649
v -0.000596447 -0.006427586 -0.1475977
v 0.007223784 -0.003809392 -0.09426248
v 0.005508959 -0.003782868 -0.1017816
v 0.004048705 -0.003757894 -0.1092061
v 0.002929151 -0.003735125 -0.116436
v 0.002028584 -0.003715097 -0.12337
v 0.003900051 -0.00450325 -0.1092079
v 0.001405835 -0.005758345 -0.1233785
v 0.000751629 -0.005709767 -0.1299664
v 0.000252938 -0.005675375 -0.1361941
v -0.000391274 -0.0062747 -0.1420633
v 0.004171133 -0.006568968 -0.1017976
v 0.002831995 -0.006493747 -0.109222
v 0.002313435 -0.007041156 -0.1092224
v 0.001346588 -0.006974577 -0.1164454
v 0.00081258 -0.007470369 -0.1164373
v 9.15341e-05 -0.007422626 -0.1233604
v 0.01700466 -0.00395292 -0.05773276
v 0.0168724 -0.004408836 -0.05771589
v 0.01476055 -0.004367709 -0.06477457
v 0.0145989 -0.00479567 -0.06475704
v 0.01071363 -0.004698038 -0.07931566
v 0.01054179 -0.005094051 -0.07930988
v 0.006895065 -0.004978716 -0.09426468
v 0.006720542 -0.005345582 -0.09426605
v 0.005055606 -0.005280733 -0.101788
v 0.004869878 -0.005627036 -0.1017907
v 0.003472328 -0.005558609 -0.1092159
v 0.003280103 -0.005885601 -0.1092185
v 0.002236068 -0.005818009 -0.1164467
v 0.001825869 -0.00642395 -0.1164482
v 0.001031637 -0.006363332 -0.1233777
v 0.000589671 -0.006918489 -0.1233721
v 0.000410818 -0.006315588 -0.1299642
v 3.17018e-06 -0.006877005 -0.129957
v -5.79642e-05 -0.006284356 -0.1361913
v 0.009223818 -0.006794512 -0.07927364
v 0.007459521 -0.006722331 -0.08674091
v 0.005758285 -0.006646335 -0.09427177
v 0.003611326 -0.007113814 -0.1018002
v 0.001741111 -0.007529675 -0.1092188
v 0.001675248 -0.01106059 -0.179686
v 0.001383244 -0.01165437 -0.1799075
v 0.001031935 -0.01108109 -0.1767281
v 0.00072443 -0.01168113 -0.1769239
v 0.000510762 -0.01097697 -0.1738712
v 0.000190179 -0.01158189 -0.1740427
v -0.000240323 -0.01032638 -0.1684163
v -0.000580864 -0.01093471 -0.1685428
v -0.000694891 -0.009482681 -0.1631746
v -0.001049578 -0.01008296 -0.1632615
v -0.000929161 -0.008583605 -0.1580282
v -0.001295506 -0.009168565 -0.1580814
v -0.000994129 -0.007718384 -0.1528756
v -0.001372218 -0.00828588 -0.1529017
v -0.000926596 -0.00701946 -0.147602
v -0.001318812 -0.007572293 -0.1476086
v -0.000742158 -0.006854832 -0.14206
v -0.001153469 -0.007393658 -0.1420546
v -0.000434827 -0.006853878 -0.1361846
v -0.000870648 -0.007379293 -0.1361732
v -0.000461938 -0.007390975 -0.1299439
v -0.000974812 -0.007858037 -0.1299244
v -0.001526117 -0.0082798 -0.1298988
v -0.002108693 -0.008659541 -0.1298677
v -0.002917349 -0.009279966 -0.1232138
v -0.001639068 -0.008654534 -0.1232876
v -0.001011848 -0.008668005 -0.1163797
v 0.02603518 -0.005980253 -0.03093773
v 0.0232799 -0.006254792 -0.037328
v 0.01795214 -0.00642997 -0.05061078
v -0.004250884 -0.009783089 -0.1231271
v -0.004912555 -0.009889125 -0.1359792
v -0.006225347 -0.01031309 -0.135903
v -0.006385803 -0.01040005 -0.1419343
v -0.01152449 -0.01303637 -0.1601834
v -0.008926272 -0.01279938 -0.159608
v -0.01171916 -0.01216053 -0.1540194
v -0.009079813 -0.01189726 -0.1537086
v -0.01177901 -0.01149225 -0.1479147
v -0.009103 -0.01119118 -0.1478282
v -0.01175892 -0.01131629 -0.1417849
v -0.009048163 -0.01098835 -0.1418623
v -0.01167017 -0.01124656 -0.1355578
v -0.005621314 -0.01018548 -0.1230311
v -0.008420228 -0.0107578 -0.1228182
v -0.008922994 -0.01090675 -0.1357375
v -0.007413208 -0.01063913 -0.1088944
v 0.01255095 -0.01270109 0.005919039
v 0.01198351 -0.01294207 -0.002315223
v 0.01109576 -0.01267749 -0.01054197
v 0.01487767 -0.01150733 -0.01961374
v 0.009911656 -0.01214402 -0.01866143
v 0.01297539 -0.01103967 -0.0272023
v 0.008189678 -0.01160174 -0.02648919
v 0.01091539 -0.01069694 -0.03460496
v 0.006335318 -0.011204 -0.03409713
v 0.006777048 -0.01031565 -0.0492962
v 0.002614498 -0.01076352 -0.04909884
v 0.004884779 -0.01023185 -0.05668032
v 0.00091885 -0.01066958 -0.05658751
v 0.003270328 -0.01018679 -0.06416434
v -0.000525808 -0.01062321 -0.06414103
v 0.000342248 -0.01012551 -0.07921409
v -0.003143489 -0.01057314 -0.07924199
v -0.002321243 -0.01009225 -0.09425282
v -0.005519211 -0.01057028 -0.09422844
v -0.003499805 -0.01009559 -0.1017045
v -0.006566286 -0.01059687 -0.101626
v -0.004458487 -0.01011264 -0.1090309
v -0.005128443 -0.01014238 -0.1161634
v -0.01125937 -0.01109337 -0.1225798
v 0.006692647 -0.01214689 -0.2247627
v 0.005682945 -0.01198101 -0.225403
v 0.005812585 -0.01163071 -0.2256011
v 0.004887998 -0.01102375 -0.2263283
v 0.003824055 -0.01071965 -0.2267995
v 0.003922462 -0.01033145 -0.2269349
v 0.001493871 -0.01027536 -0.227384
v 0.001616299 -0.009910881 -0.2275009
v 0.00273317 -0.01034879 -0.2271928
v -0.002325475 -0.009181499 -0.2275555
v -0.002166092 -0.008856534 -0.2276573
v -0.000967353 -0.009522616 -0.2276421
v 0.0138942 -0.01083093 -0.2149029
v 0.01375913 -0.01109158 -0.2145954
v 0.01325446 -0.01162183 -0.2156386
v 0.01108914 -0.01345431 -0.2115936
v 0.01050496 -0.01388263 -0.2125851
v 0.01124113 -0.0134775 -0.213203
v 0.007572174 -0.01508808 -0.2163076
v 0.008321285 -0.01476383 -0.2170213
v 0.00988692 -0.01423031 -0.2151612
v 0.01382565 -0.007715404 -0.2072608
v 0.01361787 -0.007153153 -0.2067136
v 0.01345282 -0.007471144 -0.2063952
v 0.01130294 -0.01281046 -0.2186521
v 0.01201802 -0.01248008 -0.2176703
v 0.01182764 -0.01273036 -0.2173701
v 0.009709477 -0.01327008 -0.2205251
v 0.01053184 -0.01307427 -0.2196053
v 0.01032638 -0.01332461 -0.2193061
v 0.007929563 -0.01345431 -0.2222453
v 0.00884056 -0.01339697 -0.2214066
v 0.008625805 -0.01365041 -0.2211108
v 0.007866084 -0.01432955 -0.2201656
v 0.005996048 -0.01439023 -0.2218151
v 0.006523907 -0.01394438 -0.2224504
v 0.005539119 -0.01386761 -0.2232033
v 0.006761193 -0.01370054 -0.2227498
v 0.005012989 -0.01431936 -0.2225754
v 0.00400114 -0.01417994 -0.2232878
v 0.004523873 -0.01372092 -0.2239043
v -0.002865076 -0.01210141 -0.2259173
v -0.003133296 -0.01233845 -0.2256278
v -0.004300713 -0.01169955 -0.2258036
v 0.01273483 -0.009413361 -0.2058148
v 0.01252925 -0.01068741 -0.2067144
v -0.003480792 -0.01479321 -0.2217233
v -0.004520714 -0.01439529 -0.2221853
v -0.008787393 -0.01212507 -0.2230731
v -0.009325206 -0.01176065 -0.2230437
v -0.01274055 -0.009454369 -0.2217619
v -0.004622042 -0.007249057 -0.2271994
v -0.000342077 -0.007281184 -0.2279924
v 0.01432794 -0.00712949 -0.2174365
v 0.01497817 -0.007517397 -0.213478
v 0.01450341 -0.007135868 -0.2091765
v 0.01301831 -0.007230222 -0.2055529
v 0.01439744 -0.007399082 -0.2088231
v 0.01484125 -0.007631838 -0.210983
v 0.01476579 -0.0078817 -0.2106256
v 0.01467305 -0.008137702 -0.2102749
v 0.01494377 -0.0071491 -0.2117164
v 0.01494097 -0.008009672 -0.2127574
v 0.01495069 -0.007028937 -0.214215
v 0.01472073 -0.007182121 -0.2158719
v 0.01448762 -0.007740139 -0.216777
v 0.01401644 -0.007564127 -0.2183001
v 0.01340705 -0.007168233 -0.2197242
v 0.01242673 -0.007636368 -0.2213716
v 0.01183247 -0.007793784 -0.2221786
v 0.011173 -0.007901132 -0.2229614
v 0.01045221 -0.007959127 -0.2237102
v 0.009674429 -0.007968842 -0.2244173
v 0.008844494 -0.007931232 -0.2250755
v 0.007879912 -0.007280707 -0.22576
v 0.00609225 -0.007539868 -0.2266954
v 0.004117846 -0.007582366 -0.2274104
v 0.004083514 -0.007050812 -0.2274333
v 0.003071427 -0.007757604 -0.2276595
v 0.000808133 -0.007816135 -0.2279502
v -0.001672208 -0.007450342 -0.2278961
v -0.000485517 -0.00808233 -0.2279394
v 0.000675196 -0.008641421 -0.2278639
v -0.003105342 -0.007437825 -0.2276408
v -0.005137801 -0.008171856 -0.2269383
v -0.005331397 -0.008468151 -0.2268176
v -0.005951285 -0.007992684 -0.2266193
v -0.008633971 -0.007561147 -0.2252218
v -0.01225697 -0.007054567 -0.2226016
v -0.01307129 -0.00854659 -0.2217416
v -0.0128768 -0.008160948 -0.2219861
v -0.01267498 -0.007783651 -0.2222094
v -0.01254695 -0.009084582 -0.2220584
v -0.01169127 -0.01040488 -0.2222052
v -0.01011246 -0.01163619 -0.2225743
v -0.0082497 -0.01247054 -0.2230675
v -0.007712364 -0.01279771 -0.2230281
v -0.006640136 -0.01339918 -0.2228545
v -0.005574882 -0.01393127 -0.2225679
v -0.002768874 -0.01449292 -0.2226414
v -0.001718938 -0.01484787 -0.2221195
v 0.001310408 -0.01553535 -0.2202392
v 0.002067029 -0.01526075 -0.2210886
v -0.000688568 -0.01513832 -0.2215391
v 0.006593585 -0.01506769 -0.2187733
v 0.009140729 -0.01458716 -0.2144934
v 0.01159507 -0.01297217 -0.2105731
v 0.01201117 -0.01242882 -0.2095178
v 0.01232075 -0.01180809 -0.2084227
v 0.01218062 -0.01212936 -0.2089754
v 0.01249933 -0.01108962 -0.2072902
v 0.01285004 -0.01034623 -0.2069635
v 0.01281839 -0.009895205 -0.2063871
v 0.01299774 -0.009046852 -0.2060788
v 0.01284134 -0.008520781 -0.2055188
v -0.004569888 -0.01193773 -0.2255094
v -0.005744457 -0.01122111 -0.2255625
v -0.008803486 -0.01126307 -0.2238106
v -0.009363353 -0.01084631 -0.2237163
v -0.008862853 -0.01030766 -0.2243629
v -0.009439527 -0.009836435 -0.2241935
v -0.008956909 -0.009266257 -0.2247198
v -0.01170927 -0.007665455 -0.2230231
v -0.0121383 -0.008361697 -0.2225812
v -0.01234602 -0.008719861 -0.2223309
v -0.01221752 -0.009943187 -0.222005
v -0.01201522 -0.009596586 -0.2223283
v -0.0118066 -0.009253144 -0.2226272
v -0.01159226 -0.008914172 -0.2229031
v -0.01115155 -0.008250474 -0.2233924
v -0.01070427 -0.007604598 -0.2238056
v -0.009613573 -0.01111245 -0.2233588
v -0.01016324 -0.01068758 -0.2232398
v -0.009923219 -0.01040458 -0.2235804
v -0.009674727 -0.007577121 -0.2245426
v -0.01012754 -0.00818783 -0.2241632
v -0.0105859 -0.008807957 -0.2237101
v -0.01103937 -0.009439289 -0.223176
v -0.0112614 -0.009759187 -0.2228763
v -0.01147872 -0.01008147 -0.222553
v -0.01116418 -0.01083976 -0.2223653
v -0.01094025 -0.01053869 -0.2227346
v -0.01071292 -0.01023721 -0.2230798
v -0.01048237 -0.009936094 -0.2234011
v -0.01001453 -0.009336769 -0.2239766
v -0.009544372 -0.008741855 -0.2244676
v -0.009081363 -0.008150339 -0.2248806
v -0.01040148 -0.01096946 -0.2228756
v -0.009863257 -0.01137596 -0.2229782
v -0.00812304 -0.009484767 -0.2251691
v -0.007526755 -0.009960055 -0.2253363
v -0.00777626 -0.01022726 -0.2250747
v -0.007186055 -0.01066571 -0.2251815
v -0.007709205 -0.01116967 -0.2245675
v -0.00713402 -0.01156282 -0.2246068
v -0.007685959 -0.01202696 -0.2238814
v -0.007128953 -0.01237672 -0.2238612
v -0.008244276 -0.0116561 -0.223865
v -0.008285701 -0.01075172 -0.2244869
v -0.008367002 -0.009761095 -0.2249215
v -0.006930828 -0.01040703 -0.2254559
v -0.00659734 -0.01107764 -0.2252443
v -0.006560683 -0.01193261 -0.2246071
v -0.006573677 -0.01270622 -0.2238066
v -0.00633645 -0.01082688 -0.2255306
v -0.00601089 -0.01146441 -0.2252656
v -0.00598973 -0.01228016 -0.2245706
v -0.006020367 -0.0130164 -0.2237197
v -0.004922032 -0.01358008 -0.2234575
v -0.003410995 -0.0125665 -0.225318
v -0.003697574 -0.01278585 -0.2249875
v -0.005427241 -0.01182752 -0.225248
v -0.004846811 -0.01216816 -0.225194
v -0.004270136 -0.01248735 -0.2251064
v 0.001313865 -0.01285624 -0.2256461
v 0.00080667 -0.01334387 -0.2250857
v -5.12325e-05 -0.01267933 -0.2258235
v -0.001446127 -0.01242768 -0.2259187
v -0.001710176 -0.01266682 -0.2256353
v -0.001985192 -0.01289564 -0.2253322
v -0.002565979 -0.0133239 -0.2246659
v -0.00429517 -0.01319903 -0.2242642
v -0.004856467 -0.01291263 -0.2243967
v -0.005421519 -0.01260662 -0.2244997
v -0.000307954 -0.01292282 -0.2255464
v 0.00024609 -0.01378357 -0.2244532
v -0.00085826 -0.01337611 -0.2249352
v -0.000364071 -0.01417875 -0.2237482
v -0.001454353 -0.01378709 -0.2242475
v 0.003480434 -0.01350373 -0.2245491
v 0.002961993 -0.01397126 -0.2239478
v 0.002410054 -0.01321578 -0.2251321
v 0.005399346 -0.01478451 -0.2211315
v 0.003415226 -0.01458668 -0.222613
v 0.004736602 -0.01513147 -0.2204001
v 0.002769589 -0.01494568 -0.2218798
v 0.001748621 -0.01475644 -0.2225553
v 0.00238353 -0.01438748 -0.2232833
v 0.001896858 -0.01369291 -0.2245495
v 0.001326858 -0.01412016 -0.2238992
v 0.000703838 -0.01450127 -0.2231807
v -0.003184676 -0.0137149 -0.2239193
v 3.09548e-05 -0.01483952 -0.222394
v -0.001020073 -0.01453244 -0.2229702
v -0.002092421 -0.01415842 -0.2234829
v -0.003837287 -0.01407128 -0.2230923
v 0.01267093 -0.01208394 -0.2166645
v 0.01249027 -0.01233547 -0.2163636
v 0.01161563 -0.01297098 -0.2170661
v 0.01010048 -0.01356273 -0.2189999
v 0.009854078 -0.01378917 -0.2186869
v 0.01138162 -0.01320225 -0.2167583
v 0.01038187 -0.0137456 -0.2174206
v 0.01112592 -0.01342445 -0.2164466
v 0.01054924 -0.01384341 -0.2158119
v 0.008391618 -0.0138899 -0.2208053
v 0.009795546 -0.01415318 -0.216773
v 0.008993685 -0.0144037 -0.2177078
v 0.009587287 -0.01400446 -0.2183672
v 0.007265985 -0.01472067 -0.2194882
v 0.01228713 -0.0125789 -0.2160604
v 0.01206147 -0.01281434 -0.2157551
v 0.01181322 -0.01304215 -0.2154476
v 0.01124858 -0.01347559 -0.2148259
v 0.01059424 -0.01388102 -0.2141942
v 0.01397919 -0.007416307 -0.2075886
v 0.01427483 -0.007672131 -0.2084784
v 0.01450532 -0.007914364 -0.209376
v 0.01308465 -0.01187539 -0.2153359
v 0.0136013 -0.01134765 -0.2142893
v 0.01289182 -0.01212251 -0.2150326
v 0.01341986 -0.0115993 -0.2139844
v 0.01267576 -0.01236331 -0.2147291
v 0.01321446 -0.0118466 -0.2136811
v 0.01243609 -0.01259797 -0.214425
v 0.01298469 -0.01208955 -0.2133793
v 0.01245087 -0.01256251 -0.2127802
v 0.01331382 -0.011379 -0.2106232
v 0.0129323 -0.0120092 -0.2117172
v 0.01357257 -0.01111495 -0.2109143
v 0.01320236 -0.01176112 -0.212011
v 0.01263624 -0.01225453 -0.2114269
v 0.0130282 -0.01164299 -0.2103385
v 0.01283311 -0.007589936 -0.2052552
v 0.0130639 -0.008154273 -0.2057991
v 0.01326811 -0.007804453 -0.2060906
v 0.0134567 -0.008353114 -0.2066427
v 0.01365214 -0.008027493 -0.206945
v 0.01379102 -0.008556067 -0.2075062
v 0.01397347 -0.008250236 -0.2078188
v 0.01406413 -0.008755981 -0.208384
v 0.01423233 -0.008466243 -0.2087047
v 0.01427739 -0.008947312 -0.2092697
v 0.01443034 -0.008670151 -0.209596
v 0.0144332 -0.009125351 -0.2101572
v 0.01457017 -0.008857429 -0.2104873
v 0.01453471 -0.009286165 -0.2110417
v 0.01465559 -0.009024143 -0.2113735
v 0.01323837 -0.008692979 -0.2063544
v 0.01358485 -0.008873641 -0.2072067
v 0.0138725 -0.009055316 -0.2080749
v 0.01410132 -0.009232044 -0.2089532
v 0.01427346 -0.009398996 -0.2098354
v 0.0143916 -0.009552121 -0.2107167
v 0.0141341 -0.007955729 -0.2081432
v 0.01437884 -0.008185863 -0.2090356
v 0.01456171 -0.00840044 -0.2099315
v 0.01468586 -0.008594989 -0.210825
v 0.01475542 -0.008765757 -0.2117115
v 0.01309847 -0.009544134 -0.2066479
v 0.01314485 -0.01001077 -0.2072232
v 0.01341342 -0.009683132 -0.2074944
v 0.01342087 -0.01013225 -0.2080709
v 0.01367413 -0.009824693 -0.2083532
v 0.01364439 -0.01025485 -0.2089277
v 0.01388025 -0.00996387 -0.2092199
v 0.01381582 -0.0103743 -0.2097899
v 0.01403325 -0.01009625 -0.2100902
v 0.01393687 -0.0104866 -0.2106537
v 0.01413577 -0.01021802 -0.2109599
v 0.01401042 -0.01058804 -0.2115158
v 0.01419097 -0.01032572 -0.2118258
v 0.01181817 -0.01301765 -0.212186
v 0.0118857 -0.01304948 -0.2138156
v 0.01271551 -0.01190632 -0.21006
v 0.01231426 -0.01249706 -0.2111399
v 0.01242834 -0.01146245 -0.2078605
v 0.01267415 -0.01151829 -0.20868
v 0.0128743 -0.01157975 -0.2095065
v 0.01283329 -0.01076608 -0.2075405
v 0.01277303 -0.0111562 -0.2081136
v 0.0130909 -0.01085191 -0.208375
v 0.01300066 -0.01122897 -0.2089444
v 0.01329994 -0.01094126 -0.2092171
v 0.01314055 -0.01044642 -0.2078002
v 0.01338142 -0.01055121 -0.2086461
v 0.01357156 -0.01065617 -0.2094989
v 0.01371186 -0.01075738 -0.2103552
v 0.01380461 -0.0108512 -0.2112119
v 0.013354 -0.009203135 -0.2069208
v 0.01365596 -0.009364426 -0.2077782
v 0.01390063 -0.009524524 -0.2086474
v 0.01408958 -0.009678542 -0.2095227
v 0.01422482 -0.00982213 -0.2103994
v 0.01430946 -0.00995177 -0.2112733
v 0.01434701 -0.01006424 -0.2121414
v 0.008100986 -0.009872615 -0.2252016
v 0.008099913 -0.009401381 -0.2253428
v 0.008969724 -0.008978307 -0.2248277
v 0.008039474 -0.01074737 -0.2248764
v 0.00808072 -0.01032108 -0.225046
v 0.009006977 -0.009931623 -0.2245246
v 0.009866416 -0.009931206 -0.2237912
v 0.009814977 -0.008996009 -0.2241297
v 0.01067405 -0.009870886 -0.2230076
v 0.01060783 -0.008959472 -0.2233818
v 0.01142477 -0.009749889 -0.2221804
v 0.01134347 -0.0088678 -0.2225909
v 0.01211386 -0.009567737 -0.2213176
v 0.01201719 -0.008720219 -0.2217651
v 0.01273685 -0.009324431 -0.2204278
v 0.01262474 -0.008516311 -0.2209135
v 0.01328969 -0.009020209 -0.2195206
v 0.01316249 -0.008256018 -0.2200459
v 0.01376825 -0.00865525 -0.2186047
v 0.01362735 -0.007938861 -0.219172
v 0.01416879 -0.008229017 -0.2176882
v 0.007894515 -0.01153582 -0.2244955
v 0.007977306 -0.01115196 -0.2246928
v 0.008957564 -0.01079469 -0.2241679
v 0.007668077 -0.0122435 -0.2240609
v 0.00779134 -0.01189941 -0.2242848
v 0.008823096 -0.01157259 -0.2237596
v 0.009830117 -0.01077818 -0.2234036
v 0.01065194 -0.01069748 -0.2225896
v 0.0114181 -0.01055181 -0.221732
v 0.01212364 -0.0103411 -0.2208384
v 0.01276379 -0.01006579 -0.2199171
v 0.01333421 -0.009726345 -0.2189767
v 0.01382976 -0.00932306 -0.2180255
v 0.01424556 -0.0088557 -0.2170705
v 0.00970757 -0.01154232 -0.2229692
v 0.01054292 -0.01144456 -0.22213
v 0.01132434 -0.01127916 -0.221248
v 0.01204693 -0.01104629 -0.2203301
v 0.01270574 -0.01074641 -0.2193838
v 0.01329571 -0.01038044 -0.2184171
v 0.01381123 -0.00994879 -0.2174372
v 0.0142458 -0.009450793 -0.2164503
v 0.01416742 -0.01001954 -0.21583
v 0.01371085 -0.0105378 -0.2168421
v 0.01317334 -0.01098835 -0.217844
v 0.01256239 -0.01137214 -0.2188304
v 0.01188439 -0.011689 -0.2197949
v 0.01114469 -0.01193803 -0.2207309
v 0.01034849 -0.01211822 -0.2216314
v 0.009500503 -0.01222926 -0.2224902
v 0.00860548 -0.01227098 -0.2233018
v 0.01484102 -0.008244991 -0.2144724
v 0.01481473 -0.007719159 -0.2151678
v 0.01457595 -0.008322894 -0.2161175
v 0.01459223 -0.008884847 -0.2154616
v 0.01453363 -0.009431004 -0.2148117
v 0.01409769 -0.01029527 -0.2155203
v 0.01352638 -0.01109439 -0.2162421
v 0.01296567 -0.01155483 -0.2172594
v 0.01233339 -0.01194846 -0.2182587
v 0.01163625 -0.01227533 -0.2192351
v 0.01088023 -0.01253443 -0.2201827
v 0.0100702 -0.01272469 -0.2210958
v 0.009210824 -0.01284533 -0.2219687
v 0.00830686 -0.01289618 -0.2227964
v 0.01400679 -0.01056557 -0.2152112
v 0.0134015 -0.01136153 -0.2159408
v 0.01344656 -0.01151078 -0.2123089
v 0.01366519 -0.0112583 -0.2126104
v 0.01385873 -0.01100373 -0.2129157
v 0.01402783 -0.01074713 -0.2132245
v 0.01447963 -0.009803533 -0.2124623
v 0.01417315 -0.01048851 -0.2135366
v 0.01459002 -0.009543538 -0.2127878
v 0.01429551 -0.01022768 -0.2138516
v 0.01467907 -0.009283959 -0.2131175
v 0.01439595 -0.009964764 -0.2141694
v 0.01474779 -0.009024679 -0.2134512
v 0.01447498 -0.009699225 -0.2144895
v 0.01479727 -0.008765339 -0.2137883
v 0.01483559 -0.008510828 -0.2120551
v 0.01489716 -0.008258879 -0.2124038
v -0.007883071 -0.009206295 -0.2253964
v -0.00728172 -0.00968945 -0.2255772
v -0.006680727 -0.01014381 -0.2257094
v -0.006081283 -0.01057076 -0.2257956
v -0.005484402 -0.01097136 -0.2258381
v -0.004039824 -0.01145344 -0.226077
v -0.002606809 -0.011855 -0.2261863
v -0.001193702 -0.01217818 -0.2261825
v 0.000192523 -0.01242423 -0.2260819
v 0.001546204 -0.01259326 -0.2258998
v 0.002862811 -0.01268452 -0.2256476
v 0.003935456 -0.0129804 -0.2250876
v 0.004980564 -0.01320505 -0.2244625
v 0.005996346 -0.01335877 -0.2237774
v 0.006980299 -0.0134418 -0.223037
v 0.002984583 -0.009138703 -0.2274983
v 0.001932621 -0.00828737 -0.2278063
v 0.003032088 -0.008697986 -0.227568
v 0.00196737 -0.007837414 -0.2278426
v 0.003061056 -0.008237719 -0.2276218
v 0.001984179 -0.007369101 -0.2278631
v 0.00187999 -0.008719146 -0.2277539
v 0.001809597 -0.009133279 -0.2276857
v 0.002918899 -0.009560406 -0.2274126
v 0.004002273 -0.009923994 -0.2270542
v 0.004063427 -0.009496927 -0.2271577
v 0.004105627 -0.009049654 -0.227245
v 0.004128754 -0.008581638 -0.2273163
v 0.004132926 -0.008092582 -0.2273715
v -0.003546059 -0.008422434 -0.2274317
v -0.003718554 -0.008734166 -0.2273281
v -0.004954755 -0.007870137 -0.227042
v -0.006572008 -0.007487535 -0.2263695
v -0.00759536 -0.007537186 -0.2258332
v -0.008027493 -0.008117318 -0.2255342
v -0.008483529 -0.008693456 -0.2251648
v -0.003385961 -0.008102834 -0.2275181
v -0.001889348 -0.008175671 -0.2278098
v -0.00069502 -0.008828043 -0.227824
v 0.000348263 -0.009764373 -0.2276157
v 0.000473834 -0.009404659 -0.2277147
v 0.000206656 -0.01011013 -0.2274997
v -0.001125872 -0.009851932 -0.2275249
v -0.002498269 -0.009496808 -0.227436
v -0.00390309 -0.009038209 -0.2272072
v -0.004713714 -0.008915126 -0.2269665
v 0.007967472 -0.007846772 -0.225678
v 0.006142139 -0.008083879 -0.2266368
v 0.005167067 -0.008374869 -0.2270042
v 0.005169332 -0.008869886 -0.2269315
v 0.005151987 -0.009342908 -0.2268426
v 0.005115032 -0.009794294 -0.2267377
v 0.005058526 -0.01022452 -0.226617
v 0.004982829 -0.01063418 -0.2264805
v 0.005923092 -0.01126128 -0.2257844
v 0.006014168 -0.01087188 -0.2259525
v 0.006085753 -0.01046192 -0.2261055
v 0.006137371 -0.0100308 -0.226243
v 0.006169021 -0.009577929 -0.2263651
v 0.006180465 -0.009102702 -0.2264715
v 0.006171464 -0.008604764 -0.2265621
v 0.008033275 -0.008388757 -0.2255811
v 0.004774451 -0.0113942 -0.2261605
v 0.006819367 -0.01179909 -0.2249745
v 0.006926417 -0.01143199 -0.225172
v 0.007013559 -0.01104462 -0.2253552
v 0.007080674 -0.01063627 -0.2255238
v 0.007127285 -0.01020652 -0.2256777
v 0.007153332 -0.009754598 -0.2258167
v 0.007158637 -0.009279966 -0.2259405
v 0.008077383 -0.008906841 -0.2254694
v 0.002613723 -0.01071667 -0.2270584
v 0.001354694 -0.01062434 -0.2272505
v 4.94768e-05 -0.01044255 -0.2273663
v -0.001298666 -0.0101698 -0.2273899
v -0.002683997 -0.009802699 -0.2272987
v -0.00409919 -0.009334981 -0.2270685
v 0.004642248 -0.01174587 -0.2259771
v 0.003707528 -0.01108956 -0.226648
v 0.00357306 -0.01144152 -0.2264805
v 0.002476871 -0.01106786 -0.2269076
v 0.002323091 -0.0114029 -0.22674
v 0.001199126 -0.01095861 -0.2271
v 0.001027703 -0.01127851 -0.2269321
v -0.000122813 -0.01076185 -0.2272152
v -0.00030974 -0.01106876 -0.227046
v -0.001485168 -0.01047658 -0.2272368
v -0.001685023 -0.0107727 -0.227065
v -0.002882122 -0.01009941 -0.227143
v -0.003092229 -0.01038724 -0.2269687
v -0.004306137 -0.0096246 -0.2269116
v -0.004523396 -0.009907364 -0.226736
v -0.005134165 -0.009490072 -0.2266528
v -0.007418394 -0.008642792 -0.2257927
v -0.006979644 -0.00807023 -0.2261156
v -0.006808578 -0.009138107 -0.2259991
v -0.006363451 -0.008572757 -0.226345
v -0.0061993 -0.009603977 -0.2261553
v -0.005747795 -0.00904566 -0.2265233
v -0.00559175 -0.01004171 -0.2262638
v -0.00475049 -0.01018327 -0.2265413
v -0.003313541 -0.01066637 -0.2267754
v -0.001897752 -0.01105833 -0.2268744
v -0.000510807 -0.01136338 -0.2268583
v 0.000840929 -0.01158452 -0.2267466
v 0.002152681 -0.01172232 -0.2265557
v 0.003420889 -0.01177632 -0.2262967
v 0.004491925 -0.01207959 -0.2257781
v 0.005534708 -0.01231276 -0.2251899
v 0.006546676 -0.0124759 -0.2245371
v 0.007525086 -0.01256906 -0.2238239
v 0.007362604 -0.01287674 -0.2235742
v 0.00638175 -0.0127871 -0.2242975
v 0.005367875 -0.01262688 -0.2249621
v 0.00432384 -0.01239609 -0.2255635
v 0.003251612 -0.01209467 -0.2260968
v 0.001966059 -0.01202684 -0.2263543
v 0.000639105 -0.01187711 -0.2265433
v -0.000725507 -0.01164633 -0.2266521
v -0.002122581 -0.01133376 -0.2266647
v -0.003545582 -0.01093709 -0.2265625
v -0.004986763 -0.0104525 -0.2263271
v 0.007180809 -0.01316744 -0.2233119
v 0.006198227 -0.01308113 -0.2240443
v 0.0051831 -0.01292401 -0.2247196
v 0.004138231 -0.01269614 -0.2253333
v 0.003065407 -0.01239717 -0.2258804
v 0.001763761 -0.01231706 -0.2261357
v 0.000422804 -0.01215696 -0.2263218
v -0.000953324 -0.01191776 -0.2264268
v -0.002359092 -0.01159924 -0.2264354
v -0.003787875 -0.01119941 -0.2263299
v -0.005231678 -0.01071518 -0.2260929
v -0.00583291 -0.01030904 -0.2260398
v -0.006436586 -0.009876191 -0.2259424
v -0.00704205 -0.009415507 -0.225798
v -0.007647871 -0.008925676 -0.2256041
v -0.01603281 -0.01150161 -0.1438404
v -0.0160467 -0.01148444 -0.1420019
v -0.01465123 -0.01147133 -0.1420268
v -0.009922266 -0.01092582 -0.1003232
v -0.01001548 -0.01094698 -0.1042574
v -0.01152014 -0.01101893 -0.1041199
v -0.00967741 -0.01090455 -0.09310966
v -0.00980848 -0.01091122 -0.09657949
v -0.01139324 -0.01097548 -0.09641861
v 0.007826328 -0.005173087 -0.08999997
v 0.008004367 -0.00476104 -0.08999997
v 0.00689888 -0.004728019 -0.09464496
v 0.008238494 -0.003895103 -0.08999997
v 0.008314371 -0.002999961 -0.08999997
v 0.007187426 -0.002999961 -0.09466671
v 0.008141815 -0.004333794 -0.08999997
v 0.007116973 -0.003877878 -0.09466117
v -0.03449022 -0.006839454 -0.1299954
v -0.03469431 -0.006530344 -0.1299105
v -0.0354582 -0.006530404 -0.1149374
v -0.03566133 -0.006216049 -0.1148642
v -0.0237118 -0.01092594 -0.1194223
v -0.0221917 -0.01103931 -0.1199398
v -0.02189135 -0.01122272 -0.1352484
v -0.02067214 -0.01112365 -0.1203949
v -0.01915454 -0.01118534 -0.1207707
v -0.01896786 -0.01136893 -0.1361351
v -0.005132973 -0.0102387 -0.1272507
v -0.005369246 -0.01024019 -0.1341891
v -0.006618738 -0.01057809 -0.1347044
v 0.001804709 -0.006180346 -0.1183845
v 0.001281023 -0.00576514 -0.1248612
v 0.000934148 -0.006366074 -0.1249819
v 0.002726018 -0.002999961 -0.118205
v 0.001917839 -0.002999961 -0.1246316
v 0.002682149 -0.003758013 -0.1182146
v 0.001880109 -0.0037238 -0.124647
v 0.002545177 -0.004499614 -0.1182426
v 0.001762092 -0.004434645 -0.1246917
v 0.002311944 -0.005207896 -0.1182876
v 0.001560211 -0.005118787 -0.1247639
v 0.002162218 -0.005545318 -0.1183162
v 0.001992583 -0.005869865 -0.1183485
v -0.002977848 -0.009277701 -0.1331565
v -0.002064824 -0.009018838 -0.1260776
v -0.001870036 -0.008611321 -0.1326751
v -0.001491427 -0.008681118 -0.125861
v -0.001350939 -0.008222281 -0.1324509
v -0.000939595 -0.008305132 -0.1256552
v -0.000862213 -0.00779289 -0.1322408
v -0.000414662 -0.007887899 -0.1254624
v -0.00040964 -0.007321774 -0.1320469
v 7.74393e-05 -0.007426798 -0.1252846
v 3.15381e-07 -0.006808698 -0.1318718
v 0.000529694 -0.00691992 -0.1251237
v 0.000360867 -0.006254196 -0.1317173
v 0.000664997 -0.005660057 -0.1315858
v 0.000905781 -0.005029499 -0.1314797
v 0.001077771 -0.004369676 -0.1314012
v 0.001177847 -0.003689587 -0.1313524
v 0.001209676 -0.002999961 -0.1313356
v 0.000402473 -0.002999961 -0.1415969
v 0.000378489 -0.003638148 -0.141604
v 0.000195103 -0.003620862 -0.145
v 0.000303117 -0.004271507 -0.1416248
v 0.000127179 -0.004238486 -0.145
v 0.000172077 -0.004894316 -0.1416581
v 8.58114e-06 -0.004848659 -0.145
v -1.63467e-05 -0.005500197 -0.1417033
v -0.000164052 -0.005446076 -0.145
v -0.000262489 -0.006083071 -0.141759
v -0.000392923 -0.006024718 -0.145
v -0.000564592 -0.006637275 -0.1418247
v -0.000677963 -0.006578326 -0.145
v -0.000919499 -0.007158339 -0.1418992
v -0.001017153 -0.007101476 -0.145
v -0.001322031 -0.007642686 -0.1419816
v -0.001406133 -0.007589638 -0.145
v -0.001839399 -0.00804001 -0.145
v -0.004151165 -0.009813189 -0.1336672
v -0.003875195 -0.00983268 -0.1267717
v -0.002655327 -0.009321272 -0.1263028
v -0.01607429 -0.01142525 -0.1366096
v -0.01464205 -0.01141577 -0.1366471
v -0.01327872 -0.01142829 -0.1419563
v -0.01323682 -0.01137733 -0.13655
v -0.01193159 -0.01135152 -0.1418026
v -0.01186227 -0.01130628 -0.1363381
v -0.01060801 -0.01123601 -0.1415789
v -0.01051533 -0.01119792 -0.1360297
v -0.009306669 -0.01107501 -0.1412979
v -0.009193122 -0.01104593 -0.1356426
v -0.008027493 -0.01086074 -0.1409731
v -0.007894277 -0.0108425 -0.1351948
v -0.006772041 -0.01058334 -0.1406173
v -0.00554496 -0.01022964 -0.1402435
v -0.004353642 -0.009783804 -0.1398648
v -0.003214359 -0.009226441 -0.1394942
v -0.002150893 -0.008535921 -0.1391448
v -0.001658976 -0.008134722 -0.1389822
v -0.001201212 -0.007694125 -0.1388298
v -0.000783418 -0.00721395 -0.1386892
v -0.00041145 -0.00669527 -0.1385621
v -9.10003e-05 -0.006140649 -0.13845
v 0.000173504 -0.005553901 -0.1383547
v 0.000378601 -0.004939556 -0.1382777
v 0.000522737 -0.00430423 -0.1382207
v 0.000605961 -0.003655314 -0.1381853
v 0.000632467 -0.002999961 -0.1381731
v -0.01612895 -0.0112484 -0.1212154
v -0.0146234 -0.01124662 -0.121252
v -0.01314616 -0.01121866 -0.1211963
v -0.01170235 -0.01116192 -0.1210748
v -0.01028752 -0.01107162 -0.1208978
v -0.008897364 -0.0109418 -0.1206758
v -0.007528722 -0.01076495 -0.1204189
v -0.00617969 -0.0105322 -0.1201375
v -0.004850268 -0.01023137 -0.1198419
v -0.003543198 -0.009847462 -0.1195425
v -0.002267003 -0.009361147 -0.1192495
v -0.001645267 -0.009072124 -0.1191087
v -0.001037836 -0.008748233 -0.1189734
v -0.000449109 -0.008385717 -0.1188448
v 0.000115921 -0.007981002 -0.1187242
v 0.000651198 -0.007530272 -0.1186131
v 0.001148939 -0.00703001 -0.1185125
v 0.001600205 -0.006477177 -0.1184239
v -0.01763993 -0.01122695 -0.1210499
v -0.01751691 -0.0114085 -0.136433
v -0.03387594 -0.008121907 -0.1154999
v -0.03413641 -0.007668972 -0.122732
v -0.03446263 -0.007649481 -0.1152908
v -0.03465068 -0.00712794 -0.1225181
v -0.03499412 -0.007118821 -0.1151026
v -0.03523534 -0.006831586 -0.1150169
v -0.03426784 -0.007135868 -0.1300867
v -0.03584331 -0.005889296 -0.1147975
v -0.03504276 -0.005877912 -0.1297612
v -0.03600293 -0.00555104 -0.1147377
v -0.0353077 -0.005187392 -0.1296411
v -0.02973365 -0.009960055 -0.1170737
v -0.02921313 -0.01011288 -0.1321901
v -0.03118705 -0.009503543 -0.1165026
v -0.03062671 -0.009634792 -0.1315807
v -0.03189426 -0.009224295 -0.1162313
v -0.03131276 -0.009341239 -0.1312912
v -0.0325827 -0.008904516 -0.1159723
v -0.03197818 -0.009004473 -0.1310148
v -0.03324604 -0.008538842 -0.1157278
v -0.03261613 -0.008619546 -0.1307539
v -0.03321743 -0.008181393 -0.1305107
v -0.03377199 -0.007687032 -0.1302875
v -0.02776646 -0.01047486 -0.1328247
v -0.02824795 -0.0103079 -0.1176684
v -0.02630317 -0.01074826 -0.1334661
v -0.026744 -0.01057291 -0.1182695
v -0.02483272 -0.01095438 -0.1340961
v -0.02523028 -0.01077413 -0.1188599
v -0.01745349 -0.01147049 -0.1418838
v -0.01887011 -0.01143306 -0.1416845
v -0.01742136 -0.01148939 -0.1437731
v -0.0188201 -0.01145339 -0.1436595
v -0.01738888 -0.01149827 -0.145
v -0.0187695 -0.01146405 -0.145
v -0.02336084 -0.01110851 -0.1346963
v -0.02172899 -0.01129007 -0.1410912
v -0.0231685 -0.01117771 -0.1407217
v -0.02164489 -0.01131355 -0.1433213
v -0.0230683 -0.01120311 -0.1431109
v -0.02437698 -0.01107215 -0.145
v -0.021559 -0.01132863 -0.145
v -0.02022832 -0.01139485 -0.1435066
v -0.02029556 -0.0113731 -0.1414162
v -0.02042639 -0.01130741 -0.1357342
v -0.02749252 -0.010544 -0.1394696
v -0.02605503 -0.01081895 -0.1398987
v -0.02461177 -0.01102489 -0.1403203
v -0.03425371 -0.006528437 -0.1375198
v -0.03458267 -0.005870938 -0.1374199
v -0.03487879 -0.006209433 -0.1298324
v -0.02891409 -0.01017773 -0.139045
v -0.03030246 -0.009691357 -0.1386373
v -0.0309754 -0.009391903 -0.1384435
v -0.03162699 -0.009047925 -0.1382586
v -0.03224998 -0.008654415 -0.1380839
v -0.03283494 -0.008206665 -0.1379213
v -0.03337138 -0.007702291 -0.137772
v -0.03384768 -0.007141709 -0.1376376
v -0.02719789 -0.01059621 -0.145
v -0.02859097 -0.01022887 -0.145
v -0.02734774 -0.01057255 -0.1423971
v -0.02592462 -0.01084727 -0.1426417
v -0.02449601 -0.01105189 -0.142882
v -0.03512632 -0.002999961 -0.1372309
v -0.03562653 -0.002999961 -0.1294789
v -0.03509622 -0.003734529 -0.1372435
v -0.03559386 -0.003738582 -0.1294977
v -0.03500026 -0.004463315 -0.1372802
v -0.03549027 -0.004470646 -0.1295525
v -0.03483057 -0.005178928 -0.1373395
v -0.02578985 -0.01086974 -0.145
v -0.03650218 -0.002999961 -0.1145329
v -0.03646492 -0.003746688 -0.1145505
v -0.03634703 -0.004484653 -0.1146019
v -0.03614026 -0.005203068 -0.1146849
v -0.02257549 -0.01078367 -0.09608149
v -0.01941007 -0.01093375 -0.09619128
v -0.02089482 -0.01093792 -0.1036214
v -0.02245682 -0.0108537 -0.1034313
v -0.02401351 -0.01074123 -0.1032152
v -0.02570503 -0.01051867 -0.09593874
v -0.02556359 -0.01059186 -0.1029803
v -0.02725368 -0.01032233 -0.09586066
v -0.02710479 -0.01039546 -0.1027337
v -0.02878803 -0.01006788 -0.0957812
v -0.02863311 -0.01013922 -0.1024827
v -0.03014206 -0.009805679 -0.1022344
v -0.01623511 -0.01098591 -0.08999997
v -0.01781409 -0.01098042 -0.09622818
v -0.01948946 -0.01089972 -0.08999997
v -0.02268815 -0.01074117 -0.08999997
v -0.02583551 -0.01046741 -0.08999997
v -0.02738893 -0.01026809 -0.08999997
v -0.02892643 -0.01001232 -0.08999997
v -0.03044331 -0.009685039 -0.08999997
v -0.03193098 -0.009264767 -0.08999997
v -0.0316199 -0.009371101 -0.1019959
v -0.03234112 -0.009106338 -0.1018826
v -0.0333727 -0.008721649 -0.08999997
v -0.03304547 -0.008803546 -0.1017744
v -0.03406739 -0.008391618 -0.08999997
v -0.03372746 -0.008457303 -0.1016723
v -0.03473633 -0.00801438 -0.08999997
v -0.03437983 -0.008061766 -0.1015771
v -0.03537076 -0.00758332 -0.08999997
v -0.03499317 -0.007611334 -0.1014898
v -0.03595858 -0.00709176 -0.08999997
v -0.03719741 -0.002999961 -0.1011733
v -0.03772032 -0.002999961 -0.08999997
v -0.0371561 -0.003754734 -0.1011807
v -0.03767532 -0.003763139 -0.08999997
v -0.03702527 -0.00449866 -0.1012021
v -0.03753286 -0.004513502 -0.08999997
v -0.03679639 -0.005218625 -0.1012368
v -0.03728407 -0.005236208 -0.08999997
v -0.03664535 -0.005565226 -0.1012588
v -0.03712064 -0.005582094 -0.08999997
v -0.03647053 -0.005900382 -0.1012839
v -0.03693217 -0.005915105 -0.08999997
v -0.03627246 -0.006222486 -0.1013117
v -0.03671973 -0.006233215 -0.08999997
v -0.0360527 -0.006530225 -0.1013423
v -0.03648519 -0.00653547 -0.08999997
v -0.03581297 -0.00682348 -0.1013755
v -0.03555524 -0.007101476 -0.1014112
v 0.004385471 -0.004629731 -0.1063205
v 0.005059361 -0.004662394 -0.1029193
v 0.005170643 -0.004257798 -0.1029351
v 0.005906105 -0.004695177 -0.09899377
v 0.006025314 -0.00428307 -0.0990085
v 0.00702697 -0.004308462 -0.09465438
v 0.004739344 -0.005431294 -0.1028752
v 0.004085421 -0.005386412 -0.1062854
v 0.004536211 -0.005791485 -0.1028473
v 0.003679931 -0.006079792 -0.1062381
v 0.006531774 -0.005521774 -0.09461891
v 0.005563676 -0.005476415 -0.09895277
v 0.006299376 -0.005891442 -0.0946024
v 0.005346477 -0.005841374 -0.09892684
v 0.006038784 -0.006240129 -0.09458374
v 0.005102992 -0.006186306 -0.09889739
v 0.005447447 -0.006872296 -0.09454011
v 0.004549384 -0.00681442 -0.09882885
v 0.004784882 -0.007423996 -0.09448891
v 0.003927946 -0.007365763 -0.09874832
v 0.004073679 -0.007903873 -0.09443074
v 0.003259479 -0.007847905 -0.09865689
v 0.003327727 -0.008321464 -0.09436649
v 0.002557337 -0.008269488 -0.0985558
v 0.002557814 -0.008685648 -0.09429681
v 0.001831591 -0.008638679 -0.09844619
v 0.001770973 -0.009004294 -0.09422242
v 0.001088798 -0.00896275 -0.0983293
v 0.000165413 -0.009529531 -0.09406274
v -0.000428954 -0.009498715 -0.09807819
v -0.001464188 -0.009935855 -0.09389334
v -0.00197196 -0.009914636 -0.09781181
v -0.003104627 -0.01025038 -0.09372019
v -0.003527939 -0.01023715 -0.09753954
v -0.004749 -0.0104922 -0.09354931
v 0.007610917 -0.00556755 -0.08999997
v 0.007362008 -0.005942106 -0.08999997
v 0.007083356 -0.006294429 -0.08999997
v 0.006451427 -0.006930947 -0.08999997
v 0.005744457 -0.007483363 -0.08999997
v 0.004986584 -0.007961332 -0.08999997
v 0.004192769 -0.008375227 -0.08999997
v 0.003374159 -0.008734822 -0.08999997
v 0.002538383 -0.009048461 -0.08999997
v 0.000834759 -0.009563922 -0.08999997
v -0.000892393 -0.009961724 -0.08999997
v -0.002628505 -0.01026928 -0.08999997
v -0.004365265 -0.01050555 -0.08999997
v -0.006097376 -0.01068407 -0.08999997
v -0.008230865 -0.01081293 -0.09678143
v -0.008036673 -0.01080989 -0.09323811
v -0.006658673 -0.01067382 -0.09701496
v -0.00639373 -0.01067519 -0.09338665
v -0.005090892 -0.01048552 -0.09727078
v -0.009532988 -0.01090693 -0.08999997
v -0.01123183 -0.01096534 -0.08999997
v -0.0129159 -0.0109961 -0.08999997
v -0.01298773 -0.0110113 -0.09630817
v -0.014584 -0.01100224 -0.08999997
v -0.01459443 -0.01102232 -0.09625744
v -0.01620888 -0.01101112 -0.09625005
v -0.008529961 -0.01083964 -0.10443
v -0.008397042 -0.01082324 -0.1005403
v -0.007059752 -0.01068949 -0.1046295
v -0.006883203 -0.01067894 -0.1007914
v -0.0056023 -0.01048833 -0.1048482
v -0.005378723 -0.01048451 -0.1010665
v -0.00415647 -0.01022434 -0.1050778
v -0.003882706 -0.01022875 -0.1013555
v -0.002723217 -0.009883284 -0.1053104
v -0.002396762 -0.009897291 -0.1016483
v -0.001308143 -0.009445846 -0.1055381
v -0.00092612 -0.009470999 -0.1019347
v 7.67254e-05 -0.008886039 -0.1057527
v 0.000517327 -0.008923411 -0.1022047
v 0.000751039 -0.008550047 -0.1058526
v 0.001222074 -0.008593559 -0.1023305
v 0.001407206 -0.008169829 -0.1059462
v 0.001909673 -0.008219003 -0.1024484
v 0.002038896 -0.007739186 -0.1060326
v 0.00257343 -0.007793009 -0.102557
v 0.002637088 -0.007251799 -0.1061107
v 0.003203809 -0.007308363 -0.1026554
v 0.00318998 -0.006700575 -0.1061795
v 0.003788471 -0.006757259 -0.102742
v 0.004307985 -0.0061329 -0.1028157
v 0.006174623 -0.002999961 -0.09902799
v 0.006109118 -0.003860712 -0.09901922
v 0.005309641 -0.002999961 -0.1029561
v 0.005248606 -0.003843545 -0.1029466
v 0.004619657 -0.002999961 -0.1063497
v 0.004562616 -0.003826439 -0.1063422
v 0.004072368 -0.002999961 -0.109344
v 0.004018843 -0.003809273 -0.1093404
v 0.006732881 -0.005133271 -0.09463316
v 0.005751252 -0.005093634 -0.09897512
v 0.00491476 -0.005054295 -0.1028993
v 0.00424993 -0.005014955 -0.1063045
v 0.003852427 -0.004597187 -0.1093298
v 0.003570139 -0.005341589 -0.1093128
v 0.002723932 -0.006644248 -0.1092613
v 0.003187656 -0.006027102 -0.1092898
v 0.002770185 -0.005974531 -0.1122153
v 0.003603518 -0.002999961 -0.1121998
v 0.003553271 -0.003792226 -0.1122008
v 0.003396809 -0.004564583 -0.1122038
v 0.003131151 -0.005296885 -0.1122087
v 0.002961516 -0.005643427 -0.1122118
v 0.002559185 -0.006289422 -0.1122192
v 0.00233078 -0.006588399 -0.1122234
v 0.002198576 -0.007195711 -0.1092278
v 0.001830697 -0.007140219 -0.112233
v 0.001627922 -0.007686257 -0.1091898
v 0.001284897 -0.007633864 -0.1122438
v 0.001023054 -0.008121669 -0.1091479
v 0.000704035 -0.008074343 -0.1122558
v 0.000392602 -0.008507847 -0.1091023
v 9.6169e-05 -0.008466541 -0.1122688
v -0.000257209 -0.008850216 -0.1090537
v -0.000532447 -0.008815526 -0.1122827
v -0.00159651 -0.009422779 -0.1089494
v -0.001176834 -0.009125769 -0.1122973
v -0.0018332 -0.009401321 -0.1123125
v -0.002969682 -0.0098719 -0.1088387
v -0.003172159 -0.009862601 -0.1123441
v -0.004364192 -0.01022315 -0.1087256
v -0.004535496 -0.01022452 -0.1123765
v -0.005916357 -0.01050633 -0.1124083
v -0.01304829 -0.01106107 -0.1040256
v -0.01460438 -0.01107758 -0.1039822
v -0.01618254 -0.01107096 -0.103964
v -0.01775753 -0.01104408 -0.1038949
v -0.01932829 -0.01099997 -0.1037783
v -0.03456014 -0.003730297 -0.145
v -0.03447198 -0.004455626 -0.145
v -0.03431576 -0.00516957 -0.145
v -0.03408545 -0.005862653 -0.145
v -0.03377687 -0.006524324 -0.145
v -0.03339225 -0.007144451 -0.145
v -0.03293663 -0.007713437 -0.145
v -0.03241938 -0.008226752 -0.145
v -0.03185212 -0.008682847 -0.145
v -0.03124547 -0.009083569 -0.145
v -0.03060925 -0.009433388 -0.145
v -0.02995091 -0.009737372 -0.145
v -0.01601874 -0.01150852 -0.145
v -0.01466023 -0.01149177 -0.145
v -0.0133174 -0.01144516 -0.145
v -0.01199138 -0.01136428 -0.145
v -0.0106818 -0.01124358 -0.145
v -0.009389519 -0.01107627 -0.145
v -0.008116364 -0.01085412 -0.145
v -0.006866157 -0.01056677 -0.145
v -0.005645751 -0.01020067 -0.145
v -0.004465401 -0.009739458 -0.145
v -0.003344595 -0.009163558 -0.145
v -0.002310991 -0.008451938 -0.145
v -0.01615583 -0.01115393 -0.1125001
v -0.01461392 -0.01115626 -0.1125286
v -0.01309847 -0.01113402 -0.1125226
v -0.01161533 -0.01108467 -0.1125095
v -0.01015961 -0.01100397 -0.1124904
v -0.008726835 -0.01088565 -0.1124664
v -0.007313311 -0.01072275 -0.1124387
v -0.01136118 -0.01634591 -0.2007539
v -0.008943021 -0.01642709 -0.1993414
v -0.01027566 -0.01618194 -0.1960816
v -0.02132803 -0.01487314 -0.1923404
v -0.02249622 -0.01459085 -0.1930665
v -0.02201533 -0.01462149 -0.1949841
v 0.004990816 -0.009681165 -0.1891145
v 0.004355788 -0.009693384 -0.1873238
v 0.004178345 -0.01034885 -0.1874273
v 0.004484117 -0.009026527 -0.1872508
v 0.003948688 -0.01098603 -0.1875634
v 0.005268335 -0.01096272 -0.1911026
v 0.001663029 -0.007702708 -0.1757814
v 0.001611173 -0.008402943 -0.1758134
v 0.002003788 -0.008393824 -0.1778035
v -0.007863819 -0.01617389 -0.1946378
v 0.008362472 -0.01340502 -0.2028748
v 0.007905006 -0.01382017 -0.203146
v 0.008847355 -0.01364803 -0.2050326
v 0.008636474 -0.01200687 -0.2003291
v 0.009536743 -0.01192885 -0.20218
v 0.009848892 -0.01136898 -0.2019976
v 0.005774736 -0.01270002 -0.1951405
v 0.005360126 -0.01321774 -0.1953744
v 0.006162047 -0.01318764 -0.1971372
v 0.003407061 -0.01368659 -0.1921797
v 0.00290966 -0.01409643 -0.1924704
v 0.004413187 -0.01411449 -0.1959114
v 0.002384841 -0.01445806 -0.1927765
v 0.00183773 -0.01477366 -0.1930945
v 0.003350496 -0.01482248 -0.1965128
v -0.01110965 -0.01549911 -0.2144125
v -0.01000797 -0.01587045 -0.2137563
v -0.01137775 -0.01591897 -0.2119455
v -0.01543676 -0.01484853 -0.2117741
v -0.01597142 -0.01454699 -0.2120781
v -0.01466667 -0.01451015 -0.2138607
v -0.01544928 -0.00699985 -0.2196434
v -0.01542484 -0.00763911 -0.2196374
v -0.01712787 -0.00764364 -0.2178099
v -0.01536327 -0.00827527 -0.2196084
v -0.01526397 -0.008904933 -0.2195569
v -0.01695758 -0.008918762 -0.2177428
v -0.01512491 -0.009525179 -0.2194824
v -0.01494401 -0.0101329 -0.2193834
v -0.01663291 -0.01016086 -0.2175891
v -0.01472085 -0.01072406 -0.2192593
v -0.01445555 -0.01129376 -0.2191092
v -0.01613903 -0.0113433 -0.2173369
v -0.01613479 -0.01339823 -0.2147008
v -0.014642 -0.0133357 -0.2164955
v -0.01494395 -0.01377493 -0.2153325
v -0.01414859 -0.01183569 -0.2189325
v -0.01380074 -0.01234376 -0.218729
v -0.01546841 -0.01241517 -0.21697
v -0.01341652 -0.01281571 -0.2185012
v -0.01300162 -0.01325184 -0.2182531
v -0.01418626 -0.01374036 -0.2162297
v -0.01243627 -0.01440531 -0.2165496
v -0.01321494 -0.01444739 -0.2156597
v -0.01142007 -0.01498717 -0.2159423
v -0.01339203 -0.01369982 -0.2171178
v -0.01256138 -0.01365298 -0.2179889
v -0.01210051 -0.01402038 -0.2177115
v -0.009583115 -0.01540744 -0.2161884
v -0.01062303 -0.01493597 -0.2168189
v -0.01162219 -0.01435554 -0.217423
v -0.01414328 -0.01481491 -0.2135583
v -0.01360732 -0.01508939 -0.2132474
v -0.01488977 -0.01511949 -0.2114615
v -0.01376724 -0.0155763 -0.2108168
v -0.01487523 -0.01556986 -0.2090767
v -0.01371031 -0.01591694 -0.2084095
v -0.01464569 -0.0158748 -0.2067431
v -0.013457 -0.01612943 -0.2060598
v -0.01425522 -0.01605582 -0.2044513
v -0.01305502 -0.01623606 -0.2037551
v -0.01377266 -0.01613754 -0.2021676
v -0.01256847 -0.01626133 -0.201461
v -0.007426202 -0.01662021 -0.2026051
v -0.008218884 -0.01653259 -0.2009615
v -0.01064044 -0.01645195 -0.2023576
v -0.01023131 -0.01619923 -0.2112739
v -0.01144987 -0.01620548 -0.209479
v -0.01027172 -0.01640725 -0.2087982
v -0.009073734 -0.01640754 -0.2105956
v -0.009087264 -0.01655066 -0.2081143
v -0.007909297 -0.0165562 -0.2099138
v -0.007899224 -0.01664578 -0.2074293
v -0.006740987 -0.01665413 -0.2092306
v -0.004400253 -0.01672834 -0.2078649
v -0.008888304 -0.0161575 -0.2130886
v -0.00775671 -0.0163725 -0.2124137
v -0.006617963 -0.01652622 -0.2117349
v -0.005474925 -0.01662707 -0.2110542
v -0.00579375 -0.01651263 -0.1995689
v -0.006521463 -0.01641207 -0.197932
v 0.003046989 -0.01535409 -0.1988931
v 0.002213418 -0.01535785 -0.1971533
v 0.001879096 -0.01576447 -0.1995477
v 0.001036047 -0.01575607 -0.1978148
v 0.000691572 -0.01607513 -0.2002146
v -0.000160255 -0.01605486 -0.1984879
v -0.000506318 -0.0163055 -0.2008888
v -0.001366198 -0.01627433 -0.1991679
v -0.00170964 -0.01647043 -0.2015675
v -0.002577245 -0.01642936 -0.1998521
v -0.002915382 -0.01658207 -0.2022491
v -0.003790259 -0.01653254 -0.2005387
v -0.004121363 -0.01664996 -0.2029322
v -0.005003333 -0.01659369 -0.2012268
v -0.006531 -0.016685 -0.2043012
v -0.009845793 -0.01654034 -0.2039873
v -0.01105368 -0.0164507 -0.2046794
v 0.002788901 -0.01510983 -0.1968294
v 0.001273274 -0.01504653 -0.1934217
v 0.000695814 -0.0152809 -0.1937555
v -0.005309224 -0.01636075 -0.1972281
v -0.004579544 -0.01645696 -0.1988736
v -0.004097104 -0.01627033 -0.1965253
v -0.003365457 -0.0163607 -0.1981794
v -0.002886474 -0.01613134 -0.1958245
v -0.00215286 -0.01621413 -0.1974876
v -0.001680493 -0.01593101 -0.1951273
v -0.000945144 -0.01600474 -0.1967996
v -0.000483524 -0.01565438 -0.1944361
v 0.000253449 -0.01571708 -0.1961179
v 0.00143361 -0.01533108 -0.1954475
v 0.003893554 -0.01449155 -0.1962059
v 0.007122576 -0.009639918 -0.1944264
v 0.005663514 -0.009668469 -0.190891
v 0.006951153 -0.01029014 -0.1945067
v 0.005491137 -0.01032298 -0.1909809
v 0.006731033 -0.01092791 -0.1946178
v 0.003870368 -0.01322788 -0.1919087
v 0.004292786 -0.01272118 -0.191662
v 0.004668295 -0.01216977 -0.1914439
v 0.004993796 -0.01158082 -0.1912571
v 0.006142318 -0.01214057 -0.1949353
v 0.006572127 -0.01266914 -0.1969069
v 0.00700438 -0.01313561 -0.1989344
v 0.00874263 -0.009603857 -0.1979919
v 0.008569717 -0.01024389 -0.1980744
v 0.008349895 -0.01087141 -0.1981869
v 0.008082687 -0.0114811 -0.19833
v 0.006461322 -0.01154702 -0.1947609
v 0.006935954 -0.01211047 -0.1967048
v 0.007409036 -0.0126205 -0.1987048
v 0.007881402 -0.0130577 -0.200764
v 0.003938019 -0.01531374 -0.200677
v 0.00278759 -0.0157358 -0.2013272
v 0.001616597 -0.01605904 -0.2019902
v 0.000434645 -0.01630169 -0.2026609
v -0.000753648 -0.01647806 -0.2033367
v -0.001944661 -0.01659995 -0.2040156
v -0.003136754 -0.01667636 -0.2046964
v -0.005519092 -0.0167225 -0.2060608
v -0.008937597 -0.01660645 -0.2056741
v -0.01013892 -0.01651412 -0.2063615
v -0.01133704 -0.0163756 -0.2070481
v -0.00432986 -0.01668244 -0.2103729
v -0.00318402 -0.01669806 -0.2096921
v -0.00205785 -0.01666814 -0.2065027
v 0.004879415 -0.01523017 -0.2024984
v 0.003754258 -0.0156638 -0.2031448
v 0.002607703 -0.01600039 -0.2038046
v 0.001448929 -0.01625698 -0.2044727
v 0.000283007 -0.01644682 -0.2051464
v -0.000886643 -0.01658099 -0.2058235
v 0.0058676 -0.01509737 -0.2043473
v 0.004775226 -0.01554226 -0.204989
v 0.003660202 -0.01589334 -0.2056448
v 0.002531588 -0.01616567 -0.2063096
v 0.001394391 -0.0163713 -0.2069806
v 0.000252385 -0.01652038 -0.2076556
v -0.000892369 -0.01662039 -0.2083331
v -0.002038121 -0.01667815 -0.2090121
v 0.004173815 -0.0148074 -0.19826
v 0.004711449 -0.01447147 -0.1979569
v 0.005047321 -0.01475787 -0.2000488
v 0.005576372 -0.01441901 -0.1997482
v 0.005963802 -0.01466792 -0.2018743
v 0.00648123 -0.01432883 -0.2015753
v 0.004904091 -0.01368981 -0.1956328
v 0.005225658 -0.01409012 -0.1976664
v 0.005711257 -0.01366198 -0.1973918
v 0.006082296 -0.01403617 -0.19946
v 0.006560266 -0.01360809 -0.1991873
v 0.006976366 -0.0139479 -0.2012887
v 0.007444918 -0.01352393 -0.201017
v 0.003617525 -0.01510035 -0.1985729
v 0.004499733 -0.01505494 -0.2003592
v 0.005428612 -0.01496738 -0.2021827
v 0.006920099 -0.01453185 -0.203728
v 0.007422864 -0.01419538 -0.2034312
v 0.01052129 -0.009556829 -0.2016184
v 0.01034229 -0.01017796 -0.2017161
v 0.01011794 -0.01078373 -0.2018427
v 0.007768929 -0.01206672 -0.1985028
v 0.008280158 -0.01255095 -0.2005335
v 0.009183228 -0.01245748 -0.2023885
v 0.008790254 -0.01295036 -0.2026212
v 0.008380174 -0.01401317 -0.2053153
v 0.007894635 -0.01434367 -0.2056086
v 0.006880879 -0.0149092 -0.2062198
v 0.005829036 -0.01536524 -0.2068531
v 0.00475353 -0.01573187 -0.2075012
v 0.003662765 -0.01602208 -0.208159
v 0.002561867 -0.01624614 -0.2088238
v 0.001454532 -0.01641279 -0.2094929
v 0.000343326 -0.01652848 -0.210165
v -0.000770025 -0.01659888 -0.210839
v -0.001884222 -0.01662749 -0.2115139
v -0.00299865 -0.0166158 -0.2121896
v -0.004112124 -0.01656061 -0.2128652
v -0.005223155 -0.01645654 -0.2135398
v -0.006329596 -0.01629745 -0.2142119
v -0.007428348 -0.01607632 -0.2148795
v -0.00851494 -0.01578325 -0.2155397
v -0.01218307 -0.01502943 -0.2150499
v 0.01145994 -0.009528338 -0.2034593
v 0.01127374 -0.01013606 -0.2035683
v 0.01104265 -0.01072543 -0.2037054
v 0.01076835 -0.01129162 -0.2038696
v 0.0104534 -0.01183027 -0.2040594
v 0.01010036 -0.0123372 -0.2042731
v 0.00971204 -0.01280987 -0.2045085
v 0.00929284 -0.01324695 -0.2047626
v 0.01243829 -0.009496212 -0.2053145
v 0.01224267 -0.01008749 -0.2054353
v 0.01200252 -0.01065623 -0.2055836
v 0.01172077 -0.01119786 -0.2057576
v 0.01140093 -0.01170897 -0.2059552
v 0.01104688 -0.01218724 -0.206174
v 0.01066279 -0.01263248 -0.2064114
v 0.01025259 -0.01304548 -0.2066649
v 0.00982058 -0.01342678 -0.2069319
v -0.005450785 -0.01604861 -0.1931959
v -0.004246592 -0.01592266 -0.1924772
v -0.00487411 -0.01580917 -0.1907694
v -0.003678083 -0.01563411 -0.1900458
v -0.003046989 -0.01573938 -0.1917618
v -0.00249058 -0.0153892 -0.1893274
v -0.001855969 -0.01548379 -0.1910517
v -0.001319289 -0.01505404 -0.1886184
v 0.001910865 -0.009083747 -0.1778649
v 0.00151813 -0.009097397 -0.175871
v 0.001770675 -0.009762525 -0.1779553
v 0.00137782 -0.009780526 -0.1759576
v 0.001577973 -0.01042366 -0.1780782
v 0.001184642 -0.01044577 -0.176077
v 0.001328647 -0.01105833 -0.178236
v 0.000934283 -0.01108372 -0.1762318
v 0.001020789 -0.01165682 -0.17843
v 0.000624228 -0.01168453 -0.1764233
v 0.000656748 -0.01221024 -0.1786586
v 0.000256986 -0.01223897 -0.1766502
v 0.000240997 -0.01271104 -0.1789191
v -0.000162807 -0.01273918 -0.1769096
v -0.000218533 -0.01315671 -0.1792066
v -0.000626885 -0.0131824 -0.1771964
v -0.000713219 -0.01354682 -0.1795157
v -0.001126289 -0.01356858 -0.177505
v -0.001235187 -0.01388496 -0.1798416
v -0.001652956 -0.01390153 -0.1778303
v -0.00177747 -0.01417583 -0.1801798
v -0.00219959 -0.01418626 -0.1781682
v -0.002334833 -0.0144248 -0.1805274
v 0.002437055 -0.008385002 -0.1797505
v 0.002344965 -0.009070813 -0.1798126
v 0.002206206 -0.009745955 -0.1799033
v 0.002015233 -0.01040416 -0.1800262
v 0.001768589 -0.01103699 -0.1801835
v 0.001464188 -0.01163512 -0.1803762
v 0.001104474 -0.01218992 -0.1806031
v 0.000693721 -0.01269394 -0.1808614
v 0.000239172 -0.01314437 -0.1811466
v -0.000250833 -0.0135405 -0.1814534
v -0.000768681 -0.01388567 -0.1817772
v -0.001307368 -0.01418399 -0.1821135
v -0.001861929 -0.01444041 -0.1824592
v -0.00300318 -0.01484739 -0.1831699
v 0.002910435 -0.008376657 -0.1816595
v 0.002820014 -0.009058892 -0.1817198
v 0.00268352 -0.009731292 -0.1818085
v 0.002495348 -0.01038783 -0.1819289
v 0.00225234 -0.01102048 -0.1820831
v 0.001952528 -0.01162028 -0.1822724
v 0.001598179 -0.01217889 -0.1824954
v 0.001193225 -0.01268881 -0.1827496
v 0.000744124 -0.01314663 -0.1830307
v 0.000258902 -0.01355159 -0.1833338
v -0.000254993 -0.013906 -0.1836541
v -0.000790685 -0.01421356 -0.1839873
v -0.001343131 -0.01447892 -0.1843303
v -0.002482593 -0.01490163 -0.1850361
v -0.003649771 -0.01520997 -0.1857578
v 0.00342375 -0.00836867 -0.183535
v 0.003335297 -0.009047746 -0.1835918
v 0.003201425 -0.00971806 -0.1836765
v 0.00301671 -0.01037395 -0.1837925
v 0.002778053 -0.01100754 -0.183942
v 0.002483606 -0.01161056 -0.1841261
v 0.002135396 -0.0121749 -0.1843435
v 0.001736581 -0.01269263 -0.184592
v 0.001293182 -0.01315987 -0.1848677
v 0.000812778 -0.01357507 -0.185166
v 0.000302638 -0.01394039 -0.1854818
v -0.00023041 -0.01425862 -0.185811
v -0.00078133 -0.01453393 -0.1861504
v -0.001920223 -0.01497375 -0.18685
v -0.00308907 -0.01529568 -0.1875662
v -0.004273474 -0.01552975 -0.1882915
v 0.003976643 -0.008360862 -0.185382
v 0.003890097 -0.009037017 -0.1854338
v 0.003759086 -0.009705543 -0.185513
v 0.003578186 -0.01036119 -0.1856232
v 0.003343999 -0.01099652 -0.1857665
v 0.003055155 -0.01160359 -0.1859439
v 0.002713203 -0.0121743 -0.1861543
v 0.002320766 -0.01270079 -0.186396
v 0.00188297 -0.01317828 -0.1866652
v 0.001407206 -0.01360487 -0.1869574
v 0.000900667 -0.01398164 -0.1872677
v 0.00036992 -0.01431119 -0.1875919
v -0.000179849 -0.01459687 -0.1879268
v -0.000681768 -0.01513582 -0.1903515
v -0.000105708 -0.01491683 -0.1900073
v 0.000458698 -0.01466149 -0.1896694
v 0.001007497 -0.01436531 -0.1893396
v 0.00153625 -0.01402467 -0.1890212
v 0.002039492 -0.01363623 -0.1887172
v 0.002510786 -0.01319819 -0.1884319
v 0.002943038 -0.01271033 -0.1881698
v 0.003329277 -0.01217472 -0.187936
v 0.003665149 -0.01159727 -0.1877332
v 0.005116999 -0.009016036 -0.1890482
v 0.005788445 -0.009005427 -0.1908311
v 0.007247686 -0.008982717 -0.1943756
v 0.008870065 -0.008956432 -0.1979382
v 0.01065474 -0.008924961 -0.2015492
v 0.01160073 -0.0089069 -0.2033787
v 0.01258778 -0.008887112 -0.2052221
v 0.004568994 -0.008353173 -0.187205
v 0.005200684 -0.008345603 -0.1890085
v 0.005871593 -0.008337974 -0.1907973
v 0.007332324 -0.008322238 -0.1943506
v 0.008957207 -0.008305251 -0.1979103
v 0.01074665 -0.008286237 -0.2015064
v 0.01169848 -0.008275866 -0.203325
v 0.01269227 -0.008264958 -0.2051575
v 0.00404185 -0.006999969 -0.1853455
v 0.003488779 -0.006999969 -0.1834906
v 0.003472506 -0.007685184 -0.1835028
v 0.002976 -0.006999969 -0.1816096
v 0.002960324 -0.007689297 -0.1816239
v 0.002503514 -0.006999969 -0.1796987
v 0.002487957 -0.007693648 -0.1797137
v 0.002071142 -0.006999969 -0.1777539
v 0.002055466 -0.007698178 -0.1777676
v -0.01184934 -0.01636487 -0.2030566
v -0.01225829 -0.016317 -0.2053709
v -0.01252889 -0.01618081 -0.2077318
v -0.01261711 -0.01593309 -0.2101534
v -0.01250654 -0.01555407 -0.2126058
v -0.01291209 -0.0150634 -0.2141489
v -0.01395839 -0.0144822 -0.2147607
v -0.02871716 -0.008402109 -0.1945533
v -0.02877587 -0.007702589 -0.1945894
v -0.02824604 -0.007699549 -0.1966482
v -0.02795833 -0.01104825 -0.1940844
v -0.02823668 -0.01042664 -0.1942564
v -0.0277124 -0.01041197 -0.1963106
v -0.0284537 -0.009771645 -0.1943905
v -0.02861195 -0.009094059 -0.1944882
v -0.02808356 -0.009084701 -0.1965437
v -0.02722167 -0.01215207 -0.1936292
v -0.02761811 -0.01162612 -0.1938741
v -0.02710253 -0.01161056 -0.1959304
v -0.02629148 -0.01303213 -0.1930544
v -0.02677637 -0.01262062 -0.193354
v -0.02627301 -0.01261079 -0.1954143
v -0.02315628 -0.01422673 -0.1956951
v -0.02364403 -0.0142132 -0.1937798
v -0.02420526 -0.01397812 -0.1941287
v -0.02411884 -0.01418823 -0.1917119
v -0.02468496 -0.01396149 -0.1920617
v -0.02296298 -0.01454943 -0.1909978
v -0.02178895 -0.01481652 -0.1902723
v -0.02060449 -0.01501357 -0.1895405
v -0.0194149 -0.01516038 -0.1888054
v -0.02014768 -0.01508337 -0.1916068
v -0.02085173 -0.01491945 -0.1942596
v -0.02150785 -0.01467347 -0.1968043
v -0.01822239 -0.01526987 -0.1880686
v -0.01896095 -0.01524072 -0.1908692
v -0.01967424 -0.01514315 -0.1935266
v -0.02034765 -0.01498842 -0.1960839
v -0.02097052 -0.01474249 -0.1985434
v -0.01583319 -0.01541626 -0.1865924
v -0.01777029 -0.0153582 -0.1901292
v -0.01848888 -0.01531136 -0.1927891
v -0.01917171 -0.0152263 -0.1953542
v -0.01981264 -0.01507526 -0.1978297
v -0.02040237 -0.01481443 -0.2002085
v -0.01715672 -0.00699985 -0.2178093
v -0.0186851 -0.007647991 -0.2159666
v -0.0187183 -0.00699985 -0.215961
v -0.02007722 -0.007652342 -0.2141577
v -0.02011263 -0.00699985 -0.2141479
v -0.02128297 -0.007656574 -0.2124308
v -0.02131837 -0.006999969 -0.2124189
v -0.02228623 -0.007660627 -0.2108289
v -0.02231961 -0.006999969 -0.2108176
v -0.02312648 -0.00766474 -0.2093338
v -0.02315688 -0.006999969 -0.2093257
v -0.02387762 -0.007668793 -0.2078912
v -0.02390503 -0.006999969 -0.2078872
v -0.02458924 -0.007672727 -0.2064567
v -0.02461403 -0.006999969 -0.2064571
v -0.02526789 -0.00767678 -0.2050046
v -0.02529013 -0.006999969 -0.2050095
v -0.02591586 -0.007681012 -0.2035111
v -0.02593588 -0.006999969 -0.2035201
v -0.02653539 -0.007684946 -0.201952
v -0.02655375 -0.006999969 -0.2019647
v -0.02712875 -0.00768882 -0.2003039
v -0.0271461 -0.006999969 -0.2003192
v -0.02769809 -0.007693648 -0.1985439
v -0.02771526 -0.006999969 -0.1985595
v -0.02826374 -0.006999969 -0.1966614
v -0.01706123 -0.008284211 -0.217787
v -0.01850599 -0.008932173 -0.2159096
v -0.01861387 -0.008292973 -0.2159484
v -0.01989305 -0.008945167 -0.214109
v -0.02000343 -0.008301556 -0.2141435
v -0.02109754 -0.008957803 -0.2123862
v -0.0212087 -0.00830996 -0.2124187
v -0.02210354 -0.008970141 -0.2107824
v -0.02221357 -0.008318185 -0.2108159
v -0.02294856 -0.008982181 -0.2092806
v -0.02305668 -0.008326292 -0.2093178
v -0.02370405 -0.008994102 -0.2078287
v -0.02381044 -0.008334338 -0.2078709
v -0.02441972 -0.009005904 -0.2063841
v -0.02452456 -0.008342385 -0.2064318
v -0.02510201 -0.009017884 -0.2049219
v -0.02520573 -0.008350551 -0.2049751
v -0.02575284 -0.009030103 -0.2034191
v -0.02585566 -0.008358836 -0.2034775
v -0.02637428 -0.009041845 -0.2018518
v -0.02647668 -0.008366823 -0.2019149
v -0.02696853 -0.00905323 -0.2001971
v -0.02707099 -0.008374571 -0.2002639
v -0.02753752 -0.009067475 -0.1984354
v -0.02764064 -0.008384227 -0.1985034
v -0.02818787 -0.00839585 -0.1966102
v -0.01681566 -0.009545087 -0.2176774
v -0.01817482 -0.01018625 -0.2157704
v -0.01836061 -0.009563863 -0.2158508
v -0.01955699 -0.01020944 -0.21398
v -0.01974529 -0.009581685 -0.2140551
v -0.02075845 -0.0102306 -0.2122609
v -0.02094846 -0.009598612 -0.2123343
v -0.02176398 -0.01025009 -0.2106534
v -0.02195483 -0.009614765 -0.210729
v -0.02260917 -0.01026815 -0.2091415
v -0.02280062 -0.009630322 -0.2092226
v -0.02336364 -0.01028513 -0.2076759
v -0.02355647 -0.009645342 -0.2077645
v -0.02407717 -0.01030153 -0.206216
v -0.02427196 -0.009660184 -0.2063131
v -0.02475655 -0.01031774 -0.204738
v -0.02495378 -0.009675085 -0.2048438
v -0.02540332 -0.01033431 -0.2032197
v -0.02560359 -0.009690344 -0.2033341
v -0.02602005 -0.01035004 -0.201638
v -0.02622359 -0.009704947 -0.2017605
v -0.02660918 -0.01036566 -0.1999713
v -0.02681624 -0.009719192 -0.2001006
v -0.02717226 -0.0103861 -0.1982027
v -0.02738308 -0.009737193 -0.1983362
v -0.02792686 -0.009759366 -0.1964449
v -0.01640772 -0.01076197 -0.2174764
v -0.01767277 -0.01138484 -0.2155333
v -0.01794636 -0.01079505 -0.2156655
v -0.01904696 -0.01141929 -0.2137521
v -0.01932525 -0.0108239 -0.2138801
v -0.02024114 -0.0114476 -0.212035
v -0.02052366 -0.01084899 -0.2121624
v -0.02124112 -0.01147061 -0.2104209
v -0.02152717 -0.01087099 -0.210552
v -0.02208101 -0.01148927 -0.2088953
v -0.02237027 -0.01089012 -0.2090337
v -0.02282869 -0.01150453 -0.2074118
v -0.02312213 -0.01090741 -0.2075595
v -0.0235337 -0.0115174 -0.2059317
v -0.02383202 -0.0109232 -0.20609
v -0.02420324 -0.0115292 -0.2044323
v -0.02450704 -0.01093858 -0.2046017
v -0.02483922 -0.01154106 -0.2028931
v -0.02514898 -0.01095414 -0.2030733
v -0.0254445 -0.01155215 -0.2012916
v -0.02576071 -0.01096886 -0.2014822
v -0.02602213 -0.01156359 -0.1996078
v -0.02634465 -0.01098358 -0.1998073
v -0.02657359 -0.01158273 -0.1978273
v -0.02690267 -0.0110045 -0.1980333
v -0.0274378 -0.01103252 -0.1961392
v -0.01582574 -0.01189684 -0.2171685
v -0.01698595 -0.01247131 -0.215175
v -0.0173527 -0.01194649 -0.2153704
v -0.01834511 -0.01251405 -0.2133982
v -0.01872032 -0.01198583 -0.2135922
v -0.01952672 -0.01254487 -0.2116793
v -0.0199089 -0.01201623 -0.2118747
v -0.02051693 -0.01256579 -0.2100564
v -0.02090436 -0.01203888 -0.2102563
v -0.02134823 -0.01257812 -0.2085159
v -0.02174013 -0.01205515 -0.2087233
v -0.02208667 -0.01258409 -0.2070138
v -0.02248317 -0.0120666 -0.2072302
v -0.02278119 -0.01258552 -0.2055132
v -0.02318269 -0.01207453 -0.2057396
v -0.02343922 -0.01258438 -0.2039929
v -0.02384626 -0.0120806 -0.2042292
v -0.02406293 -0.01258283 -0.2024329
v -0.02447587 -0.01208657 -0.2026792
v -0.02465546 -0.01258045 -0.2008119
v -0.02507454 -0.01209163 -0.2010675
v -0.02521967 -0.01257932 -0.1991108
v -0.02564525 -0.01209759 -0.1993746
v -0.02575767 -0.01258867 -0.1973178
v -0.02618986 -0.01211267 -0.1975877
v -0.026712 -0.0121386 -0.1956874
v -0.01507151 -0.01289457 -0.2167438
v -0.01657736 -0.01295495 -0.2149497
v -0.01747328 -0.01344192 -0.2129228
v -0.01792663 -0.01299893 -0.2131727
v -0.01863837 -0.01346904 -0.2111994
v -0.01910012 -0.0130288 -0.2114518
v -0.01961708 -0.01348203 -0.209567
v -0.02008461 -0.01304626 -0.2098242
v -0.02043992 -0.01348322 -0.2080127
v -0.02091175 -0.01305359 -0.2082766
v -0.02117031 -0.01347529 -0.2064945
v -0.02164596 -0.01305305 -0.2067661
v -0.02185648 -0.01346093 -0.2049772
v -0.022336 -0.01304697 -0.2052568
v -0.02250587 -0.01344275 -0.2034397
v -0.02298939 -0.01303786 -0.2037274
v -0.02312034 -0.01342362 -0.2018632
v -0.02360796 -0.01302784 -0.2021588
v -0.02370285 -0.01340353 -0.2002269
v -0.02419519 -0.01301699 -0.2005296
v -0.02425652 -0.01338535 -0.1985121
v -0.0247538 -0.01300781 -0.1988214
v -0.02478295 -0.01338011 -0.1967094
v -0.02528566 -0.01301044 -0.1970232
v -0.02528578 -0.01339066 -0.1948004
v -0.02579456 -0.01302731 -0.1951166
v -0.02577662 -0.01338917 -0.1927363
v -0.02373528 -0.01371651 -0.1981881
v -0.02318596 -0.01374441 -0.1999084
v -0.02265065 -0.01404452 -0.1995788
v -0.02260744 -0.01377445 -0.2015516
v -0.02207565 -0.01408499 -0.2012281
v -0.02199679 -0.01380348 -0.2031352
v -0.02146822 -0.01412445 -0.2028184
v -0.02135092 -0.01383119 -0.2046802
v -0.02082526 -0.01416236 -0.2043706
v -0.02066802 -0.0138548 -0.2062051
v -0.02014553 -0.0141955 -0.2059026
v -0.01994103 -0.01387089 -0.2077307
v -0.01942133 -0.01422035 -0.2074351
v -0.01912212 -0.01387667 -0.2092913
v -0.01860618 -0.01423376 -0.2090018
v -0.01814919 -0.01386922 -0.2109284
v -0.01763892 -0.01423239 -0.2106434
v -0.01699268 -0.0138458 -0.2126545
v -0.01649099 -0.01421338 -0.2123721
v -0.01566553 -0.01380378 -0.2144339
v -0.01517504 -0.01417362 -0.2141531
v -0.02425658 -0.01370269 -0.196381
v -0.02475386 -0.01370573 -0.1944697
v -0.02523893 -0.0136969 -0.192404
v -0.02092415 -0.01440954 -0.2024918
v -0.02152884 -0.01435941 -0.2008952
v -0.02210104 -0.01430821 -0.1992402
v -0.02264302 -0.01425957 -0.1975094
v -0.01344197 -0.0155009 -0.1851148
v -0.01538306 -0.01551222 -0.1886453
v -0.01729863 -0.01543706 -0.192049
v -0.01798671 -0.01540553 -0.1946192
v -0.01863735 -0.01532787 -0.1971053
v -0.01924628 -0.0151655 -0.199503
v -0.01980108 -0.01488524 -0.2018163
v -0.02028369 -0.01445788 -0.2040506
v -0.006272256 -0.01526063 -0.1806847
v -0.007463634 -0.0153855 -0.1814208
v -0.007019162 -0.01543819 -0.1834441
v -0.008211731 -0.01552832 -0.184186
v -0.007733047 -0.0155999 -0.1861085
v -0.01060134 -0.01560705 -0.1856723
v -0.01012468 -0.01569002 -0.1875932
v -0.01299268 -0.01559424 -0.1871592
v -0.01251816 -0.01568239 -0.1890792
v -0.01491057 -0.01560002 -0.1905649
v -0.01440536 -0.01571053 -0.1924017
v -0.01679599 -0.01553934 -0.1938814
v -0.0162599 -0.0156601 -0.1956413
v -0.01745194 -0.01551836 -0.196375
v -0.01688468 -0.01563465 -0.1980615
v -0.01807111 -0.01543289 -0.1987856
v -0.01747101 -0.0155363 -0.2004109
v -0.01864629 -0.01525431 -0.2011201
v -0.01801037 -0.01534062 -0.202701
v -0.01916396 -0.01495391 -0.203387
v -0.01848983 -0.01501613 -0.2049379
v -0.01960635 -0.01450079 -0.2055895
v -0.01888477 -0.01453483 -0.2071285
v -0.003912687 -0.0148068 -0.1792266
v -0.00508666 -0.01507484 -0.1799521
v -0.004648745 -0.0151003 -0.1819687
v -0.005830526 -0.01530027 -0.1827044
v -0.005351424 -0.01535391 -0.1846294
v -0.00654006 -0.01550173 -0.1853677
v -0.006022155 -0.01558983 -0.1872231
v -0.007216989 -0.01569563 -0.1879609
v -0.00666368 -0.01580923 -0.1897549
v -0.00961256 -0.01579576 -0.18944
v -0.009064435 -0.01591897 -0.1912251
v -0.01200968 -0.0157929 -0.1909207
v -0.01146602 -0.01592051 -0.192697
v -0.01386576 -0.01583886 -0.1941697
v -0.01329261 -0.01597034 -0.1958734
v -0.01569104 -0.01578426 -0.1973337
v -0.01508778 -0.01590675 -0.1989735
v -0.01628333 -0.01574927 -0.1996943
v -0.0156458 -0.01586097 -0.2012923
v -0.01683479 -0.01563704 -0.2020007
v -0.01616173 -0.0157302 -0.2035716
v -0.01733762 -0.0154199 -0.2042624
v -0.01662129 -0.01548743 -0.2058238
v -0.01777184 -0.01506781 -0.2064889
v -0.01696521 -0.01510494 -0.2080721
v -0.01752495 -0.01484584 -0.2083907
v -0.01656824 -0.01485764 -0.2100405
v -0.017111 -0.01456123 -0.2103469
v -0.01601326 -0.01512336 -0.2097256
v -0.01581841 -0.01553893 -0.2074162
v -0.01544582 -0.01581102 -0.2051423
v -0.01497179 -0.01596468 -0.202872
v -0.01444846 -0.01602607 -0.2005797
v -0.01268482 -0.0161004 -0.1975275
v -0.01088815 -0.01605182 -0.1944129
v -0.008481562 -0.01604688 -0.1929535
v -0.006074965 -0.01592898 -0.191496
v -0.005466163 -0.01569616 -0.1890217
v -0.00483191 -0.01543259 -0.1864882
v -0.004170298 -0.01514261 -0.1838955
v -0.003479838 -0.01481759 -0.1812407
v -0.002761006 -0.01442837 -0.1785151
v -0.008658051 -0.01546382 -0.1821588
v -0.01104968 -0.01552444 -0.1836366
v -0.01807284 -0.01455605 -0.2087011
v 0.009037017 -0.006999969 -0.1979155
v 0.01080083 -0.007643759 -0.2014874
v 0.01082497 -0.006999969 -0.2014878
v 0.01175624 -0.00763911 -0.2032964
v 0.01177906 -0.006999969 -0.2032899
v 0.01275342 -0.007634401 -0.2051196
v 0.01277309 -0.006999969 -0.2051075
v -0.01361721 -0.00699985 -0.221414
v -0.01359921 -0.00763452 -0.2214029
v -0.01354455 -0.00826615 -0.2213691
v -0.01345074 -0.008890688 -0.221311
v -0.01331496 -0.009504139 -0.2212271
v -0.01313537 -0.01010239 -0.2211162
v -0.01291316 -0.01068097 -0.220979
v -0.01265031 -0.01123559 -0.2208166
v -0.01234865 -0.0117616 -0.2206302
v -0.01201051 -0.01225554 -0.2204213
v -0.01163983 -0.01271653 -0.2201922
v -0.01124072 -0.01314443 -0.2199456
v -0.01081752 -0.01353907 -0.2196841
v -0.01037418 -0.01390105 -0.2194101
v -0.009913682 -0.0142315 -0.2191256
v -0.008950948 -0.01480543 -0.2185308
v -0.007948219 -0.01527518 -0.2179111
v -0.006917417 -0.01565331 -0.2172742
v -0.005867958 -0.01595133 -0.2166258
v -0.004805684 -0.01617854 -0.2159694
v -0.003735065 -0.01634305 -0.2153079
v -0.002659082 -0.01645058 -0.2146431
v -0.001580297 -0.01650565 -0.2139765
v -0.000500642 -0.01651251 -0.2133094
v 0.000578654 -0.01647353 -0.2126424
v 0.001655936 -0.01638787 -0.2119768
v 0.002729654 -0.01625347 -0.2113133
v 0.003797531 -0.01606607 -0.2106535
v 0.004856944 -0.01582056 -0.2099989
v 0.00590384 -0.01551008 -0.209352
v 0.006933093 -0.01512646 -0.208716
v 0.007936894 -0.01465964 -0.2080959
v 0.008904993 -0.01409786 -0.2074977
v 0.004634976 -0.006999969 -0.187178
v 0.005268335 -0.006999969 -0.1889919
v 0.005941808 -0.006999969 -0.190791
v 0.007409214 -0.006999969 -0.19436
v -0.002986848 -0.01271641 -0.1676216
v -0.003151834 -0.01235049 -0.165571
v -0.002607703 -0.01202106 -0.1653634
v -0.01261866 -0.014247 -0.1716381
v -0.01279908 -0.01392579 -0.1692267
v -0.01033014 -0.01386797 -0.1683012
v -0.008869946 -0.01540756 -0.1810131
v -0.01127153 -0.01545661 -0.1824453
v -0.01344197 -0.01550102 -0.1851148
v -0.03249001 -0.005025804 -0.1699008
v -0.03308308 -0.004304051 -0.1636992
v -0.0324732 -0.005742371 -0.1698954
v -0.0330637 -0.005025506 -0.1636967
v -0.0324068 -0.006455481 -0.1698778
v -0.0329917 -0.005742967 -0.1636849
v -0.0322839 -0.007160425 -0.1698459
v -0.03286069 -0.006451547 -0.1636621
v -0.03209733 -0.007849097 -0.1697975
v -0.03266388 -0.007142603 -0.1636269
v -0.0318405 -0.008511662 -0.1697305
v -0.03239506 -0.00780642 -0.1635774
v -0.031511 -0.009136438 -0.1696435
v -0.03205311 -0.008431613 -0.163513
v -0.03111046 -0.009710729 -0.1695364
v -0.03164035 -0.0090065 -0.1634331
v -0.03064739 -0.01022648 -0.169411
v -0.03116554 -0.009523928 -0.1633393
v -0.03013324 -0.01067966 -0.1692702
v -0.03064018 -0.00998044 -0.1632338
v -0.02957975 -0.01107186 -0.1691173
v -0.03007543 -0.01037806 -0.1631191
v -0.02899771 -0.01140719 -0.1689555
v -0.0294817 -0.01072067 -0.1629976
v -0.02839523 -0.01169258 -0.1687873
v -0.02886706 -0.01101464 -0.1628711
v -0.02715224 -0.01214051 -0.1684388
v -0.02759784 -0.01148146 -0.1626089
v -0.02588087 -0.01246339 -0.1680811
v -0.02629852 -0.01182311 -0.1623395
v -0.02459651 -0.01269751 -0.1677188
v -0.02498537 -0.01207399 -0.1620665
v -0.02330631 -0.01286751 -0.1673538
v -0.02366644 -0.01225793 -0.1617914
v -0.02072453 -0.01308465 -0.1666193
v -0.02102935 -0.01249265 -0.1612377
v -0.01815223 -0.01321262 -0.165881
v -0.01840662 -0.01262629 -0.1606813
v -0.02126389 -0.01196163 -0.1558444
v -0.01858711 -0.01209932 -0.1554709
v -0.03362303 -0.003660202 -0.1574842
v -0.03360074 -0.004385769 -0.1574841
v -0.03352302 -0.005106925 -0.1574774
v -0.03338325 -0.005818188 -0.1574635
v -0.0331754 -0.006510794 -0.157441
v -0.03289383 -0.007174909 -0.1574088
v -0.03253877 -0.007799506 -0.1573665
v -0.03211325 -0.008374035 -0.1573138
v -0.03162622 -0.008892059 -0.1572518
v -0.03108894 -0.009351253 -0.1571817
v -0.03051239 -0.009753525 -0.1571055
v -0.02990651 -0.01010268 -0.1570245
v -0.02927893 -0.01040446 -0.1569401
v -0.02798193 -0.01088887 -0.1567646
v -0.02665305 -0.01124805 -0.156584
v -0.02530932 -0.01151424 -0.1564007
v -0.02395993 -0.011711 -0.1562161
v -0.02261054 -0.01185607 -0.1560305
v -0.03412199 -0.003187954 -0.1512507
v -0.03435868 -0.003050029 -0.1481269
v -0.03409677 -0.003916263 -0.1512516
v -0.03433215 -0.003779113 -0.1481276
v -0.03401345 -0.004639685 -0.1512492
v -0.03424626 -0.004503369 -0.1481267
v -0.03386521 -0.005352497 -0.151243
v -0.03409391 -0.005216598 -0.1481239
v -0.03364598 -0.006045401 -0.1512325
v -0.03386914 -0.005909383 -0.1481188
v -0.03335124 -0.006708443 -0.151217
v -0.03356754 -0.006571531 -0.1481112
v -0.03298193 -0.007331073 -0.1511964
v -0.03319066 -0.00719279 -0.1481011
v -0.03254222 -0.007903397 -0.1511705
v -0.03274339 -0.007763326 -0.1480883
v -0.03204149 -0.00841999 -0.1511399
v -0.03223472 -0.00827825 -0.1480731
v -0.03149074 -0.008879065 -0.1511052
v -0.03167629 -0.008735895 -0.1480559
v -0.03090053 -0.009282827 -0.1510673
v -0.03107827 -0.009138762 -0.1480371
v -0.03028076 -0.009635031 -0.1510269
v -0.03045082 -0.00949043 -0.1480169
v -0.029639 -0.009940803 -0.1509846
v -0.02980101 -0.009796082 -0.1479958
v -0.02831196 -0.01043468 -0.1508966
v -0.02845788 -0.0102902 -0.1479518
v -0.02695173 -0.01080369 -0.1508058
v -0.02708137 -0.01065981 -0.1479063
v -0.02557635 -0.01107847 -0.1507136
v -0.02568972 -0.01093494 -0.1478599
v -0.02419537 -0.01128208 -0.1506205
v -0.02429276 -0.01113879 -0.1478133
v -0.02281504 -0.01143205 -0.150527
v -0.022897 -0.0112887 -0.1477663
v -0.02143847 -0.01154053 -0.1504331
v -0.02150535 -0.01139694 -0.1477192
v -0.01874393 -0.01153302 -0.1476248
v -0.0187695 -0.01146423 -0.145
v -0.01601868 -0.0115087 -0.145
v -0.03293663 -0.007713437 -0.145
v -0.03241944 -0.008226454 -0.145
v -0.0318523 -0.00868225 -0.145
v -0.0312457 -0.009083271 -0.145
v -0.0306096 -0.009433269 -0.145
v -0.02995127 -0.009737372 -0.145
v -0.02859121 -0.01022899 -0.145
v -0.02719795 -0.01059639 -0.145
v -0.02578997 -0.0108698 -0.145
v -0.02437704 -0.01107221 -0.145
v -0.02296572 -0.01122105 -0.145
v -0.02155911 -0.01132875 -0.145
v -0.01559835 -0.01328361 -0.1651406
v -0.01580744 -0.01268774 -0.1601233
v -0.01307046 -0.01327919 -0.1643989
v -0.01324069 -0.01265752 -0.1595643
v -0.01057678 -0.01318764 -0.1636563
v -0.01071739 -0.0125274 -0.1590048
v -0.009342372 -0.01309508 -0.163285
v -0.009472072 -0.01241219 -0.1587251
v -0.00811696 -0.01295715 -0.162914
v -0.008238852 -0.0122503 -0.1584457
v -0.006902158 -0.01275998 -0.1625441
v -0.007019937 -0.01202887 -0.1581671
v -0.005703032 -0.01248294 -0.1621769
v -0.00582093 -0.01172947 -0.1578906
v -0.004527211 -0.01210069 -0.161815
v -0.004649937 -0.01132994 -0.1576184
v -0.003953397 -0.01185977 -0.161638
v -0.004080176 -0.01108372 -0.1574852
v -0.003393769 -0.01157861 -0.1614652
v -0.003525257 -0.0108006 -0.1573553
v -0.002853155 -0.01125216 -0.1612986
v -0.00298959 -0.01047593 -0.1572301
v -0.002339184 -0.01087558 -0.1611407
v -0.002479672 -0.01010584 -0.1571116
v -0.00186038 -0.01044619 -0.1609945
v -0.002003014 -0.009687602 -0.1570019
v -0.001426219 -0.009964287 -0.1608632
v -0.001568019 -0.009220778 -0.1569036
v -0.001045465 -0.009433507 -0.1607496
v -0.001182973 -0.008707702 -0.1568186
v -0.000723255 -0.008861362 -0.1606549
v -0.00085333 -0.008154094 -0.1567481
v -0.000462239 -0.008256256 -0.1605794
v -0.000582892 -0.007566869 -0.1566923
v -0.000260307 -0.007627189 -0.1605219
v -0.000371141 -0.006954014 -0.1566501
v -0.000113299 -0.006982088 -0.1604804
v -0.000215308 -0.006323575 -0.1566202
v -1.54677e-05 -0.006327152 -0.160453
v -2.87606e-05 -0.004383206 -0.1565886
v 5.98585e-05 -0.005004823 -0.1604321
v -5.12236e-05 -0.005033791 -0.1565908
v -0.000110589 -0.005681753 -0.1566009
v -0.003556311 -0.01007425 -0.1532425
v -0.004673779 -0.01061534 -0.1534181
v -0.005842328 -0.01103544 -0.1536
v -0.007043719 -0.01135945 -0.1537851
v -0.008269309 -0.01160669 -0.1539716
v -0.009512901 -0.01179349 -0.1541588
v -0.01077163 -0.01193159 -0.1543464
v -0.01332914 -0.01209837 -0.1547216
v -0.01593887 -0.01215142 -0.1550965
v 1.04819e-05 -0.003521502 -0.1508111
v -2.29342e-05 -0.003791809 -0.1527392
v -1.338e-05 -0.004156172 -0.1508101
v -4.66522e-05 -0.004431486 -0.152739
v -7.86303e-05 -0.004787564 -0.1508135
v -0.000110166 -0.005068004 -0.1527443
v -0.00019276 -0.005411565 -0.1508216
v -0.000221492 -0.005697548 -0.1527559
v -0.000360395 -0.006022572 -0.1508353
v -0.000385669 -0.006314456 -0.1527749
v -0.000584877 -0.00661391 -0.1508555
v -0.000606502 -0.006912231 -0.1528022
v -0.000866968 -0.007178485 -0.1508827
v -0.000885366 -0.007483243 -0.1528388
v -0.001205146 -0.007709383 -0.1509174
v -0.001221299 -0.008020579 -0.1528854
v -0.001594722 -0.008201837 -0.1509594
v -0.001609802 -0.008518457 -0.1529417
v -0.002029538 -0.00865221 -0.1510083
v -0.002044796 -0.008972942 -0.153007
v -0.00250262 -0.009059906 -0.151063
v -0.002519071 -0.009382843 -0.1530801
v -0.003007054 -0.009425938 -0.1511221
v -0.003024995 -0.009749114 -0.153159
v -0.00353682 -0.00975281 -0.1511846
v -0.00465244 -0.01030147 -0.1513163
v -0.005821228 -0.01073247 -0.151453
v -0.007025301 -0.01106882 -0.1515918
v -0.008255481 -0.01132845 -0.1517322
v -0.009505271 -0.011527 -0.1518729
v -0.01077163 -0.01167547 -0.152014
v -0.01334774 -0.01185774 -0.1522963
v -0.01597988 -0.01191949 -0.1525784
v 0.000172022 -0.003025591 -0.1459721
v 0.000131311 -0.003089964 -0.1469429
v 0.000149702 -0.003649055 -0.1459715
v 0.000108436 -0.003715693 -0.1469419
v 8.18509e-05 -0.004269123 -0.1459717
v 4.08615e-05 -0.004337966 -0.1469424
v -3.65959e-05 -0.00488168 -0.1459727
v -7.71042e-05 -0.004952609 -0.1469447
v -0.000209133 -0.005481064 -0.1459748
v -0.000249191 -0.00555402 -0.1469489
v -0.000438193 -0.006061375 -0.145978
v -0.000477975 -0.006136 -0.1469553
v -0.000723531 -0.006615996 -0.1459823
v -0.000763333 -0.006691873 -0.1469641
v -0.001063287 -0.007139205 -0.145988
v -0.001103281 -0.007215619 -0.1469755
v -0.001452744 -0.007626891 -0.1459949
v -0.001493155 -0.007703185 -0.1469894
v -0.001886308 -0.008076071 -0.146003
v -0.001927018 -0.008151471 -0.1470054
v -0.002357721 -0.00848627 -0.146012
v -0.00239861 -0.00856024 -0.1470236
v -0.002860963 -0.008858203 -0.1460217
v -0.002901673 -0.008930265 -0.1470432
v -0.003390192 -0.009193778 -0.146032
v -0.003430604 -0.009263634 -0.1470639
v -0.004508793 -0.009765446 -0.146054
v -0.004547417 -0.009830474 -0.1471077
v -0.005685925 -0.01022291 -0.1460767
v -0.005721986 -0.01028311 -0.1471533
v -0.006902456 -0.01058596 -0.1461
v -0.006935179 -0.01064175 -0.1471997
v -0.00814861 -0.01087057 -0.1461234
v -0.008177638 -0.01092267 -0.1472465
v -0.00944215 -0.01113998 -0.1472937
v 6.22717e-05 -0.003280222 -0.1488794
v 3.86712e-05 -0.003910303 -0.1488782
v -2.7963e-05 -0.004536986 -0.1488799
v -0.000144356 -0.00515604 -0.1488849
v -0.000314697 -0.005761802 -0.1488937
v -0.000541909 -0.006347954 -0.1489069
v -0.000826244 -0.006907463 -0.1489248
v -0.001165807 -0.007433772 -0.1489477
v -0.00155586 -0.007922649 -0.1489756
v -0.001990318 -0.008370935 -0.149008
v -0.002462506 -0.008778214 -0.1490443
v -0.002965927 -0.009145438 -0.1490837
v -0.003494799 -0.009475052 -0.1491253
v -0.004610002 -0.01003235 -0.1492131
v -0.005780816 -0.0104745 -0.1493042
v -0.006988704 -0.01082265 -0.149397
v -0.008224487 -0.01109385 -0.1494905
v -0.009481251 -0.0113027 -0.1495847
v -0.01072531 -0.01130419 -0.147341
v -0.01075565 -0.0114603 -0.149679
v -0.01334071 -0.01150625 -0.1474356
v -0.01335114 -0.01165485 -0.1498678
v -0.0160188 -0.0115754 -0.1475303
v -0.01600623 -0.01172238 -0.1500565
v -0.01870542 -0.01167804 -0.150245
v -0.02135831 -0.01173335 -0.1531413
v -0.0227198 -0.0116257 -0.1532815
v -0.0240845 -0.01147747 -0.1534212
v -0.02544969 -0.0112763 -0.1535603
v -0.02680909 -0.01100456 -0.1536982
v -0.02815341 -0.01063919 -0.153834
v -0.02946501 -0.0101487 -0.1539658
v -0.03009963 -0.009844243 -0.1540292
v -0.03071206 -0.009492874 -0.1540899
v -0.03129518 -0.00908935 -0.154147
v -0.03183895 -0.008629798 -0.1541993
v -0.03233253 -0.008112132 -0.1542456
v -0.03276497 -0.007538497 -0.1542848
v -0.033127 -0.006914556 -0.1543161
v -0.03341513 -0.006250977 -0.1543399
v -0.0336287 -0.005557954 -0.1543563
v -0.03377264 -0.004845798 -0.1543661
v -0.03385335 -0.00412327 -0.1543705
v -0.03387713 -0.003396153 -0.1543699
v -0.009065866 -0.01532185 -0.1798645
v -0.007862806 -0.01525497 -0.1791719
v -0.006272017 -0.01526099 -0.1806845
v -0.005283415 -0.01503998 -0.1788734
v -0.005086183 -0.01507556 -0.1799517
v -0.004103839 -0.01477795 -0.17817
v -0.007463634 -0.01538556 -0.1814208
v -0.006662428 -0.01514244 -0.1784808
v -0.00311774 -0.01434278 -0.1764417
v -0.004282355 -0.01471203 -0.1771111
v -0.005466938 -0.01496917 -0.1777926
v 0.001506567 -0.006974816 -0.1748138
v 0.00149101 -0.007674992 -0.1748244
v 0.001440346 -0.008373081 -0.1748561
v 0.001348972 -0.009065747 -0.1749123
v 0.001210868 -0.009747862 -0.1749964
v 0.001019835 -0.01041311 -0.1751123
v 0.000771281 -0.01105219 -0.1752622
v 0.000462106 -0.01165521 -0.175448
v 9.44281e-05 -0.01221233 -0.1756681
v -0.00032726 -0.01271528 -0.17592
v -0.000794452 -0.01316058 -0.1761985
v -0.001297712 -0.01354789 -0.1764983
v -0.00182873 -0.01388078 -0.1768144
v -0.002379596 -0.01416444 -0.1771426
v -0.002945125 -0.01440483 -0.1774795
v -0.003912568 -0.01480698 -0.1792266
v 0.001344799 -0.006911337 -0.1738556
v 0.001329541 -0.007609367 -0.1738667
v 0.001279771 -0.00830549 -0.1738981
v 0.001189768 -0.008996546 -0.1739528
v 0.001053333 -0.009677767 -0.1740344
v 0.000863997 -0.01034277 -0.1741465
v 0.00061679 -0.01098281 -0.1742916
v 0.000308216 -0.0115875 -0.1744714
v -5.99507e-05 -0.01214689 -0.1746848
v -0.000483325 -0.01265209 -0.1749289
v -0.000953194 -0.01309931 -0.1751992
v -0.001459777 -0.01348757 -0.17549
v -0.001994431 -0.01382064 -0.1757968
v -0.002548933 -0.01410377 -0.176115
v 0.000736248 -0.007861137 -0.1700634
v 0.000988828 -0.008109033 -0.1719813
v 0.000648451 -0.008544862 -0.1701112
v 0.000900539 -0.008796691 -0.1720328
v 0.000514525 -0.009220063 -0.1701821
v 0.00076607 -0.009475409 -0.1721091
v 0.000327649 -0.009881079 -0.1702788
v 0.000578768 -0.01013916 -0.1722136
v 8.2021e-05 -0.01051926 -0.1704041
v 0.000333092 -0.01077938 -0.1723489
v -0.000226737 -0.01112449 -0.1705599
v 2.49193e-05 -0.01138556 -0.1725168
v -0.000597455 -0.01168608 -0.1707451
v -0.000344399 -0.01194757 -0.1727162
v -0.001025795 -0.01219421 -0.1709579
v -0.000770597 -0.01245546 -0.1729448
v -0.001502752 -0.01264381 -0.1711937
v -0.001244544 -0.01290482 -0.1731979
v -0.002017796 -0.01303339 -0.1714478
v -0.00175637 -0.01329439 -0.1734706
v -0.002560973 -0.0133664 -0.1717157
v -0.002296268 -0.01362758 -0.1737582
v -0.003123939 -0.01364803 -0.1719934
v -0.002856135 -0.01390981 -0.1740564
v -0.003700613 -0.0138846 -0.1722784
v -0.003429949 -0.01414722 -0.1743623
v -0.004879236 -0.01424711 -0.1728613
v -0.004603326 -0.0145117 -0.1749887
v -0.00607568 -0.01449614 -0.1734539
v -0.00579524 -0.01476281 -0.175626
v -0.007281959 -0.01466125 -0.1740515
v -0.006997168 -0.01492983 -0.1762689
v -0.008493006 -0.01476597 -0.1746512
v -0.008203804 -0.01503634 -0.1769145
v -0.009707391 -0.01482594 -0.1752518
v -0.009413242 -0.01509755 -0.1775611
v -0.01183825 -0.01512998 -0.1788552
v -0.01147615 -0.01536285 -0.1812508
v -0.0138908 -0.01532602 -0.182637
v 0.001052439 -0.006723046 -0.1719399
v 0.000799904 -0.006484091 -0.1700239
v 0.000259384 -0.005625784 -0.1642715
v 0.000584908 -0.006215155 -0.1681073
v 0.000190271 -0.006971657 -0.164301
v 0.000520216 -0.007582545 -0.1681441
v 9.83289e-05 -0.007639408 -0.1643369
v 0.00043187 -0.00826162 -0.168188
v -4.10696e-05 -0.008298397 -0.1643901
v 0.000297177 -0.008932292 -0.1682531
v -0.000234406 -0.008942842 -0.1644632
v 0.000109299 -0.009589016 -0.1683419
v -0.000486946 -0.009564578 -0.1645585
v -0.000137583 -0.01022326 -0.1684573
v -0.000802243 -0.01015383 -0.1646776
v -0.000447805 -0.01082503 -0.1686009
v -0.001178503 -0.01070117 -0.16482
v -0.000820165 -0.01138395 -0.1687719
v -0.001611053 -0.01119726 -0.1649841
v -0.001250267 -0.01188987 -0.1689686
v -0.002090871 -0.01163762 -0.1651666
v -0.001728892 -0.0123378 -0.1691868
v -0.002245724 -0.01272624 -0.169422
v -0.002790451 -0.01305842 -0.16967
v -0.003551304 -0.01299721 -0.1678578
v -0.003354907 -0.01333951 -0.1699271
v -0.00412935 -0.01323395 -0.1680999
v -0.003932893 -0.01357597 -0.1701907
v -0.005310714 -0.01359933 -0.168595
v -0.00511384 -0.01393896 -0.1707298
v -0.006510615 -0.01385319 -0.1690977
v -0.006312727 -0.01418906 -0.1712775
v -0.007721424 -0.01402413 -0.1696043
v -0.007521808 -0.01435554 -0.1718297
v -0.008736133 -0.01446217 -0.1723835
v -0.02948045 -0.006953597 -0.1915417
v -0.02877587 -0.007702708 -0.1945894
v -0.02946424 -0.007657647 -0.1915298
v -0.02871716 -0.008402228 -0.1945531
v -0.02940654 -0.008358776 -0.1914947
v -0.02861171 -0.009094297 -0.1944881
v -0.02930086 -0.009052634 -0.1914327
v -0.02845352 -0.009771823 -0.1943902
v -0.02914059 -0.009732127 -0.1913403
v -0.02823668 -0.0104267 -0.1942563
v -0.02891916 -0.01038873 -0.1912138
v -0.0283091 -0.01104199 -0.1925703
v -0.02796369 -0.01161938 -0.1923659
v -0.02756094 -0.01214379 -0.1921277
v -0.02710878 -0.0126093 -0.1918603
v -0.0266171 -0.01301652 -0.1915692
v -0.02527618 -0.01387298 -0.1891465
v -0.02442103 -0.0141496 -0.1902672
v -0.02584093 -0.01361984 -0.189468
v -0.02555185 -0.01367026 -0.1909381
v -0.02639049 -0.01332312 -0.1897802
v -0.02863347 -0.01101118 -0.1910514
v -0.02828311 -0.01158785 -0.1908529
v -0.02787452 -0.01211047 -0.1906216
v -0.02741611 -0.012573 -0.190362
v -0.02691805 -0.01297616 -0.1900798
v -0.02325588 -0.01449972 -0.1895753
v -0.02233582 -0.01467686 -0.1874694
v -0.02352625 -0.01442825 -0.1881489
v -0.0247001 -0.01408839 -0.1888183
v -0.01630777 -0.01523584 -0.1840223
v -0.01583319 -0.01541632 -0.1865924
v -0.01872491 -0.015096 -0.1854057
v -0.01822251 -0.01527053 -0.1880686
v -0.01993185 -0.0149945 -0.1860958
v -0.01941496 -0.01516079 -0.1888055
v -0.02113616 -0.0148589 -0.186784
v -0.02060449 -0.01501357 -0.1895405
v -0.03007274 -0.006824374 -0.1884649
v -0.0305888 -0.006626009 -0.1853785
v -0.03005766 -0.007529318 -0.188453
v -0.03057444 -0.007332146 -0.1853669
v -0.03000038 -0.008231401 -0.1884196
v -0.03051674 -0.00803548 -0.1853355
v -0.02989381 -0.00892651 -0.1883612
v -0.03040856 -0.008731782 -0.185281
v -0.02973079 -0.009607255 -0.1882745
v -0.03024262 -0.009413719 -0.1852003
v -0.02950489 -0.01026475 -0.1881558
v -0.03001195 -0.01007199 -0.18509
v -0.02921229 -0.01088744 -0.1880035
v -0.02971279 -0.01069474 -0.184948
v -0.02885288 -0.0114628 -0.1878173
v -0.02934521 -0.01126915 -0.1847743
v -0.02843368 -0.01198226 -0.1876001
v -0.02891677 -0.01178622 -0.184572
v -0.02796381 -0.01243966 -0.1873567
v -0.02843713 -0.01224011 -0.184345
v -0.02745455 -0.01283621 -0.1870921
v -0.0279181 -0.01263201 -0.1840986
v -0.02691614 -0.01317536 -0.1868118
v -0.02737033 -0.01296567 -0.1838375
v -0.02635639 -0.01346355 -0.1865197
v -0.02680182 -0.01324826 -0.1835659
v -0.0257821 -0.01370793 -0.1862193
v -0.02621906 -0.01348674 -0.1832867
v -0.02519726 -0.01391476 -0.1859129
v -0.02562636 -0.01368772 -0.1830021
v -0.02400738 -0.01423835 -0.1852884
v -0.02442175 -0.01400083 -0.1824225
v -0.02280235 -0.0144729 -0.1846548
v -0.02320307 -0.0142259 -0.1818348
v -0.02158886 -0.01464307 -0.1840161
v -0.0219767 -0.01438832 -0.1812424
v -0.02037125 -0.01476931 -0.1833745
v -0.01951551 -0.01459807 -0.1800507
v -0.003715336 -0.01263117 -0.1657862
v -0.004292607 -0.01286888 -0.1660068
v -0.005472779 -0.01323837 -0.1664575
v -0.006672739 -0.01349806 -0.1669152
v -0.00788486 -0.01367592 -0.1673762
v -0.00910443 -0.0137943 -0.1678385
v -0.01016038 -0.01420205 -0.1706209
v -0.009954512 -0.0145241 -0.172938
v -0.01240229 -0.01455968 -0.1740472
v -0.01214444 -0.01485711 -0.1764534
v -0.01459366 -0.01481568 -0.1776543
v -0.01427125 -0.01508814 -0.1801488
v -0.01705193 -0.01472616 -0.1788538
v -0.0167101 -0.01499718 -0.1814412
v -0.01915156 -0.01486396 -0.1827312
v -0.02633178 -0.01312404 -0.1771761
v -0.02660048 -0.01322275 -0.180352
v -0.02753579 -0.01269215 -0.1776536
v -0.0271908 -0.01298731 -0.1806098
v -0.02811938 -0.01241368 -0.1778841
v -0.02776718 -0.012708 -0.1808609
v -0.02868264 -0.01208394 -0.1781057
v -0.02832323 -0.01237732 -0.1811023
v -0.02921754 -0.0116958 -0.1783153
v -0.02885067 -0.01198816 -0.1813305
v -0.02971303 -0.01124507 -0.1785084
v -0.02933865 -0.01153635 -0.1815406
v -0.03015697 -0.01073014 -0.1786805
v -0.02977538 -0.01102077 -0.181728
v -0.03053885 -0.01015663 -0.178828
v -0.03015035 -0.01044708 -0.1818886
v -0.03085035 -0.009533286 -0.1789484
v -0.0304557 -0.009824037 -0.1820199
v -0.03109091 -0.008873283 -0.1790417
v -0.03069126 -0.009164929 -0.1821219
v -0.03126394 -0.008188843 -0.1791098
v -0.0308606 -0.00848186 -0.1821964
v -0.03137683 -0.007489502 -0.1791555
v -0.03097093 -0.007784008 -0.1822466
v -0.03143686 -0.00678277 -0.1791818
v -0.03102946 -0.007079184 -0.1822755
v -0.03145122 -0.006073415 -0.1791915
v -0.03104364 -0.006371617 -0.1822863
v -0.03182268 -0.00574249 -0.1760954
v -0.03180772 -0.00645411 -0.176087
v -0.03174597 -0.007162809 -0.1760635
v -0.03163003 -0.007863998 -0.1760224
v -0.03145283 -0.008549809 -0.1759608
v -0.03120708 -0.009210705 -0.1758762
v -0.03088963 -0.009834527 -0.1757669
v -0.0305013 -0.01040816 -0.1756327
v -0.03005063 -0.0109229 -0.175476
v -0.02954846 -0.01137375 -0.1753002
v -0.02900683 -0.01176232 -0.1751095
v -0.02843689 -0.01209264 -0.1749076
v -0.02784681 -0.01237207 -0.1746979
v -0.02662956 -0.01280659 -0.1742634
v -0.02510017 -0.01343065 -0.1766857
v -0.0253849 -0.01311594 -0.1738173
v -0.02412754 -0.01333791 -0.1733656
v -0.01529312 -0.01390618 -0.1701512
v -0.01486635 -0.01452279 -0.1751556
v -0.01780641 -0.01382637 -0.1710742
v -0.01734298 -0.0144357 -0.1762624
v -0.02033287 -0.01370227 -0.1719946
v -0.01982742 -0.01431071 -0.1773667
v -0.02286398 -0.01349776 -0.1729103
v -0.0223118 -0.01410698 -0.1784658
v -0.02355051 -0.01394861 -0.1790122
v -0.02478218 -0.01372832 -0.1795543
v -0.02600049 -0.01342082 -0.1800892
v -0.0133174 -0.01144522 -0.145
v -0.01068162 -0.01124376 -0.145
v -0.009389221 -0.01107656 -0.145
v -0.008116126 -0.01085448 -0.145
v -0.006865859 -0.01056718 -0.145
v -0.005645573 -0.01020085 -0.145
v -0.004465222 -0.009739518 -0.145
v -0.003344357 -0.009163498 -0.145
v -0.002814292 -0.008825778 -0.145
v -0.002310812 -0.008451819 -0.145
v -0.001839399 -0.008039832 -0.145
v -0.001406252 -0.007589459 -0.145
v -0.001017332 -0.007101297 -0.145
v -0.000678158 -0.006578326 -0.145
v -0.000393234 -0.006024599 -0.145
v -0.000164276 -0.005446076 -0.145
v 8.39371e-06 -0.004848778 -0.145
v 0.000127093 -0.004238486 -0.145
v 0.000195076 -0.003620862 -0.145
v -0.02924758 0.02219992 -0.00385046
v -0.02949988 0.02219992 0
v -0.04624992 0.02219992 -0.01374769
v 0.02924758 0.02219992 0.00385046
v 0.02949988 0.02219992 0
v 0.04624992 0.02219992 0.01374769
v -0.04624992 0.02219992 0.01374769
v 0.04624992 0.02219992 -0.01374769
v 0.01475 0.02219992 0.02554774
v 0.01795846 0.02219992 0.02340388
v 0.02983266 0.02219992 0.0379219
v 0.03355801 0.02219992 0.03466874
v 0.02085953 0.02219992 0.02085953
v 0.03693068 0.02219992 0.03105121
v 0.02340388 0.02219992 0.01795846
v 0.03991538 0.02219992 0.02710747
v 0.02554774 0.02219992 0.01475
v 0.04248064 0.02219992 0.022879
v -0.01128906 0.02219992 0.0272544
v -0.02148401 0.02219992 0.04320287
v -0.01475 0.02219992 0.02554774
v -0.02579391 0.02219992 0.04077661
v -0.01795846 0.02219992 0.02340388
v -0.02983266 0.02219992 0.0379219
v -0.02085953 0.02219992 0.02085953
v -0.03355801 0.02219992 0.03466874
v -0.02340388 0.02219992 0.01795846
v -0.02924758 0.02219992 0.00385046
v -0.02849477 0.02219992 0.007635056
v -0.04459965 0.02219992 0.01841002
v -0.0272544 0.02219992 0.01128906
v -0.04248064 0.02219992 0.022879
v -0.02554774 0.02219992 0.01475
v -0.03991538 0.02219992 0.02710747
v -0.03693068 0.02219992 0.03105121
v 0.04459965 0.02219992 0.01841002
v 0.0272544 0.02219992 0.01128906
v 0.02849477 0.02219992 0.007635056
v 0.02924758 0.02219992 -0.00385046
v 0.02849477 0.02219992 -0.007635056
v 0.04459965 0.02219992 -0.01841002
v 0.0272544 0.02219992 -0.01128906
v 0.04248064 0.02219992 -0.022879
v 0.02554774 0.02219992 -0.01475
v 0.03991538 0.02219992 -0.02710747
v 0.02340388 0.02219992 -0.01795846
v 0 0.02219992 0.02949988
v -0.002472877 0.02219992 0.04818654
v -0.00385046 0.02219992 0.02924758
v -0.007392764 0.02219992 0.04768019
v -0.007635056 0.02219992 0.02849477
v -0.01223486 0.02219992 0.04667294
v -0.01694852 0.02219992 0.04517531
v 0.02579391 0.02219992 0.04077661
v 0.02148401 0.02219992 0.04320287
v 0.01128906 0.02219992 0.0272544
v 0.01694852 0.02219992 0.04517531
v 0.007635056 0.02219992 0.02849477
v 0.01223486 0.02219992 0.04667294
v 0.00385046 0.02219992 0.02924758
v 0.007392764 0.02219992 0.04768019
v 0.002472877 0.02219992 0.04818654
v -0.01475 0.02219992 -0.02554774
v -0.01795846 0.02219992 -0.02340388
v -0.02983266 0.02219992 -0.0379219
v 0.01128906 0.02219992 -0.0272544
v 0.02148401 0.02219992 -0.04320287
v 0.01475 0.02219992 -0.02554774
v 0.02579391 0.02219992 -0.04077661
v 0.01795846 0.02219992 -0.02340388
v 0.02983266 0.02219992 -0.0379219
v 0.02085953 0.02219992 -0.02085953
v 0.03355801 0.02219992 -0.03466874
v 0.03693068 0.02219992 -0.03105121
v -0.00385046 0.02219992 -0.02924758
v -0.002472877 0.02219992 -0.04818654
v 0 0.02219992 -0.02949988
v 0.002472877 0.02219992 -0.04818654
v 0.00385046 0.02219992 -0.02924758
v 0.007392764 0.02219992 -0.04768019
v 0.007635056 0.02219992 -0.02849477
v 0.01223486 0.02219992 -0.04667294
v 0.01694852 0.02219992 -0.04517531
v -0.03355801 0.02219992 -0.03466874
v -0.02085953 0.02219992 -0.02085953
v -0.03693068 0.02219992 -0.03105121
v -0.02340388 0.02219992 -0.01795846
v -0.03991538 0.02219992 -0.02710747
v -0.02554774 0.02219992 -0.01475
v -0.04248064 0.02219992 -0.022879
v -0.02579391 0.02219992 -0.04077661
v -0.02148401 0.02219992 -0.04320287
v -0.01128906 0.02219992 -0.0272544
v -0.01694852 0.02219992 -0.04517531
v -0.007635056 0.02219992 -0.02849477
v -0.01223486 0.02219992 -0.04667294
v -0.007392764 0.02219992 -0.04768019
v -0.04459965 0.02219992 -0.01841002
v -0.0272544 0.02219992 -0.01128906
v -0.02849477 0.02219992 -0.007635056
v 0.03099989 0.05519998 0
v 0.0309363 0.05519998 -0.001986086
v 0 0.05519998 0
v 0.0309363 0.05519998 0.001986086
v 0.02793002 0.05519998 0.01345038
v 0.02942073 0.05519998 0.009768307
v 0.03042829 0.05519998 0.005925834
v 0.0208413 0.05519998 0.02294862
v 0.02360481 0.05519998 0.02009505
v 0.02598071 0.05519998 0.01691156
v 0.01070624 0.05519998 0.02909249
v 0.01433867 0.05519998 0.02748453
v 0.0177356 0.05519998 0.02542531
v -0.000993599 0.05519998 0.03098404
v 0.002976596 0.05519998 0.03085666
v 0.006898105 0.05519998 0.03022271
v -0.0125482 0.05519998 0.02834671
v -0.008820354 0.05519998 0.02971863
v -0.004947543 0.05519998 0.03060263
v -0.02226883 0.05519998 0.02156615
v -0.01932811 0.05519998 0.02423667
v -0.01607006 0.05519998 0.0265094
v -0.02873438 0.05519998 0.01163321
v -0.02701079 0.05519998 0.01521217
v -0.02484381 0.05519998 0.01854139
v -0.03099989 0.05519998 0
v -0.03074538 0.05519998 0.003964126
v -0.02998614 0.05519998 0.007863283
v -0.02873438 0.05519998 -0.01163321
v -0.02998614 0.05519998 -0.007863283
v -0.03074538 0.05519998 -0.003964126
v -0.02226883 0.05519998 -0.02156615
v -0.02484381 0.05519998 -0.01854139
v -0.02701079 0.05519998 -0.01521217
v -0.0125482 0.05519998 -0.02834671
v -0.01607006 0.05519998 -0.0265094
v -0.01932811 0.05519998 -0.02423667
v -0.000993599 0.05519998 -0.03098404
v -0.004947543 0.05519998 -0.03060263
v -0.008820354 0.05519998 -0.02971863
v 0.01070624 0.05519998 -0.02909249
v 0.006898105 0.05519998 -0.03022271
v 0.002976596 0.05519998 -0.03085666
v 0.0208413 0.05519998 -0.02294862
v 0.0177356 0.05519998 -0.02542531
v 0.01433867 0.05519998 -0.02748453
v 0.02793002 0.05519998 -0.01345038
v 0.02598071 0.05519998 -0.01691156
v 0.02360481 0.05519998 -0.02009505
v 0.03042829 0.05519998 -0.005925834
v 0.02942073 0.05519998 -0.009768307
v 0.0309363 0.04819995 0.001986086
v 0.0309363 0.04819995 -0.001986086
v 0.03042829 0.04819995 -0.005925834
v 0.02942073 0.04819995 -0.009768307
v 0.02793002 0.04819995 -0.01345038
v 0.02598071 0.04819995 -0.01691156
v 0.02360481 0.04819995 -0.02009505
v 0.0208413 0.04819995 -0.02294862
v 0.0177356 0.04819995 -0.02542531
v 0.01433867 0.04819995 -0.02748453
v 0.01186317 0.04819995 -0.02864027
v 0.03042829 0.04819995 0.005925834
v 0.02942073 0.04819995 0.009768307
v 0.02793002 0.04819995 0.01345038
v 0.02598071 0.04819995 0.01691156
v 0.02360481 0.04819995 0.02009505
v 0.0208413 0.04819995 0.02294862
v 0.0177356 0.04819995 0.02542531
v 0.01433867 0.04819995 0.02748453
v 0.01070624 0.04819995 0.02909249
v 0.006898105 0.04819995 0.03022271
v 0.002976596 0.04819995 0.03085666
v -0.000993599 0.04819995 0.03098404
v -0.004947543 0.04819995 0.03060263
v -0.008820354 0.04819995 0.02971863
v -0.0125482 0.04819995 0.02834671
v -0.01607006 0.04819995 0.0265094
v -0.01932811 0.04819995 0.02423667
v -0.02226883 0.04819995 0.02156615
v -0.02484381 0.04819995 0.01854139
v -0.02701079 0.04819995 0.01521217
v -0.02873438 0.04819995 0.01163321
v -0.02998614 0.04819995 0.007863283
v -0.03074538 0.04819995 0.003964126
v -0.03099989 0.04819995 0
v -0.03074538 0.04819995 -0.003964126
v -0.02998614 0.04819995 -0.007863283
v -0.02873438 0.04819995 -0.01163321
v -0.02701079 0.04819995 -0.01521217
v -0.02484381 0.04819995 -0.01854139
v -0.02226883 0.04819995 -0.02156615
v -0.01932811 0.04819995 -0.02423667
v -0.01607006 0.04819995 -0.0265094
v -0.0125482 0.04819995 -0.02834671
v -0.008820354 0.04819995 -0.02971863
v -0.004947543 0.04819995 -0.03060263
v -0.000993599 0.04819995 -0.03098404
v 0.002976596 0.04819995 -0.03085666
v 0.006898105 0.04819995 -0.03022271
v 0.01070624 0.04819995 -0.02909249
v 0.04624992 0.04819995 0.01374769
v 0.04624992 0.04819995 -0.01374769
v 0.04459965 0.04819995 0.01841002
v 0.02983266 0.04819995 0.0379219
v 0.03355801 0.04819995 0.03466874
v 0.03693068 0.04819995 0.03105121
v 0.03991538 0.04819995 0.02710747
v 0.04248064 0.04819995 0.022879
v -0.01694852 0.04819995 -0.04517531
v -0.02148401 0.04819995 -0.04320287
v -0.02579391 0.04819995 -0.04077661
v -0.02983266 0.04819995 -0.0379219
v -0.03355801 0.04819995 -0.03466874
v -0.03693068 0.04819995 -0.03105121
v -0.03991538 0.04819995 -0.02710747
v -0.04248064 0.04819995 -0.022879
v -0.04459965 0.04819995 -0.01841002
v -0.04624992 0.04819995 -0.01374769
v 0.007392764 0.04819995 0.04768019
v 0.01223486 0.04819995 0.04667294
v 0.01694852 0.04819995 0.04517531
v 0.02148401 0.04819995 0.04320287
v 0.02579391 0.04819995 0.04077661
v 0.01694852 0.04819995 -0.04517531
v 0.01223486 0.04819995 -0.04667294
v 0.007392764 0.04819995 -0.04768019
v 0.002472877 0.04819995 -0.04818654
v -0.002472877 0.04819995 -0.04818654
v -0.007392764 0.04819995 -0.04768019
v -0.01223486 0.04819995 -0.04667294
v 0.04459965 0.04819995 -0.01841002
v 0.04248064 0.04819995 -0.022879
v 0.03991538 0.04819995 -0.02710747
v 0.03693068 0.04819995 -0.03105121
v -0.04624992 0.04819995 0.01374769
v -0.01694852 0.04819995 0.04517531
v -0.01223486 0.04819995 0.04667294
v -0.007392764 0.04819995 0.04768019
v -0.002472877 0.04819995 0.04818654
v 0.002472877 0.04819995 0.04818654
v 0.03355801 0.04819995 -0.03466874
v 0.02983266 0.04819995 -0.0379219
v 0.02579391 0.04819995 -0.04077661
v 0.02148401 0.04819995 -0.04320287
v -0.03693068 0.04819995 0.03105121
v -0.03355801 0.04819995 0.03466874
v -0.02983266 0.04819995 0.0379219
v -0.02579391 0.04819995 0.04077661
v -0.02148401 0.04819995 0.04320287
v -0.04459965 0.04819995 0.01841002
v -0.04248064 0.04819995 0.022879
v -0.03991538 0.04819995 0.02710747
v 0.0192945 0.02035194 0.02231526
v 0.02085953 0.02035182 0.02085953
v 0.02942252 0.02035194 0.002135992
v 0.02949988 0.02035182 0
v 0.02231526 0.02035194 -0.0192945
v 0.02085953 0.02035182 -0.02085953
v 0.002135992 0.02035194 -0.02942252
v 0 0.02035182 -0.02949988
v -0.0192945 0.02035194 -0.02231526
v -0.02085953 0.02035182 -0.02085953
v -0.02942252 0.02035194 -0.002135992
v -0.02949988 0.02035182 0
v -0.02231526 0.02035194 0.0192945
v -0.02085953 0.02035194 0.02085953
v -0.002135992 0.02035194 0.02942252
v 0 0.02035182 0.02949988
v 0.002135992 0.02035194 0.02942252
v 0.002317965 0.02036726 0.02940875
v 0.002499282 0.02041304 0.02939391
v 0.00258702 0.02044558 0.02938634
v 0.002593398 0.02044808 0.02938574
v -0.00385046 0.0205 0.02924758
v -0.002738893 0.02050209 0.02937257
v -0.002700388 0.02049356 0.02937608
v -0.002564847 0.02043676 0.02938818
v -0.002383351 0.02038025 0.02940344
v -0.002211213 0.0203545 0.02941691
v -0.007635056 0.0205 0.02849477
v -0.005122542 0.0205 0.02905178
v -0.01475 0.0205 0.02554774
v -0.01231139 0.0205 0.02680814
v -0.01128906 0.0205 0.0272544
v -0.008788943 0.0205 0.02816033
v -0.0192945 0.02035194 0.02231526
v -0.01915597 0.02036726 0.02243423
v -0.01901727 0.02041304 0.02255189
v -0.0188328 0.02050209 0.02270627
v -0.01894497 0.02044808 0.02261269
v -0.01894992 0.02044558 0.02260851
v -0.01869791 0.0205 0.02281737
v -0.01795846 0.0205 0.02340388
v -0.01563251 0.0205 0.02501738
v -0.02340388 0.0205 0.01795846
v -0.02281737 0.0205 0.01869791
v -0.02270627 0.02050209 0.0188328
v -0.02268153 0.02049356 0.01886254
v -0.02259427 0.02043676 0.01896697
v -0.02247673 0.02038025 0.01910609
v -0.02236443 0.0203545 0.01923733
v -0.02501738 0.0205 0.01563251
v -0.02554774 0.0205 0.01475
v -0.02680814 0.0205 0.01231139
v -0.0272544 0.0205 0.01128906
v -0.02816033 0.0205 0.008788943
v -0.02849477 0.0205 0.007635056
v -0.02905178 0.0205 0.005122542
v -0.02924758 0.0205 0.00385046
v -0.02942252 0.02035194 0.002135992
v -0.02940875 0.02036726 0.002317965
v -0.02939391 0.02041304 0.002499282
v -0.02938634 0.02044558 0.00258702
v -0.02938574 0.02044808 0.002593398
v -0.02937257 0.02050209 0.002738893
v -0.02924758 0.0205 -0.00385046
v -0.02937257 0.02050209 -0.002738893
v -0.02937608 0.02049356 -0.002700388
v -0.02938818 0.02043676 -0.002564847
v -0.02940344 0.02038025 -0.002383351
v -0.02941691 0.0203545 -0.002211213
v -0.02885532 0.0205 -0.006133317
v -0.02849477 0.0205 -0.007635056
v -0.02783644 0.0205 -0.00976634
v -0.0272544 0.0205 -0.01128906
v -0.02636212 0.0205 -0.01323956
v -0.02554774 0.0205 -0.01475
v -0.02445656 0.0205 -0.01649618
v -0.02340388 0.0205 -0.01795846
v -0.02231526 0.02035194 -0.0192945
v -0.02243423 0.02036726 -0.01915597
v -0.02255189 0.02041304 -0.01901727
v -0.02260851 0.02044558 -0.01894992
v -0.02261269 0.02044808 -0.01894497
v -0.02270627 0.02050209 -0.0188328
v -0.01795846 0.0205 -0.02340388
v -0.01883339 0.02050316 -0.02270573
v -0.01886254 0.02049356 -0.02268153
v -0.01896697 0.02043676 -0.02259427
v -0.01910609 0.02038025 -0.02247673
v -0.01923733 0.0203545 -0.02236443
v -0.01128906 0.0205 -0.0272544
v -0.01323956 0.0205 -0.02636212
v -0.01475 0.0205 -0.02554774
v -0.01649618 0.0205 -0.02445656
v -0.00385046 0.0205 -0.02924758
v -0.006133317 0.0205 -0.02885532
v -0.007635056 0.0205 -0.02849477
v -0.00976634 0.0205 -0.02783644
v -0.002135992 0.02035194 -0.02942252
v -0.002317905 0.02036726 -0.02940875
v -0.002498984 0.02041298 -0.02939391
v -0.002586901 0.02044564 -0.02938634
v -0.002593398 0.0204482 -0.02938574
v -0.002738893 0.02050215 -0.02937257
v 0.00385046 0.0205 -0.02924758
v 0.002738714 0.02050197 -0.02937257
v 0.00270009 0.02049326 -0.02937608
v 0.002564728 0.02043664 -0.02938818
v 0.002383172 0.02038013 -0.0294035
v 0.002210736 0.02035444 -0.02941697
v 0.007635056 0.0205 -0.02849477
v 0.005122542 0.0205 -0.02905178
v 0.01475 0.0205 -0.02554774
v 0.01231139 0.0205 -0.02680814
v 0.01128906 0.0205 -0.0272544
v 0.008788943 0.0205 -0.02816033
v 0.0192945 0.02035194 -0.02231526
v 0.01915603 0.02036726 -0.02243417
v 0.01901751 0.02041298 -0.02255171
v 0.0188328 0.02050215 -0.02270627
v 0.01894491 0.0204482 -0.02261275
v 0.01894998 0.02044564 -0.02260851
v 0.01869791 0.0205 -0.02281737
v 0.01795846 0.0205 -0.02340388
v 0.01563251 0.0205 -0.02501738
v 0.02340388 0.0205 -0.01795846
v 0.02281737 0.0205 -0.01869791
v 0.02270615 0.02050197 -0.01883292
v 0.02268135 0.02049326 -0.01886278
v 0.02259421 0.02043664 -0.01896709
v 0.02247661 0.02038013 -0.0191062
v 0.02236419 0.02035444 -0.01923763
v 0.02501738 0.0205 -0.01563251
v 0.02554774 0.0205 -0.01475
v 0.02680814 0.0205 -0.01231139
v 0.0272544 0.0205 -0.01128906
v 0.02816033 0.0205 -0.008788943
v 0.02849477 0.0205 -0.007635056
v 0.02905178 0.0205 -0.005122542
v 0.02924758 0.0205 -0.00385046
v 0.02942252 0.02035194 -0.002135992
v 0.02940875 0.02036726 -0.002317905
v 0.02939391 0.02041298 -0.002498984
v 0.02938634 0.02044564 -0.002586901
v 0.02938574 0.0204482 -0.002593398
v 0.02937257 0.02050215 -0.002738893
v 0.02924758 0.0205 0.00385046
v 0.02937257 0.02050197 0.002738714
v 0.02937608 0.02049326 0.00270009
v 0.02938818 0.02043664 0.002564728
v 0.0294035 0.02038013 0.002383172
v 0.02941697 0.02035444 0.002210736
v 0.02885532 0.0205 0.006133317
v 0.02849477 0.0205 0.007635056
v 0.02783644 0.0205 0.00976634
v 0.0272544 0.0205 0.01128906
v 0.02636212 0.0205 0.01323956
v 0.02554774 0.0205 0.01475
v 0.02445656 0.0205 0.01649618
v 0.02340388 0.0205 0.01795846
v 0.02231526 0.02035194 0.0192945
v 0.02243417 0.02036726 0.01915603
v 0.02255171 0.02041298 0.01901751
v 0.02260851 0.02044564 0.01894998
v 0.02261275 0.0204482 0.01894491
v 0.02270627 0.02050215 0.0188328
v 0.01795846 0.0205 0.02340388
v 0.01883292 0.02050197 0.02270615
v 0.01886278 0.02049326 0.02268135
v 0.01896709 0.02043664 0.02259421
v 0.0191062 0.02038013 0.02247661
v 0.01923763 0.02035444 0.02236419
v 0.01475 0.0205 0.02554774
v 0.01649618 0.0205 0.02445656
v 0.007635056 0.0205 0.02849477
v 0.00976634 0.0205 0.02783644
v 0.01128906 0.0205 0.0272544
v 0.01323956 0.0205 0.02636212
v 0.002738893 0.02050209 0.02937257
v 0.00385046 0.0205 0.02924758
v 0.006133317 0.0205 0.02885532
v 0.0215792 0.01389998 -0.01655822
v 0.02355587 0.01389998 -0.01359999
v -0.01923328 0.01389998 0.01923328
v 0.02512943 0.01389998 -0.01040887
v 0.02627313 0.01389998 -0.007039785
v -0.007039785 0.01389998 -0.02627313
v -0.01040887 0.01389998 -0.02512943
v -0.0215792 0.01389998 0.01655822
v -0.02355587 0.01389998 0.01359999
v -0.02512943 0.01389998 0.01040887
v -0.02627313 0.01389998 0.007039785
v -0.02696722 0.01389998 0.003550291
v -0.01655822 0.01389998 -0.0215792
v -0.02696722 0.01389998 -0.003550291
v -0.01923328 0.01389998 -0.01923328
v -0.02627313 0.01389998 -0.007039785
v -0.02512943 0.01389998 -0.01040887
v -0.02355587 0.01389998 -0.01359999
v -0.0215792 0.01389998 -0.01655822
v -0.003550291 0.01389998 -0.02696722
v 0 0.01389998 -0.02719998
v 0.003550291 0.01389998 -0.02696722
v 0.007039785 0.01389998 -0.02627313
v 0.01040887 0.01389998 -0.02512943
v 0.01359999 0.01389998 -0.02355587
v 0.02696722 0.01389998 -0.003550291
v 0.02719998 0.01389998 0
v 0.02696722 0.01389998 0.003550291
v 0.02512943 0.01389998 0.01040887
v -0.01040887 0.01389998 0.02512943
v -0.01359999 0.01389998 0.02355587
v -0.01359999 0.01389998 -0.02355587
v -0.02719998 0.01389998 0
v 0.01655822 0.01389998 -0.0215792
v 0.01923328 0.01389998 -0.01923328
v 0.02355587 0.01389998 0.01359999
v 0.0215792 0.01389998 0.01655822
v 0.007039785 0.01389998 0.02627313
v 0.01923328 0.01389998 0.01923328
v 0.003550291 0.01389998 0.02696722
v 0 0.01389998 0.02719998
v -0.003550291 0.01389998 0.02696722
v -0.007039785 0.01389998 0.02627313
v 0.02627313 0.01389998 0.007039785
v -0.01655822 0.01389998 0.0215792
v 0.01655822 0.01389998 0.0215792
v 0.01359999 0.01389998 0.02355587
v 0.01040887 0.01389998 0.02512943
v -0.02074956 0.01604431 0.02074956
v -0.02328044 0.01604431 0.01786369
v -0.02488541 0.01604431 0.01555007
v -0.02541291 0.01604431 0.01467216
v -0.02666676 0.01604431 0.01224648
v -0.02711069 0.01604431 0.01122957
v -0.02801173 0.01604431 0.00874257
v -0.02834451 0.01604431 0.007594883
v -0.02889853 0.01604431 0.005095601
v -0.02909332 0.01604431 0.003830194
v -0.02931261 0.01604431 0.001365244
v -0.02719998 0.01389998 0
v -0.02934432 0.01604431 0
v -0.0292471 0.01604431 -0.002387404
v -0.02909332 0.01604431 -0.003830194
v -0.02870315 0.01604431 -0.006101012
v -0.02834451 0.01604431 -0.007594883
v -0.02768963 0.01604431 -0.009714841
v -0.02711069 0.01604431 -0.01122957
v -0.02622312 0.01604431 -0.01316964
v -0.02541291 0.01604431 -0.01467216
v -0.02432757 0.01604431 -0.01640909
v -0.02328044 0.01604431 -0.01786369
v -0.02203404 0.01604431 -0.01938015
v -0.02074956 0.01604431 -0.02074956
v -0.01938015 0.01604431 -0.02203404
v -0.01786369 0.01604431 -0.02328044
v -0.01640909 0.01604431 -0.02432757
v -0.01467216 0.01604431 -0.02541291
v -0.01316964 0.01604431 -0.02622312
v -0.01122957 0.01604431 -0.02711069
v -0.009714841 0.01604431 -0.02768963
v -0.007594883 0.01604431 -0.02834451
v -0.006101012 0.01604431 -0.02870315
v -0.003830194 0.01604431 -0.02909332
v -0.002387404 0.01604431 -0.0292471
v 0 0.01389998 -0.02719998
v 0 0.01604431 -0.02934432
v 0.001365244 0.01604431 -0.02931261
v 0.003830194 0.01604431 -0.02909332
v 0.005095601 0.01604431 -0.02889853
v 0.007594883 0.01604431 -0.02834451
v 0.00874257 0.01604431 -0.02801173
v 0.01122957 0.01604431 -0.02711069
v 0.01224648 0.01604431 -0.02666676
v 0.01467216 0.01604431 -0.02541291
v 0.01555007 0.01604431 -0.02488541
v 0.01786369 0.01604431 -0.02328044
v 0.02074956 0.01604431 -0.02074956
v 0.02328044 0.01604431 -0.01786369
v 0.02488541 0.01604431 -0.01555007
v 0.02541291 0.01604431 -0.01467216
v 0.02666676 0.01604431 -0.01224648
v 0.02711069 0.01604431 -0.01122957
v 0.02801173 0.01604431 -0.00874257
v 0.02834451 0.01604431 -0.007594883
v 0.02889853 0.01604431 -0.005095601
v 0.02909332 0.01604431 -0.003830194
v 0.02931261 0.01604431 -0.001365244
v 0.02719998 0.01389998 0
v 0.02934432 0.01604431 0
v 0.0292471 0.01604431 0.002387404
v 0.02909332 0.01604431 0.003830194
v 0.02870315 0.01604431 0.006101012
v 0.02834451 0.01604431 0.007594883
v 0.02768963 0.01604431 0.009714841
v 0.02711069 0.01604431 0.01122957
v 0.02622312 0.01604431 0.01316964
v 0.02541291 0.01604431 0.01467216
v 0.02432757 0.01604431 0.01640909
v 0.02328044 0.01604431 0.01786369
v 0.02203404 0.01604431 0.01938015
v 0.02074956 0.01604431 0.02074956
v 0.01938015 0.01604431 0.02203404
v 0.01786369 0.01604431 0.02328044
v 0.01640909 0.01604431 0.02432757
v 0.01467216 0.01604431 0.02541291
v 0.01316964 0.01604431 0.02622312
v 0.01122957 0.01604431 0.02711069
v 0.009714841 0.01604431 0.02768963
v 0.007594883 0.01604431 0.02834451
v 0.006101012 0.01604431 0.02870315
v 0.003830194 0.01604431 0.02909332
v 0.002387404 0.01604431 0.0292471
v 0 0.01389998 0.02719998
v 0 0.01604431 0.02934432
v -0.001365244 0.01604431 0.02931261
v -0.003830194 0.01604431 0.02909332
v -0.005095601 0.01604431 0.02889853
v -0.007594883 0.01604431 0.02834451
v -0.00874257 0.01604431 0.02801173
v -0.01122957 0.01604431 0.02711069
v -0.01224648 0.01604431 0.02666676
v -0.01467216 0.01604431 0.02541291
v -0.01555007 0.01604431 0.02488541
v -0.01786369 0.01604431 0.02328044
v -0.002450764 0.02038109 -0.02939492
v -0.002296805 0.02034258 -0.02940613
v -0.002135634 0.02032965 -0.02941793
v -0.002604842 0.02042251 -0.02938187
v -0.00245738 0.02035981 -0.02939242
v -0.002300143 0.02032053 -0.02940386
v -0.002135515 0.02030694 -0.02941584
v 0 0.02032965 -0.02949523
v 0 0.02035194 -0.02949988
v 0.002135634 0.02032965 -0.02941793
v 0 0.02030694 -0.02949321
v 0.001372098 0.02030694 -0.02946132
v 0.002135515 0.02030694 -0.02941584
v 0.002595305 0.02044248 -0.02938467
v 0.002450883 0.02038109 -0.02939498
v 0.002296864 0.02034258 -0.02940613
v 0.002300262 0.02032053 -0.0294038
v 0.00245738 0.02035975 -0.02939242
v 0.002604842 0.02042239 -0.02938187
v -0.01893419 0.02042245 -0.02261805
v -0.01894289 0.02044254 -0.02261316
v -0.01905238 0.02038109 -0.02251839
v -0.01916915 0.02034258 -0.02241742
v -0.01929146 0.02032965 -0.02231168
v -0.01904588 0.02035975 -0.02252113
v -0.01916509 0.02032053 -0.02241814
v -0.01929003 0.02030694 -0.02231007
v -0.02231007 0.02030694 -0.01929003
v -0.02231168 0.02032965 -0.01929146
v -0.0221458 0.02030694 -0.01947844
v -0.02085632 0.02032965 -0.02085632
v -0.02085489 0.02030694 -0.02085489
v -0.02085953 0.02035194 -0.02085953
v -0.01947844 0.02030694 -0.0221458
v -0.02241742 0.02034258 -0.01916915
v -0.02251839 0.02038109 -0.01905226
v -0.02261805 0.02042245 -0.01893419
v -0.02252113 0.02035975 -0.01904582
v -0.02241814 0.02032053 -0.01916509
v -0.02938187 0.02042245 -0.002604842
v -0.02938467 0.02044254 -0.002595305
v -0.02939498 0.02038109 -0.002450764
v -0.02940613 0.02034258 -0.002296805
v -0.02941793 0.02032965 -0.002135634
v -0.02939242 0.02035975 -0.00245738
v -0.0294038 0.02032053 -0.002300143
v -0.02941584 0.02030694 -0.002135515
v -0.02949988 0.02035194 0
v -0.02949523 0.02032965 0
v -0.02946132 0.02030694 0.001372098
v -0.02941584 0.02030694 0.002135515
v -0.02941793 0.02032965 0.002135634
v -0.02949321 0.02030694 0
v -0.02940613 0.02034258 0.002296805
v -0.02939498 0.02038109 0.002450764
v -0.02938187 0.02042245 0.002604842
v -0.02939242 0.02035975 0.00245738
v -0.0294038 0.02032053 0.002300143
v -0.02261805 0.02042245 0.01893419
v -0.02261316 0.02044254 0.01894289
v -0.02251839 0.02038109 0.01905238
v -0.02241742 0.02034258 0.01916915
v -0.02231168 0.02032965 0.01929146
v -0.02252113 0.02035975 0.01904588
v -0.02241814 0.02032053 0.01916509
v -0.02231007 0.02030694 0.01929003
v 0.01905238 0.02038109 -0.02251827
v 0.01916915 0.02034258 -0.0224173
v 0.01929146 0.02032965 -0.02231168
v 0.01893413 0.02042251 -0.02261811
v 0.01904588 0.02035981 -0.02252113
v 0.01916509 0.02032053 -0.02241808
v 0.01929003 0.02030694 -0.02231007
v 0.02085632 0.02032965 -0.02085632
v 0.02085953 0.02035194 -0.02085953
v 0.02231168 0.02032965 -0.01929146
v 0.02085489 0.02030694 -0.02085489
v 0.02231007 0.02030694 -0.01929003
v 0.02261316 0.02044248 -0.01894295
v 0.02251839 0.02038109 -0.01905226
v 0.02241748 0.02034258 -0.01916909
v 0.0224182 0.02032053 -0.01916503
v 0.02252119 0.02035975 -0.01904582
v 0.02261805 0.02042239 -0.01893419
v -0.02085489 0.02030694 0.02085489
v -0.01929003 0.02030694 0.02231007
v -0.01929146 0.02032965 0.02231168
v -0.02085632 0.02032965 0.02085632
v -0.01916915 0.02034258 0.02241742
v -0.01905226 0.02038109 0.02251839
v -0.01893419 0.02042245 0.02261805
v -0.01904582 0.02035975 0.02252113
v -0.01916509 0.02032053 0.02241814
v -0.002604842 0.02042245 0.02938187
v -0.002595305 0.02044254 0.02938467
v -0.002450764 0.02038109 0.02939498
v -0.002296805 0.02034258 0.02940613
v -0.002135634 0.02032965 0.02941793
v -0.00245738 0.02035975 0.02939242
v -0.002300143 0.02032053 0.0294038
v -0.002135515 0.02030694 0.02941584
v 0.002135634 0.02032965 0.02941793
v 0 0.02032965 0.02949523
v 0 0.02035194 0.02949988
v 0.002135515 0.02030694 0.02941584
v 0 0.02030694 0.02949321
v -0.001372098 0.02030694 0.02946132
v 0.002296805 0.02034258 0.02940613
v 0.002450764 0.02038109 0.02939498
v 0.002604842 0.02042245 0.02938187
v 0.00245738 0.02035975 0.02939242
v 0.002300143 0.02032053 0.0294038
v 0.02251827 0.02038109 0.01905238
v 0.0224173 0.02034258 0.01916915
v 0.02231168 0.02032965 0.01929146
v 0.02261811 0.02042251 0.01893413
v 0.02252113 0.02035981 0.01904588
v 0.02241808 0.02032053 0.01916509
v 0.02231007 0.02030694 0.01929003
v 0.0221458 0.02030694 0.01947844
v 0.02085632 0.02032965 0.02085632
v 0.02085489 0.02030694 0.02085489
v 0.02085953 0.02035194 0.02085953
v 0.01929146 0.02032965 0.02231168
v 0.01947844 0.02030694 0.0221458
v 0.01929003 0.02030694 0.02231007
v 0.01894295 0.02044248 0.02261316
v 0.01905226 0.02038109 0.02251839
v 0.01916909 0.02034258 0.02241748
v 0.01916503 0.02032053 0.0224182
v 0.01904582 0.02035975 0.02252119
v 0.01893419 0.02042239 0.02261805
v 0.02939492 0.02038109 -0.002450764
v 0.02940613 0.02034258 -0.002296805
v 0.02941793 0.02032965 -0.002135634
v 0.02938187 0.02042251 -0.002604842
v 0.02939242 0.02035981 -0.00245738
v 0.02940386 0.02032053 -0.002300143
v 0.02941584 0.02030694 -0.002135515
v 0.02949988 0.02035194 0
v 0.02949523 0.02032965 0
v 0.02946132 0.02030694 -0.001372098
v 0.02949321 0.02030694 0
v 0.02941793 0.02032965 0.002135634
v 0.02941584 0.02030694 0.002135515
v 0.02938467 0.02044248 0.002595305
v 0.02939498 0.02038109 0.002450883
v 0.02940613 0.02034258 0.002296864
v 0.0294038 0.02032053 0.002300262
v 0.02939242 0.02035975 0.00245738
v 0.02938187 0.02042239 0.002604842
v 0 0.01604431 0.02934432
v 0 0.02030694 0.02949321
v 0.02934432 0.01604431 0
v 0.02949321 0.02030694 0
v 0 0.01604431 -0.02934432
v 0 0.02030694 -0.02949321
v -0.02934432 0.01604431 0
f 1 2 3
f 4 3 5
f 7 8 9
f 10 9 11
f 12 11 13
f 15 16 17
f 18 17 19
f 21 22 23
f 24 23 25
f 27 28 29
f 30 29 31
f 33 34 35
f 36 35 37
f 39 40 41
f 43 44 45
f 47 48 49
f 50 51 52
f 56 57 58
f 60 59 61
f 63 62 64
f 60 65 66
f 64 14 67
f 69 7 10
f 64 10 12
f 67 70 64
f 64 71 63
f 69 73 74
f 75 76 77
f 75 78 79
f 69 79 80
f 81 82 56
f 56 83 57
f 55 84 85
f 56 85 86
f 87 88 89
f 89 91 92
f 89 93 94
f 92 95 89
f 89 96 97
f 97 101 89
f 89 102 55
f 55 103 53
f 98 104 105
f 107 108 109
f 109 105 110
f 33 36 89
f 111 112 89
f 98 90 99
f 99 89 114
f 113 115 89
f 89 116 33
f 52 20 117
f 118 117 119
f 51 121 52
f 52 15 18
f 122 52 123
f 125 41 123
f 126 127 123
f 123 128 129
f 127 130 123
f 123 131 125
f 24 132 21
f 132 133 134
f 123 134 135
f 136 137 49
f 21 139 140
f 142 143 144
f 49 146 147
f 49 149 150
f 137 151 132
f 142 153 143
f 143 154 155
f 143 156 157
f 49 157 158
f 152 159 132
f 132 160 161
f 49 162 163
f 161 164 132
f 132 165 166
f 132 167 168
f 21 168 169
f 141 170 21
f 21 171 172
f 172 173 174
f 174 175 176
f 176 144 177
f 30 178 48
f 48 179 180
f 48 182 183
f 30 185 186
f 180 187 48
f 48 188 181
f 190 189 191
f 192 191 193
f 194 193 32
f 32 195 30
f 30 196 197
f 30 198 199
f 143 200 201
f 48 202 203
f 49 203 204
f 201 206 143
f 143 207 189
f 49 208 209
f 210 211 49
f 49 212 213
f 49 214 215
f 143 215 216
f 4 6 48
f 218 219 48
f 48 1 4
f 48 221 222
f 48 223 224
f 217 225 48
f 48 226 220
f 228 230 229
f 229 231 232
f 47 234 235
f 236 237 47
f 47 238 239
f 47 241 242
f 239 243 47
f 47 244 48
f 48 245 246
f 247 229 248
f 249 248 250
f 251 250 252
f 253 252 218
f 246 255 48
f 48 256 257
f 218 259 260
f 257 261 48
f 48 262 263
f 48 264 265
f 218 265 266
f 47 45 46
f 229 240 47
f 267 47 46
f 268 269 47
f 47 270 45
f 273 274 275
f 275 276 277
f 279 52 280
f 277 283 275
f 275 284 285
f 123 286 287
f 132 289 290
f 132 291 292
f 285 294 275
f 275 295 296
f 52 298 299
f 278 300 52
f 52 301 123
f 123 302 271
f 123 303 304
f 132 304 305
f 290 306 132
f 132 307 281
f 56 60 47
f 309 310 55
f 308 313 56
f 56 314 315
f 315 319 56
f 56 320 311
f 56 321 322
f 55 322 323
f 310 324 55
f 55 325 326
f 47 328 329
f 317 331 318
f 318 332 333
f 49 132 318
f 47 318 333
f 330 334 47
f 47 335 336
f 47 337 338
f 339 340 318
f 318 341 316
f 55 342 343
f 318 343 344
f 345 346 55
f 55 347 348
f 350 351 275
f 55 352 353
f 89 353 354
f 351 356 275
f 275 357 358
f 275 359 360
f 355 362 89
f 89 363 364
f 89 366 367
f 275 367 368
f 293 273 132
f 132 275 318
f 318 361 369
f 318 371 372
f 55 372 373
f 364 374 89
f 89 375 365
f 318 376 377
f 378 379 318
f 318 380 370
f 275 297 52
f 89 52 118
f 111 118 120
f 384 385 386
f 390 391 392
f 392 393 394
f 395 392 396
f 397 398 395
f 395 399 13
f 395 11 9
f 400 9 8
f 400 401 402
f 400 404 405
f 400 406 407
f 403 409 400
f 400 410 404
f 413 414 411
f 411 44 43
f 392 387 389
f 415 389 411
f 416 411 412
f 413 418 419
f 411 421 422
f 411 423 424
f 425 426 411
f 411 427 428
f 431 430 432
f 428 434 411
f 411 435 413
f 413 436 417
f 413 437 438
f 439 438 440
f 441 440 442
f 443 442 444
f 431 444 445
f 446 447 448
f 450 448 451
f 450 453 448
f 448 454 455
f 448 456 457
f 5 3 448
f 433 446 431
f 431 448 458
f 459 448 460
f 459 462 448
f 448 463 464
f 448 465 466
f 467 468 469
f 471 448 472
f 448 29 28
f 473 474 29
f 29 475 476
f 448 477 478
f 476 480 29
f 29 481 482
f 469 484 485
f 486 487 488
f 488 469 489
f 486 490 487
f 487 491 492
f 448 493 494
f 479 495 448
f 448 496 473
f 29 497 498
f 31 498 499
f 483 500 501
f 499 501 502
f 492 503 487
f 487 504 505
f 487 506 507
f 508 509 510
f 512 22 513
f 517 518 22
f 22 519 513
f 510 521 522
f 509 524 510
f 510 525 487
f 487 526 527
f 487 528 529
f 523 531 510
f 510 532 508
f 22 515 533
f 534 535 469
f 516 537 514
f 514 538 539
f 487 540 541
f 538 543 539
f 539 544 545
f 545 469 546
f 542 547 487
f 487 548 469
f 469 549 534
f 511 520 22
f 22 510 23
f 386 385 510
f 510 551 550
f 386 553 554
f 40 39 386
f 386 555 556
f 386 557 558
f 559 560 561
f 563 19 559
f 559 17 16
f 559 564 565
f 566 567 568
f 568 37 35
f 568 34 569
f 570 571 568
f 568 572 573
f 573 574 575
f 578 579 568
f 568 580 581
f 577 582 568
f 568 583 584
f 568 585 586
f 566 586 587
f 588 587 589
f 383 590 591
f 568 591 592
f 589 587 593
f 593 594 595
f 595 597 598
f 388 599 389
f 389 600 601
f 389 602 603
f 383 603 604
f 383 605 606
f 383 607 608
f 609 610 383
f 383 611 612
f 389 614 615
f 612 617 383
f 383 618 389
f 389 619 613
f 389 620 621
f 411 623 624
f 626 627 605
f 605 628 629
f 624 632 411
f 411 633 605
f 605 634 625
f 389 635 636
f 411 636 637
f 631 638 411
f 411 639 623
f 605 640 641
f 568 642 643
f 646 647 568
f 568 648 649
f 653 654 652
f 652 655 656
f 568 657 658
f 645 659 383
f 383 660 661
f 652 662 663
f 643 664 568
f 568 665 383
f 383 666 644
f 652 667 668
f 661 669 383
f 383 670 605
f 605 671 672
f 672 675 605
f 605 676 673
f 605 677 678
f 575 562 573
f 573 559 568
f 568 652 646
f 679 680 652
f 681 510 683
f 386 559 561
f 684 685 559
f 559 686 687
f 559 688 689
f 652 691 692
f 652 683 510
f 605 510 487
f 411 487 448
f 420 448 455
f 559 693 694
f 652 694 695
f 680 697 652
f 652 698 691
f 652 699 700
f 682 701 510
f 510 702 703
f 510 704 705
f 707 708 386
f 709 710 386
f 386 711 684
f 510 712 713
f 386 713 714
f 587 586 98
f 603 86 85
f 604 85 84
f 381 84 54
f 382 54 53
f 590 53 103
f 591 103 102
f 69 64 400
f 177 145 543
f 194 32 502
f 516 22 172
f 544 145 469
f 469 143 500
f 500 190 192
f 501 192 194
f 516 172 174
f 537 174 176
f 538 176 177
f 127 126 558
f 133 26 550
f 555 39 125
f 112 111 572
f 117 20 563
f 569 34 116
f 60 63 392
f 67 14 399
f 412 43 270
f 221 220 462
f 217 6 466
f 461 28 224
f 384 126 135
f 385 135 134
f 551 134 133
f 555 125 131
f 556 131 130
f 557 130 127
f 574 111 120
f 575 120 119
f 562 119 117
f 569 116 115
f 570 115 113
f 571 113 112
f 396 63 71
f 397 71 70
f 398 70 67
f 412 270 269
f 416 269 268
f 415 268 60
f 463 220 226
f 464 226 225
f 465 225 217
f 461 224 223
f 460 223 222
f 459 222 221
f 51 50 565
f 560 50 122
f 561 122 124
f 553 552 129
f 218 252 431
f 443 252 250
f 441 250 248
f 413 439 229
f 218 431 458
f 219 458 2
f 46 44 414
f 267 414 413
f 51 565 564
f 121 564 16
f 42 40 554
f 128 554 553
f 395 64 390
f 390 62 391
f 391 66 393
f 393 65 394
f 394 61 387
f 387 59 388
f 388 58 599
f 599 57 600
f 600 83 601
f 601 82 602
f 602 81 603
f 592 102 578
f 578 101 579
f 579 97 580
f 580 96 581
f 581 95 576
f 576 92 577
f 577 91 582
f 582 94 583
f 583 93 584
f 584 88 585
f 585 87 586
f 69 400 408
f 75 408 407
f 76 407 406
f 77 406 405
f 78 405 404
f 79 404 410
f 80 410 409
f 72 409 403
f 73 403 402
f 74 402 401
f 68 401 8
f 38 37 567
f 114 567 566
f 99 566 588
f 100 588 589
f 104 589 593
f 105 593 598
f 110 598 597
f 107 597 596
f 108 596 595
f 109 595 594
f 106 594 587
f 636 308 637
f 637 338 630
f 630 337 631
f 631 336 638
f 638 335 639
f 639 334 623
f 623 330 624
f 624 329 632
f 632 328 633
f 633 327 634
f 634 333 625
f 625 332 626
f 626 331 627
f 627 317 628
f 628 316 629
f 629 341 640
f 640 340 641
f 641 339 606
f 606 344 607
f 607 343 608
f 608 342 609
f 609 326 610
f 610 325 611
f 611 324 612
f 612 310 617
f 617 309 618
f 618 323 619
f 619 322 613
f 613 321 614
f 614 312 615
f 615 311 616
f 616 320 620
f 620 319 621
f 621 315 622
f 622 314 635
f 635 313 636
f 671 372 672
f 672 371 675
f 675 370 676
f 676 380 673
f 673 379 674
f 674 378 677
f 677 377 678
f 678 376 667
f 667 369 668
f 668 361 650
f 650 360 651
f 651 359 662
f 662 358 663
f 663 357 653
f 653 356 654
f 654 351 655
f 655 350 656
f 656 368 646
f 646 367 647
f 647 366 648
f 648 365 649
f 649 375 657
f 657 374 658
f 658 364 642
f 642 363 643
f 643 362 664
f 664 355 665
f 665 354 666
f 666 353 644
f 644 352 645
f 645 349 659
f 659 348 660
f 660 347 661
f 661 346 669
f 669 345 670
f 670 373 671
f 683 715 681
f 681 293 682
f 682 292 701
f 701 291 702
f 702 282 703
f 703 281 704
f 704 307 705
f 705 306 706
f 706 290 712
f 712 289 713
f 713 305 714
f 714 304 707
f 707 303 708
f 708 288 709
f 709 287 710
f 710 286 711
f 711 272 684
f 684 271 685
f 685 302 686
f 686 301 687
f 687 300 688
f 688 278 689
f 689 279 690
f 690 280 693
f 693 299 694
f 694 298 695
f 695 297 696
f 696 296 699
f 699 295 700
f 700 294 679
f 679 285 680
f 680 284 697
f 697 283 698
f 698 277 691
f 691 276 692
f 692 274 683
f 547 146 548
f 548 158 549
f 549 157 534
f 534 156 535
f 535 155 536
f 536 154 546
f 546 153 545
f 545 142 539
f 539 144 514
f 514 175 515
f 515 173 533
f 533 171 517
f 517 170 518
f 518 141 519
f 519 140 513
f 513 139 512
f 512 138 511
f 511 169 520
f 520 168 521
f 521 167 522
f 522 166 523
f 523 165 531
f 531 164 532
f 532 161 508
f 508 160 509
f 509 159 524
f 524 152 525
f 525 151 526
f 526 137 527
f 527 136 528
f 528 150 529
f 529 149 530
f 530 148 540
f 540 163 541
f 541 162 542
f 542 147 547
f 473 178 474
f 474 186 475
f 475 185 476
f 476 184 480
f 480 199 481
f 481 198 482
f 482 197 497
f 497 196 498
f 498 195 499
f 499 193 483
f 483 191 484
f 484 189 485
f 485 207 467
f 467 206 468
f 468 201 489
f 489 200 488
f 488 216 486
f 486 215 490
f 490 214 491
f 491 213 492
f 492 212 503
f 503 211 504
f 504 210 505
f 505 209 506
f 506 208 507
f 507 205 493
f 493 204 494
f 494 203 472
f 472 202 471
f 471 183 470
f 470 182 477
f 477 181 478
f 478 188 479
f 479 187 495
f 495 180 496
f 496 179 473
f 442 716 444
f 444 251 445
f 445 253 429
f 429 254 430
f 430 260 432
f 432 259 433
f 433 258 446
f 446 266 447
f 447 265 449
f 449 264 456
f 456 263 457
f 457 262 452
f 452 261 451
f 451 257 450
f 450 256 453
f 453 255 454
f 454 246 455
f 455 245 420
f 420 244 421
f 421 243 422
f 422 239 423
f 423 238 424
f 424 237 425
f 425 236 426
f 426 235 427
f 427 234 428
f 428 233 434
f 434 242 435
f 435 241 436
f 436 240 417
f 417 232 418
f 418 231 419
f 419 230 437
f 437 228 438
f 438 227 440
f 440 247 442
f 717 718 719
f 719 720 721
f 724 723 725
f 719 725 726
f 727 728 729
f 729 730 720
f 720 731 721
f 732 724 733
f 735 736 737
f 740 741 742
f 729 743 744
f 739 745 738
f 738 746 747
f 738 748 749
f 750 751 738
f 738 740 752
f 734 753 732
f 732 754 737
f 737 755 735
f 737 756 757
f 737 759 760
f 737 761 762
f 763 764 737
f 737 765 759
f 737 766 767
f 769 770 771
f 775 776 777
f 781 782 783
f 787 788 789
f 791 792 793
f 797 798 799
f 803 804 795
f 808 809 802
f 811 812 813
f 817 818 819
f 823 824 825
f 829 830 831
f 835 836 837
f 840 839 841
f 842 841 843
f 837 843 844
f 845 846 839
f 839 847 848
f 841 848 849
f 843 849 850
f 851 852 853
f 856 855 857
f 858 857 859
f 861 862 863
f 863 864 865
f 868 867 869
f 870 869 855
f 828 871 872
f 873 872 874
f 875 874 876
f 877 876 878
f 832 834 880
f 883 882 884
f 885 884 886
f 880 888 889
f 832 889 890
f 833 890 891
f 833 826 828
f 834 828 873
f 892 873 875
f 893 875 877
f 894 877 879
f 831 830 896
f 896 897 898
f 898 899 900
f 900 901 902
f 872 854 856
f 874 856 858
f 876 858 860
f 823 903 904
f 823 904 824
f 824 906 905
f 886 910 885
f 885 822 883
f 883 821 881
f 911 909 912
f 913 912 914
f 915 914 916
f 917 916 819
f 918 819 818
f 920 921 922
f 924 922 921
f 926 927 817
f 926 819 916
f 928 916 914
f 929 914 912
f 930 912 909
f 931 909 908
f 816 933 934
f 935 816 815
f 937 938 814
f 815 938 939
f 936 939 940
f 941 942 936
f 936 943 935
f 935 944 933
f 933 945 934
f 934 946 947
f 950 949 951
f 953 954 955
f 955 956 957
f 957 958 937
f 960 953 955
f 961 955 957
f 962 957 937
f 963 937 814
f 964 814 816
f 948 816 934
f 949 934 947
f 965 966 967
f 967 968 969
f 971 972 973
f 973 974 975
f 966 808 802
f 976 802 801
f 977 811 804
f 978 804 803
f 813 810 811
f 811 806 804
f 804 805 795
f 972 980 981
f 982 981 983
f 809 985 802
f 802 986 800
f 986 987 988
f 990 991 992
f 992 993 994
f 996 995 997
f 997 993 998
f 795 794 803
f 803 999 979
f 979 1000 1001
f 1001 1002 1003
f 1004 1003 1002
f 1005 1002 1000
f 1006 1000 999
f 1007 999 794
f 1008 794 796
f 1010 1011 1012
f 1012 1013 1014
f 1014 1015 1016
f 1016 1017 1018
f 989 990 992
f 986 992 994
f 800 994 995
f 801 995 996
f 1020 1021 1022
f 1025 1024 1026
f 1027 1026 1028
f 1029 1028 1030
f 1020 1030 1031
f 1021 1031 1032
f 983 1023 984
f 984 1025 1018
f 1018 1027 1016
f 1016 1029 1014
f 1014 1020 1012
f 1012 1022 1010
f 989 1034 1035
f 1019 1035 1036
f 1038 1039 1040
f 1043 1042 1044
f 1045 1044 1046
f 1047 1046 1048
f 1009 1048 1049
f 1008 1049 1050
f 1007 1050 1051
f 1006 1051 1052
f 1005 1052 1053
f 1004 1053 1054
f 902 1054 1055
f 900 1055 1056
f 898 1056 1057
f 896 1057 1058
f 831 1058 886
f 829 886 884
f 1059 797 1060
f 1061 1060 1038
f 1063 1064 1065
f 1066 1067 1068
f 1071 1070 1072
f 1039 1074 1040
f 1040 1075 1076
f 1076 1077 1078
f 1074 1063 1075
f 1075 1065 1077
f 1077 1066 1079
f 1080 1041 1062
f 1062 1040 1076
f 1080 1076 1078
f 1081 1078 1079
f 1082 1079 1068
f 1062 1041 1043
f 1061 1043 1045
f 1059 1045 1047
f 798 1047 1009
f 799 1009 796
f 1086 1085 1087
f 1088 1087 1089
f 1090 1089 1091
f 1092 1091 1093
f 1094 1093 905
f 1095 905 906
f 1096 906 904
f 1097 904 903
f 907 1098 908
f 908 903 932
f 932 823 1099
f 1099 825 1100
f 1100 905 1101
f 1101 1093 1102
f 1102 1091 1103
f 1103 1089 1104
f 1104 1087 1105
f 1105 1106 1104
f 1104 1107 1103
f 1103 1108 1102
f 1102 1109 1101
f 1101 1110 1100
f 1100 1111 1099
f 1099 1112 932
f 932 1113 931
f 931 1114 930
f 930 1115 929
f 929 920 928
f 928 922 926
f 926 923 927
f 1044 1084 1086
f 1046 1086 1088
f 1048 1088 1090
f 1049 1090 1092
f 1050 1092 1094
f 1051 1094 1095
f 1052 1095 1096
f 1053 1096 1097
f 1054 1097 1098
f 1055 1098 907
f 1056 907 911
f 1057 911 913
f 1058 913 915
f 886 915 917
f 910 917 918
f 822 918 919
f 1116 1117 1118
f 1120 792 1121
f 1121 791 1122
f 1125 1124 1126
f 1127 1126 1128
f 1131 1130 1132
f 1134 793 1135
f 1135 792 1136
f 1136 1120 1137
f 793 1138 1139
f 791 1139 1119
f 1122 1119 782
f 1141 1130 1129
f 1124 1129 1131
f 1126 1131 1133
f 1128 1133 1118
f 1142 1118 1117
f 1123 1144 1124
f 1124 790 1141
f 1141 788 1140
f 1140 787 1145
f 1147 786 785
f 1148 785 784
f 1150 1151 1152
f 1152 1153 1154
f 1155 1156 1154
f 1154 1157 1152
f 1152 1158 1150
f 1162 1163 1164
f 1164 1165 1166
f 1158 1161 1150
f 1150 1160 1151
f 1151 783 1153
f 1153 1119 1155
f 1155 1139 1156
f 1168 1169 1170
f 1170 1171 1172
f 1174 779 778
f 1176 1177 1178
f 1178 1179 1175
f 1175 1180 1174
f 1174 1181 1173
f 1173 1182 775
f 1173 777 1183
f 779 1183 1184
f 789 1176 787
f 787 1178 1145
f 1145 1175 1185
f 1185 778 1186
f 1186 780 1187
f 1188 1162 1189
f 1189 1164 1190
f 1190 1166 1146
f 1146 1167 786
f 786 1191 784
f 784 1192 1149
f 1134 1193 1138
f 1138 1192 1156
f 1156 1191 1157
f 1157 1167 1158
f 1158 1165 1161
f 1161 1163 1159
f 1159 1162 1194
f 1195 1196 1197
f 1197 1198 1199
f 1202 1201 1203
f 1199 1203 1204
f 1197 1204 1205
f 1206 1207 1208
f 1208 1209 1210
f 1210 1211 1212
f 1212 1213 975
f 975 1214 973
f 1018 1215 1216
f 984 1216 1217
f 982 1217 1218
f 972 1218 1219
f 974 1219 1220
f 975 1220 1221
f 1212 1221 1222
f 1210 1222 1223
f 1010 1037 1011
f 1011 1036 1013
f 1013 1035 1015
f 1015 1034 1017
f 1017 988 1215
f 1215 987 1216
f 1216 985 1217
f 1217 809 1218
f 1218 808 1219
f 1219 965 1220
f 1220 967 1221
f 1221 969 1222
f 1222 970 1223
f 1226 1225 1227
f 1201 1206 1203
f 1203 1208 1204
f 1204 1223 1205
f 1205 970 1195
f 1195 968 1229
f 1232 1231 1233
f 1234 1233 1187
f 1196 1187 1184
f 1198 1184 1183
f 1199 1183 777
f 1202 777 776
f 773 772 1235
f 1170 1236 1237
f 1168 1237 1238
f 1239 1238 1240
f 1237 1241 1242
f 1238 1242 1243
f 1240 1243 1244
f 1245 1244 1246
f 1247 1246 1248
f 1245 1249 1250
f 1240 1250 769
f 1239 769 771
f 1168 771 1251
f 1169 1251 1252
f 770 769 836
f 836 1250 837
f 837 1249 842
f 842 1247 840
f 840 1248 838
f 1256 1255 1257
f 1258 1257 1259
f 1260 1259 1261
f 1262 1261 1263
f 1264 1263 1194
f 1230 1194 1188
f 1231 1188 1189
f 1233 1189 1190
f 1187 1190 1146
f 1186 1146 1147
f 1185 1147 1148
f 1145 1148 1149
f 1140 1149 1193
f 1130 1193 1134
f 1132 1134 1135
f 1133 1135 1136
f 1118 1136 1137
f 867 1265 869
f 869 1266 1267
f 1267 1268 861
f 861 1269 862
f 862 1270 864
f 864 1271 865
f 865 1272 1273
f 1273 1274 1275
f 1275 1276 1277
f 1277 1278 1279
f 1279 1280 1281
f 1281 1282 1283
f 1283 1284 1285
f 1285 1224 1235
f 1235 1226 773
f 773 1228 774
f 1269 851 853
f 1270 853 1286
f 1271 1286 1287
f 1272 1287 1254
f 1274 1254 1256
f 1276 1256 1258
f 1278 1258 1260
f 1280 1260 1262
f 1282 1262 1264
f 1284 1264 1230
f 1224 1230 1232
f 1225 1232 1234
f 1227 1234 1196
f 1228 1196 1195
f 774 1195 1229
f 852 845 853
f 853 839 1286
f 1286 838 1287
f 1287 1248 1254
f 1254 1246 1255
f 1255 1244 1257
f 1257 1243 1259
f 1259 1242 1261
f 1261 1241 1263
f 1263 1236 1194
f 1194 1172 1159
f 1159 1171 1160
f 1160 1169 783
f 783 1253 781
f 1289 941 940
f 1290 940 939
f 1291 939 938
f 1292 938 937
f 881 887 882
f 882 880 884
f 884 834 829
f 829 892 830
f 830 893 897
f 897 894 899
f 899 895 901
f 1107 1293 1294
f 1108 1294 1295
f 1109 1295 959
f 1110 959 960
f 1111 960 961
f 1112 961 962
f 1113 962 963
f 1114 963 964
f 1115 964 948
f 920 948 950
f 921 950 952
f 855 869 857
f 857 1267 859
f 859 861 860
f 860 863 878
f 878 865 879
f 879 1273 895
f 895 1275 901
f 901 1277 902
f 902 1279 1003
f 1003 1281 1001
f 1001 1283 979
f 979 1285 978
f 978 1235 977
f 977 772 812
f 812 1229 813
f 813 968 810
f 810 966 807
f 807 976 805
f 805 996 795
f 795 997 796
f 796 998 799
f 799 991 797
f 797 990 1060
f 1060 1019 1038
f 1038 1037 1039
f 1039 1010 1074
f 1074 1022 1063
f 1063 1021 1064
f 1064 1033 1065
f 1065 1069 1067
f 1067 1071 1068
f 1068 1073 1083
f 1299 1300 1301
f 1304 1305 1306
f 1310 1311 1305
f 1315 1316 1317
f 1321 1322 1323
f 1327 1328 1329
f 1333 1334 1335
f 1338 1337 1339
f 1341 1340 1343
f 1347 1348 1349
f 1353 1354 1355
f 1357 1358 1359
f 1363 1364 1365
f 1367 1368 1369
f 1348 1347 1373
f 1373 1374 1375
f 1378 1377 1379
f 1380 1379 1381
f 1384 1383 1381
f 1386 1387 1388
f 1388 1389 1390
f 1393 1392 1394
f 1370 1396 1310
f 1310 1397 1311
f 1371 1370 1399
f 1399 1310 1400
f 1403 1402 1404
f 1405 1404 1406
f 1407 1404 1408
f 1408 1410 1411
f 1412 1408 1411
f 1367 1369 1414
f 1414 1319 1415
f 1319 1416 1417
f 1366 1316 1418
f 1418 1419 1420
f 1423 1422 1424
f 1426 1425 1428
f 1428 1429 1430
f 1433 1432 1434
f 1430 1434 1435
f 1436 1437 1438
f 1438 1439 1440
f 1443 1442 1444
f 1448 1449 1450
f 1450 1451 1452
f 1448 1454 1455
f 1456 1457 1458
f 1458 1459 1460
f 1460 1461 1359
f 1359 1462 1357
f 1465 1464 1456
f 1463 1467 1468
f 1469 1470 1466
f 1466 1471 1467
f 1475 1472 1476
f 1477 1476 1478
f 1479 1478 1480
f 1480 1482 1481
f 1481 1483 1484
f 1486 1487 1485
f 1485 1488 1484
f 1492 1493 1494
f 1494 1495 1496
f 1498 1499 1500
f 1501 1500 1502
f 1497 1502 1503
f 1499 1498 1504
f 1504 1505 1506
f 1506 1507 1508
f 1355 1351 1509
f 1510 1511 1512
f 1515 1514 1516
f 1517 1516 1518
f 1521 1520 1522
f 1523 1522 1524
f 1525 1524 1526
f 1349 1527 1528
f 1344 1528 1529
f 1345 1529 1530
f 1346 1530 1531
f 1513 1374 1533
f 1533 1347 1534
f 1534 1349 1535
f 1535 1344 1536
f 1536 1346 1510
f 1510 1532 1511
f 1539 1538 1526
f 1540 1526 1524
f 1541 1524 1522
f 1542 1522 1520
f 1543 1520 1519
f 1544 1519 1545
f 1546 1545 1547
f 1548 1547 1549
f 1550 1549 1551
f 1552 1551 1553
f 1554 1555 1552
f 1552 1556 1550
f 1550 1557 1548
f 1548 1558 1546
f 1546 1559 1544
f 1544 1560 1543
f 1543 1561 1542
f 1542 1562 1541
f 1541 1563 1540
f 1540 1564 1539
f 1539 1565 1537
f 1508 1507 1567
f 1567 1342 1356
f 1356 1341 1355
f 1355 1343 1352
f 1570 1569 1571
f 1572 1571 1573
f 1575 1568 1576
f 1576 1570 1577
f 1577 1572 1578
f 1578 1574 1579
f 1501 1575 1576
f 1498 1576 1577
f 1505 1577 1578
f 1507 1578 1579
f 1580 1581 1582
f 1554 1584 1555
f 1555 1585 1556
f 1556 1586 1557
f 1557 1587 1558
f 1558 1588 1559
f 1559 1589 1560
f 1560 1590 1561
f 1561 1591 1562
f 1562 1592 1563
f 1563 1593 1564
f 1564 1594 1565
f 1565 1595 1566
f 1584 1597 1585
f 1585 1598 1586
f 1586 1599 1587
f 1587 1600 1588
f 1588 1601 1589
f 1589 1602 1590
f 1590 1603 1591
f 1591 1604 1592
f 1592 1605 1593
f 1593 1606 1594
f 1594 1607 1595
f 1595 1608 1596
f 1610 1609 1611
f 1612 1611 1613
f 1614 1613 1615
f 1616 1615 1617
f 1601 1619 1602
f 1602 1620 1603
f 1603 1621 1604
f 1604 1622 1605
f 1605 1623 1606
f 1606 1624 1607
f 1607 1338 1608
f 1608 1339 1596
f 1596 1610 1566
f 1566 1612 1537
f 1537 1614 1538
f 1538 1616 1526
f 1526 1618 1525
f 1626 1331 1330
f 1628 1629 1630
f 1628 1627 1330
f 1631 1330 1332
f 1633 1583 1634
f 1634 1581 1635
f 1635 1580 1636
f 1624 1633 1634
f 1338 1634 1635
f 1336 1635 1636
f 1493 1489 1636
f 1495 1636 1580
f 1497 1580 1582
f 1575 1582 1583
f 1568 1583 1633
f 1569 1633 1623
f 1571 1623 1622
f 1573 1622 1621
f 1574 1621 1620
f 1579 1620 1619
f 1342 1619 1601
f 1340 1601 1600
f 1343 1600 1599
f 1352 1599 1598
f 1350 1598 1597
f 1491 1637 1632
f 1638 1632 1332
f 1639 1332 1331
f 1640 1331 1625
f 1478 1629 1480
f 1480 1628 1482
f 1482 1631 1483
f 1483 1632 1485
f 1485 1637 1486
f 1642 1643 1333
f 1646 1645 1647
f 1648 1647 1649
f 1651 1652 1653
f 1653 1654 1328
f 1653 1327 1655
f 1656 1657 1658
f 1658 1659 1660
f 1660 1661 1662
f 1430 1662 1661
f 1433 1661 1659
f 1431 1659 1657
f 1665 1664 1436
f 1666 1436 1438
f 1667 1438 1440
f 1669 1670 1671
f 1671 1672 1673
f 1326 1674 1675
f 1676 1675 1677
f 1678 1677 1679
f 1681 1682 1683
f 1683 1684 1685
f 1685 1686 1687
f 1687 1688 1689
f 1689 1690 1691
f 1691 1692 1314
f 1691 1313 1693
f 1689 1693 1694
f 1687 1694 1695
f 1685 1695 1672
f 1683 1672 1670
f 1696 1697 1698
f 1699 1326 1676
f 1700 1676 1678
f 1701 1678 1680
f 1362 1663 1703
f 1703 1665 1704
f 1704 1666 1705
f 1705 1667 1706
f 1706 1668 1707
f 1708 1362 1703
f 1709 1703 1704
f 1710 1704 1705
f 1711 1705 1706
f 1712 1706 1707
f 1441 1361 1442
f 1442 1360 1444
f 1444 1708 1714
f 1714 1709 1715
f 1715 1710 1716
f 1716 1711 1717
f 1717 1712 1718
f 1718 1713 1719
f 1445 1443 1444
f 1720 1444 1714
f 1721 1714 1715
f 1722 1715 1716
f 1723 1716 1717
f 1724 1717 1718
f 1725 1718 1719
f 1476 1474 1655
f 1478 1655 1327
f 1629 1327 1329
f 1726 1727 1728
f 1473 1730 1474
f 1474 1731 1726
f 1726 1469 1727
f 1727 1466 1729
f 1456 1458 1465
f 1465 1732 1463
f 1463 1696 1729
f 1729 1698 1728
f 1358 1454 1453
f 1359 1453 1733
f 1460 1733 1734
f 1458 1734 1735
f 1697 1696 1719
f 1719 1732 1725
f 1725 1735 1724
f 1724 1734 1723
f 1723 1733 1722
f 1722 1453 1721
f 1721 1448 1720
f 1720 1450 1445
f 1445 1452 1446
f 1320 1319 1739
f 1739 1369 1740
f 1740 1368 1741
f 1736 1323 1322
f 1298 1297 1743
f 1743 1744 1745
f 1746 1745 1747
f 1748 1747 1749
f 1750 1749 1751
f 1752 1751 1753
f 1754 1753 1755
f 1757 1758 1744
f 1744 1759 1745
f 1745 1760 1747
f 1747 1761 1749
f 1749 1762 1751
f 1751 1763 1753
f 1753 1764 1755
f 1759 1765 1766
f 1760 1766 1767
f 1761 1767 1768
f 1762 1768 1769
f 1763 1769 1770
f 1764 1770 1771
f 1755 1771 1772
f 1773 1650 1774
f 1774 1649 1775
f 1775 1647 1776
f 1776 1645 1777
f 1777 1778 1779
f 1779 1780 1781
f 1781 1782 1783
f 1773 1785 1786
f 1650 1786 1787
f 1785 1788 1786
f 1786 1789 1787
f 1787 1790 1648
f 1648 1643 1646
f 1646 1642 1644
f 1766 1791 1792
f 1767 1792 1793
f 1768 1793 1794
f 1769 1794 1795
f 1770 1795 1796
f 1771 1796 1797
f 1772 1797 1798
f 1365 1420 1419
f 1799 1419 1316
f 1800 1316 1801
f 1801 1315 1802
f 1422 1363 1365
f 1803 1365 1799
f 1804 1799 1800
f 1805 1800 1801
f 1806 1801 1802
f 1673 1672 1808
f 1808 1695 1809
f 1809 1694 1810
f 1810 1693 1811
f 1811 1313 1812
f 1812 1312 1813
f 1816 1815 1817
f 1818 1817 1819
f 1820 1819 1325
f 1821 1325 1324
f 1815 1813 1312
f 1817 1312 1314
f 1819 1314 1692
f 1325 1692 1690
f 1674 1690 1688
f 1675 1688 1686
f 1677 1686 1684
f 1679 1684 1682
f 1680 1682 1822
f 1424 1422 1823
f 1823 1803 1824
f 1824 1804 1825
f 1825 1805 1784
f 1784 1806 1785
f 1785 1807 1788
f 1828 1827 1829
f 1830 1829 1831
f 1832 1831 1833
f 1827 1835 1829
f 1829 1425 1831
f 1831 1427 1833
f 1701 1656 1658
f 1700 1658 1660
f 1699 1660 1662
f 1324 1662 1429
f 1821 1429 1425
f 1820 1425 1835
f 1818 1835 1827
f 1816 1827 1826
f 1834 1423 1832
f 1832 1424 1830
f 1830 1823 1828
f 1828 1824 1826
f 1826 1825 1814
f 1814 1784 1813
f 1813 1773 1812
f 1812 1774 1811
f 1811 1775 1810
f 1810 1776 1809
f 1809 1777 1808
f 1808 1779 1673
f 1673 1781 1671
f 1671 1783 1669
f 1838 1837 1839
f 1400 1841 1399
f 1399 1402 1371
f 1371 1401 1372
f 1310 1304 1842
f 1400 1842 1843
f 1843 1836 1841
f 1841 1838 1402
f 1402 1840 1404
f 1404 1839 1408
f 1408 1844 1410
f 1410 1845 1411
f 1411 1846 1413
f 1308 1848 1847
f 1847 1849 1741
f 1741 1737 1740
f 1740 1322 1739
f 1739 1321 1320
f 1851 1850 1852
f 1853 1852 1854
f 1855 1854 1856
f 1857 1856 1858
f 1738 1737 1850
f 1850 1849 1852
f 1852 1848 1854
f 1854 1308 1856
f 1856 1307 1858
f 1862 1861 1863
f 1864 1863 1865
f 1866 1865 1867
f 1868 1867 1869
f 1860 1384 1861
f 1861 1385 1518
f 1518 1381 1517
f 1517 1379 1515
f 1515 1377 1513
f 1513 1376 1374
f 1374 1870 1375
f 1636 1491 1638
f 1336 1638 1639
f 1337 1639 1640
f 1339 1640 1641
f 1609 1641 1869
f 1611 1869 1867
f 1613 1867 1865
f 1615 1865 1863
f 1617 1863 1861
f 1618 1861 1518
f 1525 1518 1516
f 1523 1516 1514
f 1521 1514 1513
f 1519 1513 1533
f 1545 1533 1534
f 1547 1534 1535
f 1549 1535 1536
f 1551 1536 1510
f 1553 1510 1512
f 1301 1300 1871
f 1871 1303 1872
f 1872 1873 1874
f 1875 1300 1299
f 1877 1876 1878
f 1878 1299 1879
f 1879 1301 1880
f 1880 1871 1881
f 1881 1872 1882
f 1882 1874 1883
f 1885 1877 1878
f 1886 1878 1879
f 1887 1879 1880
f 1888 1880 1881
f 1889 1881 1882
f 1890 1882 1883
f 1891 1892 1890
f 1890 1893 1889
f 1889 1894 1888
f 1888 1895 1887
f 1887 1896 1886
f 1886 1897 1885
f 1885 1898 1884
f 1901 1900 1902
f 1903 1902 1904
f 1905 1904 1906
f 1907 1906 1908
f 1909 1908 1390
f 1910 1390 1389
f 1398 1391 1311
f 1311 1393 1305
f 1305 1395 1306
f 1306 1912 1913
f 1913 1914 1915
f 1915 1916 1917
f 1917 1918 1919
f 1919 1920 1921
f 1921 1922 1923
f 1923 1924 1925
f 1925 1926 1335
f 1335 1927 1333
f 1333 1928 1642
f 1900 1922 1920
f 1902 1920 1918
f 1904 1918 1916
f 1906 1916 1914
f 1908 1914 1912
f 1390 1912 1395
f 1388 1395 1394
f 1892 1929 1893
f 1893 1930 1894
f 1894 1931 1895
f 1895 1932 1896
f 1896 1933 1897
f 1897 1934 1898
f 1936 1296 1298
f 1937 1298 1743
f 1742 1743 1746
f 1323 1746 1748
f 1321 1748 1750
f 1320 1750 1752
f 1318 1752 1754
f 1416 1754 1756
f 1939 1938 1940
f 1941 1940 1942
f 1943 1942 1944
f 1757 1744 1938
f 1938 1297 1940
f 1940 1296 1942
f 1942 1935 1944
f 1910 1382 1384
f 1909 1384 1860
f 1907 1860 1862
f 1905 1862 1864
f 1903 1864 1866
f 1901 1866 1868
f 1899 1868 1641
f 1922 1641 1625
f 1924 1625 1626
f 1926 1626 1627
f 1927 1627 1630
f 1928 1630 1329
f 1642 1329 1328
f 1644 1328 1654
f 1645 1654 1652
f 1778 1652 1651
f 1780 1651 1655
f 1782 1655 1474
f 1783 1474 1726
f 1669 1726 1728
f 1670 1728 1698
f 1681 1698 1697
f 1682 1697 1719
f 1822 1719 1713
f 1702 1713 1707
f 1656 1707 1668
f 1657 1668 1440
f 1431 1440 1439
f 1929 1945 1930
f 1930 1944 1931
f 1931 1935 1932
f 1932 1936 1933
f 1933 1937 1934
f 1934 1742 1898
f 1898 1736 1884
f 1884 1738 1877
f 1877 1851 1876
f 1876 1853 1875
f 1875 1855 1302
f 1302 1857 1303
f 1303 1859 1873
f 1317 1798 1797
f 1315 1797 1796
f 1802 1796 1795
f 1807 1795 1794
f 1788 1794 1793
f 1789 1793 1792
f 1790 1792 1791
f 1643 1791 1765
f 1333 1765 1758
f 1334 1758 1757
f 1335 1757 1939
f 1925 1939 1941
f 1923 1941 1943
f 1921 1943 1945
f 1919 1945 1929
f 1917 1929 1892
f 1915 1892 1891
f 1913 1891 1883
f 1306 1883 1874
f 1304 1874 1873
f 1842 1873 1859
f 1843 1859 1858
f 1836 1858 1307
f 1837 1307 1309
f 1839 1309 1847
f 1844 1847 1741
f 1845 1741 1368
f 1846 1368 1367
f 717 726 1948
f 717 1949 1946
f 718 1946 720
f 725 1127 1128
f 1143 726 725
f 1142 725 1128
f 723 1123 1125
f 732 1177 1176
f 722 1176 789
f 723 789 790
f 732 737 1177
f 775 1182 768
f 768 1181 737
f 737 1180 1179
f 767 1201 1200
f 768 1200 776
f 1213 1211 766
f 766 1209 767
f 767 1207 1206
f 760 971 973
f 766 973 1214
f 1024 1023 759
f 759 983 760
f 760 981 980
f 765 1028 759
f 759 1026 1024
f 763 1069 1033
f 764 1033 1032
f 765 1032 1031
f 1070 763 1950
f 1950 762 1951
f 1951 761 1952
f 1953 761 758
f 1955 1956 757
f 757 1957 758
f 758 1958 1954
f 1959 757 756
f 1961 1962 735
f 735 1963 736
f 736 1964 756
f 756 1965 1960
f 1966 735 755
f 1967 755 754
f 1968 754 753
f 1969 753 1970
f 1970 734 1971
f 1971 733 1972
f 1972 724 1973
f 719 1975 1976
f 724 1976 1977
f 731 730 1978
f 731 1979 1980
f 721 1980 1981
f 719 1981 1974
f 729 720 1947
f 730 1984 1978
f 744 1985 1986
f 727 1986 1987
f 728 1987 1988
f 1982 744 1989
f 1989 743 1990
f 1991 743 738
f 1993 752 1994
f 1994 742 1995
f 752 1996 1997
f 738 1997 1998
f 741 1999 742
f 742 2000 1995
f 740 2002 2003
f 741 2003 2004
f 2001 740 2005
f 2005 751 2006
f 2006 750 2007
f 748 2009 2010
f 749 2010 2011
f 750 2011 2012
f 2008 748 2013
f 2013 747 2014
f 2014 746 2015
f 746 2016 2017
f 2018 2019 739
f 739 2020 745
f 745 2021 2016
f 729 2022 2023
f 739 2023 2024
f 2025 2026 2027
f 2029 2030 2031
f 2035 2036 2037
f 2002 2001 2041
f 2043 2044 2045
f 2049 2050 2051
f 2055 2056 2057
f 2061 2062 2063
f 2067 2068 2069
f 2073 2074 2075
f 2079 2080 2081
f 2084 2083 2085
f 2086 2081 2045
f 2087 2045 2044
f 2085 2044 2043
f 2077 2088 2078
f 2078 2089 2084
f 2084 2090 2082
f 2093 2092 2094
f 2097 2096 2098
f 2099 2098 2100
f 2103 2102 2104
f 2073 2106 2074
f 2074 2107 2104
f 2104 2108 2105
f 2111 2110 2112
f 2113 2110 2114
f 2072 2071 2116
f 2116 2117 2118
f 2114 2118 2119
f 2120 2009 2121
f 2120 2122 2009
f 2009 2123 2010
f 1982 1989 2125
f 2125 2126 2127
f 2129 2130 2131
f 2131 2132 2126
f 2126 2133 2128
f 2134 2131 2135
f 2068 2137 2138
f 2138 2139 2140
f 2141 2068 2138
f 2143 2144 2145
f 2145 2146 2069
f 2069 2147 2067
f 2151 2152 2149
f 2149 2153 2150
f 2156 2155 2157
f 2151 2157 2152
f 2159 2160 2161
f 2161 2060 2162
f 2162 2059 2163
f 2166 2165 2167
f 2159 2167 2168
f 2160 2168 2054
f 2060 2054 2053
f 2026 2055 2027
f 2027 2057 2169
f 2169 2170 2171
f 2171 2172 2173
f 2173 2174 2063
f 2164 2063 2174
f 2165 2174 2172
f 2167 2172 2170
f 2168 2170 2057
f 2054 2057 2056
f 2175 2047 2176
f 2176 2046 2177
f 1999 2004 2179
f 2179 2042 2180
f 2180 2181 2182
f 2182 2183 2184
f 2184 2185 2186
f 2186 2187 2039
f 2190 2187 2191
f 2191 2185 2192
f 2192 2183 2193
f 2193 2181 2041
f 2041 2042 2002
f 2001 2005 2041
f 2041 2194 2193
f 2193 2195 2192
f 2192 2196 2191
f 2191 2197 2190
f 2038 2040 2189
f 2189 2199 2200
f 2200 2201 2202
f 2202 2203 2204
f 2206 2198 2197
f 2207 2197 2196
f 2208 2196 2195
f 2209 2195 2194
f 2006 2194 2005
f 2212 2213 2037
f 2037 2214 2035
f 2050 2049 2035
f 2035 2211 2036
f 2215 2189 2200
f 2216 2200 2202
f 2217 2202 2204
f 2109 2073 2110
f 2110 2075 2114
f 2114 2219 2116
f 2039 2187 2040
f 2040 2190 2199
f 2199 2198 2201
f 2201 2205 2203
f 2203 2097 2204
f 2204 2099 2218
f 2218 2100 2221
f 2209 2007 2220
f 2208 2220 2219
f 2207 2219 2075
f 2206 2075 2074
f 2205 2074 2104
f 2097 2104 2102
f 2095 2102 2101
f 2220 2012 2011
f 2116 2011 2010
f 2072 2010 2124
f 1989 1990 2126
f 2126 2222 2131
f 2131 2223 2135
f 2138 2136 2135
f 2142 2135 2224
f 2141 2224 2225
f 2069 2225 2226
f 2145 2226 2148
f 2143 2148 2150
f 2227 2032 2228
f 2229 2228 2230
f 2231 2230 2232
f 1997 2234 1998
f 1998 2235 1992
f 2238 2237 2029
f 2031 2235 2234
f 2239 2234 2240
f 2244 2245 2246
f 2247 2241 2248
f 2245 2244 2250
f 2250 2251 2252
f 2254 2028 1994
f 2255 2253 2256
f 2256 2254 2257
f 2257 1995 2000
f 2234 1996 1993
f 2240 1993 2028
f 2258 2028 2253
f 2259 2253 2255
f 2238 2243 2236
f 2236 2242 2261
f 2261 2247 2262
f 2262 2249 2263
f 2222 1991 2264
f 2223 2264 2265
f 2135 2265 2034
f 2224 2034 2033
f 2225 2033 2227
f 2226 2227 2229
f 2148 2229 2231
f 2149 2231 2233
f 2151 2233 2266
f 2156 2266 2267
f 2029 2031 2238
f 2238 2239 2243
f 2243 2240 2241
f 2241 2258 2248
f 2248 2259 2249
f 2249 2260 2263
f 2263 2268 2269
f 2269 2270 2271
f 2271 2272 2273
f 2273 2274 2275
f 2275 2276 2210
f 2210 2277 2211
f 2211 2278 2036
f 2036 2093 2037
f 2037 2094 2212
f 2045 2178 2046
f 2043 2046 2048
f 2279 2048 2280
f 2281 2280 2282
f 2283 2282 2284
f 2285 2284 2066
f 2154 2066 2065
f 2051 2286 2049
f 2049 2287 2210
f 2210 2288 2275
f 2275 2289 2273
f 2273 2290 2271
f 2271 2291 2269
f 2269 2292 2263
f 2263 2252 2262
f 2262 2251 2261
f 2261 2244 2236
f 2236 2246 2237
f 2257 1999 2179
f 2256 2179 2180
f 2255 2180 2182
f 2260 2182 2184
f 2268 2184 2186
f 2270 2186 2039
f 2272 2039 2038
f 2274 2038 2188
f 2276 2188 2215
f 2277 2215 2216
f 2278 2216 2217
f 2093 2217 2218
f 2091 2218 2221
f 2175 2025 2047
f 2047 2027 2048
f 2048 2169 2280
f 2280 2171 2282
f 2282 2173 2284
f 2284 2063 2066
f 2066 2062 2158
f 2264 1992 2235
f 2265 2235 2030
f 2034 2030 2029
f 2032 2029 2237
f 2228 2237 2246
f 2230 2246 2245
f 2232 2245 2250
f 2233 2250 2252
f 2266 2252 2292
f 2267 2292 2291
f 2154 2291 2290
f 2285 2290 2289
f 2283 2289 2288
f 2281 2288 2287
f 2279 2287 2286
f 2043 2286 2051
f 2084 2051 2050
f 2078 2050 2214
f 2076 2214 2213
f 2294 2295 2296
f 2298 1973 1977
f 2300 2301 2302
f 2306 1965 1964
f 2310 2311 2312
f 2316 2317 2318
f 2322 2323 2324
f 2328 2329 2330
f 2333 2332 2334
f 2320 2333 2336
f 2336 2335 2337
f 2340 2339 2330
f 2341 2330 2329
f 2339 2343 2344
f 2337 2328 2336
f 2336 2330 2320
f 2320 2344 2321
f 2345 2317 2346
f 2346 2316 2347
f 2347 2348 2349
f 2351 2352 2342
f 2314 2354 2355
f 2315 2355 2356
f 2358 2318 2317
f 2359 2317 2345
f 2361 2357 2362
f 2362 2358 2363
f 2363 2359 2364
f 2365 2366 2367
f 2367 2368 2369
f 2369 2370 2371
f 2371 2372 2373
f 2375 2365 2367
f 2376 2367 2369
f 2377 2369 2371
f 2378 2371 2373
f 2352 2351 2379
f 2379 2380 2381
f 2381 2382 2383
f 2383 2384 2385
f 2387 2311 2310
f 2389 2386 2390
f 2390 2387 2391
f 2391 2388 2392
f 2355 2393 2352
f 2356 2352 2379
f 2394 2379 2381
f 2395 2381 2383
f 2396 2383 2385
f 2313 2315 2398
f 2398 2356 2399
f 2399 2394 2400
f 2400 2395 2401
f 2401 2396 2402
f 2402 2397 2403
f 2405 2389 2390
f 2406 2390 2391
f 2407 2391 2392
f 2409 2374 2410
f 2410 2375 2411
f 2411 2376 2412
f 2412 2377 2413
f 2413 2378 2414
f 2416 2350 2348
f 2417 2348 2316
f 2418 2316 2318
f 2419 2318 2357
f 2420 2357 2361
f 2422 2409 2423
f 2423 2410 2404
f 2404 2411 2389
f 2389 2412 2386
f 2386 2413 2311
f 2311 2414 2312
f 2426 2425 2427
f 2428 2427 2429
f 2430 2429 2431
f 2432 2431 2433
f 2434 2433 2435
f 2436 2435 2437
f 2438 2437 2439
f 2441 2422 2423
f 2442 2423 2404
f 2443 2404 2405
f 2444 2405 2406
f 2445 2406 2407
f 2446 2407 2408
f 2353 2314 2378
f 2378 2313 2414
f 2414 2398 2312
f 2312 2399 2310
f 2310 2400 2388
f 2388 2401 2392
f 2392 2402 2408
f 2408 2403 2447
f 2450 2449 2451
f 2452 2451 2453
f 2454 2453 2455
f 2456 2455 2457
f 2449 2459 2451
f 2451 2460 2453
f 2453 2461 2455
f 2455 2462 2457
f 2465 2466 2467
f 2467 2468 2469
f 2471 2472 2473
f 2475 2476 2477
f 2477 2478 2479
f 2479 2480 2481
f 2481 2482 2483
f 2483 2484 2485
f 2485 2486 1290
f 2487 2309 2488
f 2488 2308 2473
f 2485 1291 2474
f 2483 2474 2489
f 2481 2489 2490
f 2479 2490 2491
f 2477 2491 2492
f 2493 2487 2494
f 2494 2488 2495
f 2495 2473 2496
f 1292 958 2474
f 2474 2465 2489
f 2489 2467 2490
f 2490 2469 2491
f 2491 2470 2492
f 2448 2497 2498
f 2449 2498 2471
f 2459 2471 2473
f 2460 2473 2308
f 2461 2308 2307
f 954 953 2424
f 2501 2500 2502
f 2504 2505 2506
f 2506 2507 2508
f 2304 2303 2510
f 2510 2511 2504
f 2505 2511 2503
f 2507 2503 2502
f 2512 2513 2514
f 2512 2516 2517
f 2518 1956 1955
f 2519 1955 1959
f 2520 1959 1960
f 2306 2297 2521
f 2522 2521 2523
f 2524 2523 2525
f 2526 2518 2524
f 2524 2519 2522
f 2522 2520 2306
f 2306 1960 1965
f 2529 2528 2530
f 2531 2530 1958
f 2532 2533 2534
f 2534 2535 2536
f 2301 2537 2538
f 2538 2535 2539
f 2301 2300 2537
f 2537 2540 2536
f 2536 2525 2534
f 2534 2523 2532
f 2543 2544 2541
f 2541 2545 2517
f 2517 2546 2512
f 2542 2548 2549
f 1957 2518 2531
f 2531 2526 2529
f 2529 2525 2527
f 2527 2540 2550
f 2550 2300 2551
f 2551 2302 2552
f 2555 2554 2556
f 2547 2556 2557
f 2558 2559 2560
f 2560 2561 2562
f 2562 2563 2564
f 2566 2567 2558
f 1952 2564 1951
f 1951 2565 1950
f 1950 1072 1070
f 2570 2569 2571
f 2572 2571 2573
f 2559 2567 2568
f 2561 2568 2570
f 2563 2570 2572
f 2565 2572 2573
f 1085 1084 2574
f 2574 2566 2575
f 2575 2558 2576
f 2576 2560 2577
f 2577 2562 2578
f 2578 2564 2579
f 2579 1952 1953
f 2566 1042 1041
f 2567 1041 2568
f 2568 1080 2569
f 2569 1081 2571
f 2571 1082 2573
f 2573 1083 1073
f 2580 1105 2581
f 2582 2581 2583
f 2584 2583 2585
f 2586 2585 2587
f 2588 2587 2589
f 2590 2589 2591
f 2592 2591 2593
f 1105 1085 2581
f 2581 2574 2583
f 2583 2575 2585
f 2585 2576 2587
f 2587 2577 2589
f 2589 2578 2591
f 2591 2579 2593
f 2593 1953 1954
f 2595 2553 2555
f 2596 2555 2547
f 2597 2547 2542
f 2598 2542 2541
f 2599 2541 2517
f 2600 2517 2516
f 2601 2512 2546
f 2602 2546 2545
f 2603 2545 2544
f 2604 2544 2543
f 2605 2543 2549
f 2606 2549 2548
f 2607 2548 2557
f 2608 2557 2556
f 2609 2556 2554
f 2610 2554 2553
f 2611 2553 2594
f 1293 1106 2613
f 2613 2580 2614
f 2614 2582 2552
f 2552 2584 2551
f 2551 2586 2550
f 2550 2588 2527
f 2527 2590 2528
f 2528 2592 2530
f 2530 1954 1958
f 2427 2612 2594
f 2429 2594 2595
f 2431 2595 2596
f 2433 2596 2597
f 2435 2597 2598
f 2437 2598 2599
f 2439 2599 2600
f 2615 1977 2299
f 2616 2299 2617
f 1971 2619 1970
f 1970 2620 1969
f 2623 2622 2624
f 2625 2624 2626
f 2627 2617 2628
f 2629 2628 2630
f 2630 2631 2632
f 2634 2621 2623
f 2635 2623 2625
f 2620 2636 2637
f 2638 2637 2639
f 2640 2639 2641
f 2621 2642 2641
f 2622 2641 2639
f 2624 2639 2637
f 2626 2637 2636
f 2644 2631 2628
f 2645 2628 2617
f 2646 2617 2299
f 2647 2299 1976
f 2631 2648 2649
f 2632 2649 2650
f 2630 2650 2651
f 2652 2653 2654
f 2654 2655 2656
f 2658 2660 2661
f 2664 2663 2665
f 2651 2665 2666
f 2629 2666 2667
f 2627 2667 2668
f 2618 2668 2669
f 2616 2669 2670
f 2615 2670 2671
f 2298 2671 1972
f 2672 2673 2674
f 1967 2673 2672
f 1966 2672 2675
f 2676 2677 2678
f 2499 1963 1962
f 2297 2499 2501
f 2521 2501 2503
f 2523 2503 2511
f 2532 2511 2303
f 2533 2303 2305
f 2680 2681 2682
f 2682 2683 2684
f 2684 2685 2686
f 2686 2687 2688
f 2690 2676 2678
f 2692 2693 2694
f 2694 2695 2696
f 2696 2697 2698
f 2698 2699 2662
f 2662 2642 2663
f 2663 2633 2665
f 2665 2634 2666
f 2666 2635 2667
f 2667 2625 2668
f 2668 2626 2669
f 2669 2636 2670
f 2670 2619 2671
f 2671 1971 1972
f 2701 2700 2680
f 2691 2680 2682
f 2690 2682 2684
f 2689 2684 2686
f 2676 2686 2688
f 2677 2688 2702
f 2515 2512 2700
f 2700 2514 2680
f 2680 2703 2681
f 2681 2704 2683
f 2683 2705 2685
f 2685 2706 2687
f 2687 2675 2688
f 2688 2672 2702
f 2702 2674 2679
f 2709 2708 2710
f 2656 2655 2709
f 2709 2711 2707
f 2714 2713 2715
f 2643 2717 2648
f 2648 2718 2719
f 2719 2720 2721
f 2713 2722 2723
f 2723 2725 2724
f 2724 2726 2331
f 2331 2727 2332
f 2728 2322 2296
f 2729 2296 2295
f 2326 2325 2731
f 2731 2732 2733
f 2322 2327 2326
f 2296 2326 2731
f 2294 2731 2733
f 2320 2327 2324
f 2333 2324 2323
f 2331 2323 2728
f 2724 2728 2729
f 2713 2729 2730
f 2658 2661 2659
f 2659 2734 2735
f 2735 2736 2737
f 2737 2738 2739
f 2655 2657 2659
f 2711 2659 2735
f 2707 2735 2737
f 2740 2737 2739
f 2652 2654 2742
f 2742 2656 2743
f 2743 2710 2744
f 2744 2708 2745
f 2745 2707 2746
f 2746 2740 2747
f 2747 2741 2748
f 2343 2352 2393
f 2321 2393 2354
f 2319 2354 2353
f 2327 2353 2373
f 2325 2373 2372
f 2732 2372 2749
f 2733 2749 2750
f 2294 2750 2751
f 2295 2751 2752
f 2730 2752 2719
f 2715 2719 2721
f 1969 2620 1968
f 1968 2638 2673
f 2673 2640 2674
f 2674 2641 2679
f 2679 2642 2678
f 2678 2699 2691
f 2691 2697 2701
f 2701 2695 2515
f 2515 2693 2516
f 2516 2692 2600
f 2478 2458 2457
f 2480 2457 2462
f 2482 2462 2307
f 2484 2307 2309
f 2486 2309 2487
f 1289 2487 2493
f 2475 2440 2476
f 2476 2441 2458
f 2458 2442 2456
f 2456 2443 2454
f 2454 2444 2452
f 2452 2445 2450
f 2450 2446 2448
f 2448 2447 2463
f 2463 2403 2753
f 2753 2397 2754
f 2754 2385 2421
f 2421 2384 2420
f 2420 2382 2419
f 2419 2380 2418
f 2418 2351 2417
f 2417 2342 2416
f 2416 2339 2415
f 953 959 2424
f 2424 1295 2425
f 2425 1294 2612
f 2612 1293 2611
f 2611 2613 2610
f 2610 2614 2609
f 2609 2552 2608
f 2608 2302 2607
f 2607 2301 2606
f 2606 2538 2605
f 2605 2539 2604
f 2604 2305 2603
f 2603 2304 2602
f 2602 2510 2601
f 2601 2504 2513
f 2513 2506 2514
f 2514 2508 2703
f 2703 2509 2704
f 2704 2502 2705
f 2705 2500 2706
f 2706 2499 2675
f 2675 1962 1961
f 2368 2748 2741
f 2370 2741 2739
f 2372 2739 2738
f 2749 2738 2736
f 2750 2736 2734
f 2751 2734 2661
f 2752 2661 2660
f 2719 2660 2658
f 2648 2658 2657
f 2649 2657 2653
f 2650 2653 2652
f 2651 2652 2742
f 2664 2742 2743
f 2662 2743 2744
f 2698 2744 2745
f 2696 2745 2746
f 2694 2746 2747
f 2692 2747 2748
f 2600 2748 2366
f 2439 2366 2365
f 2438 2365 2374
f 2436 2374 2409
f 2434 2409 2422
f 2432 2422 2440
f 2430 2440 2475
f 2428 2475 2492
f 2426 2492 2470
f 2424 2470 2468
f 954 2468 2466
f 956 2466 2465
f 2755 2756 2757
f 2757 2758 2759
f 2761 2762 2763
f 2763 2765 2764
f 2764 2766 2767
f 2767 2768 2760
f 2760 2769 2759
f 2772 2771 2773
f 2761 2773 2774
f 1361 2775 1362
f 1381 1383 2777
f 1531 2778 2779
f 1530 1529 2778
f 2778 1528 2780
f 2780 1527 1348
f 2780 1373 1375
f 1870 1376 2780
f 2780 1378 2777
f 2777 1380 1381
f 2777 1382 1911
f 2781 1911 1389
f 1387 1386 2781
f 2781 1394 2782
f 2782 1392 1391
f 2784 2785 2783
f 2783 2786 2756
f 2789 2788 2790
f 2791 2790 2792
f 2793 2792 2794
f 2795 2794 2796
f 2784 2796 2797
f 1532 2779 2798
f 2798 2799 2787
f 2787 2800 2788
f 2803 2802 2804
f 2805 2804 2806
f 2807 2806 2808
f 2809 2808 2810
f 2811 2810 2812
f 2813 2812 2814
f 2775 1361 2816
f 2816 2817 2801
f 2801 2818 2802
f 2814 2822 2815
f 2815 2823 2820
f 2820 2824 2821
f 2819 2825 2826
f 2827 2826 2828
f 2830 2831 2832
f 2832 2829 2833
f 2830 2834 2831
f 2831 2835 2836
f 2840 2841 2842
f 2846 2847 2848
f 2852 2853 2854
f 2858 2859 2860
f 2107 2106 2864
f 2868 2869 2870
f 2872 2873 2874
f 2838 2837 2878
f 2882 2883 2884
f 2888 2889 2890
f 2893 2894 2895
f 2897 2898 2899
f 2903 2904 2905
f 2909 2021 2020
f 2913 2914 2915
f 2919 2920 2921
f 2925 2926 2927
f 2905 2904 2931
f 2935 2936 2937
f 845 852 2940
f 2941 2942 2943
f 2946 2947 2948
f 2948 2949 2950
f 2953 2952 2954
f 2955 2954 2956
f 2957 2956 2958
f 2961 2960 2962
f 2958 2962 2963
f 2964 2965 2966
f 2954 2967 2968
f 2956 2968 2969
f 2958 2969 2970
f 2961 2970 2966
f 2959 2966 2965
f 2967 2971 2968
f 2968 2972 2969
f 2969 2973 2970
f 2970 2974 2966
f 2977 2978 2975
f 2975 2979 2980
f 2980 2981 2982
f 2982 2983 2984
f 867 2976 2975
f 1265 2975 2980
f 2979 2964 2966
f 2981 2966 2974
f 2983 2974 2985
f 2984 2985 2986
f 2972 2987 2988
f 2973 2988 2989
f 2974 2989 2990
f 2985 2990 2991
f 2986 2940 2984
f 2984 851 2982
f 2982 1268 2980
f 2980 1266 1265
f 2995 2996 2997
f 2997 2998 2999
f 2999 3000 3001
f 3001 3002 2931
f 2935 2938 3003
f 3005 3006 3007
f 3007 3008 2936
f 3011 3010 3012
f 2904 3004 2931
f 2931 3003 3001
f 3001 2938 2999
f 2999 2939 2997
f 2997 2992 2995
f 3010 849 848
f 3012 848 847
f 2933 3014 3015
f 2934 3015 3016
f 3018 2932 3019
f 3019 2934 3020
f 3021 3022 2922
f 3024 3023 2924
f 3025 2924 2923
f 3021 2924 3026
f 2928 2930 3023
f 3023 3028 2924
f 2924 3029 3026
f 3030 2925 3031
f 3032 3031 3033
f 3034 3033 3035
f 3017 3037 3020
f 3020 3038 2927
f 2927 3039 2925
f 2925 3040 3031
f 3031 3041 3033
f 3033 3042 3035
f 3015 2929 2928
f 3016 2928 3024
f 3017 3024 3025
f 3037 3025 2923
f 3038 2923 2922
f 3039 2922 3022
f 3040 3022 3021
f 3041 3021 3027
f 2921 2920 3043
f 3043 3044 3045
f 3045 3046 3047
f 3047 3048 3049
f 2919 3051 2920
f 2920 3052 3044
f 3044 3053 3046
f 3046 3054 3048
f 3057 3058 3059
f 3059 2915 2914
f 3057 2914 2913
f 3061 3062 3063
f 3063 3064 3065
f 3065 3066 3067
f 3067 2912 3068
f 3068 2911 2916
f 3070 2902 2901
f 2993 3072 2994
f 2994 3018 3073
f 3073 3019 3074
f 3074 3020 3075
f 3075 2927 3076
f 3076 2926 3077
f 3077 3030 3078
f 3078 3032 3079
f 3079 3034 2908
f 2908 3036 2906
f 3007 2935 3004
f 3005 3004 2904
f 3080 2904 2903
f 3082 3083 3084
f 3084 3085 3086
f 3086 3087 3088
f 3082 3090 3091
f 2931 3088 3087
f 2905 3087 3085
f 2903 3085 3083
f 3081 3083 3082
f 3092 3082 3091
f 2992 2994 2995
f 2995 3073 2996
f 2996 3074 2998
f 2998 3075 3000
f 3000 3076 3002
f 3002 3077 3088
f 3088 3078 3086
f 3086 3079 3084
f 3084 2908 3082
f 3082 2907 3089
f 3092 3094 3095
f 3081 3095 3009
f 3080 3009 3011
f 3005 3011 3013
f 3029 3096 3026
f 3026 3097 3027
f 3027 3098 3042
f 3042 3099 3035
f 3035 3100 3036
f 3036 3101 2906
f 2906 3102 2907
f 2907 3103 3089
f 3089 3104 3090
f 3090 3105 3091
f 3091 3106 3093
f 3109 3108 2018
f 2898 2897 3110
f 3110 3111 3112
f 3114 3071 2901
f 3115 2901 2900
f 3069 3111 3117
f 3117 2897 3118
f 3118 2899 3119
f 3119 3120 3121
f 2902 3117 3118
f 2900 3118 3119
f 3116 3119 3121
f 2910 3113 3123
f 3123 3114 3124
f 3124 3115 3125
f 3125 3116 3126
f 3126 3122 3127
f 3131 2023 2022
f 2894 3132 3133
f 3134 3135 3136
f 3136 3137 3138
f 3138 3139 3140
f 3140 3128 3141
f 3141 3130 3142
f 2896 3134 3136
f 3132 3136 3138
f 3143 3138 3140
f 3144 3140 3141
f 3145 3141 3142
f 3147 2895 3148
f 3148 3133 3149
f 3149 3132 3150
f 3150 3143 3151
f 3151 3144 3152
f 3152 3145 3153
f 3154 3155 3148
f 3148 3156 3147
f 3113 2912 3066
f 3071 3066 3064
f 3070 3064 3062
f 3069 3062 3061
f 3111 3061 3107
f 3112 3107 3109
f 3131 3109 2024
f 3157 1116 2892
f 2892 1137 1120
f 3158 1120 1121
f 3159 1121 1122
f 3160 1122 782
f 3146 3161 3153
f 3153 3157 3152
f 3152 2892 3151
f 3151 2891 3150
f 3150 3158 3149
f 3149 3159 3148
f 3148 3160 3154
f 1253 1252 3162
f 3162 1251 3163
f 3163 771 770
f 2916 2918 3068
f 3068 3165 3067
f 3067 3166 3065
f 3065 3167 3063
f 3063 3168 3061
f 3061 3169 3107
f 3107 3170 3108
f 3108 2019 2018
f 2918 3056 3171
f 3165 3171 3172
f 3166 3172 3060
f 3167 3060 2913
f 3168 2913 2915
f 3169 2915 2909
f 3170 2909 2020
f 3173 3174 3175
f 3178 3177 3179
f 2885 3179 3180
f 2886 3180 3181
f 3184 3183 3185
f 3187 3176 3188
f 3188 3178 3189
f 3189 2885 3190
f 3191 3192 3193
f 3195 2841 3196
f 3196 2840 2881
f 3199 3198 3200
f 3201 2879 3202
f 3203 3202 3204
f 3206 3207 3208
f 3201 2875 2877
f 2880 2877 3197
f 2881 3197 3199
f 3196 3199 3200
f 3209 3187 3210
f 3210 3188 3211
f 3211 3189 3212
f 3212 3190 3213
f 3214 2080 2079
f 3215 2079 2871
f 3216 2871 3217
f 3218 3217 3219
f 2856 3220 2857
f 2857 3219 3221
f 3221 3217 3222
f 3222 2871 3223
f 3223 2086 2087
f 3210 2090 3209
f 3209 2089 2088
f 3209 2874 2873
f 3187 2873 3186
f 3176 3186 3224
f 3225 2212 2094
f 3225 3226 3185
f 3227 3185 3183
f 2212 3225 2213
f 2213 3227 2076
f 2076 3228 2077
f 2083 3210 3211
f 2085 3211 3212
f 2087 3212 3213
f 3223 3213 2887
f 3222 2887 2886
f 3221 2886 3181
f 2883 2882 3229
f 3229 3230 3231
f 3231 3232 2868
f 2868 3233 2869
f 3236 3235 3237
f 3238 3237 3239
f 3240 3239 3241
f 3242 3241 3243
f 3244 3243 3245
f 3237 2884 2883
f 3239 2883 3229
f 3241 3229 3231
f 3243 3231 2868
f 3245 2868 2870
f 3248 3247 3249
f 3250 3249 3251
f 3252 3251 3253
f 3254 3253 3194
f 3257 3256 3258
f 3259 3258 3260
f 3261 3260 3262
f 3263 3262 3264
f 2837 3264 3265
f 2878 3265 3266
f 2838 3266 3267
f 3205 2865 3268
f 3203 3268 3269
f 2875 3269 3270
f 2865 2867 3268
f 3268 3271 3269
f 3269 3272 3270
f 3258 3273 3274
f 3260 3274 3275
f 3262 3275 3276
f 3264 3276 3277
f 3265 3277 3278
f 3266 3278 3279
f 3280 2098 2096
f 3282 3280 2096
f 3283 2096 2095
f 3284 3282 3283
f 3285 3283 3286
f 3287 3286 3288
f 2864 2106 3290
f 3290 2073 2109
f 3293 3292 3294
f 3290 3294 3289
f 2864 3289 3288
f 2095 2101 3283
f 3283 2103 3286
f 3286 2105 3288
f 3288 2108 2107
f 3208 3207 3298
f 3298 3299 3300
f 3300 3297 3301
f 3301 3296 3302
f 3306 3307 3308
f 3309 2117 2071
f 3305 3310 3311
f 3312 3311 3309
f 3313 3309 2071
f 3310 3308 3311
f 3311 3307 3309
f 3309 2119 2118
f 3316 3315 3317
f 3318 3317 3319
f 3320 3319 3321
f 3318 3322 3323
f 3316 3323 3324
f 3314 3324 2008
f 3303 3321 3325
f 3325 3319 3326
f 3326 3317 3327
f 3327 3315 3328
f 3328 3314 3329
f 3329 2013 2014
f 3322 2123 2122
f 3323 2122 2120
f 3324 2120 2121
f 3303 3305 3321
f 3321 3312 3320
f 3320 3313 3322
f 3322 2070 2124
f 3306 2112 2113
f 3307 2113 2115
f 2109 2111 3290
f 3290 3306 3293
f 3293 3308 3291
f 3291 3310 3330
f 2094 2092 3226
f 3226 2221 3280
f 3280 2100 2098
f 3333 3332 3334
f 3335 3334 3049
f 3334 3206 3208
f 3049 3208 3298
f 3047 3298 3300
f 3045 3300 3301
f 3043 3301 3302
f 3336 3337 3338
f 2945 3338 3337
f 3338 3340 3336
f 3336 3341 3342
f 2941 2945 3339
f 3343 3339 3337
f 3344 3337 3336
f 3345 3336 3342
f 3341 3347 3342
f 3342 3348 3349
f 3349 3350 3351
f 3351 3353 3352
f 3352 3354 3355
f 3358 3357 3359
f 2863 3359 3360
f 2861 3360 3361
f 2863 3362 3363
f 3358 3363 3364
f 3356 3364 3365
f 3366 3365 3367
f 3369 2859 3370
f 3370 2858 3371
f 2861 3369 3370
f 2862 3370 3371
f 3362 3371 3372
f 3355 3373 3374
f 3374 3376 3375
f 3375 3377 3378
f 3378 3379 3380
f 3381 3342 3349
f 3382 3349 3352
f 3383 3352 3355
f 3384 3355 3375
f 3385 3375 3378
f 3380 3387 3388
f 3359 2941 3343
f 3360 3343 3344
f 3361 3344 3345
f 3369 3345 3346
f 2859 3346 3381
f 2860 3381 3382
f 3389 3382 3383
f 3390 3383 3384
f 3391 3384 3385
f 2854 3385 3386
f 3372 3371 3392
f 3392 2858 3393
f 3393 2860 3394
f 3394 3389 3395
f 3395 3390 3396
f 3396 3391 3397
f 3397 2854 3398
f 3398 2853 3399
f 3401 2849 2851
f 3402 2851 3403
f 3404 3403 3405
f 3406 3405 3407
f 3408 3407 3409
f 3410 3409 3411
f 3412 3411 3413
f 3399 3400 3398
f 3398 3401 3397
f 3397 3402 3396
f 3396 3404 3395
f 3395 3406 3394
f 3394 3408 3393
f 3393 3410 3392
f 3392 3412 3372
f 3372 3414 3362
f 3416 2890 2889
f 3417 2889 3418
f 3419 3418 3420
f 3422 3174 3415
f 3415 3173 2890
f 2890 3423 2888
f 3186 3175 3174
f 3224 3174 3422
f 3177 3422 3424
f 3179 3424 3425
f 3180 3425 3426
f 3181 3426 3388
f 2857 3388 3387
f 3380 3388 3378
f 3378 3426 3386
f 3386 3425 2852
f 2852 3424 2853
f 2853 3422 3399
f 3399 3415 3400
f 3400 3416 2849
f 2849 3417 2850
f 2850 3419 2851
f 2851 3421 3403
f 3403 3427 3405
f 3405 3428 3407
f 3407 3429 3409
f 3409 3430 3411
f 3411 3431 3413
f 3434 3433 3435
f 3437 3438 3439
f 3439 3440 3441
f 2952 3442 2946
f 2967 2946 2948
f 2971 2948 2950
f 2987 2950 3443
f 2988 3443 3444
f 2989 3444 3445
f 2990 3445 3446
f 3447 3448 3449
f 3447 3451 3448
f 3448 3452 3450
f 3450 3453 3454
f 3456 3455 3457
f 3455 3439 3458
f 3441 3436 3439
f 3439 3435 3458
f 3458 3433 2848
f 2848 3432 2846
f 3459 2843 3460
f 3462 3234 3463
f 3463 3236 3464
f 3464 3238 3465
f 3465 3240 3466
f 3466 3242 3467
f 3467 3244 3468
f 3468 3245 3469
f 3469 2870 3470
f 3472 3471 3473
f 3191 3473 3474
f 3192 3474 3475
f 3194 3475 3476
f 3471 3462 3473
f 3473 3463 3474
f 3474 3464 3475
f 3475 3465 3476
f 3476 3466 3254
f 3254 3467 3252
f 3252 3468 3250
f 3250 3469 3248
f 3248 3470 3246
f 2848 3472 3477
f 3458 3477 3478
f 3479 3480 3481
f 2842 3483 2840
f 2840 3484 2881
f 2881 3485 2879
f 2879 3486 3202
f 3202 3487 3204
f 3484 3488 3267
f 3485 3267 3279
f 3486 3279 3278
f 3487 3278 3277
f 3204 3277 3276
f 3205 3276 3275
f 2865 3275 3274
f 2866 3274 3273
f 3272 3295 3297
f 3270 3297 3299
f 2876 3299 3207
f 2877 3207 3206
f 3197 3206 3332
f 3198 3332 3331
f 3200 3331 3489
f 3195 3489 3490
f 2841 3490 3491
f 2842 3491 3482
f 3483 3482 3480
f 3488 3480 3492
f 3267 3492 3493
f 3442 3451 2946
f 2946 3447 2947
f 2947 3449 2949
f 2949 2993 2950
f 2950 2992 3443
f 3443 2939 3444
f 3444 2937 3445
f 3445 2936 3446
f 3446 3008 2991
f 2991 3006 2986
f 2986 3013 2940
f 2940 3012 845
f 3247 3255 3249
f 3249 3257 3251
f 3251 3259 3253
f 3253 3261 3194
f 3194 3263 3193
f 3193 2837 3191
f 3191 2839 3472
f 3472 3493 3477
f 3477 3492 3478
f 3478 3480 3457
f 3457 3479 3456
f 2951 3368 3442
f 3442 3367 3451
f 3451 3365 3452
f 3452 3364 3453
f 3453 3363 3454
f 3454 3362 3494
f 3494 3414 3495
f 3495 3413 3496
f 3496 3431 3497
f 3497 3430 3498
f 3498 3429 3499
f 3499 3428 3500
f 3500 3427 3461
f 3461 3421 3459
f 3459 3420 2844
f 2844 3418 2845
f 2845 2889 3501
f 3501 2888 3502
f 3502 3423 3184
f 3184 3173 3182
f 3182 3175 3183
f 3183 2872 3228
f 3228 2874 2077
f 781 1253 3154
f 3154 3162 3155
f 3155 3127 3156
f 3156 3122 3147
f 3147 3121 2895
f 2895 3120 2893
f 2893 2899 3134
f 3134 2898 3135
f 3135 3110 3137
f 3137 3112 3139
f 3139 3131 3128
f 3128 2022 3129
f 3129 1947 3130
f 3130 1946 3142
f 3142 1949 3146
f 3146 1948 3161
f 3161 1143 3157
f 3157 1117 1116
f 3503 770 836
f 3504 836 835
f 3096 3055 3097
f 3097 2917 3098
f 3098 2916 3099
f 3099 2911 3100
f 3100 2910 3101
f 3101 3123 3102
f 3102 3124 3103
f 3103 3125 3104
f 3104 3126 3105
f 3105 3127 3106
f 3106 3162 3093
f 3093 3163 3094
f 3094 3164 3095
f 3095 3503 3009
f 3009 3504 3010
f 3010 844 850
f 2016 2909 3059
f 2017 3059 3058
f 2015 3058 3057
f 2014 3057 3505
f 3329 3505 3050
f 3328 3050 2919
f 3327 2919 2921
f 3326 2921 3302
f 3325 3302 3296
f 3303 3296 3295
f 3304 3295 3271
f 3330 3271 2867
f 3291 2867 2866
f 3292 2866 3273
f 3294 3273 3256
f 3289 3256 3255
f 3287 3255 3247
f 3285 3247 3246
f 3284 3246 3470
f 3281 3470 2870
f 3280 2870 2869
f 3226 2869 3233
f 3185 3233 3232
f 3184 3232 3230
f 3502 3230 2882
f 3501 2882 2884
f 2845 2884 3235
f 2843 3235 3234
f 3460 3234 3462
f 3461 3462 3471
f 3500 3471 2847
f 3499 2847 2846
f 3498 2846 3432
f 3497 3432 3434
f 3496 3434 3436
f 3495 3436 3441
f 3494 3441 3440
f 3454 3440 3438
f 3450 3438 3437
f 3449 3437 3456
f 2993 3456 3481
f 3072 3481 3482
f 3018 3482 3491
f 2932 3491 3490
f 2933 3490 3489
f 3014 3489 3331
f 2929 3331 3333
f 2930 3333 3335
f 3028 3335 3049
f 3029 3049 3048
f 3096 3048 3054
f 3055 3054 3053
f 3056 3053 3052
f 3171 3052 3051
f 3172 3051 3050
f 3060 3050 3505
f 3506 3507 3508
f 3512 3513 3514
f 3516 3517 3518
f 1508 1567 3522
f 1511 1532 2798
f 3527 3528 3529
f 3531 3532 3533
f 3536 3537 3538
f 3542 3543 3544
f 3548 3549 3550
f 3554 3555 3556
f 3558 3559 3560
f 3562 3563 3564
f 2059 2058 3566
f 3570 3571 3572
f 3576 3577 3578
f 3582 3583 3584
f 3588 3589 3590
f 3594 3595 3589
f 3599 3600 3601
f 3603 3602 3604
f 3604 3606 3605
f 3605 3607 3608
f 3608 3609 3610
f 3507 3506 3613
f 3613 3614 3615
f 3615 3616 3617
f 3620 3621 3622
f 3622 3623 3624
f 3626 3620 3627
f 3627 3622 3628
f 3610 3625 3608
f 3608 3623 3629
f 3629 3621 3630
f 3630 3620 3631
f 3631 3626 3632
f 3635 3634 3636
f 3637 3636 3638
f 3639 3638 3640
f 3601 3612 3641
f 3642 3641 3643
f 3644 3643 3645
f 3646 3645 3647
f 3599 3601 3649
f 3649 3642 3650
f 3650 3644 3651
f 3651 3646 3652
f 3652 3648 3653
f 3655 3633 3635
f 3656 3635 3637
f 3657 3637 3639
f 3658 3639 3640
f 3660 3661 3592
f 3589 3588 3594
f 3594 3663 3664
f 3583 3667 3668
f 3588 3669 3670
f 3662 3670 3671
f 3667 3665 3673
f 3673 3666 3674
f 3674 3675 3676
f 3676 3677 3678
f 3593 3661 3679
f 3680 3679 3585
f 3681 3585 3587
f 3591 3593 3666
f 3666 3680 3675
f 3675 3681 3677
f 3677 3682 3683
f 3672 3684 3685
f 3595 3594 3619
f 3619 3664 3660
f 3660 3663 3661
f 3661 3662 3679
f 3679 3672 3585
f 3585 3686 3586
f 3582 3584 3688
f 3688 3689 3690
f 3690 3691 3692
f 3693 3688 3690
f 3694 3690 3692
f 3696 3697 3698
f 3698 3699 3700
f 3584 3668 3701
f 3689 3701 3702
f 3691 3702 3699
f 3692 3699 3697
f 3578 3703 3579
f 3704 3569 3568
f 3705 3568 3706
f 3703 3577 3707
f 3580 3579 3709
f 3709 3703 3710
f 3710 3708 3711
f 3677 3712 3713
f 3678 3713 3714
f 3667 3673 3668
f 3668 3674 3701
f 3701 3676 3702
f 3702 3678 3699
f 3699 3715 3700
f 3718 3717 3719
f 3720 3719 3721
f 3722 3721 3719
f 3723 3719 3717
f 3726 3725 3727
f 3729 3730 3731
f 3731 3732 3733
f 3733 3734 3735
f 3572 3724 3726
f 3721 3726 3728
f 2163 2059 3569
f 3569 3566 3567
f 3730 3725 3732
f 3732 3724 3734
f 3734 3571 3735
f 3735 3570 3737
f 3566 2053 3565
f 3736 3565 3738
f 3567 3738 3739
f 3568 3739 3740
f 3706 3740 3741
f 3569 3574 3742
f 3743 3744 3745
f 3748 3749 3750
f 3750 3751 3752
f 3752 3753 3754
f 3754 3755 3756
f 3717 3757 3741
f 3723 3741 3740
f 3722 3740 3739
f 3572 3739 3738
f 3570 3738 3565
f 3737 3565 2052
f 3743 3745 3758
f 3758 3759 3760
f 3760 3761 3762
f 3762 3763 3764
f 3766 3763 3761
f 3767 3761 3759
f 3768 3759 3745
f 3769 3745 3744
f 3561 3765 3766
f 3748 3766 3767
f 3749 3767 3768
f 3751 3768 3769
f 3753 3769 3744
f 3764 3763 3770
f 3770 3765 3771
f 3771 3559 3772
f 3772 3558 3773
f 3776 3775 3777
f 3779 3780 3781
f 3781 3782 3783
f 3785 3773 3786
f 3786 3558 3787
f 3787 3560 3788
f 3788 3561 3789
f 3789 3748 3790
f 3790 3750 3791
f 3791 3752 3792
f 3792 3754 3793
f 3793 3756 3562
f 3563 3747 3564
f 3564 3796 3797
f 3797 3795 3798
f 3798 3794 3799
f 3799 3800 3801
f 3801 3802 3803
f 3803 3804 3805
f 3805 3806 3807
f 3807 3808 3809
f 3809 3810 3811
f 3813 3812 3814
f 3802 3815 3816
f 3804 3816 3817
f 2175 2176 3794
f 3794 3557 3800
f 3800 3818 3815
f 3815 3819 3816
f 3781 3814 3812
f 3779 3812 3554
f 3820 3554 3556
f 3822 3823 3824
f 3824 3550 3825
f 3825 3549 3826
f 3819 3555 3554
f 3816 3554 3813
f 3817 3813 3814
f 3806 3814 3783
f 3808 3783 3784
f 3818 3827 3555
f 3555 3828 3556
f 3556 3829 3820
f 3820 3830 3779
f 3779 3831 3780
f 2178 2081 3833
f 3833 2080 3834
f 3834 3214 3835
f 3835 3215 3836
f 3839 3838 3840
f 3841 3840 3842
f 3844 3845 3846
f 3846 3847 3848
f 3543 3849 3850
f 3851 3850 3852
f 3838 3854 3840
f 3840 3855 3842
f 3842 3856 3843
f 3843 3844 3857
f 3857 3846 3541
f 3541 3848 3539
f 3860 3859 3861
f 3862 3861 3544
f 3845 3544 3543
f 3847 3543 3851
f 3848 3851 3853
f 3863 3864 3865
f 3865 3866 3867
f 3870 3869 3871
f 3872 3871 3538
f 3546 3868 3547
f 3547 3870 3874
f 3874 3872 3875
f 3875 3873 3876
f 3877 3547 3874
f 3878 3874 3875
f 3879 3875 3876
f 3881 3882 3883
f 3883 3867 3884
f 3885 3886 3887
f 3887 3888 3889
f 3849 3835 3836
f 3850 3836 3890
f 3852 3890 3891
f 3853 3891 3892
f 3539 3892 3893
f 3894 3895 3536
f 3873 3537 3896
f 3876 3896 3897
f 3880 3897 3898
f 3900 3374 3901
f 3901 3373 3354
f 3899 3350 3348
f 3903 3863 3865
f 3885 3865 3867
f 3886 3867 3882
f 3888 3882 3881
f 3537 3895 3904
f 3896 3904 3900
f 3897 3900 3901
f 3898 3901 3354
f 3899 3354 3353
f 2855 3387 3894
f 3894 3380 3895
f 3895 3379 3904
f 3904 3377 3900
f 3900 3376 3374
f 3546 3837 3839
f 3868 3839 3841
f 3869 3841 3843
f 3871 3843 3857
f 3538 3857 3541
f 3536 3541 3540
f 3894 3540 3893
f 2855 3893 3892
f 2856 3892 3891
f 3220 3891 3890
f 3218 3890 3836
f 3216 3836 3215
f 3907 3906 3908
f 3906 3902 3908
f 3908 3903 3909
f 3909 3885 3910
f 3910 3887 3911
f 3557 2178 3833
f 3818 3833 3834
f 3827 3834 3835
f 3828 3835 3542
f 3829 3542 3544
f 3830 3544 3861
f 3831 3861 3859
f 3832 3859 3858
f 3906 3912 3913
f 3914 3913 3915
f 3774 3915 3916
f 3917 3513 3918
f 3918 3512 3919
f 3921 3917 3918
f 3922 3918 3919
f 1730 1473 3924
f 3926 3927 3928
f 3928 3929 3930
f 3930 3920 3921
f 3931 3921 3922
f 3932 3922 3923
f 3532 3531 3934
f 3934 3935 3936
f 3938 3937 3939
f 1467 1471 3938
f 3938 1470 1469
f 1467 3938 3530
f 3530 3940 3941
f 3942 1459 1457
f 3941 1457 1456
f 3530 1456 1464
f 3943 3944 3945
f 3945 3946 3947
f 3527 3943 3945
f 3528 3945 3947
f 3949 3527 3529
f 3950 3529 3951
f 1455 1454 3953
f 3953 1357 1462
f 3956 3955 3957
f 1447 1446 3955
f 3955 1452 3957
f 3957 1451 3958
f 3958 1449 1455
f 3959 1441 1443
f 3960 2818 3959
f 3959 2817 1361
f 3961 2814 3962
f 3962 2812 3963
f 3963 2810 2808
f 3964 2808 2806
f 3965 2806 2804
f 3960 2804 2802
f 3526 3966 3967
f 3967 3968 3969
f 3969 3970 3971
f 3973 3974 3525
f 3525 3975 3526
f 3526 3976 3966
f 3966 3977 3968
f 3968 3978 3970
f 3970 3952 3972
f 3979 3524 3980
f 3980 3526 3981
f 3981 3967 3982
f 3982 3969 3983
f 3983 3971 3984
f 3984 3972 3985
f 3985 3951 3986
f 3986 3529 3987
f 3987 3528 3988
f 3989 3973 3990
f 3993 3992 3994
f 3995 3994 3996
f 3997 3996 3998
f 3999 3998 4000
f 3562 3564 3793
f 3793 3797 3792
f 3792 3798 3791
f 3791 3799 3790
f 3790 3801 3789
f 3789 3803 3788
f 3788 3805 3787
f 3787 3807 3786
f 3786 3809 3785
f 3785 3811 4002
f 4003 3550 3823
f 4004 3823 3822
f 4005 3822 4006
f 4007 4006 4008
f 4009 4008 4010
f 4011 4010 4012
f 4013 4012 4014
f 4015 4014 4016
f 4017 4016 4018
f 4019 4018 4020
f 4021 4020 4022
f 4023 4022 4024
f 4025 4024 4026
f 4027 4026 4028
f 4029 4028 4030
f 4031 4030 4032
f 4033 4032 4034
f 4035 4034 4036
f 4037 4036 4038
f 4039 4038 4040
f 4041 4040 4042
f 3551 4044 3821
f 3821 4045 4046
f 4046 4047 4048
f 4048 4049 4050
f 4050 4051 4052
f 4052 4053 4054
f 4054 4055 4056
f 4056 4057 4058
f 4058 4059 4060
f 4060 4061 4062
f 4062 4063 4064
f 4064 4065 4066
f 4066 4067 4068
f 4068 4069 4070
f 4070 4071 4072
f 4072 4073 4074
f 4074 4075 4076
f 4076 4077 4078
f 4078 4079 4080
f 4080 4081 4082
f 4082 3953 4083
f 4083 1462 1461
f 4083 4043 4042
f 4082 4042 4040
f 4080 4040 4038
f 4078 4038 4036
f 4076 4036 4034
f 4074 4034 4032
f 4072 4032 4030
f 4070 4030 4028
f 4068 4028 4026
f 4066 4026 4024
f 4064 4024 4022
f 4062 4022 4020
f 4060 4020 4018
f 4058 4018 4016
f 4056 4016 4014
f 4054 4014 4012
f 4052 4012 4010
f 4050 4010 4008
f 4048 4008 4006
f 4046 4006 3822
f 3821 3822 3824
f 3552 3824 3825
f 3553 3825 3826
f 4086 4085 4087
f 4088 4087 4089
f 4090 4089 4091
f 4092 4091 4093
f 4094 4093 4095
f 4096 4095 4097
f 4098 4097 4099
f 4100 4099 4101
f 4102 4101 4103
f 4104 4103 4105
f 4106 4105 4107
f 4108 4107 4109
f 4110 4109 4111
f 4112 4111 4113
f 4114 4113 4115
f 4116 4115 4117
f 4118 4117 3954
f 1447 3955 3959
f 3959 3954 3960
f 3960 4117 3965
f 3965 4115 3964
f 3964 4113 3963
f 3963 4111 3962
f 3962 4109 3961
f 3961 4107 4121
f 4121 4105 4122
f 4122 4103 4123
f 4123 4101 4124
f 4124 4099 4125
f 4125 4097 4126
f 4126 4095 4127
f 4127 4093 3778
f 3778 4091 3776
f 3776 4089 3774
f 3774 4087 3914
f 3914 4085 3906
f 3906 4084 3902
f 2832 4129 4119
f 2830 4119 2834
f 3958 3953 4081
f 3956 4081 4079
f 3954 4079 4077
f 4118 4077 4075
f 4116 4075 4073
f 4114 4073 4071
f 4112 4071 4069
f 4110 4069 4067
f 4108 4067 4065
f 4106 4065 4063
f 4104 4063 4061
f 4102 4061 4059
f 4100 4059 4057
f 4098 4057 4055
f 4096 4055 4053
f 4094 4053 4051
f 4092 4051 4049
f 4090 4049 4047
f 4088 4047 4045
f 4086 4045 4044
f 2832 2833 4128
f 4128 2828 4130
f 4130 2826 2825
f 4043 3942 4131
f 4041 4131 4132
f 4039 4132 4133
f 4037 4133 4134
f 4035 4134 4135
f 4033 4135 4136
f 4031 4136 4137
f 4029 4137 4138
f 4027 4138 4139
f 4025 4139 4140
f 4023 4140 4141
f 4021 4141 4142
f 4019 4142 4002
f 4017 4002 3811
f 4015 3811 3810
f 4013 3810 3784
f 4011 3784 3782
f 4009 3782 3780
f 4007 3780 3832
f 4005 3832 3858
f 4004 3858 3860
f 4003 3860 3862
f 3548 3862 3845
f 3549 3845 3844
f 3826 3844 3856
f 3553 3856 3855
f 3551 3855 3854
f 4044 3854 3838
f 4084 3838 3837
f 3902 3837 3545
f 3863 3545 3877
f 3864 3877 3878
f 3866 3878 3879
f 3884 3879 3880
f 3883 3880 3899
f 3881 3899 3348
f 1512 1511 3523
f 3523 2798 4143
f 4146 4145 4147
f 1554 4144 1584
f 1584 4146 1597
f 1597 4148 1350
f 4144 3523 4143
f 4145 4143 4149
f 4150 4151 4152
f 4152 4153 4154
f 4154 2787 2789
f 4152 2789 2791
f 4150 2791 2793
f 4143 2787 4153
f 4149 4153 4151
f 4155 4151 4150
f 3515 4150 2793
f 4156 3521 4157
f 4157 3520 4158
f 4160 4158 3520
f 4161 3520 3519
f 3522 1356 1354
f 1499 1504 4162
f 4162 1506 1508
f 1500 4163 1502
f 4164 3517 4165
f 3516 4167 3517
f 3517 4168 4165
f 4162 3522 4169
f 4170 4169 4171
f 4172 4171 4173
f 4175 4176 4177
f 4177 4178 4179
f 4181 4175 4177
f 4182 4177 4179
f 4184 2783 4185
f 4186 4187 4188
f 4188 4189 4190
f 4190 4191 4192
f 4195 4194 4196
f 4192 4193 4195
f 4197 4195 4196
f 4199 4200 4198
f 4198 4201 4197
f 4197 4202 4192
f 4192 4203 4190
f 4190 4167 4188
f 4188 3516 4186
f 4173 4204 4205
f 4207 1486 1490
f 4208 1490 1489
f 4209 1489 1492
f 4210 1492 1494
f 4211 1494 1496
f 1473 1472 3925
f 3925 1475 4212
f 4212 1477 4213
f 4213 1479 1481
f 4213 1484 1488
f 4206 1488 1487
f 1731 1730 3937
f 3937 3924 4214
f 4214 3925 4215
f 4215 4212 4216
f 4216 4213 4217
f 4217 4206 4218
f 4218 4207 4219
f 4219 4208 4220
f 4220 4209 4221
f 4221 4210 4222
f 4222 4211 4163
f 4163 1503 1502
f 4219 4223 3514
f 4218 3514 3513
f 4217 3513 3917
f 4216 3917 3920
f 4215 3920 3929
f 4214 3929 3927
f 3937 3927 3926
f 4205 4204 4224
f 4224 4225 4226
f 4226 4227 4228
f 4231 4230 4228
f 4232 4228 4227
f 4226 3510 3509
f 4224 3509 4233
f 4234 4235 4236
f 4236 4237 4238
f 4238 4239 4240
f 4240 4241 4174
f 4243 3511 3510
f 4244 3510 4228
f 4245 4228 4230
f 4246 4230 4229
f 4174 4173 4240
f 4240 4205 4238
f 4238 4233 4236
f 4236 3509 4234
f 4234 3511 4248
f 4248 4242 4249
f 4248 3933 3923
f 4234 3923 3919
f 4235 3919 3512
f 4237 3512 3514
f 4239 3514 4223
f 4241 4223 4220
f 4174 4220 4221
f 4172 4221 4222
f 4170 4222 4163
f 4162 4163 1499
f 4169 4166 4165
f 4171 4165 4168
f 4173 4168 4167
f 4204 4167 4203
f 4225 4203 4202
f 4227 4202 4201
f 4232 4201 4200
f 4231 4200 4199
f 2755 2757 4185
f 4185 2759 4250
f 4250 2769 4251
f 4251 2768 4252
f 4254 4180 4181
f 4255 4181 4182
f 4256 4182 4183
f 4257 4183 4258
f 4259 4258 4260
f 4261 4260 4262
f 4252 2766 2765
f 4264 4265 4266
f 4266 4267 4268
f 4268 4269 4270
f 4270 4271 4272
f 2765 2763 4263
f 4263 2762 4274
f 4274 2774 2773
f 4275 2773 2771
f 4277 4253 4278
f 4278 4254 4279
f 4279 4255 4280
f 4280 4256 4281
f 4281 4257 4282
f 4282 4259 4283
f 4283 4261 4284
f 4284 4262 4285
f 4285 4286 4287
f 4287 4288 4289
f 4289 4290 4291
f 4291 4292 4293
f 4293 4294 4295
f 4295 4296 4297
f 4297 4298 4299
f 4302 4301 4303
f 4304 4303 4305
f 4306 4305 4307
f 4308 4307 4309
f 4310 4309 4311
f 4312 4311 4313
f 4314 4313 4315
f 4316 4315 4317
f 4318 4317 4319
f 4320 4319 4321
f 4322 4321 4323
f 4324 4323 4325
f 4326 4325 4327
f 4328 4327 4329
f 4330 4329 4156
f 4331 4156 4157
f 4332 4157 4158
f 4333 4158 4159
f 4333 4334 4277
f 4332 4277 4278
f 4331 4278 4279
f 4330 4279 4280
f 4328 4280 4281
f 4326 4281 4282
f 4324 4282 4283
f 4322 4283 4284
f 4320 4284 4285
f 4318 4285 4287
f 4316 4287 4289
f 4314 4289 4291
f 4312 4291 4293
f 4310 4293 4295
f 4308 4295 4297
f 4306 4297 4299
f 4304 4299 3659
f 4302 3659 3640
f 4300 3640 3638
f 4335 3638 3636
f 4336 3636 3634
f 4276 2770 3603
f 4337 3603 3605
f 3611 3605 3608
f 3612 3608 3629
f 3641 3629 3630
f 3643 3630 3631
f 3645 3631 3632
f 4161 1509 4160
f 4160 1351 4159
f 4159 1350 4334
f 4334 4148 4277
f 4277 4147 4253
f 4253 4149 4180
f 4180 4155 4175
f 4175 3515 4176
f 4176 2784 4178
f 4178 2783 4179
f 4179 4184 4183
f 4183 4185 4258
f 4258 4250 4260
f 4260 4251 4262
f 4262 4252 4286
f 4286 4263 4288
f 4288 4274 4290
f 4290 4275 4292
f 4292 4276 4294
f 4294 4337 4296
f 4296 3611 4298
f 4298 3600 4299
f 4299 3599 3659
f 3659 3649 3658
f 3658 3650 3657
f 3657 3651 3656
f 3656 3652 3655
f 3655 3653 3654
f 4340 4339 4341
f 4342 4341 4343
f 4344 4343 4345
f 4346 4345 4347
f 4348 4347 4349
f 4350 4349 4351
f 4339 4264 4341
f 4341 4266 4343
f 4343 4268 4345
f 4345 4270 4347
f 4347 4272 4349
f 4349 4273 4351
f 4355 4354 4356
f 4357 4356 4358
f 4359 4358 4360
f 4361 4360 4362
f 4363 4362 4364
f 4365 4364 4366
f 4367 4366 4368
f 4369 4368 4370
f 4371 4370 4372
f 4373 4372 4374
f 4375 4374 4376
f 4377 4376 4378
f 4379 4378 4380
f 4381 4380 4382
f 4383 4382 4384
f 4356 4338 4340
f 4358 4340 4342
f 4360 4342 4344
f 4362 4344 4346
f 4364 4346 4348
f 4366 4348 4350
f 4368 4350 4352
f 4301 4353 4303
f 4303 4355 4305
f 4305 4357 4307
f 4307 4359 4309
f 4309 4361 4311
f 4311 4363 4313
f 4313 4365 4315
f 4315 4367 4317
f 4317 4369 4319
f 4319 4371 4321
f 4321 4373 4323
f 4323 4375 4325
f 4325 4377 4327
f 4327 4379 4329
f 4329 4381 4156
f 4156 4383 3521
f 3521 4384 3519
f 4267 4385 4247
f 4269 4247 4229
f 4271 4229 4199
f 4273 4199 4198
f 4351 4198 4196
f 4352 4196 4194
f 4370 4194 4193
f 4372 4193 4191
f 4374 4191 4189
f 4376 4189 4187
f 4378 4187 4186
f 4380 4186 3518
f 4382 3518 4164
f 4384 4164 4166
f 3519 4166 3522
f 4161 3522 1353
f 3533 3534 3531
f 3531 4386 3935
f 3935 4387 4388
f 4388 4389 4390
f 4390 4391 4392
f 4393 3935 4388
f 4394 4388 4390
f 4395 4390 4392
f 4397 4398 4399
f 4399 4396 4400
f 4400 4392 4401
f 3596 3617 4402
f 4402 3616 4403
f 4403 3614 4404
f 4404 3506 4405
f 4405 3508 4406
f 4406 4407 4408
f 4408 4409 4397
f 4397 4410 4398
f 3617 3598 4411
f 3615 4411 4412
f 3613 4412 4413
f 3507 4413 4414
f 3508 4414 4415
f 4407 4415 4416
f 4409 4416 4417
f 3973 3525 3990
f 3990 3524 4418
f 4418 3979 4419
f 4419 4420 4421
f 4421 4422 4423
f 4423 4424 4425
f 4425 4426 4427
f 4428 3990 4418
f 4429 4418 4419
f 4430 4419 4421
f 4431 4421 4423
f 4432 4423 4425
f 4433 4425 4427
f 3988 4435 3987
f 3987 4436 3986
f 3986 4437 3985
f 3985 4438 3984
f 3984 3535 3983
f 3983 3533 3982
f 3982 3532 3981
f 3981 3934 3980
f 3980 3936 3979
f 3979 4393 4420
f 4420 4394 4422
f 4422 4395 4424
f 4424 4396 4426
f 4426 4398 4427
f 4427 4410 4434
f 3696 3576 3697
f 3697 3578 3695
f 3695 3579 3694
f 3694 3581 3693
f 3693 4439 3687
f 3687 4440 4441
f 4441 4442 4443
f 4443 4444 4445
f 4445 4446 4447
f 4447 4448 3597
f 3597 4449 3598
f 3598 4450 4411
f 4411 4451 4412
f 4412 4452 4413
f 4413 4453 4414
f 4414 4454 4415
f 4415 4455 4416
f 4416 4456 4417
f 4417 4457 4434
f 4434 4458 4433
f 4433 3991 4432
f 4432 3993 4431
f 4431 3995 4430
f 4430 3997 4429
f 4429 3999 4428
f 4428 4001 3989
f 3881 3341 3340
f 3888 3340 3338
f 3889 3338 2944
f 3911 3887 4459
f 4459 3889 4460
f 4460 2943 2942
f 3744 4461 3729
f 3755 3729 3731
f 3756 3731 3733
f 3562 3733 3735
f 3563 3735 3737
f 3746 3737 2056
f 3747 2056 2055
f 3796 2055 2026
f 3795 2026 2025
f 4462 2836 4120
f 4120 2835 2834
f 3778 4462 4120
f 4127 4120 4119
f 4126 4119 4129
f 4125 4129 4128
f 4124 4128 4130
f 4123 4130 2825
f 4122 2825 2821
f 4121 2821 2824
f 3961 2824 2823
f 3610 3618 3625
f 3625 3619 3624
f 3624 3660 3628
f 3628 3592 3627
f 3627 3591 3626
f 3626 3665 3632
f 3632 3667 3647
f 3647 3583 3648
f 3648 3582 3653
f 3653 3687 3654
f 3654 4441 3633
f 3633 4443 3634
f 3634 4445 4336
f 4336 4447 4335
f 4335 3597 4300
f 4300 3596 4301
f 4301 4402 4353
f 4353 4403 4354
f 4354 4404 4338
f 4338 4405 4339
f 4339 4406 4264
f 4264 4408 4265
f 4265 4397 4385
f 4385 4399 4247
f 4247 4400 4246
f 4246 4401 4245
f 4245 4391 4244
f 4244 4389 4243
f 4243 4387 4242
f 4242 4386 4249
f 4249 3534 3933
f 3933 3535 3932
f 3932 4438 3931
f 3931 4437 3930
f 3930 4436 3928
f 3928 4435 3926
f 3926 3988 3939
f 3939 3947 3940
f 3940 3946 3941
f 3941 3944 3942
f 3942 3943 4131
f 4131 3948 4132
f 4132 3949 4133
f 4133 3950 4134
f 4134 3952 4135
f 4135 3978 4136
f 4136 3977 4137
f 4137 3976 4138
f 4138 3975 4139
f 4139 3974 4140
f 4140 3973 4141
f 4141 3989 4142
f 4142 4001 4002
f 4002 4000 3785
f 3785 3998 3773
f 3773 3996 3772
f 3772 3994 3771
f 3771 3992 3770
f 3770 3991 3764
f 3764 4458 3762
f 3762 4457 3760
f 3760 4456 3758
f 3758 4455 3743
f 3743 4454 4461
f 4461 4453 3729
f 3729 4452 3730
f 3730 4451 3725
f 3725 4450 3727
f 3727 4449 3728
f 3728 4448 3720
f 3720 4446 3718
f 3718 4444 3716
f 3716 4442 3757
f 3757 4440 3741
f 3741 4439 3706
f 3706 3581 3705
f 3705 3580 3704
f 3704 3709 3575
f 3575 3710 3573
f 2647 1976 1975
f 4466 4467 4468
f 4472 4473 4474
f 4476 3586 3686
f 4479 4480 4481
f 4483 4484 4485
f 4487 4488 4489
f 4493 4494 4495
f 4499 4500 4501
f 4502 4503 4504
f 4506 4507 4508
f 4512 4513 4514
f 4516 4517 4518
f 4519 3698 3700
f 4521 4522 4515
f 3708 4523 3711
f 3711 4524 3573
f 4513 4512 4526
f 4526 4527 4528
f 4530 4510 4509
f 4531 4532 4530
f 4530 4533 4529
f 4525 3573 4524
f 4534 4524 4535
f 4536 4535 4537
f 4538 4537 4539
f 4540 4539 4541
f 4542 4541 4543
f 4545 4546 4547
f 4547 4548 4549
f 4551 4545 4547
f 4552 4547 4549
f 2155 4554 2157
f 4556 4557 4558
f 4558 4559 4560
f 4560 4555 4561
f 2143 2150 4557
f 4557 2153 4559
f 4559 2152 4555
f 2155 2065 4554
f 4554 2064 4544
f 4563 4553 4549
f 4564 4549 4548
f 4565 4548 4546
f 4566 4546 4567
f 4544 2158 2062
f 4542 2062 2061
f 4540 2061 2164
f 4538 2164 2166
f 4536 2166 2159
f 4534 2159 2161
f 4525 2161 2162
f 3742 2162 2163
f 4570 4569 4571
f 4572 4571 4573
f 4575 4568 4576
f 4576 4570 4577
f 4577 4572 4578
f 4578 4574 4579
f 4582 4581 4583
f 4579 4583 4584
f 4578 4584 4585
f 4583 4586 4584
f 4584 4587 4585
f 4585 4588 4577
f 4577 4506 4576
f 4576 4508 4575
f 4591 4590 4495
f 4592 4495 4494
f 4594 4593 4595
f 4597 4497 4496
f 4598 4496 4594
f 4599 4594 4595
f 4601 4495 4602
f 4602 4590 4603
f 4603 4589 4604
f 4604 2726 2725
f 4603 2725 2723
f 4504 4605 4502
f 4502 4492 4501
f 4501 4606 4499
f 4487 4489 4608
f 4608 4609 4610
f 4574 4611 4612
f 4579 4612 4613
f 4582 4613 4614
f 4581 4615 4583
f 4583 4616 4586
f 4586 4617 4587
f 4587 4618 4588
f 4588 4619 4506
f 4506 4620 4507
f 4566 4621 4622
f 4565 4622 4623
f 4564 4623 4624
f 4563 4624 4625
f 4492 4491 4606
f 4606 4626 4607
f 4607 4627 4628
f 4562 2139 2137
f 2132 2130 4629
f 4629 2129 4627
f 4627 2134 4628
f 4628 2136 2140
f 4632 4631 4633
f 4636 4635 4637
f 4639 4634 4640
f 4640 4636 4641
f 4636 4630 4632
f 4641 4632 4633
f 2133 2132 4639
f 4639 4629 4634
f 4634 4627 4635
f 4635 4626 4637
f 4637 4491 4638
f 4638 4490 4630
f 1985 4641 4642
f 1983 1982 4641
f 4641 2125 4640
f 4640 2127 4639
f 4639 2128 2133
f 4580 4643 4644
f 4581 4644 4645
f 4615 4645 4646
f 4616 4646 4610
f 4617 4610 4609
f 4618 4609 4489
f 4619 4489 4488
f 4485 4484 4647
f 4650 4649 4651
f 4652 4651 4493
f 4493 4495 4652
f 4652 4601 4650
f 4650 4653 4648
f 4648 4654 4655
f 4658 4657 4659
f 4660 4659 4661
f 4657 4665 4659
f 4659 4666 4661
f 4668 4669 4644
f 4644 4486 4645
f 4645 4642 4646
f 4646 4633 4610
f 4610 4631 4608
f 4608 4630 4487
f 4487 4490 4488
f 4488 4492 4620
f 4620 4605 4507
f 4507 4504 4508
f 4508 4505 4575
f 4672 4671 4673
f 1980 4671 4676
f 4676 4670 4677
f 4671 1979 1978
f 4673 1978 1984
f 4648 4662 4664
f 4649 4664 4678
f 1984 1988 4673
f 4673 4674 4672
f 4672 4675 4670
f 4670 4663 4677
f 4677 4662 4482
f 4482 4655 2645
f 4653 2718 2717
f 4654 2717 2643
f 4655 2643 2644
f 4668 4674 4669
f 4669 1988 4486
f 4486 1987 1986
f 4603 2712 2714
f 4602 2714 2716
f 4601 2716 2721
f 4679 4680 4681
f 4683 4684 4685
f 4686 4683 4687
f 4688 4687 4689
f 4689 4690 4691
f 4691 4692 4693
f 4693 4694 4511
f 4511 4695 4509
f 4509 4696 4531
f 4531 4697 4532
f 4683 4699 4687
f 4687 4698 4690
f 4690 4701 4692
f 4692 4567 4694
f 4694 4546 4695
f 4695 4545 4696
f 4696 4550 4697
f 4702 4681 4703
f 4704 4703 4705
f 4706 4705 4707
f 4484 4643 4647
f 4647 4614 4709
f 4709 4613 4710
f 4710 4612 4711
f 4711 4611 4712
f 4712 4573 4713
f 4713 4571 4714
f 4714 4569 4715
f 4715 4568 4700
f 4700 4575 4698
f 4698 4505 4701
f 4701 4503 4567
f 4567 4502 4621
f 4621 4500 4622
f 4622 4499 4623
f 4623 4607 4624
f 4624 4628 4625
f 4625 2140 2139
f 4719 4720 4481
f 4481 4721 4479
f 4718 4723 4724
f 4480 4479 4725
f 4725 4721 4726
f 4726 4720 4727
f 4727 4728 4729
f 2346 4728 4720
f 2345 4720 4719
f 4730 4498 4731
f 4731 4497 4732
f 4732 4596 4733
f 4735 4717 4716
f 4736 4716 4724
f 4737 4724 4723
f 4738 4723 4722
f 4739 4722 4740
f 4741 4740 4742
f 4744 2341 2329
f 4722 4745 4746
f 4740 4746 4744
f 4742 4744 2329
f 2338 2340 4729
f 4728 2349 2350
f 4729 2350 2415
f 4747 4748 4734
f 4734 4480 4717
f 4717 4725 4718
f 4718 4726 4745
f 4745 4727 4746
f 4746 4729 4744
f 4744 2340 2341
f 3670 4749 4750
f 3671 4750 4751
f 3684 4751 4752
f 3669 4753 4749
f 4749 4754 4750
f 4750 4755 4751
f 4751 4756 4752
f 4516 4757 4758
f 4759 4758 4760
f 4761 4760 4762
f 4764 4765 4766
f 4766 4767 4768
f 4478 4477 4769
f 4477 4463 4770
f 4769 4770 4771
f 4765 4772 4767
f 4767 4762 4769
f 4769 4760 4478
f 4478 4758 4464
f 4464 4757 4465
f 4465 4518 4747
f 4747 4517 4748
f 3686 4752 4773
f 4475 3682 4476
f 4476 3587 3586
f 4515 3696 4519
f 4521 4519 4520
f 3700 3715 4520
f 4520 3714 4774
f 4774 3713 4475
f 4475 3712 3683
f 4753 3590 4775
f 4754 4775 4763
f 4755 4763 4762
f 4756 4762 4772
f 4752 4772 4765
f 4773 4765 4764
f 4476 4764 4776
f 4475 4776 4777
f 4774 4777 4778
f 4521 4778 4779
f 4780 4781 4782
f 4782 4783 4784
f 4469 4472 4786
f 4788 4785 4783
f 4789 4783 4781
f 4792 4791 4793
f 4794 4793 4795
f 4470 4466 4471
f 4471 4468 4797
f 4797 4796 4798
f 4469 4786 4470
f 4470 4799 4466
f 4466 4800 4467
f 4786 4474 4801
f 4799 4801 4802
f 4803 4804 4805
f 4805 4806 4807
f 4807 4808 4514
f 4514 4809 4512
f 4512 4810 4527
f 4800 4803 4805
f 4467 4805 4807
f 4468 4807 4514
f 4796 4514 4513
f 4794 4513 4526
f 4792 4526 4528
f 4791 4811 4793
f 4793 4812 4795
f 4795 4813 4798
f 4798 4814 4797
f 4797 4815 4471
f 4471 4787 4469
f 4469 4788 4472
f 4472 4789 4473
f 4791 4779 4778
f 4811 4778 4777
f 4812 4777 4776
f 4813 4776 4764
f 4814 4764 4766
f 4815 4766 4768
f 4787 4768 4771
f 4785 4771 4770
f 4784 4770 4463
f 4782 4463 4465
f 4780 4465 4747
f 4482 2647 1975
f 4677 1975 1974
f 4676 1974 1981
f 2067 2147 4556
f 4556 2146 4557
f 4557 2144 2143
f 4651 4600 4595
f 4493 4595 4593
f 4494 4593 4496
f 4592 4496 4498
f 4591 4498 4730
f 4589 4730 4816
f 2328 2337 4742
f 4742 2335 4743
f 4743 2334 2332
f 4523 3707 4515
f 4524 4515 4522
f 4535 4522 4779
f 4537 4779 4790
f 4539 4790 4528
f 4541 4528 4527
f 4543 4527 4810
f 4817 4810 4809
f 4818 4809 4808
f 4819 4808 4806
f 4820 4806 4804
f 4821 4804 4803
f 4822 4803 4802
f 4823 4802 4801
f 4824 4801 4474
f 4825 4474 4473
f 4826 4473 4789
f 4682 4789 4781
f 4681 4781 4780
f 4703 4780 4747
f 4705 4747 4734
f 4707 4734 4735
f 4708 4735 4736
f 4733 4736 4737
f 4732 4737 4738
f 4731 4738 4739
f 4730 4739 4741
f 4816 4741 4743
f 4604 4743 2332
f 2068 2067 4562
f 4562 4556 4553
f 4553 4558 4552
f 4552 4560 4551
f 4551 4561 4550
f 4550 4554 4697
f 4697 4544 4532
f 4532 4543 4533
f 4533 4817 4529
f 4529 4818 4510
f 4510 4819 4511
f 4511 4820 4693
f 4693 4821 4691
f 4691 4822 4689
f 4689 4823 4688
f 4688 4824 4686
f 4686 4825 4684
f 4684 4826 4685
f 4685 4682 4683
f 4683 4680 4699
f 4699 4679 4700
f 4700 4702 4715
f 4715 4704 4714
f 4714 4706 4713
f 4713 4708 4712
f 4712 4733 4711
f 4711 4596 4710
f 4710 4597 4709
f 4709 4598 4647
f 4647 4599 4485
f 4485 4600 4483
f 4483 4678 4656
f 4656 4664 4657
f 4657 4663 4665
f 4665 4675 4666
f 4666 4668 4667
f 4667 4644 4661
f 4661 4643 4660
f 4660 4484 4658
f 4658 4483 4656
f 4830 4831 4832
f 4836 4837 4838
f 4842 4837 4843
f 4846 4845 4847
f 4851 4852 4853
f 4857 4858 4859
f 4863 4864 4865
f 4869 4870 4871
f 4875 4876 4877
f 4881 4882 4883
f 4887 4888 4889
f 4891 4892 4893
f 4891 4894 4895
f 4895 4896 4897
f 4897 4898 4899
f 4899 4900 4901
f 4902 4900 4903
f 4904 4903 4905
f 4906 4905 4907
f 4909 4910 4911
f 4911 4912 4913
f 4915 4916 4831
f 4827 4919 4828
f 4828 4920 4917
f 4922 4834 4833
f 4924 4925 4926
f 4926 4927 4928
f 4928 4929 4930
f 4931 4930 4932
f 4932 4933 4934
f 4935 4933 4936
f 4937 4936 4938
f 4940 4941 4942
f 4943 4940 4944
f 4945 4944 4890
f 4890 4946 4889
f 4950 4951 4952
f 4952 4953 4954
f 4957 4956 4958
f 4950 4958 4959
f 4955 4960 4961
f 4962 4960 4963
f 4963 4964 4965
f 4964 4967 4968
f 4881 4883 4969
f 4971 4970 4972
f 4880 4972 4973
f 4974 4946 4975
f 4975 4944 4976
f 4976 4940 4977
f 4977 4942 4978
f 4880 4979 4980
f 4981 4982 4983
f 4985 4974 4975
f 4986 4975 4976
f 4987 4976 4977
f 4988 4977 4978
f 4990 4991 4992
f 4875 4994 4995
f 4995 4996 4997
f 4997 4998 4999
f 4999 5000 5001
f 5002 4875 4995
f 5003 4995 4997
f 5004 4997 4999
f 5005 4999 5001
f 4973 4969 4878
f 4878 4883 4879
f 4879 5007 4979
f 4979 4983 4980
f 4980 4982 4871
f 5010 5009 4966
f 5012 5013 5014
f 5014 5015 5016
f 5020 5021 5022
f 5022 5011 4870
f 4870 5009 4871
f 4871 5008 4980
f 4980 5010 4971
f 5023 5024 5025
f 5014 5026 5027
f 5012 5027 5028
f 5029 5028 5030
f 5031 5030 5032
f 5017 5019 5034
f 5034 5035 5036
f 5036 5037 5038
f 5041 5040 5042
f 5043 5042 5044
f 4870 5018 5022
f 5022 5017 5020
f 5020 5034 5043
f 5043 5036 5041
f 5041 5038 5039
f 4990 4872 5047
f 5047 4874 5048
f 4929 5049 4930
f 4930 5050 4933
f 4933 5051 4936
f 4936 5052 4938
f 4938 5053 4939
f 5055 5045 5056
f 5056 4874 5057
f 5058 4868 5059
f 5059 4867 5060
f 4866 5055 5056
f 4867 5056 5057
f 5060 5057 4873
f 4990 5054 5053
f 4872 5053 5052
f 4873 5052 5051
f 5060 5051 5050
f 5059 5050 5049
f 5058 5049 4929
f 5064 5063 5065
f 5066 5065 5067
f 5061 5069 5070
f 5070 5062 5071
f 5072 4865 5073
f 5074 5073 5075
f 5076 5075 5077
f 5023 5025 5079
f 5079 5080 5081
f 5081 5082 5083
f 5083 5084 5085
f 5085 5086 4864
f 4864 5087 4865
f 4865 5088 5073
f 5073 5089 5075
f 5075 5090 5077
f 5093 5092 5078
f 5094 5078 5077
f 5095 5077 5090
f 4860 4857 4859
f 4861 4859 5097
f 5099 4862 4861
f 5100 4861 5097
f 4858 5091 4859
f 4859 5093 5097
f 5097 5094 5101
f 5102 4863 5103
f 5103 5072 5104
f 5104 5074 5105
f 5105 5076 5106
f 5106 5078 5107
f 5071 5062 5108
f 5108 5064 5109
f 5109 5066 5110
f 5110 5068 5111
f 4863 5040 5039
f 4864 5039 5038
f 5085 5038 5037
f 5083 5037 5035
f 5081 5035 5019
f 5079 5019 5018
f 5023 5018 4870
f 5024 4870 4869
f 5114 5113 5115
f 4851 4853 5117
f 4851 5118 5119
f 4852 5119 5120
f 4849 5122 5121
f 5121 5123 5124
f 5126 5127 5128
f 5131 5130 5132
f 5127 5129 5128
f 5128 5131 5134
f 5136 4848 4850
f 5137 4850 5121
f 4844 5121 5124
f 5138 5139 5140
f 5140 5141 5142
f 5144 5141 5139
f 5145 5139 5138
f 5147 4843 5148
f 5151 5150 5152
f 4856 5152 5153
f 4854 5153 5154
f 5155 5154 5156
f 5157 5156 5158
f 5159 5158 5142
f 5160 5142 5141
f 5161 5141 5143
f 5162 5143 5163
f 5164 5163 5165
f 5166 5165 5167
f 5148 5168 5169
f 5147 5169 5134
f 5146 5135 5145
f 5145 5136 5144
f 5144 5137 5143
f 5143 4844 5163
f 5163 4846 5165
f 5165 4847 5167
f 5167 5170 5171
f 5147 5131 5133
f 4843 5133 5172
f 5032 5173 5033
f 5033 5174 5175
f 5175 5176 5177
f 5177 5178 5179
f 5179 5180 5181
f 5181 5182 5183
f 5183 5184 5185
f 5185 5186 5187
f 5187 5188 5189
f 5189 5190 5191
f 5191 5192 5193
f 5193 5194 5195
f 5195 5196 5197
f 5199 5200 5201
f 5201 5202 5203
f 5203 5204 5205
f 5205 5206 5207
f 5207 5208 5209
f 5209 5210 5211
f 5211 5212 5213
f 5213 5214 5215
f 5215 5216 5217
f 5217 5218 5219
f 5219 5220 5221
f 5221 5222 5223
f 5223 5224 5225
f 5195 5098 5099
f 5193 5099 5100
f 5191 5100 5101
f 5189 5101 5095
f 5187 5095 5090
f 5185 5090 5089
f 5183 5089 5088
f 5181 5088 5087
f 5179 5087 5086
f 5177 5086 5084
f 5175 5084 5082
f 5033 5082 5080
f 5031 5080 5025
f 5029 5025 5024
f 5012 5024 4869
f 5013 4869 4871
f 5015 4871 4982
f 5016 4982 4981
f 5173 5225 5174
f 5174 5224 5176
f 5176 5222 5178
f 5178 5220 5180
f 5180 5218 5182
f 5182 5216 5184
f 5184 5214 5186
f 5186 5212 5188
f 5188 5210 5190
f 5190 5208 5192
f 5192 5206 5194
f 5194 5204 5196
f 5196 5202 5198
f 5226 5227 5228
f 5228 5229 5230
f 5067 5232 5068
f 5068 5233 5111
f 5111 5234 5235
f 5235 5236 5237
f 5237 5238 5239
f 5239 5240 5241
f 5241 5242 5243
f 5243 5231 5244
f 5244 5229 5245
f 5246 5247 5248
f 5248 5249 5250
f 5250 5251 5252
f 5252 5253 5254
f 5254 5255 5256
f 5256 5257 5258
f 5258 5259 5260
f 5260 5261 5262
f 5265 5264 5266
f 5267 5266 5246
f 5268 5246 5248
f 5269 5248 5250
f 5270 5250 5252
f 5271 5252 5254
f 5272 5254 5256
f 5275 5274 5276
f 5277 5276 5278
f 5279 5278 5280
f 5281 5280 5282
f 5283 5282 5284
f 5272 5273 5271
f 5271 5275 5270
f 5270 5277 5269
f 5269 5279 5268
f 5268 5281 5267
f 5267 5283 5265
f 5265 5285 5263
f 5171 4836 5286
f 5167 5286 5287
f 5288 4838 4837
f 5266 4841 4840
f 5246 4840 5289
f 5247 5289 5290
f 5249 5290 5291
f 5251 5291 5292
f 5253 5292 5293
f 5255 5293 5294
f 5257 5294 5295
f 5259 5295 5296
f 5261 5296 5297
f 5262 5297 5298
f 5299 5298 5300
f 5302 5303 5304
f 5304 5305 5306
f 5306 5307 5308
f 5069 4866 4868
f 5062 4868 5058
f 5063 5058 4929
f 5065 4929 4927
f 5067 4927 4925
f 5232 4925 5309
f 5233 5309 5310
f 5234 5310 5311
f 5236 5311 5312
f 5238 5312 5313
f 5240 5313 5314
f 5242 5314 5302
f 5231 5302 5304
f 5230 5304 5306
f 5228 5306 5308
f 5263 5315 5264
f 5264 5316 4841
f 4841 5317 4839
f 4839 5318 5319
f 5319 5320 5321
f 5321 5322 5323
f 5323 5324 5325
f 5328 5327 5329
f 5330 5329 5331
f 5330 5332 5333
f 5334 5333 5335
f 5336 5335 5337
f 5339 5327 5340
f 5340 5326 5341
f 4838 5342 5343
f 4836 5343 5344
f 5125 5126 5124
f 5124 5128 4845
f 4845 5134 4847
f 4847 5169 5170
f 5170 5168 5171
f 5339 5345 5327
f 5327 5346 5329
f 5329 5347 5331
f 5316 5341 5326
f 5317 5326 5328
f 5318 5328 5330
f 5320 5330 5334
f 5322 5334 5336
f 5324 5336 5338
f 5299 5348 5349
f 5262 5349 5350
f 5260 5350 5351
f 5258 5351 5352
f 5256 5352 5353
f 5272 5353 5354
f 5273 5354 5355
f 5274 5355 5356
f 5276 5356 5357
f 5278 5357 5358
f 5280 5358 5359
f 5282 5359 5360
f 5361 4835 5362
f 5362 4834 5363
f 5363 4921 5364
f 4856 5361 5362
f 5151 5362 5363
f 5149 5363 5364
f 5348 4923 5349
f 5349 4833 5350
f 5350 4835 5351
f 5351 5361 5352
f 5352 4855 5353
f 5353 4854 5354
f 5354 5155 5355
f 5355 5157 5356
f 5356 5159 5357
f 5357 5160 5358
f 5358 5161 5359
f 5359 5162 5360
f 5360 5164 5284
f 5284 5166 5285
f 5285 5287 5263
f 5263 5286 5315
f 5315 5344 5341
f 5341 5343 5340
f 5340 5342 5339
f 5116 4829 4828
f 5366 4828 4918
f 4830 5368 4831
f 4831 5369 4915
f 5371 5369 5368
f 4853 5368 5372
f 5120 5112 4852
f 4852 5114 4853
f 4853 5116 5371
f 5371 5366 5370
f 5370 5367 5369
f 5369 5373 4915
f 5375 4913 4914
f 4907 4914 5376
f 4916 5377 4831
f 4831 4909 4832
f 4832 4911 5378
f 5378 4913 5379
f 4891 4893 4894
f 4894 5380 4896
f 4896 5381 4898
f 4898 5382 4900
f 4900 5383 4903
f 4903 5384 4905
f 4905 5385 4907
f 4907 5386 5375
f 5375 5387 5374
f 5149 4919 4827
f 5150 4827 4829
f 5152 4829 5115
f 5153 5115 5113
f 5154 5113 5112
f 5156 5112 5120
f 5158 5120 5119
f 5142 5119 5118
f 5140 5118 5117
f 5138 5117 5372
f 5146 5372 5368
f 5135 5368 4830
f 4848 4830 4832
f 4849 4832 5378
f 5122 5378 5379
f 5123 5379 5374
f 5125 5374 5387
f 5126 5387 5386
f 5127 5386 5385
f 5129 5385 5384
f 5130 5384 5383
f 5132 5383 5382
f 5133 5382 5381
f 5172 5381 5380
f 4842 5380 4893
f 4955 4957 4960
f 4960 5388 4964
f 4964 5389 4966
f 4954 5391 4882
f 4952 4882 4881
f 4950 4881 4969
f 4957 4969 4973
f 5388 4973 4972
f 5389 4972 4970
f 5046 5006 5048
f 5048 5001 5047
f 5047 5000 4990
f 4990 4998 4991
f 4991 4996 4993
f 4993 4994 5392
f 5392 4875 5393
f 5393 4877 5394
f 5394 5395 5396
f 5396 5397 4949
f 4949 4886 4947
f 4948 4887 4949
f 4949 4889 5396
f 5396 4946 5394
f 5394 4974 5393
f 5393 4984 5392
f 5392 4985 4993
f 4993 4986 4992
f 4992 4987 5054
f 5054 4988 4939
f 4939 4989 4937
f 5243 5199 5201
f 5241 5201 5203
f 5239 5203 5205
f 5237 5205 5207
f 5235 5207 5209
f 5111 5209 5211
f 5110 5211 5213
f 5109 5213 5215
f 5108 5215 5217
f 5071 5217 5219
f 5070 5219 5221
f 5061 5221 5223
f 5055 5223 5225
f 5045 5225 5173
f 5046 5173 5032
f 5006 5032 5030
f 5005 5030 5028
f 5004 5028 5027
f 5003 5027 5026
f 5002 5026 4981
f 4876 4981 4983
f 4877 4983 5007
f 5395 5007 4883
f 5397 4883 4882
f 4886 4882 5391
f 4884 5391 5390
f 5324 5398 5399
f 5325 5399 5400
f 5401 5400 5402
f 5403 5402 5404
f 5405 5404 5406
f 5407 5406 5408
f 5409 5408 5410
f 5411 5410 5412
f 4924 5300 4925
f 4925 5298 5309
f 5309 5297 5310
f 5310 5296 5311
f 5311 5295 5312
f 5312 5294 5313
f 5313 5293 5314
f 5314 5292 5302
f 5302 5291 5303
f 5303 5290 5305
f 5305 5289 5307
f 5307 4840 5308
f 5308 4839 5226
f 5226 5319 5227
f 5227 5321 5245
f 5245 5323 5244
f 5244 5325 5199
f 5199 5401 5200
f 5200 5403 5198
f 5198 5405 5197
f 5197 5407 5098
f 5098 5409 4862
f 4862 5411 4860
f 4860 5413 5096
f 5414 5415 4748
f 5415 5416 4480
f 4480 5417 4481
f 4481 5418 5419
f 4719 5419 5420
f 2360 5420 4966
f 4966 5011 2364
f 2364 5021 2363
f 2363 5020 2362
f 2362 5044 2361
f 2361 5042 5040
f 2421 5040 5102
f 2754 5102 5103
f 2753 5104 2463
f 2463 5105 2464
f 2464 5106 2497
f 2497 5107 2498
f 2498 5092 2471
f 2471 5091 2472
f 5096 2495 2496
f 4857 2496 2472
f 4858 2472 5091
f 5410 1288 2293
f 5412 2293 2493
f 5413 2493 2494
f 5404 5402 945
f 5404 944 943
f 5406 943 942
f 5408 942 941
f 5400 952 5402
f 951 947 5402
f 5402 946 945
f 927 923 5399
f 5399 924 5400
f 5400 925 952
f 5398 818 817
f 5335 5333 887
f 5335 881 821
f 5337 821 820
f 5338 820 919
f 827 826 5331
f 5331 891 5332
f 5332 890 889
f 5333 889 888
f 5331 5347 827
f 827 5346 871
f 871 5345 854
f 854 5339 855
f 855 5342 870
f 870 5288 868
f 868 4837 866
f 5424 5425 5426
f 5426 5428 5429
f 5430 5431 5432
f 5432 5433 5427
f 5427 5434 5428
f 5421 5435 5436
f 5437 5436 5438
f 5430 5438 5439
f 2782 1391 1398
f 1362 2776 1663
f 1663 5441 1664
f 1664 5442 1436
f 1436 5443 1437
f 1437 5444 1439
f 1439 5445 1432
f 1432 5446 1434
f 1434 5447 1435
f 1435 5448 1428
f 1428 5449 1426
f 1426 5450 1427
f 1427 5451 1833
f 1833 5452 1834
f 1834 5453 1423
f 1423 5454 1421
f 1421 5455 1363
f 1363 5456 1364
f 1364 5457 1420
f 1420 5458 1418
f 1418 5459 1366
f 1366 5460 1798
f 1798 5461 1772
f 1772 5462 5463
f 5465 2782 1398
f 5466 1398 1397
f 5467 1397 1396
f 5468 1396 1370
f 5469 1370 1372
f 5470 1372 1401
f 5471 1401 1403
f 5472 1403 1405
f 5473 1405 1406
f 5474 1406 1407
f 5475 1407 1409
f 5476 1409 1412
f 5477 1412 1413
f 5478 1413 1846
f 5479 1846 1367
f 5480 1367 1414
f 5481 1414 1415
f 5482 1415 1417
f 5483 1417 1416
f 5463 1416 1756
f 4462 5484 5485
f 5485 2831 2836
f 4462 3777 5484
f 5484 3775 5487
f 5487 3916 3915
f 5488 3915 3913
f 5489 3913 3912
f 5489 3905 3907
f 5490 3907 3909
f 5491 3909 3910
f 3911 4459 5491
f 5491 4460 5492
f 5492 2942 5493
f 5493 2941 5494
f 5494 3357 5495
f 2963 5496 5497
f 5495 3366 3368
f 5498 3368 2951
f 5499 2951 2953
f 5500 2953 2955
f 5497 2955 2957
f 2963 2962 5496
f 5496 2960 5501
f 2976 4837 5502
f 2977 5502 5503
f 2978 5503 5504
f 2964 5504 5501
f 2965 5501 2960
f 5506 2815 2820
f 2820 5507 5508
f 5486 5509 2831
f 2831 5510 2829
f 2829 5511 2827
f 2827 5512 2819
f 2819 5513 5507
f 5515 2809 2811
f 5505 2811 2813
f 5516 2805 5514
f 5514 2807 2809
f 5516 2801 2803
f 5440 2776 5518
f 5518 2775 5517
f 5517 2816 2801
f 3589 3595 5521
f 5522 3595 3618
f 4759 4761 5523
f 4761 4763 5524
f 5524 4775 5521
f 5521 3590 3589
f 5525 4748 4517
f 5523 4517 4516
f 3610 3609 5522
f 5522 3607 5526
f 5526 3606 5527
f 5422 2785 5528
f 3606 3604 5527
f 5527 3602 5425
f 5425 2770 5426
f 5426 2772 5427
f 5427 2761 5432
f 5432 2764 5430
f 5430 2767 5437
f 5437 2760 5421
f 5421 2758 5422
f 5422 2756 2786
f 2782 5529 2781
f 2781 5530 5531
f 2781 5532 5533
f 2777 5533 5534
f 2777 5535 5536
f 5537 5538 2777
f 2777 5539 2780
f 2780 5540 5519
f 2780 5541 5542
f 5542 5543 2778
f 2778 5544 5545
f 2778 5546 5547
f 2779 5547 5548
f 2799 5548 5549
f 2800 5549 5550
f 2788 5550 5551
f 2790 5551 5552
f 5553 2796 2794
f 2794 5552 5554
f 5553 5555 2796
f 2796 5556 2797
f 2797 5557 2785
f 2785 5558 5528
f 5420 5419 5560
f 5564 5565 5566
f 5570 5571 5572
f 5576 5577 5578
f 5433 5431 5582
f 5584 5585 5586
f 5558 5557 5590
f 5594 5595 5596
f 5600 5601 5602
f 4885 4884 5604
f 5608 5609 5603
f 5613 5614 5612
f 5618 5619 5620
f 5300 4924 5622
f 5626 5627 5625
f 4917 4920 5631
f 4922 4923 5633
f 5635 5636 5637
f 5640 5639 5641
f 5643 5644 5645
f 5649 5650 5651
f 5655 5491 5492
f 5414 5525 5657
f 5491 5655 5490
f 5661 5492 5493
f 5662 5564 5663
f 5664 5663 5665
f 5666 5665 5667
f 5668 5667 5661
f 5661 5493 5669
f 5669 5494 5495
f 5672 5673 5674
f 5674 5675 5676
f 5676 5677 5678
f 5678 5679 5680
f 5682 5672 5674
f 5683 5674 5676
f 5686 5685 5687
f 5688 5687 5689
f 5690 5689 5691
f 5692 5691 5693
f 5695 5696 5697
f 5700 5699 5701
f 5702 5701 5703
f 5704 5703 5705
f 5706 5705 5707
f 5708 5707 5709
f 5697 5711 5698
f 5698 5712 5699
f 5713 5670 5714
f 5715 5714 5716
f 5717 5716 5718
f 5719 5718 5720
f 5721 5720 5722
f 5659 5658 5670
f 5670 5724 5714
f 5714 5725 5716
f 5716 5726 5718
f 5718 5727 5720
f 5720 5728 5722
f 5729 5652 5730
f 5732 5733 5654
f 5654 5734 5652
f 5652 5684 5730
f 5730 5686 5731
f 5731 5688 5735
f 5735 5690 5736
f 5736 5692 5737
f 5737 5694 5738
f 5738 5739 5740
f 5740 5741 5742
f 5745 5744 5746
f 5747 5746 5748
f 5711 5749 5712
f 5712 5748 5750
f 5750 5746 5751
f 5646 5648 5752
f 5752 5753 5754
f 5757 5756 5758
f 5759 5758 5732
f 5761 5753 5648
f 5762 5648 5647
f 5765 5764 5766
f 5767 5766 5768
f 5649 5651 5770
f 5770 5643 5771
f 5771 5645 5772
f 5650 5763 5765
f 5651 5765 5767
f 5643 5767 5769
f 5774 5775 5776
f 5502 4837 5774
f 5774 4892 5775
f 5775 4891 5642
f 5642 4895 4897
f 4904 5777 5778
f 5779 5780 5781
f 4901 5778 5782
f 4899 5782 5783
f 5642 5783 5784
f 5732 5758 5733
f 5733 5785 5734
f 5734 5786 5684
f 5684 5787 5685
f 5789 5780 5779
f 5773 5650 5646
f 5646 5649 5647
f 5647 5770 5762
f 5762 5771 5761
f 5761 5772 5760
f 5760 5791 5781
f 5781 5792 5779
f 5779 5793 5790
f 5768 5774 5769
f 5769 5776 5644
f 5644 5784 5645
f 5645 5783 5772
f 5772 5782 5791
f 5791 5778 5792
f 5792 5777 5793
f 5793 4906 4908
f 5685 5797 5798
f 5687 5798 5799
f 5689 5799 5800
f 5691 5800 5801
f 5636 5797 5637
f 5637 5787 5802
f 5802 5786 5803
f 5803 5785 5638
f 5638 5758 5639
f 5639 5756 5641
f 5804 5805 5806
f 5806 5807 5808
f 5788 5808 5807
f 5809 5807 5805
f 5810 5805 5804
f 5811 5804 5812
f 5794 5796 5813
f 5813 5814 5815
f 5815 5816 5817
f 5817 5818 5819
f 5796 4916 4915
f 5814 4915 5373
f 5816 5373 5367
f 4914 4912 5795
f 5795 4910 5796
f 5796 4909 5377
f 5821 5629 5628
f 4921 4922 5632
f 5632 5633 5823
f 5823 5824 5825
f 5825 5826 5827
f 5827 5828 5829
f 5829 5830 5831
f 5831 5832 5833
f 5833 5834 5835
f 5835 5836 5837
f 5839 5819 5840
f 5840 5818 5841
f 5841 5816 5631
f 5631 4918 4917
f 5844 5843 5845
f 5847 5630 5629
f 5848 5629 5820
f 5850 5846 5851
f 5851 5847 5627
f 5627 5848 5838
f 5838 5849 5837
f 5843 5822 5628
f 5845 5628 5630
f 5852 5630 5846
f 5853 5846 5850
f 5855 5856 5857
f 5857 5858 5859
f 5862 5861 5863
f 5863 5864 5865
f 5865 5866 5867
f 5867 5868 5869
f 5872 5871 5873
f 5874 5873 5875
f 5876 5875 5877
f 5879 5521 5522
f 5880 5881 5882
f 5882 5624 5883
f 5625 5624 5626
f 5626 5881 5884
f 5884 5880 5885
f 5885 5886 5887
f 5887 5888 5889
f 5559 5300 5622
f 5890 5622 5891
f 5892 5891 5893
f 5895 5896 5897
f 5897 5898 5899
f 5899 5900 5901
f 5903 5895 5897
f 5904 5897 5899
f 5905 5899 5901
f 5907 5908 5909
f 5905 5910 5911
f 5904 5911 5912
f 5903 5912 5913
f 5902 5913 5914
f 4924 4926 5622
f 5622 5908 5891
f 5891 5907 5893
f 5918 5917 5919
f 5921 5922 5923
f 5925 5926 5927
f 5927 5928 5929
f 5929 5930 5931
f 5931 5932 5933
f 5936 5935 5937
f 5938 5937 5939
f 5940 5939 5941
f 5942 5941 5943
f 5945 5946 5947
f 5947 5948 5949
f 5951 5952 5953
f 5953 5954 5950
f 5950 5955 5949
f 5949 5956 5947
f 5947 5957 5945
f 5584 5926 5585
f 5585 5925 5879
f 5879 5927 5878
f 5878 5929 5959
f 5959 5931 5960
f 5960 5933 5961
f 5963 5934 5936
f 5964 5936 5938
f 5965 5938 5940
f 5966 5940 5942
f 5967 5942 5944
f 5920 5969 5970
f 5972 5621 5616
f 5921 5616 5615
f 5924 5973 5923
f 5923 5916 5921
f 5921 5918 5972
f 5972 5920 5971
f 5971 5970 5974
f 5977 5976 5906
f 5978 5906 5901
f 5979 5901 5900
f 5978 5980 5981
f 5977 5981 5982
f 5975 5982 5983
f 4978 5983 5982
f 4989 5982 5981
f 4937 5981 5980
f 5984 5985 5986
f 5986 5987 5988
f 5988 5989 5990
f 5621 5991 5992
f 5617 5992 5993
f 5615 5993 5987
f 5922 5987 5985
f 5924 5985 5984
f 5948 5984 5986
f 5950 5986 5988
f 5953 5988 5990
f 5968 5958 5967
f 5967 5957 5966
f 5966 5956 5965
f 5965 5955 5964
f 5964 5954 5963
f 5963 5952 5962
f 5415 5414 5656
f 5656 5657 5994
f 5997 5996 5998
f 5961 5998 5999
f 5960 5999 6000
f 5959 6000 6001
f 5878 6001 5524
f 5417 5416 5603
f 5603 5656 5608
f 5996 5609 5998
f 5998 5608 5999
f 5999 5994 6000
f 6000 5657 6001
f 6001 5523 5524
f 6003 5611 5610
f 5606 5605 6005
f 6005 6006 6007
f 6007 5618 6008
f 6008 5620 6009
f 6011 5607 5606
f 6012 5606 6005
f 6013 6005 6007
f 6014 6007 6008
f 6015 6008 6009
f 6016 6017 6018
f 6018 6019 6020
f 6020 5614 6021
f 6021 5613 5619
f 6023 6002 6003
f 6024 6003 6004
f 6026 5604 6027
f 6028 4885 5604
f 6016 5604 6026
f 4959 4958 6029
f 6029 6030 6031
f 6031 6032 6025
f 6025 6033 6024
f 6024 6034 6023
f 6023 6035 6022
f 6030 4956 4955
f 4884 5390 5604
f 5604 4954 6027
f 6027 4953 4951
f 5610 5614 6019
f 6004 6019 6017
f 6025 6017 6026
f 6031 6026 6027
f 6029 6027 4951
f 5933 6035 5961
f 5961 6034 5997
f 5997 6033 5995
f 5995 6032 5996
f 5996 6030 5609
f 5609 6036 5603
f 5603 5560 5418
f 4941 4943 6013
f 6013 4945 6012
f 6012 4890 6011
f 6011 4888 6010
f 6010 4887 4948
f 6021 5618 6006
f 6020 6006 5605
f 6018 5605 5607
f 6016 5607 6010
f 6028 6010 4948
f 4926 4928 5908
f 5908 4931 5909
f 5909 4932 4934
f 5898 5894 5893
f 5900 5893 5907
f 5979 5907 5909
f 5980 5909 4934
f 6037 6038 6039
f 6043 6044 6045
f 6047 6048 6049
f 6051 6052 6053
f 6053 6054 6055
f 6057 6055 6054
f 6058 6054 6052
f 6059 6052 6051
f 6060 6051 6048
f 6044 6048 6047
f 6061 6056 6062
f 6062 6057 6063
f 6063 6058 6064
f 6064 6059 6065
f 6065 6060 6066
f 6066 6044 6067
f 6067 6043 6068
f 6070 6041 6040
f 6072 6073 6074
f 6076 5602 5601
f 6078 6075 6079
f 6079 6076 6080
f 6080 6077 6072
f 6080 6074 6081
f 6079 6081 6082
f 6083 5600 6084
f 6084 5602 6085
f 6085 6075 6086
f 6086 6078 6087
f 6088 6069 6089
f 6089 6070 6090
f 6090 6071 6091
f 6094 6093 6095
f 6097 6098 6094
f 6094 6099 6092
f 6092 6100 6101
f 6102 5598 6103
f 6104 6103 6105
f 6107 6108 6109
f 6107 6110 6111
f 6096 6111 6112
f 6113 6108 6114
f 6114 6107 6115
f 6115 6096 6116
f 6116 6094 6117
f 6118 5597 6119
f 6119 5599 6120
f 6120 6102 6061
f 6061 6104 6056
f 6056 6106 6055
f 6055 6121 6053
f 6053 6122 6051
f 6051 6123 6048
f 6048 6124 6050
f 6125 5594 6126
f 6118 6126 6113
f 5597 6113 6114
f 5598 6114 6115
f 6103 6115 6116
f 6105 6116 6117
f 6106 6117 6095
f 6121 6095 6093
f 6122 6093 6092
f 6123 6092 6101
f 6039 6038 6127
f 6127 6128 6129
f 6129 6130 6131
f 6131 6132 6133
f 6133 6134 6135
f 6137 6088 6089
f 6138 6089 6090
f 6139 6090 6091
f 6141 6142 6143
f 6146 6145 6147
f 6148 6147 6149
f 6150 6149 6151
f 6147 6152 6153
f 6149 6153 6154
f 6155 6141 6156
f 6156 6143 6157
f 6159 6158 6160
f 5596 6159 5594
f 5594 6161 6126
f 6126 6162 6113
f 6113 6163 6108
f 6108 6164 6109
f 6167 6166 6168
f 6170 6171 6172
f 6172 6173 6165
f 6165 5591 6166
f 6166 5593 6168
f 6168 6159 6169
f 5548 6174 6171
f 6171 6175 6176
f 6173 6176 6177
f 5591 6177 6178
f 6170 5550 6171
f 6171 5549 5548
f 6181 6180 6182
f 6183 6182 6184
f 6185 6184 6186
f 6187 6186 6188
f 6189 6188 6190
f 6191 6190 6192
f 6193 6192 6194
f 6195 6194 6196
f 6197 6196 6198
f 6201 6200 6202
f 6203 6202 6204
f 6205 6204 6206
f 6207 6206 6208
f 6209 6208 6210
f 6211 6210 6212
f 6213 6212 6214
f 6215 6214 6216
f 6217 6216 6218
f 6219 6218 6220
f 5556 5555 6218
f 6224 6223 6225
f 6226 6225 6227
f 6228 6227 6229
f 6199 6229 6230
f 6200 6230 6231
f 6202 6231 6232
f 6204 6232 6233
f 6206 6233 6234
f 6208 6234 6235
f 6210 6235 6236
f 6212 6236 6237
f 6214 6237 6238
f 6216 6238 5590
f 6218 5590 5557
f 5551 6221 5552
f 5552 6220 5554
f 5554 6218 5553
f 5551 6179 6221
f 6221 6181 6219
f 6219 6183 6217
f 6217 6185 6215
f 6215 6187 6213
f 6213 6189 6211
f 6211 6191 6209
f 6209 6193 6207
f 6207 6195 6205
f 6205 6197 6203
f 6203 6198 6201
f 6240 6142 6141
f 6241 6141 6155
f 6242 6155 6243
f 6245 5435 6246
f 5582 5431 6247
f 5431 5439 6247
f 6247 5438 5436
f 5588 5587 6144
f 6144 6244 6145
f 6145 6243 6152
f 6152 6155 6153
f 6153 6156 6154
f 6154 6157 6151
f 6253 6252 6254
f 6255 6254 6256
f 6257 6256 6258
f 6259 6258 6260
f 6261 6260 6262
f 6263 6262 6264
f 5587 6251 6253
f 6244 6253 6255
f 6242 6255 6257
f 6241 6257 6259
f 6240 6259 6261
f 6239 6261 6263
f 6267 6266 6268
f 6269 6268 6270
f 6251 6269 6270
f 6252 6270 6271
f 6254 6271 6272
f 6256 6272 6273
f 6258 6273 6274
f 6260 6274 6275
f 6262 6275 6276
f 6264 6276 6277
f 5627 5626 5851
f 5851 5884 5850
f 5850 5885 5854
f 5854 5887 6281
f 6281 5889 6279
f 6281 6278 6282
f 5854 6282 6283
f 5853 6283 6284
f 5852 6284 6285
f 5845 6285 6286
f 6266 6287 6268
f 6268 6288 6270
f 6270 6289 6271
f 6271 6290 6272
f 6272 6291 6273
f 6273 6292 6274
f 6274 6293 6275
f 6275 6294 6276
f 6276 6295 6277
f 6246 6296 6245
f 6245 6295 6297
f 6297 6294 6298
f 6298 6293 6299
f 6299 6292 6300
f 6300 6291 6301
f 6301 6290 6302
f 6302 6289 6280
f 6280 6288 6278
f 6278 6287 6282
f 6282 6266 6283
f 6283 6265 6284
f 6305 6304 5583
f 6305 5425 5424
f 6306 6303 6307
f 6307 6305 6308
f 6308 5429 5428
f 6309 6248 6310
f 6311 6310 6312
f 6313 6312 6314
f 6315 6314 6316
f 6317 6316 6318
f 6319 6318 6320
f 6321 6320 6322
f 5855 5863 5856
f 5856 5865 5858
f 5858 5867 5859
f 5859 5869 6324
f 6324 6325 6326
f 6326 6327 6328
f 6328 6329 6330
f 6330 6306 6331
f 6331 6307 6332
f 6332 6308 6333
f 6333 5428 5434
f 6336 6335 6337
f 6339 6334 6336
f 5522 5526 5585
f 5585 6341 5586
f 6343 5870 5872
f 6344 5872 5874
f 6345 5874 5876
f 6337 5876 5877
f 6336 5877 6346
f 6340 6346 5586
f 6347 5586 6341
f 5971 6009 5620
f 5991 5620 5619
f 5992 5619 5613
f 5993 5613 5612
f 5987 5612 5611
f 5989 5611 6002
f 5990 6002 6022
f 5951 6022 6035
f 5962 6035 5933
f 5934 5933 5932
f 5935 5932 5930
f 5937 5930 5928
f 5939 5928 5926
f 5941 5926 5584
f 5943 5584 5586
f 5944 5586 6346
f 5968 6346 5877
f 5958 5877 5875
f 5945 5875 5873
f 5946 5873 5871
f 5984 5871 5870
f 5924 5870 6342
f 5526 5527 6341
f 6341 5583 6347
f 6347 6304 6340
f 6340 6303 6339
f 6339 6306 6338
f 6338 6329 6334
f 6334 6327 6335
f 6335 6325 6337
f 6337 5869 6345
f 6345 5868 6344
f 6344 5866 6343
f 6343 5864 6342
f 6342 5863 5973
f 5973 5861 5916
f 5916 5860 5917
f 5889 6322 6320
f 6279 6320 6318
f 6280 6318 6316
f 6302 6316 6314
f 6301 6314 6312
f 6300 6312 6310
f 6299 6310 6248
f 6298 6248 5582
f 6297 5582 6247
f 6245 6247 5436
f 5623 5969 5883
f 5883 5920 5882
f 5882 5919 5880
f 5880 5917 5886
f 5886 5860 5888
f 5888 5862 6322
f 6322 5855 6323
f 6323 5857 6321
f 6321 5859 6319
f 6319 6324 6317
f 6317 6326 6315
f 6315 6328 6313
f 6313 6330 6311
f 6311 6331 6309
f 6309 6332 6249
f 6249 6333 5582
f 5582 5434 5433
f 6350 6349 6351
f 6355 6356 6357
f 6360 6359 6355
f 6361 6355 6357
f 6359 6362 6363
f 6365 5579 6366
f 6369 6368 6370
f 6371 6370 6372
f 6373 6372 6349
f 6374 6349 6348
f 6356 6355 6376
f 6376 6377 6378
f 6378 6379 6380
f 6380 6381 6382
f 6383 6382 6384
f 6386 6387 5577
f 6390 6389 6391
f 6386 5576 6392
f 6394 6395 6396
f 6396 6397 6398
f 6398 6399 6400
f 6400 6401 6402
f 6403 6404 6405
f 6407 6394 6396
f 6408 6396 6398
f 6409 6398 6400
f 6410 6400 6402
f 6364 6352 6411
f 6359 6411 6412
f 6355 6412 6413
f 6377 6413 6414
f 6379 6414 6415
f 6381 6415 6416
f 6382 6416 6388
f 6384 6388 6390
f 6417 6390 6391
f 5508 6419 5506
f 5506 6420 5505
f 6422 6367 6369
f 5515 6369 6371
f 5514 6371 6373
f 5516 6373 6374
f 5517 6374 6375
f 5571 5573 6423
f 6424 6386 6393
f 6426 6427 6425
f 6425 6428 6424
f 6424 6429 6387
f 6387 6430 5577
f 6433 6432 6418
f 6403 6418 6391
f 6404 6391 6389
f 6426 6435 6436
f 6437 6438 6439
f 6439 6440 6441
f 6442 6443 6441
f 6441 6444 6434
f 6434 6445 6435
f 6393 6446 6447
f 6425 6447 6448
f 6426 6448 6449
f 6434 6449 6450
f 6441 6450 6451
f 6452 6453 6454
f 6454 6455 6456
f 6456 6457 6458
f 6447 6459 6452
f 6448 6452 6454
f 6449 6454 6456
f 6450 6456 6458
f 5551 5550 6179
f 6179 6170 6180
f 6180 6172 6182
f 6182 6165 6184
f 6184 6167 6186
f 6186 6169 6188
f 6188 5596 6190
f 6190 5595 6192
f 6192 6125 6194
f 6194 6118 6196
f 6196 6119 6198
f 6198 6120 6201
f 6201 6061 6199
f 6199 6062 6228
f 6228 6063 6226
f 6226 6064 6224
f 6224 6460 6222
f 6222 6461 6462
f 6462 6463 6464
f 6464 6431 6465
f 6465 6433 6466
f 6466 6403 6467
f 6467 6405 6468
f 6067 6437 6439
f 6066 6439 6451
f 6065 6451 6458
f 6064 6458 6457
f 6460 6457 6455
f 6461 6455 6453
f 6463 6453 6452
f 6431 6452 6459
f 6432 6459 6446
f 6418 6446 6392
f 6417 6392 5576
f 6384 5576 5578
f 6469 6470 6471
f 6474 6473 6475
f 6476 6475 6477
f 6478 6477 6479
f 6480 6479 6481
f 6482 6481 6483
f 6484 6483 6485
f 6486 6485 6487
f 6037 6488 6489
f 6490 6489 6491
f 6493 6135 6494
f 6494 6134 6495
f 6495 6132 6136
f 6136 6130 6088
f 6088 6128 6069
f 6069 6038 6041
f 6041 6037 6042
f 6486 6140 6484
f 6484 6091 6482
f 6482 6071 6480
f 6480 6040 6478
f 6478 6042 6476
f 6476 6490 6474
f 6474 6492 6472
f 6250 5590 6238
f 6496 6238 6237
f 6497 6237 6236
f 6498 6236 6235
f 6499 6235 6234
f 6500 6234 6233
f 6501 6233 6232
f 6502 6232 6231
f 6493 6231 6230
f 6135 6230 6229
f 6133 6229 6227
f 6131 6227 6225
f 6129 6225 6223
f 6127 6223 6222
f 6039 6222 6462
f 6488 6462 6464
f 6489 6464 6465
f 6491 6465 6466
f 6492 6466 6467
f 6472 6467 6468
f 6419 6503 6504
f 6504 6505 6506
f 6506 6507 6508
f 6508 6509 6510
f 6419 5507 5513
f 6503 5513 5512
f 6505 5512 5511
f 6507 5511 5510
f 6509 5510 5509
f 6511 6512 6513
f 6513 6514 6515
f 6515 6516 6517
f 6517 6518 6519
f 6519 6520 6421
f 6421 6521 6367
f 6367 6522 6368
f 6368 6523 6370
f 6370 6524 6372
f 6509 5485 5568
f 6510 5568 5567
f 5484 6525 6526
f 6422 5505 6420
f 6421 6420 6419
f 6519 6419 6504
f 6517 6504 6506
f 6515 6506 6508
f 6513 6508 6510
f 6511 6510 5567
f 6529 6528 6530
f 6531 6530 6532
f 6533 6532 6534
f 5573 5575 6423
f 6423 6536 6537
f 6537 6538 6539
f 6539 6540 6541
f 6541 6542 6543
f 6543 6544 6545
f 6545 6546 6547
f 6547 6548 6549
f 5572 6423 6537
f 6550 6537 6539
f 6551 6539 6541
f 6552 6541 6543
f 6553 6543 6545
f 6554 6545 6547
f 6555 6547 6549
f 6557 6558 6559
f 6559 6560 6561
f 6561 6562 6527
f 6527 6563 6528
f 6528 6564 6530
f 6530 6565 6532
f 6532 6566 6534
f 6534 6567 6535
f 5570 5572 6535
f 6535 6550 6533
f 6533 6551 6531
f 6531 6552 6529
f 6529 6553 6527
f 6527 6554 6561
f 6561 6555 6559
f 6559 6556 6557
f 6409 5574 5573
f 6408 5573 5571
f 6407 5571 5570
f 6406 5570 6567
f 6568 6567 6566
f 6569 6566 6565
f 6570 6565 6564
f 6571 6564 6563
f 6572 6563 6562
f 6573 6562 6560
f 6574 6560 6558
f 6577 6576 6578
f 5569 6578 6579
f 5567 6579 6580
f 6511 6580 6581
f 5655 6582 5490
f 5490 6583 5489
f 5489 6584 5488
f 5488 6585 5487
f 5487 6586 6525
f 6584 6587 6575
f 6585 6575 6577
f 6586 6577 5569
f 6525 5569 5568
f 6526 5568 5485
f 5492 5661 5655
f 5655 5667 6582
f 6582 5665 6583
f 6583 5663 6587
f 6587 5564 6575
f 6575 5566 6576
f 6576 6588 6578
f 6578 6589 6579
f 6579 6590 6580
f 6580 6591 6581
f 5750 5723 5722
f 5712 5722 5728
f 5699 5728 5727
f 5701 5727 5726
f 5703 5726 5725
f 5705 5725 5724
f 5707 5724 5658
f 5709 5658 5660
f 5710 5660 6592
f 6593 6592 6594
f 6595 6594 6596
f 5696 5695 6598
f 6598 6599 6600
f 6600 6601 6602
f 6602 6603 6604
f 6604 6605 6606
f 6606 6607 6608
f 6608 6609 6610
f 6610 6611 6612
f 6612 6613 6614
f 6614 6615 6616
f 5659 6617 6618
f 5660 6618 6619
f 6592 6619 6620
f 6594 6620 6621
f 5697 5698 5695
f 5695 5700 6599
f 6599 5702 6601
f 6601 5704 6603
f 6603 5706 6605
f 6605 5708 6607
f 6607 5710 6609
f 6609 6593 6611
f 6611 6595 6613
f 6613 6597 6615
f 5496 5743 5745
f 5497 5745 5747
f 5500 5747 5749
f 5499 5749 5711
f 5498 5711 5697
f 5495 5697 5696
f 5669 5696 6598
f 5668 6598 6600
f 5666 6600 6602
f 5664 6602 6604
f 5662 6604 6606
f 5565 6606 6608
f 5566 6608 6610
f 6588 6610 6612
f 6589 6612 6614
f 6590 6614 6616
f 5579 5581 6366
f 6366 6622 6623
f 6623 6624 6625
f 6625 6626 6627
f 6627 6628 6629
f 6629 6630 6631
f 6631 6632 6633
f 6633 6634 6635
f 6635 6636 6637
f 6637 6638 6639
f 6639 6640 6641
f 6641 6642 6643
f 6643 5562 6644
f 6644 5561 6645
f 6402 6366 6623
f 6410 6623 6625
f 5574 6625 6627
f 5575 6627 6629
f 6536 6629 6631
f 6538 6631 6633
f 6540 6633 6635
f 6542 6635 6637
f 6544 6637 6639
f 6546 6639 6641
f 6548 6641 6643
f 6549 6643 6644
f 6556 6644 6645
f 6646 6647 6648
f 5811 5637 5802
f 5810 5802 5803
f 5809 5803 5638
f 5788 5638 5640
f 5780 5640 5641
f 5781 5641 5755
f 5760 5755 5757
f 5753 5757 5759
f 5754 5759 5732
f 6649 5732 5654
f 6650 5654 5653
f 6651 5653 5729
f 5680 5729 5731
f 5678 5731 5735
f 5676 5735 5736
f 5683 5736 5737
f 5682 5737 5738
f 5681 5738 5740
f 6648 5740 5742
f 6646 5742 6652
f 6653 6652 6654
f 6621 5563 6596
f 6596 5562 6597
f 6597 6642 6615
f 6615 6640 6616
f 6616 6638 6591
f 6591 6636 6581
f 6581 6634 6512
f 6512 6632 6514
f 6514 6630 6516
f 6516 6628 6518
f 6518 6626 6520
f 6520 6624 6521
f 6521 6622 6522
f 6522 5581 6523
f 6523 5580 6524
f 5503 5774 5768
f 5504 5768 5766
f 5501 5766 5764
f 5743 5764 5763
f 5744 5763 5773
f 5751 5773 5646
f 5723 5646 5752
f 5721 5752 5754
f 5719 5754 6649
f 5717 6649 6650
f 5715 6650 6651
f 5713 6651 5680
f 5671 5680 5679
f 6617 5679 5677
f 6618 5677 5675
f 6619 5675 5673
f 6620 5673 5672
f 6621 5672 5681
f 5563 5681 6648
f 5561 6648 6647
f 6645 6647 6646
f 6557 6646 6653
f 6558 6653 6655
f 6471 6470 6656
f 6656 6657 6658
f 6658 6659 6660
f 6660 6661 6662
f 6662 6663 6664
f 6666 6665 6668
f 5631 4919 5634
f 5841 5634 6669
f 5840 6669 6670
f 5839 6670 6671
f 6672 6671 6673
f 6674 6673 6675
f 6676 6675 6677
f 6678 6677 6679
f 6680 6679 6681
f 6682 6681 6683
f 6684 6683 6685
f 6686 6685 6687
f 6688 6687 6689
f 6690 6689 6668
f 6691 6668 6665
f 6664 6667 6666
f 6692 6666 6668
f 6664 6073 6072
f 6662 6072 6077
f 6660 6077 5601
f 6658 5601 5600
f 6656 5600 6083
f 4908 5376 5793
f 5793 4914 5790
f 5790 5795 5789
f 5789 5794 5808
f 5808 5813 5806
f 5806 5815 5804
f 5804 5817 5812
f 5812 5819 5635
f 5635 5839 5636
f 5636 6672 5797
f 5797 6674 5798
f 5798 6676 5799
f 5799 6678 5800
f 5800 6680 5801
f 5801 6682 5693
f 5693 6684 5694
f 5694 6686 5739
f 5739 6688 5741
f 5741 6690 5742
f 5742 6691 6652
f 6652 6665 6654
f 6654 6667 6655
f 6655 6663 6574
f 6574 6661 6573
f 6573 6659 6572
f 6572 6657 6571
f 6571 6470 6570
f 6570 6469 6569
f 6086 6487 6485
f 6085 6485 6483
f 6084 6483 6481
f 6083 6481 6479
f 6471 6479 6477
f 6469 6477 6475
f 6569 6475 6473
f 6568 6473 6468
f 6406 6468 6405
f 6394 6405 6404
f 6395 6404 6389
f 6397 6389 6388
f 6399 6388 6416
f 6401 6416 6415
f 6365 6415 6414
f 5579 6414 6413
f 5580 6413 6412
f 6524 6412 6411
f 6372 6411 6352
f 6349 6352 6354
f 4955 4961 6036
f 6036 4962 5560
f 5560 4963 4965
f 5560 4968 4967
f 5420 4967 4966
f 5633 5348 5559
f 5824 5559 5890
f 5826 5890 5892
f 5828 5892 5894
f 5830 5894 5896
f 5832 5896 5895
f 5834 5895 5902
f 5836 5902 5915
f 5838 5915 5914
f 5627 5914 5913
f 5625 5913 5912
f 5623 5912 5911
f 5969 5911 5910
f 5970 5910 5906
f 5974 5906 5976
f 6015 5976 5975
f 6014 5975 5983
f 6013 5983 4942
f 5365 5364 5634
f 5634 5632 6669
f 6669 5823 6670
f 6670 5825 6671
f 6671 5827 6673
f 6673 5829 6675
f 6675 5831 6677
f 6677 5833 6679
f 6679 5835 6681
f 6681 5837 6683
f 6683 5849 6685
f 6685 5820 6687
f 6687 5821 6689
f 6689 5822 6668
f 6668 5842 6692
f 6692 5844 6073
f 6073 6286 6074
f 6074 6285 6081
f 6081 6284 6082
f 6082 6265 6087
f 6087 6267 6487
f 6487 6269 6486
f 6486 5589 6140
f 6140 5588 6139
f 6139 6144 6138
f 6138 6146 6137
f 6137 6148 6136
f 6136 6150 6495
f 6495 6151 6494
f 6494 6157 6493
f 6493 6143 6502
f 6502 6142 6501
f 6501 6239 6500
f 6500 6263 6499
f 6499 6264 6498
f 6498 6277 6497
f 6497 6296 6496
f 6496 6246 6250
f 6250 5423 5528
f 6696 6697 6698
f 6702 6703 6704
f 6708 6709 6710
f 6714 6715 6716
f 6720 6721 6722
f 6726 6727 6728
f 6728 6729 6730
f 6734 6735 6736
f 6361 6738 6360
f 6046 6739 6045
f 6111 6110 6741
f 6178 6743 5592
f 5466 6745 5465
f 5456 5455 6747
f 5518 6749 5440
f 5440 6716 5441
f 5442 6716 6715
f 5443 6715 6714
f 6750 5446 5445
f 6750 5448 5447
f 5452 5451 6751
f 6751 5450 6752
f 5452 6751 5453
f 5453 6754 5454
f 5454 6755 5455
f 5458 6756 6757
f 5461 6746 5462
f 5460 6757 6758
f 6746 6758 6759
f 5462 6759 6760
f 5463 6760 6761
f 5483 6761 6762
f 5482 6762 6763
f 5481 6763 6764
f 5480 6764 6765
f 5479 6765 6766
f 5478 6766 6767
f 5474 5475 6768
f 6768 6769 6770
f 5474 6768 5473
f 5473 6770 5472
f 5472 6771 5471
f 5530 5529 6773
f 5464 5465 6773
f 6773 6745 6774
f 6776 5533 5532
f 6780 5519 5540
f 6782 6174 6783
f 6783 5548 6784
f 6784 5547 6781
f 6781 5546 5545
f 6782 6176 6175
f 6743 6178 6785
f 6786 6158 5593
f 6162 6787 6163
f 6098 6097 6788
f 6101 6790 6124
f 6124 6791 6050
f 6045 6792 6793
f 6442 6440 6794
f 6794 6438 6437
f 6795 6442 6794
f 6796 6794 6437
f 6793 6437 6068
f 6435 6445 6711
f 6711 6797 6712
f 6427 6709 6428
f 6429 6709 6708
f 5577 6799 5578
f 5578 6800 6385
f 6802 6378 6380
f 6357 6356 6803
f 6804 6358 6360
f 6364 6805 6353
f 6375 6348 6807
f 6810 6811 6812
f 6812 6813 6814
f 6781 6815 6816
f 6784 6816 6817
f 6783 6817 6785
f 6782 6785 6178
f 5592 6743 6818
f 6818 6785 6819
f 6819 6817 6820
f 6820 6816 6821
f 6821 6815 6822
f 6822 5544 6823
f 6823 5543 5542
f 5541 6827 5542
f 5542 6828 6823
f 6823 6829 6822
f 6822 6830 6821
f 6821 6831 6820
f 6820 6832 6819
f 6819 6786 6818
f 6818 5593 5592
f 6833 6786 6832
f 6834 6832 6831
f 6835 6831 6830
f 6836 6830 6829
f 6837 6829 6828
f 6838 6828 6827
f 6839 6827 5541
f 6780 5541 5520
f 6787 6840 6841
f 6842 6843 6844
f 6844 6845 6846
f 6846 6847 6848
f 6848 6849 6789
f 6841 6824 6742
f 6787 6742 6164
f 6110 6109 6741
f 6741 6742 6810
f 6810 6824 6811
f 6811 6826 6813
f 6789 6098 6788
f 6848 6788 6850
f 6846 6850 6851
f 6844 6851 6852
f 6843 6853 6845
f 6845 6854 6847
f 6847 6855 6849
f 6849 6856 6789
f 6789 6790 6100
f 6853 6857 6854
f 6854 6858 6855
f 6855 6859 6856
f 6856 6860 6790
f 6790 6861 6791
f 6808 6735 6862
f 6864 6809 6865
f 6865 6808 6866
f 6867 6868 6869
f 6734 6871 6735
f 6735 6872 6862
f 6862 6873 6863
f 6863 6874 6866
f 6866 6875 6865
f 6865 6876 6864
f 6877 6868 6878
f 6879 6878 6880
f 6733 6732 6882
f 6882 6883 6884
f 6732 6885 6886
f 6445 6444 6797
f 6797 6443 6887
f 6887 6795 6888
f 6888 6889 6890
f 6868 6891 6892
f 6878 6892 6893
f 6857 6809 6858
f 6858 6864 6859
f 6859 6876 6860
f 6860 6875 6861
f 6861 6874 6894
f 6894 6873 6881
f 6881 6872 6879
f 6879 6871 6877
f 6877 6870 6869
f 6880 6895 6896
f 6881 6896 6897
f 6894 6897 6898
f 6861 6898 6740
f 6791 6740 6049
f 6891 6890 6892
f 6892 6889 6893
f 6893 6795 6895
f 6895 6796 6896
f 6896 6793 6897
f 6897 6792 6898
f 6898 6739 6740
f 6740 6046 6047
f 6901 6902 6719
f 6719 6722 6717
f 6903 6904 6905
f 6905 6906 6907
f 6725 6720 6722
f 6908 6722 6902
f 6903 6902 6901
f 6909 6910 6911
f 6911 6912 6726
f 6726 6885 6727
f 6727 6731 6729
f 6907 6909 6905
f 6905 6911 6903
f 6903 6726 6908
f 6908 6728 6725
f 6725 6730 6723
f 6719 6900 6913
f 6901 6913 6914
f 6904 6914 6915
f 6906 6915 6916
f 6867 6884 6891
f 6891 6883 6890
f 6890 6886 6888
f 6888 6885 6887
f 6887 6912 6797
f 6797 6910 6712
f 6712 6909 6713
f 6713 6907 6917
f 5444 6918 5445
f 5445 6919 6750
f 6750 6920 6748
f 6748 6753 5449
f 6707 6706 6921
f 6921 6922 6923
f 6923 6924 6925
f 6925 6926 6927
f 6927 6928 6929
f 6932 6931 6933
f 6929 6933 6931
f 6934 6931 6930
f 6936 6937 6938
f 6938 6939 6940
f 6940 6941 6942
f 6942 6943 6944
f 6944 6945 6946
f 6946 6947 6948
f 6948 6949 6950
f 6936 6375 6807
f 6937 6807 6951
f 6939 6951 6952
f 6941 6952 6953
f 6943 6953 6954
f 6945 6954 6955
f 6947 6955 6956
f 5518 6936 6749
f 6749 6938 6716
f 6716 6940 6714
f 6714 6942 6957
f 6957 6944 6958
f 6958 6946 6959
f 6959 6948 6960
f 6960 6950 6961
f 6737 6353 6805
f 6962 6805 6963
f 6964 6963 6965
f 6966 6965 6967
f 6968 6967 6969
f 6970 6969 6971
f 6972 6971 6973
f 5577 6430 6799
f 6799 6708 6975
f 6975 6710 6976
f 6802 6385 6800
f 6977 6800 6799
f 6978 6799 6975
f 6979 6378 6801
f 6980 6801 6802
f 6981 6802 6977
f 6935 6977 6978
f 6934 6978 6975
f 6929 6975 6976
f 6361 6357 6738
f 6738 6803 6982
f 6982 6983 6984
f 6984 6985 6986
f 6804 6738 6982
f 6987 6982 6984
f 6988 6984 6986
f 6363 6362 6805
f 6805 6804 6963
f 6963 6987 6965
f 6965 6988 6967
f 6967 6989 6969
f 6969 6990 6971
f 6971 6991 6973
f 6806 6737 6962
f 6992 6962 6964
f 6993 6964 6966
f 6994 6966 6968
f 6995 6968 6970
f 6996 6970 6972
f 6997 6972 6974
f 6999 7000 7001
f 7003 6999 7004
f 7004 7001 7005
f 7005 7006 7007
f 7007 7008 7009
f 7009 7010 7011
f 7011 7012 7013
f 7013 7014 7015
f 7015 7016 7017
f 7017 7018 7019
f 7023 7024 7025
f 7022 7002 7004
f 7026 7004 7005
f 7027 7005 7007
f 7028 7007 7009
f 7029 7009 7011
f 7030 7011 7013
f 7031 7013 7015
f 7032 7015 7017
f 7033 7017 7019
f 7025 7020 7022
f 7034 7022 7026
f 7035 7026 7027
f 7036 7027 7028
f 7037 7028 7029
f 7038 7029 7030
f 7039 7030 7031
f 7040 7031 7032
f 7041 7032 7033
f 7040 7042 7043
f 7039 7043 7044
f 7038 7044 7045
f 7037 7045 7046
f 7036 7046 7047
f 7035 7047 7048
f 7034 7048 7049
f 7025 7049 7050
f 5455 6755 6747
f 6747 7051 7052
f 7033 7053 7054
f 7041 7054 7055
f 7042 7055 7056
f 7043 7056 7057
f 7044 7057 7058
f 7045 7058 7059
f 7046 7059 7060
f 7047 7060 7061
f 7048 7061 7062
f 7049 7062 7063
f 7050 7063 7064
f 7066 6705 6707
f 6899 6707 6921
f 6900 6921 6923
f 6913 6923 6925
f 6914 6925 6927
f 6915 6927 6976
f 6916 6976 6710
f 6917 6710 6709
f 6713 6709 6798
f 6711 6798 6427
f 6991 7067 6973
f 6973 7068 6974
f 6974 7069 6998
f 6998 7070 7071
f 7071 7072 7073
f 7073 7074 7075
f 7075 7076 7077
f 7077 7078 7079
f 6803 6376 6979
f 6983 6979 6980
f 6985 6980 6981
f 6986 6981 6935
f 6989 6935 6930
f 6990 6930 6932
f 6991 6932 6933
f 7067 6933 6928
f 7068 6928 6926
f 7069 6926 6924
f 7070 6924 6922
f 7072 6922 6706
f 7074 6706 6705
f 7076 6705 7065
f 5444 6714 6918
f 6918 6957 6919
f 6919 6958 6920
f 6920 6959 6753
f 6753 6960 6752
f 6752 6961 6751
f 6751 7080 6754
f 6754 7081 6755
f 6807 6350 6806
f 6951 6806 6992
f 6952 6992 6993
f 6953 6993 6994
f 6954 6994 6995
f 6955 6995 6996
f 6956 6996 6997
f 6949 6997 6998
f 6950 6998 7071
f 6961 7071 7073
f 7080 7073 7075
f 7081 7075 7077
f 6755 7077 7079
f 6842 7082 6843
f 6843 7083 6853
f 6853 7084 6857
f 6857 7085 6809
f 6809 7086 6736
f 6736 7087 6734
f 6734 7088 6870
f 6870 7089 6869
f 6869 7090 6867
f 6867 7091 6884
f 6884 7092 6882
f 6882 7093 6733
f 6733 7094 6729
f 6729 7095 6730
f 6730 7096 6723
f 6723 7064 6724
f 6724 7063 6720
f 6720 7062 6721
f 6721 7061 6717
f 6717 7060 6718
f 6718 7059 6899
f 6899 7058 7066
f 7066 7057 7065
f 7065 7056 7078
f 7078 7055 7079
f 7079 7054 7051
f 7051 7053 7052
f 7099 7098 7100
f 7101 7100 7102
f 6771 7102 5470
f 5466 5467 6745
f 6745 6772 6775
f 6775 7103 7104
f 7106 7097 7107
f 7107 7099 7108
f 7108 7101 7109
f 7109 6771 7110
f 6703 6702 7111
f 7111 7112 7113
f 7113 6777 5537
f 5537 6779 5538
f 5538 7114 5539
f 5539 7115 5540
f 5540 7116 6780
f 6780 7117 6839
f 6839 6814 6838
f 6838 6813 6837
f 6837 6826 6836
f 6836 6825 6835
f 6835 6840 6834
f 6834 6787 6833
f 6833 6161 6160
f 7113 5536 6744
f 7111 6744 7118
f 5535 5534 6744
f 6744 5533 7118
f 7118 6776 6703
f 6703 7119 6704
f 6704 7120 7121
f 7121 7122 6700
f 7121 6699 7123
f 6704 7123 7124
f 6702 7124 7125
f 7112 7125 7126
f 6777 7126 7127
f 5532 5531 6776
f 6776 5530 7119
f 7119 6773 7120
f 7120 6774 7122
f 7122 6775 6700
f 6700 7104 6701
f 6701 7105 6698
f 6768 7128 7129
f 6769 7129 7130
f 7110 7130 7131
f 7109 7131 7132
f 7108 7132 7133
f 7107 7133 7134
f 7106 7134 7135
f 7137 7135 7134
f 7138 7134 7133
f 7139 7133 7132
f 7140 7132 7131
f 7141 7131 7130
f 7142 7130 7129
f 7143 7129 7128
f 7145 7136 7146
f 7146 7137 7147
f 7147 7138 7148
f 7148 7139 7149
f 7149 7140 7150
f 7150 7141 7151
f 7151 7142 7152
f 7152 7143 6766
f 6766 7128 6767
f 6767 5476 5477
f 6701 6697 7153
f 6699 7153 7154
f 7123 7154 7155
f 7124 7155 7156
f 7125 7156 7157
f 7126 7157 7158
f 6695 6694 7144
f 7144 7159 7160
f 7160 7161 7162
f 7162 7163 7164
f 7164 7165 7166
f 7166 7167 7168
f 7168 7169 7170
f 7170 7171 7172
f 7172 7173 7174
f 7177 7176 7178
f 7179 7178 7180
f 7181 7180 7174
f 7182 7174 7173
f 7183 7173 7171
f 7184 7171 7169
f 7185 7169 7167
f 7186 7167 7165
f 7187 7165 7163
f 7188 7163 7161
f 7189 7161 7159
f 7190 7159 6694
f 7191 6694 6693
f 7192 7193 7191
f 7191 7194 7190
f 7190 7195 7189
f 7189 7196 7188
f 7188 7197 7187
f 7187 7198 7186
f 7186 7199 7185
f 7185 7200 7184
f 7184 7201 7183
f 7183 7202 7182
f 7182 7203 7181
f 7194 7204 7205
f 7195 7205 7206
f 7196 7206 7207
f 7197 7207 7208
f 7198 7208 7209
f 7199 7209 7210
f 7200 7210 7211
f 7201 7211 7212
f 7202 7212 7213
f 7203 7213 7214
f 7181 7214 7215
f 7179 7215 7216
f 7177 7216 7217
f 7175 7217 7218
f 6697 7144 7160
f 7153 7160 7162
f 7154 7162 7164
f 7155 7164 7166
f 7156 7166 7168
f 7157 7168 7170
f 7158 7170 7172
f 7127 7172 7174
f 6778 7174 7180
f 6779 7180 7178
f 7114 7178 7176
f 7115 7176 7175
f 7116 7175 7218
f 7023 7145 7024
f 7024 7146 7020
f 7020 7147 7021
f 7021 7148 7002
f 7002 7149 7003
f 7003 7150 6999
f 6999 7151 7000
f 7000 7152 7001
f 7001 6766 7006
f 7006 6765 7008
f 7008 6764 7010
f 7010 6763 7012
f 7012 6762 7014
f 7014 6761 7016
f 7016 6760 7018
f 7018 6759 7019
f 7019 6758 7053
f 7053 6757 7052
f 7052 6756 6747
f 6747 5457 5456
f 6788 6112 6741
f 6850 6741 6810
f 6851 6810 6812
f 6852 6812 6814
f 6842 6814 7117
f 7082 7117 7218
f 7083 7218 7217
f 7084 7217 7216
f 7085 7216 7215
f 7086 7215 7214
f 7087 7214 7213
f 7088 7213 7212
f 7089 7212 7211
f 7090 7211 7210
f 7091 7210 7209
f 7092 7209 7208
f 7093 7208 7207
f 7094 7207 7206
f 7095 7206 7205
f 7096 7205 7204
f 7064 7204 7193
f 7050 7193 7192
f 7023 7192 6693
f 7145 6693 6695
f 7136 6695 6696
f 7135 6696 6698
f 7106 6698 7105
f 7097 7105 7103
f 7098 7103 6772
f 7100 6772 5468
f 7102 5468 5469
f 7219 7220 7221
f 7225 7226 7227
f 7231 7232 7233
f 7236 7237 7238
f 7240 7241 7242
f 7246 7247 7248
f 7252 7253 7254
f 7254 7255 7256
f 7256 7257 7258
f 7258 7259 7260
f 7260 7250 7261
f 7262 7263 7264
f 7264 7265 7266
f 7266 7267 7268
f 7268 7269 7270
f 7270 7271 7272
f 7272 7273 7274
f 7274 7251 7275
f 7275 7250 7276
f 7276 7259 7277
f 7277 7257 7278
f 7278 7255 7279
f 7280 5485 7281
f 7281 7282 7283
f 7283 7284 7285
f 7285 7286 7287
f 7287 7288 7289
f 7289 7290 7291
f 7291 7292 7293
f 7293 7294 7295
f 7295 7296 7297
f 7298 7246 7299
f 7262 7299 7300
f 7220 7301 7221
f 7221 7302 7303
f 7303 7304 7305
f 7305 7306 7307
f 7307 7308 7309
f 7309 7310 7311
f 7311 7312 7313
f 7313 7248 7314
f 7314 7247 7315
f 7315 7298 7316
f 7316 7262 7317
f 7317 7264 7318
f 7318 7266 7319
f 7319 7268 7320
f 7320 7270 7321
f 7321 7272 7322
f 7322 7274 7323
f 7323 7275 7324
f 7324 7276 7325
f 7325 7277 7326
f 7326 7278 7327
f 7301 7328 7302
f 7302 7329 7304
f 7304 7330 7306
f 7306 7331 7308
f 7308 7332 7310
f 7310 7333 7312
f 7312 7334 7248
f 7248 7335 7246
f 7246 7336 7299
f 7299 7337 7300
f 7300 7338 7263
f 7263 7339 7265
f 7265 7340 7267
f 7267 7341 7269
f 7269 7342 7271
f 7271 7343 7273
f 7273 7344 7251
f 7251 7345 7249
f 7348 7349 7350
f 7350 7351 7352
f 7238 7353 7236
f 7236 7351 7354
f 7355 7356 7357
f 7359 7360 7361
f 7361 7362 7363
f 7363 7364 7365
f 7365 7366 7367
f 7367 7368 7348
f 7348 7369 7349
f 7349 7370 7354
f 7373 7372 7374
f 7375 7374 7376
f 7245 7347 7377
f 7378 7377 7379
f 7380 7379 7381
f 7240 7242 7383
f 7383 7384 7385
f 7385 7386 7387
f 7389 7387 7386
f 7390 7386 7384
f 7391 7384 7242
f 7392 7242 7241
f 7243 7245 7392
f 7392 7378 7391
f 7391 7380 7390
f 7390 7382 7389
f 7394 7371 7373
f 7395 7373 7375
f 7360 7399 7362
f 7362 7400 7364
f 7364 7401 7366
f 7366 7402 7368
f 7368 7403 7369
f 7369 7404 7370
f 7370 7405 7354
f 7354 7406 7236
f 7236 7396 7237
f 7237 7398 7239
f 7409 7408 7393
f 7410 7393 7394
f 7411 7394 7395
f 7414 7413 7415
f 7416 7415 7417
f 7418 7417 7358
f 7397 7358 7356
f 7398 7356 7355
f 7407 7409 7419
f 7419 7410 7388
f 7388 7411 7387
f 7387 7395 7385
f 7385 7375 7383
f 7383 7376 7240
f 7415 7420 7421
f 7417 7421 7422
f 7358 7422 7423
f 7424 7425 7426
f 7424 7427 7428
f 7429 7428 7430
f 7431 7430 7432
f 7433 7432 7434
f 7436 7437 7438
f 7438 7425 7439
f 7439 7424 7440
f 7440 7429 7441
f 7441 7431 7442
f 7442 7433 7443
f 7443 7435 7444
f 7444 7445 7446
f 7447 7446 7448
f 7449 7448 7450
f 7451 7450 7452
f 7453 7452 7454
f 7456 7457 7458
f 7458 7459 7460
f 7460 7461 7462
f 7462 7463 7464
f 7464 7465 7466
f 7466 7467 7468
f 7468 7469 7470
f 7470 7471 7472
f 7472 7455 7473
f 7474 7475 7476
f 7476 7477 7478
f 7478 7230 7479
f 7479 7229 7234
f 7482 7481 7483
f 7486 7485 7487
f 7488 7487 7489
f 7490 7489 7491
f 7492 7491 7493
f 7494 7493 7495
f 7496 7495 7497
f 7498 7497 7499
f 7500 7499 7501
f 7502 7501 7503
f 7504 7503 7505
f 7506 7505 7507
f 7509 7484 7510
f 7510 7486 7511
f 7511 7488 7512
f 7512 7490 7513
f 7513 7492 7514
f 7514 7494 7515
f 7515 7496 7516
f 7516 7498 7517
f 7517 7500 7518
f 7518 7502 7519
f 7519 7504 7520
f 7520 7506 7521
f 7521 7508 7522
f 7523 7225 7524
f 7525 7524 7526
f 7507 7527 7508
f 7508 7526 7522
f 7522 7524 7528
f 7528 7225 7529
f 7529 7227 7530
f 7530 7531 7532
f 7532 7533 7436
f 7436 7534 7437
f 7535 7222 7536
f 7537 7536 7538
f 7539 7538 7540
f 7541 7540 7542
f 7543 7542 7544
f 7545 7544 7546
f 7547 7546 7548
f 7549 7548 7550
f 7551 7550 7552
f 7553 7552 7554
f 7555 7554 7556
f 7557 7556 7558
f 7483 7558 7559
f 7231 7233 7235
f 7235 7560 7561
f 7561 7562 7563
f 7563 7564 7565
f 7565 7566 7567
f 7568 7230 7477
f 7569 7477 7475
f 7570 7475 7474
f 7571 7474 7572
f 7234 7235 7479
f 7479 7561 7478
f 7478 7563 7476
f 7476 7565 7474
f 7474 7567 7572
f 7566 7577 7567
f 7567 7578 7572
f 7572 7579 7573
f 7573 7580 7575
f 7575 7581 7576
f 7574 7582 7583
f 7584 7583 7585
f 7586 7585 7587
f 7588 7587 7589
f 7590 7589 7591
f 7592 7591 7593
f 7593 7595 7594
f 7594 7596 7597
f 7597 7598 7599
f 7599 7600 7601
f 7487 7480 7482
f 7489 7482 7559
f 7491 7559 7558
f 7493 7558 7556
f 7495 7556 7554
f 7497 7554 7552
f 7499 7552 7550
f 7501 7550 7548
f 7503 7548 7546
f 7505 7546 7544
f 7507 7544 7542
f 7527 7542 7540
f 7525 7540 7538
f 7523 7538 7536
f 7226 7536 7222
f 7227 7222 7224
f 7531 7224 7602
f 7533 7602 7603
f 7534 7603 7604
f 7437 7604 7605
f 7425 7605 7606
f 5425 7412 7607
f 7607 7414 7608
f 7608 7416 7609
f 7609 7418 7610
f 7610 7397 7611
f 7611 7396 7612
f 7612 7406 7613
f 7613 7405 7614
f 7614 7404 7615
f 7615 7403 7616
f 7616 7402 7617
f 7617 7401 7618
f 7618 7400 7408
f 7408 7399 7393
f 7393 7360 7371
f 7371 7359 7372
f 7620 7219 7221
f 7621 7221 7303
f 7622 7303 7305
f 7623 7305 7307
f 7624 7307 7309
f 7625 7309 7311
f 7626 7311 7313
f 7627 7313 7314
f 7628 7314 7315
f 7629 7315 7316
f 7630 7316 7317
f 7297 7317 7318
f 7295 7318 7319
f 7293 7319 7320
f 7291 7320 7321
f 7289 7321 7322
f 7287 7322 7323
f 7285 7323 7324
f 7283 7324 7325
f 7281 7325 7326
f 7280 7326 7327
f 7421 7456 7458
f 7422 7458 7460
f 7423 7460 7462
f 7357 7462 7464
f 7355 7464 7466
f 7239 7466 7468
f 7238 7468 7470
f 7353 7470 7472
f 7352 7472 7473
f 7350 7473 7454
f 7348 7454 7452
f 7367 7452 7450
f 7365 7450 7448
f 7363 7448 7446
f 7361 7446 7445
f 7359 7445 7435
f 7372 7435 7434
f 7374 7434 7432
f 7376 7432 7430
f 7240 7430 7428
f 7241 7428 7427
f 7243 7427 7426
f 7244 7426 7606
f 7346 7606 7605
f 7631 7605 7604
f 7632 7604 7603
f 7633 7603 7602
f 7634 7602 7224
f 7635 7224 7223
f 7636 7223 7535
f 7637 7535 7537
f 7601 7537 7539
f 7599 7539 7541
f 7597 7541 7543
f 7594 7543 7545
f 7592 7545 7547
f 7590 7547 7549
f 7588 7549 7551
f 7586 7551 7553
f 7584 7553 7555
f 7574 7555 7557
f 7575 7557 7483
f 7573 7483 7481
f 7571 7481 7480
f 7570 7480 7485
f 7569 7485 7484
f 7568 7484 7509
f 7577 7252 7578
f 7578 7254 7579
f 7579 7256 7580
f 7580 7258 7581
f 7581 7260 7576
f 7576 7261 7582
f 7582 7249 7583
f 7583 7345 7585
f 7585 7344 7587
f 7587 7343 7589
f 7589 7342 7591
f 7591 7341 7593
f 7593 7340 7595
f 7595 7339 7596
f 7596 7338 7598
f 7598 7337 7600
f 7600 7336 7601
f 7601 7335 7637
f 7637 7334 7636
f 7636 7333 7635
f 7635 7332 7634
f 7634 7331 7633
f 7633 7330 7632
f 7632 7329 7631
f 7631 7328 7346
f 7346 7301 7347
f 7347 7220 7377
f 7377 7219 7379
f 7379 7619 7381
f 7641 7642 7643
f 7645 7644 7647
f 7650 7651 7652
f 7654 7655 7656
f 7660 7661 7662
f 7666 7667 7668
f 7672 7673 7674
f 7678 7679 7680
f 7684 7685 7686
f 7690 7691 7692
f 7695 7696 7697
f 7695 7699 7696
f 7696 7700 7701
f 7703 7698 7696
f 7704 7696 7701
f 7707 7706 7708
f 7709 7708 7710
f 7711 7710 7712
f 7713 7712 7714
f 7715 7714 7716
f 7671 7720 7721
f 7722 7720 7723
f 7724 7723 7725
f 7726 7725 7727
f 7671 7670 7720
f 7720 7729 7723
f 7723 7730 7725
f 7725 7731 7727
f 7727 7732 7728
f 7735 7736 7737
f 7737 7738 7739
f 7739 7740 7741
f 7741 7742 7743
f 7743 7744 7745
f 7745 7746 7747
f 7747 7748 7749
f 7749 7717 7750
f 7750 7719 7751
f 7734 7733 7755
f 7755 7756 7757
f 7757 7758 7759
f 7759 7760 7761
f 7761 7762 7763
f 7763 7764 7754
f 7754 7765 7752
f 7767 7768 7769
f 7769 7770 7771
f 7773 7661 7660
f 7775 7774 7776
f 7776 7660 7777
f 7777 7662 7778
f 7780 7767 7769
f 7781 7769 7771
f 7649 7775 7783
f 7783 7776 7784
f 7784 7777 7785
f 7785 7778 7786
f 7788 7735 7737
f 7789 7737 7739
f 7790 7739 7741
f 7791 7741 7743
f 7792 7743 7745
f 7793 7745 7747
f 7794 7747 7749
f 7795 7749 7750
f 7796 7750 7751
f 7732 7798 7728
f 7728 7799 7800
f 7802 7787 7788
f 7803 7788 7789
f 7804 7789 7790
f 7805 7790 7791
f 7806 7791 7792
f 7800 7792 7793
f 7728 7793 7794
f 7726 7794 7795
f 7724 7795 7796
f 7722 7796 7797
f 7807 7801 7808
f 7808 7802 7809
f 7809 7803 7810
f 7810 7804 7811
f 7811 7805 7812
f 7812 7806 7813
f 7813 7800 7814
f 7666 7668 7766
f 7766 7815 7816
f 7816 7817 7818
f 7818 7819 7820
f 7821 7665 7822
f 7823 7822 7824
f 7825 7824 7826
f 7664 7766 7665
f 7665 7816 7822
f 7822 7818 7824
f 7824 7820 7826
f 7733 7717 7748
f 7756 7748 7746
f 7758 7746 7744
f 7760 7744 7742
f 7762 7742 7740
f 7764 7740 7738
f 7765 7738 7736
f 7752 7736 7735
f 7828 7735 7787
f 7829 7787 7801
f 7830 7801 7807
f 7654 7786 7827
f 7827 7778 7825
f 7825 7662 7823
f 7823 7661 7821
f 7821 7772 7663
f 7655 7827 7826
f 7832 7826 7820
f 7831 7820 7819
f 7830 7819 7817
f 7829 7817 7815
f 7828 7815 7668
f 7752 7668 7667
f 7833 7779 7834
f 7834 7780 7835
f 7835 7781 7659
f 7659 7782 7657
f 7657 7836 7837
f 7838 7657 7837
f 7656 7655 7840
f 7840 7832 7841
f 7841 7831 7842
f 7842 7807 7843
f 7843 7808 7844
f 7844 7809 7845
f 7845 7810 7846
f 7846 7811 7847
f 7847 7812 7848
f 7848 7813 7849
f 7849 7814 7850
f 7850 7799 7851
f 7851 7798 7852
f 7852 7732 7853
f 7853 7731 7854
f 7854 7730 7855
f 7855 7729 7856
f 7856 7670 7702
f 7702 7669 7698
f 7698 7857 7697
f 7859 7833 7834
f 7860 7834 7835
f 7861 7835 7659
f 7862 7659 7658
f 7863 7658 7838
f 7864 7838 7839
f 7866 7858 7867
f 7867 7859 7868
f 7868 7860 7869
f 7869 7861 7870
f 7870 7862 7871
f 7871 7863 7872
f 7872 7864 7873
f 7873 7865 7874
f 7877 7876 7878
f 7878 7879 7880
f 7880 7881 7882
f 7883 7651 7884
f 7885 7884 7886
f 7887 7886 7888
f 7889 7888 7890
f 7891 7890 7892
f 7893 7892 7894
f 7895 7894 7896
f 7897 7896 7898
f 7899 7898 7900
f 7901 7900 7902
f 7903 7902 7904
f 7906 7652 7907
f 7907 7883 7908
f 7908 7885 7909
f 7909 7887 7910
f 7910 7889 7911
f 7911 7891 7912
f 7912 7893 7913
f 7913 7895 7914
f 7914 7897 7915
f 7915 7899 7916
f 7916 7901 7917
f 7917 7903 7918
f 7918 7905 7919
f 7921 7906 7907
f 7922 7907 7908
f 7923 7908 7909
f 7924 7909 7910
f 7925 7910 7911
f 7926 7911 7912
f 7927 7912 7913
f 7928 7913 7914
f 7929 7914 7915
f 7930 7915 7916
f 7931 7916 7917
f 7932 7917 7918
f 7933 7918 7919
f 7935 7920 7936
f 7936 7921 7937
f 7937 7922 7938
f 7938 7923 7939
f 7939 7924 7940
f 7940 7925 7941
f 7941 7926 7942
f 7942 7927 7943
f 7943 7928 7944
f 7944 7929 7945
f 7945 7930 7946
f 7946 7931 7947
f 7947 7932 7948
f 7948 7933 7949
f 7949 7934 7950
f 7952 7935 7936
f 7953 7936 7937
f 7954 7937 7938
f 7955 7938 7939
f 7956 7939 7940
f 7957 7940 7941
f 7958 7941 7942
f 7959 7942 7943
f 7960 7943 7944
f 7961 7944 7945
f 7962 7945 7946
f 7963 7946 7947
f 7882 7947 7948
f 7880 7948 7949
f 7878 7949 7950
f 7881 7964 7882
f 7882 7965 7963
f 7963 7966 7962
f 7962 7967 7961
f 7961 7968 7960
f 7960 7969 7959
f 7959 7970 7958
f 7958 7971 7957
f 7957 7972 7956
f 7956 7973 7955
f 7955 7648 7954
f 7954 7646 7953
f 7953 7645 7952
f 7952 7647 7951
f 7975 7768 7767
f 7976 7767 7779
f 7977 7779 7833
f 7978 7833 7858
f 7979 7858 7866
f 7981 7974 7982
f 7982 7975 7983
f 7983 7976 7984
f 7984 7977 7985
f 7985 7978 7986
f 7986 7979 7987
f 7987 7980 7988
f 7991 7990 7992
f 7993 7992 7994
f 7995 7994 7996
f 7997 7996 5505
f 7649 7648 7775
f 7775 7973 7774
f 7774 7972 7773
f 7773 7971 7772
f 7772 7970 7663
f 7663 7969 7664
f 7664 7968 7666
f 7666 7967 7667
f 7667 7966 7753
f 7753 7965 7754
f 7754 7964 7763
f 7763 7881 7761
f 7761 7879 7759
f 7759 7876 7757
f 7757 7875 7755
f 7755 7653 7734
f 7734 7639 7718
f 7718 7638 7719
f 7719 7998 7751
f 7751 7999 7797
f 7797 8000 7721
f 7721 8001 7671
f 7671 8002 7669
f 7669 8003 7857
f 7857 8004 7697
f 7697 7689 7695
f 7695 7688 7699
f 7699 7694 7700
f 8008 8009 8010
f 8014 8015 8016
f 8020 8021 8022
f 8022 8023 8024
f 8026 7642 7641
f 8028 8027 8029
f 8029 7641 8030
f 8030 7643 8031
f 8033 8028 8029
f 8034 8029 8030
f 8035 8030 8031
f 8037 8032 8038
f 8038 8033 8039
f 8039 8034 8040
f 8040 8035 8041
f 8041 8036 8042
f 8043 7677 8044
f 8045 8044 8046
f 8047 8046 8048
f 8049 8048 8050
f 8051 8050 8052
f 8053 8052 8054
f 8055 8054 8056
f 8057 8056 8058
f 8059 8058 8060
f 8061 8060 8062
f 8063 8062 8064
f 8065 8064 8066
f 8067 8066 8007
f 8068 8007 8006
f 7678 7680 8069
f 8069 8070 8071
f 8071 8072 8073
f 8073 8074 8075
f 8075 8076 8077
f 8077 8078 8079
f 8079 8080 8081
f 8081 8082 8083
f 8083 8084 8085
f 8085 8086 8087
f 8087 8088 8089
f 8089 8090 8091
f 8091 8092 8093
f 8093 8013 8094
f 8094 8012 8005
f 8094 8007 8066
f 8093 8066 8064
f 8091 8064 8062
f 8089 8062 8060
f 8087 8060 8058
f 8085 8058 8056
f 8083 8056 8054
f 8081 8054 8052
f 8079 8052 8050
f 8077 8050 8048
f 8075 8048 8046
f 8073 8046 8044
f 8071 8044 7677
f 8069 7677 7676
f 7681 7683 8095
f 8095 8096 8097
f 8097 8098 8099
f 8099 8100 8101
f 8101 8102 8103
f 8103 8104 8105
f 8105 8106 8107
f 8107 8108 8109
f 8109 8110 8111
f 8111 8112 8113
f 8113 8114 8115
f 8115 8116 8117
f 8117 8118 8119
f 8119 8010 8120
f 8120 8009 8011
f 8121 7686 8122
f 8123 8122 8124
f 8125 8124 8126
f 8127 8126 8128
f 8129 8128 8130
f 8131 8130 8132
f 8133 8132 8134
f 8135 8134 8136
f 8137 8136 8138
f 8139 8138 8140
f 8141 8140 8142
f 8143 8142 8144
f 8145 8144 8016
f 8146 8016 8015
f 8008 8010 8146
f 8146 8118 8145
f 8145 8116 8143
f 8143 8114 8141
f 8141 8112 8139
f 8139 8110 8137
f 8137 8108 8135
f 8135 8106 8133
f 8133 8104 8131
f 8131 8102 8129
f 8129 8100 8127
f 8127 8098 8125
f 8125 8096 8123
f 8123 7683 8121
f 8121 7682 7684
f 8120 8013 8092
f 8119 8092 8090
f 8117 8090 8088
f 8115 8088 8086
f 8113 8086 8084
f 8111 8084 8082
f 8109 8082 8080
f 8107 8080 8078
f 8105 8078 8076
f 8103 8076 8074
f 8101 8074 8072
f 8099 8072 8070
f 8097 8070 7680
f 8095 7680 7679
f 7690 7692 8147
f 8147 8148 8149
f 8149 8150 8151
f 8151 8152 8153
f 8153 8154 8155
f 8155 8156 8157
f 8157 8158 8159
f 8159 8160 8161
f 8161 8162 8163
f 8163 8164 8165
f 8165 8166 8167
f 8167 8168 8169
f 8169 8170 8171
f 8171 8019 8172
f 8172 8018 8014
f 8173 7688 7687
f 8174 7687 8175
f 8176 8175 8177
f 8178 8177 8179
f 8180 8179 8181
f 8182 8181 8183
f 8184 8183 8185
f 8186 8185 8187
f 8188 8187 8189
f 8190 8189 8191
f 8192 8191 8193
f 8194 8193 8195
f 8196 8195 8197
f 8198 8197 8199
f 8017 8019 8198
f 8198 8170 8196
f 8196 8168 8194
f 8194 8166 8192
f 8192 8164 8190
f 8190 8162 8188
f 8188 8160 8186
f 8186 8158 8184
f 8184 8156 8182
f 8182 8154 8180
f 8180 8152 8178
f 8178 8150 8176
f 8176 8148 8174
f 8174 7692 8173
f 8173 7691 7693
f 8202 8201 8203
f 8204 8203 8205
f 8206 8205 8207
f 8208 8207 8209
f 8210 8209 8211
f 8212 8211 8213
f 8214 8213 8215
f 8216 8215 8217
f 8218 8217 8219
f 8004 8220 7689
f 7689 8219 7687
f 7687 8217 8175
f 8175 8215 8177
f 8177 8213 8179
f 8179 8211 8181
f 8181 8209 8183
f 8183 8207 8185
f 8185 8205 8187
f 8187 8203 8189
f 8189 8201 8191
f 8191 8200 8193
f 8193 8221 8195
f 8195 8222 8197
f 8197 8223 8199
f 8172 8016 8144
f 8171 8144 8142
f 8169 8142 8140
f 8167 8140 8138
f 8165 8138 8136
f 8163 8136 8134
f 8161 8134 8132
f 8159 8132 8130
f 8157 8130 8128
f 8155 8128 8126
f 8153 8126 8124
f 8151 8124 8122
f 8149 8122 7686
f 8147 7686 7685
f 8224 8042 8225
f 8225 8036 8226
f 8226 8031 8227
f 8227 7643 8020
f 8020 7642 8021
f 8021 8025 8023
f 8229 8037 8038
f 8230 8038 8039
f 8231 8039 8040
f 8232 8040 8041
f 8233 8041 8042
f 8234 8042 8224
f 8236 8237 8238
f 8238 8239 8240
f 8240 8241 8242
f 8242 8243 8244
f 8244 8245 8246
f 8246 8247 8248
f 8248 8249 8250
f 8250 8251 8252
f 8252 8253 8254
f 8254 8255 8256
f 8256 8257 8258
f 8261 8260 8262
f 8263 8262 8264
f 8265 8264 8266
f 8267 8266 8268
f 8269 8268 8270
f 8271 8270 8272
f 8273 8272 8274
f 8275 8274 8276
f 8277 8276 8278
f 8279 8278 8280
f 8281 8280 8282
f 8283 8282 8284
f 8285 8284 8286
f 7673 7672 8285
f 8285 8287 8283
f 8283 8288 8281
f 8281 8289 8279
f 8279 8290 8277
f 8277 8291 8275
f 7672 7705 7707
f 8287 7707 7709
f 8288 7709 7711
f 8289 7711 7713
f 8290 7713 7715
f 8291 7715 7716
f 8275 7716 8292
f 8273 8292 8293
f 8271 8293 8294
f 8269 8294 8295
f 8267 8295 8296
f 8265 8296 8297
f 8263 8297 8298
f 8261 8298 8299
f 8259 8299 8300
f 8239 8301 8302
f 8241 8302 8228
f 8243 8228 8229
f 8245 8229 8230
f 8247 8230 8231
f 8249 8231 8232
f 8251 8232 8233
f 8253 8233 8234
f 8255 8234 8235
f 8260 8236 8262
f 8262 8238 8264
f 8264 8240 8266
f 8266 8242 8268
f 8268 8244 8270
f 8270 8246 8272
f 8272 8248 8274
f 8274 8250 8276
f 8276 8252 8278
f 8278 8254 8280
f 8280 8256 8282
f 8282 8258 8284
f 8284 8303 8286
f 8306 8305 8307
f 8308 8307 8309
f 7675 8311 7676
f 7676 8312 7678
f 7678 8313 7679
f 7679 8314 7681
f 7681 8315 7682
f 7682 8316 7684
f 7684 8317 7685
f 7685 8318 7690
f 7690 8319 7691
f 7691 8320 7693
f 7693 8321 7694
f 7694 8322 7700
f 7700 8323 7701
f 7701 8324 7704
f 7704 8325 7703
f 7703 8326 7702
f 7702 8327 7856
f 7856 8328 7855
f 7855 8329 7854
f 7854 8330 7853
f 7853 8331 7852
f 7852 8332 7851
f 7851 8333 7850
f 7850 8334 7849
f 7849 8335 7848
f 7848 8336 7847
f 7847 8337 7846
f 7846 8338 7845
f 7845 8339 7844
f 7844 8340 7843
f 7843 8341 7842
f 7842 8342 7841
f 7841 8343 7840
f 7840 7874 7656
f 7656 7865 7654
f 7654 7839 7786
f 7786 7837 7785
f 7785 7836 7784
f 7784 7782 7783
f 7783 7771 7649
f 7649 7770 7646
f 7646 7768 7644
f 7644 7974 7647
f 7647 7981 7951
f 7997 7652 7906
f 7995 7906 7920
f 7993 7920 7935
f 7991 7935 7951
f 7989 7951 7981
f 8344 7981 7982
f 8345 7982 7983
f 8346 7983 7984
f 8347 7984 7985
f 8304 7985 7986
f 8305 7986 7987
f 8307 7987 7988
f 7904 8300 7905
f 7905 8299 7919
f 7919 8298 7934
f 7934 8297 7950
f 7950 8296 7877
f 7877 8295 7875
f 7875 8294 7653
f 7653 8293 7640
f 7640 8292 7638
f 7638 7716 7998
f 7998 7714 7999
f 7999 7712 8000
f 8000 7710 8001
f 8001 7708 8002
f 8002 7706 8003
f 8003 7705 8004
f 8004 7674 8220
f 8220 7673 8218
f 8218 8286 8216
f 8216 8303 8214
f 8214 8258 8212
f 8212 8257 8210
f 8210 8235 8208
f 8208 8224 8206
f 8206 8225 8204
f 8204 8226 8202
f 8202 8227 8200
f 8200 8020 8221
f 8221 8022 8222
f 8222 8024 8223
f 8351 8352 8353
f 8355 8302 8356
f 8359 8358 8360
f 8361 8360 8362
f 8363 8362 8364
f 8365 8364 8366
f 8367 8366 8368
f 8369 8368 8370
f 8371 8370 8372
f 8373 8372 8374
f 8375 8374 8376
f 8377 8376 8378
f 8379 8378 8380
f 8381 8380 8382
f 8383 8382 8384
f 8385 8384 8386
f 8387 8386 8388
f 8389 8388 8390
f 8391 8390 8392
f 8393 8392 8394
f 8394 8395 8396
f 8360 8397 8398
f 8362 8398 8399
f 8364 8399 8400
f 8366 8400 8401
f 8368 8401 8402
f 8370 8402 8403
f 8372 8403 8404
f 8374 8404 8405
f 8376 8405 8406
f 8378 8406 8407
f 8380 8407 8408
f 8382 8408 8409
f 8384 8409 8410
f 8386 8410 8411
f 8388 8411 8412
f 8390 8412 8413
f 8392 8413 8414
f 8415 8416 8417
f 8417 8418 8419
f 8419 8420 8421
f 8421 8422 8423
f 8423 8424 8425
f 8425 8426 8427
f 8427 8428 8429
f 8429 8430 8431
f 8431 8432 8433
f 8433 8434 8435
f 8435 8436 8437
f 8437 8438 8439
f 8439 8440 8441
f 8441 8442 8443
f 8443 8444 8445
f 8445 8446 8447
f 8447 8448 8449
f 8449 8450 8451
f 8451 8452 8453
f 8453 8454 8455
f 8418 5425 7607
f 8420 7607 7608
f 8422 7608 7609
f 8424 7609 7610
f 8426 7610 7611
f 8428 7611 7612
f 8430 7612 8456
f 8432 8456 8457
f 8434 8457 8458
f 8436 8458 8459
f 8438 8459 8460
f 8440 8460 8461
f 8442 8461 8462
f 8444 8462 8463
f 8446 8463 8464
f 8448 8464 8465
f 8450 8465 8466
f 8452 8466 8467
f 8468 8469 8470
f 8470 8471 8472
f 8472 8473 8474
f 8474 8475 8476
f 8476 8477 8478
f 8478 8479 8480
f 8480 8481 8482
f 8482 8483 8484
f 8486 8487 8488
f 8488 8489 8490
f 8490 8491 8492
f 8492 8493 8494
f 8494 8495 8496
f 8496 8497 8498
f 8498 8499 8500
f 8500 8501 8502
f 8502 8503 8504
f 8504 8505 8506
f 8509 8508 8506
f 8510 8506 8505
f 8512 8485 8483
f 8513 8483 8481
f 8514 8481 8479
f 8515 8479 8477
f 8516 8477 8475
f 8517 8475 8473
f 8518 8473 8471
f 8519 8471 8469
f 8522 8521 8523
f 8524 8523 8525
f 8526 8525 8527
f 8528 8527 8529
f 8530 8529 8531
f 8532 8531 8533
f 8534 8533 8535
f 8536 8535 8537
f 8538 8537 8539
f 8540 8539 8541
f 8542 8541 8543
f 8544 8543 8511
f 8545 8511 8512
f 8546 8512 8513
f 8547 8513 8514
f 8548 8514 8515
f 8549 8515 8516
f 8550 8516 8517
f 8551 8517 8518
f 8552 8518 8519
f 8396 8519 8469
f 8394 8469 8468
f 8553 8554 8555
f 8555 8556 8557
f 8557 8558 8559
f 8559 8560 8561
f 8561 8562 8563
f 8563 8564 8565
f 8565 8566 8567
f 8567 8568 8569
f 8569 8570 8571
f 8571 8572 8573
f 8573 8574 8575
f 8575 8576 8577
f 8577 8578 8579
f 8579 8580 8581
f 8581 8582 8583
f 8583 8584 8585
f 8585 8586 8587
f 8556 8588 8589
f 8558 8589 8590
f 8560 8590 8591
f 8562 8591 8592
f 8564 8592 8593
f 8566 8593 8594
f 8568 8594 8595
f 8570 8595 8596
f 8572 8596 8597
f 8574 8597 8598
f 8576 8598 8599
f 8578 8599 8600
f 8580 8600 8601
f 8582 8601 8602
f 8584 8602 8603
f 8586 8603 8604
f 8587 8604 8605
f 8606 8605 8607
f 8608 8607 8609
f 8610 8609 8611
f 8588 8520 8589
f 8589 8522 8590
f 8590 8524 8591
f 8591 8526 8592
f 8592 8528 8593
f 8593 8530 8594
f 8594 8532 8595
f 8595 8534 8596
f 8596 8536 8597
f 8597 8538 8598
f 8598 8540 8599
f 8599 8542 8600
f 8600 8544 8601
f 8601 8545 8602
f 8602 8546 8603
f 8603 8547 8604
f 8604 8548 8605
f 8605 8549 8607
f 8607 8550 8609
f 8609 8551 8611
f 8611 8552 8612
f 8612 8396 8613
f 8613 8395 8614
f 8614 8414 8615
f 8615 8413 8616
f 8616 8412 8617
f 8617 8411 8618
f 8618 8410 8619
f 8619 8409 8620
f 8620 8408 8621
f 8621 8407 8622
f 8622 8406 8623
f 8623 8405 8624
f 8624 8404 8625
f 8625 8403 8626
f 8626 8402 8627
f 8627 8401 8628
f 8628 8400 8629
f 8629 8399 8630
f 8630 8398 8631
f 8521 8507 8523
f 8523 8509 8525
f 8525 8510 8527
f 8527 8505 8529
f 8529 8503 8531
f 8531 8501 8533
f 8533 8499 8535
f 8535 8497 8537
f 8537 8495 8539
f 8539 8493 8541
f 8541 8491 8543
f 8543 8489 8511
f 8511 8487 8485
f 8485 8486 8484
f 8354 8355 8632
f 8634 8635 8636
f 8301 8354 8638
f 8638 8633 8634
f 8634 8639 8635
f 8641 8637 8635
f 8642 8635 8639
f 8644 5505 7650
f 8645 7650 7651
f 8646 7651 7884
f 8647 7884 7886
f 8648 7886 7888
f 8649 7888 7890
f 8650 7890 7892
f 8651 7892 7894
f 8652 7894 7896
f 8653 7896 7898
f 8654 7898 7900
f 8655 7900 7902
f 8656 7902 7904
f 8657 7904 8300
f 8659 8643 8660
f 8660 8644 8661
f 8661 8645 8662
f 8662 8646 8663
f 8663 8647 8664
f 8664 8648 8665
f 8665 8649 8666
f 8666 8650 8667
f 8667 8651 8668
f 8668 8652 8669
f 8669 8653 8670
f 8670 8654 8671
f 8671 8655 8672
f 8672 8656 8640
f 8640 8657 8637
f 8637 8658 8636
f 8675 8674 8676
f 8677 8676 8678
f 8679 8678 8680
f 8681 8680 8682
f 8683 8682 8684
f 8685 8684 8686
f 8687 8686 8688
f 8689 8688 8690
f 8691 8690 8692
f 8693 8692 8694
f 8695 8694 8696
f 8697 8696 8698
f 8699 8698 8700
f 8701 8700 8702
f 8703 8702 8704
f 8705 8704 8706
f 8707 8706 8708
f 8709 8708 8710
f 8659 8674 8712
f 8712 8673 8713
f 8716 8715 8717
f 8718 8717 8719
f 8720 8719 8721
f 8722 8721 8723
f 8724 8723 8725
f 8726 8725 8727
f 8728 8727 8729
f 8730 8729 8731
f 8732 8731 8733
f 8350 8733 8734
f 8348 8734 8735
f 8736 8735 8737
f 8738 8737 8739
f 8740 8739 8741
f 8742 8741 8743
f 8744 8743 8745
f 5423 8747 8748
f 8748 8749 8750
f 8750 8751 8752
f 8752 8753 8754
f 8754 8755 8756
f 8756 8757 8758
f 8008 8758 8759
f 8015 8759 8760
f 8014 8760 8761
f 8018 8761 8762
f 8017 8762 8199
f 8765 8764 8766
f 8757 8768 8758
f 8758 8769 8759
f 8759 8770 8760
f 8760 8771 8761
f 8761 8772 8762
f 8762 8767 8199
f 8199 8766 8223
f 8223 8764 8023
f 8774 8773 8775
f 8775 8764 8776
f 8659 8660 8674
f 8674 8661 8676
f 8676 8662 8678
f 8678 8663 8680
f 8680 8664 8682
f 8682 8665 8684
f 8684 8666 8686
f 8686 8667 8688
f 8688 8668 8690
f 8690 8669 8692
f 8692 8670 8694
f 8694 8671 8696
f 8696 8672 8698
f 8698 8640 8700
f 8700 8641 8702
f 8702 8642 8704
f 8704 8639 8706
f 8706 8633 8708
f 8708 8632 8710
f 8710 8355 8711
f 8711 8356 8777
f 8777 8778 8779
f 8779 8780 8781
f 8781 8782 8783
f 8783 8784 8774
f 8774 8026 8773
f 8773 8025 8023
f 8787 8786 8788
f 8789 8788 8790
f 8791 8790 8792
f 8793 8792 8794
f 8795 8794 8796
f 8797 8796 8798
f 8799 8798 8800
f 8801 8800 8802
f 8803 8802 8804
f 8805 8804 8806
f 8807 8806 8808
f 8809 8808 8810
f 8811 8810 8812
f 8813 8812 8814
f 8815 8814 8816
f 8817 8816 8818
f 8819 8818 8820
f 8821 8820 8822
f 8823 8348 8736
f 8824 8736 8738
f 8825 8738 8740
f 8826 8740 8742
f 8827 8742 8744
f 8828 8744 8746
f 8829 8746 8830
f 8831 8830 8832
f 8833 8832 8834
f 8835 8834 8836
f 8822 8836 8837
f 8715 8713 8717
f 8717 8673 8719
f 8719 8675 8721
f 8721 8677 8723
f 8723 8679 8725
f 8725 8681 8727
f 8727 8683 8729
f 8729 8685 8731
f 8731 8687 8733
f 8733 8689 8734
f 8734 8691 8735
f 8735 8693 8737
f 8737 8695 8739
f 8739 8697 8741
f 8741 8699 8743
f 8743 8701 8745
f 8745 8703 8746
f 8746 8705 8830
f 8830 8707 8832
f 8832 8709 8834
f 8834 8711 8836
f 8836 8777 8837
f 8837 8779 8821
f 8821 8781 8819
f 8819 8783 8817
f 8817 8774 8815
f 8815 8775 8813
f 8813 8776 8811
f 8811 8763 8809
f 8809 8765 8807
f 8807 8767 8805
f 8805 8772 8803
f 8803 8771 8801
f 8801 8770 8799
f 8799 8769 8797
f 8797 8768 8795
f 8795 8757 8793
f 8793 8755 8791
f 8791 8753 8789
f 8789 8751 8787
f 8787 8749 8785
f 8838 8839 8840
f 8840 8841 8842
f 8842 8843 8844
f 8844 8845 8846
f 8846 8847 8848
f 8848 8849 8850
f 8850 8851 8852
f 8852 8853 8854
f 8854 8855 8856
f 8856 8857 8858
f 8858 8859 8860
f 8860 8861 8862
f 8862 8863 8864
f 8864 8866 8862
f 8862 8867 8860
f 8860 8868 8858
f 8858 8869 8856
f 8856 8870 8854
f 8854 8871 8852
f 8852 8872 8850
f 8850 8873 8848
f 8848 8874 8846
f 8846 8875 8844
f 8844 8876 8842
f 8842 8877 8840
f 8840 8878 8838
f 8838 8879 8880
f 8880 8881 8882
f 8883 8351 8884
f 8885 8884 8886
f 8887 8886 8888
f 8889 8888 8890
f 8882 8890 8891
f 8880 8891 8892
f 8838 8892 8893
f 8786 8865 8788
f 8788 8863 8790
f 8790 8861 8792
f 8792 8859 8794
f 8794 8857 8796
f 8796 8855 8798
f 8798 8853 8800
f 8800 8851 8802
f 8802 8849 8804
f 8804 8847 8806
f 8806 8845 8808
f 8808 8843 8810
f 8810 8841 8812
f 8812 8839 8814
f 8814 8893 8816
f 8816 8892 8818
f 8818 8891 8820
f 8820 8890 8822
f 8822 8888 8835
f 8835 8886 8833
f 8833 8884 8831
f 8831 8351 8829
f 8829 8353 8828
f 8630 8415 8417
f 8629 8417 8419
f 8628 8419 8421
f 8627 8421 8423
f 8626 8423 8425
f 8625 8425 8427
f 8624 8427 8429
f 8623 8429 8431
f 8622 8431 8433
f 8621 8433 8435
f 8620 8435 8437
f 8619 8437 8439
f 8618 8439 8441
f 8617 8441 8443
f 8616 8443 8445
f 8615 8445 8447
f 8614 8447 8449
f 8613 8449 8451
f 8612 8451 8453
f 8610 8453 8455
f 8608 8455 8894
f 8606 8894 8895
f 8587 8895 8896
f 8585 8896 8897
f 8583 8897 8898
f 8581 8898 8899
f 8579 8899 8900
f 8577 8900 8901
f 8575 8901 8902
f 8573 8902 8903
f 8571 8903 8904
f 8569 8904 8905
f 8567 8905 8906
f 8565 8906 8907
f 8563 8907 8908
f 8561 8908 8909
f 8559 8909 8910
f 8557 8910 8911
f 8555 8911 8912
f 8553 8912 5485
f 8506 8714 8716
f 8504 8716 8718
f 8502 8718 8720
f 8500 8720 8722
f 8498 8722 8724
f 8496 8724 8726
f 8494 8726 8728
f 8492 8728 8730
f 8490 8730 8732
f 8488 8732 8350
f 8486 8350 8349
f 8484 8349 8823
f 8482 8823 8824
f 8480 8824 8825
f 8478 8825 8826
f 8476 8826 8827
f 8474 8827 8828
f 8472 8828 8353
f 8470 8353 8352
f 8468 8352 8883
f 8393 8883 8885
f 8391 8885 8887
f 8389 8887 8889
f 8387 8889 8882
f 8385 8882 8881
f 8383 8881 8879
f 8381 8879 8878
f 8379 8878 8877
f 8377 8877 8876
f 8375 8876 8875
f 8373 8875 8874
f 8371 8874 8873
f 8369 8873 8872
f 8367 8872 8871
f 8365 8871 8870
f 8363 8870 8869
f 8361 8869 8868
f 8359 8868 8867
f 8357 8867 8866
f 8916 8917 8918
f 8918 8917 8920
f 8923 8922 8924
f 8924 8925 8926
f 8926 8927 8928
f 8928 8929 8930
f 8933 8932 8934
f 8935 8934 8936
f 8937 8936 8938
f 8914 8940 8919
f 8919 8941 8942
f 8942 8943 8944
f 8944 8945 8946
f 8946 8939 8947
f 8930 8929 8948
f 8948 8949 8918
f 8918 8950 8916
f 8920 8951 8952
f 8953 8952 8954
f 8955 8954 8956
f 8957 8956 8958
f 8961 8960 8962
f 8963 8962 8964
f 8931 8964 8965
f 8923 8966 8921
f 8921 8967 8968
f 8968 8969 8970
f 8970 8971 8972
f 8972 8973 8959
f 8959 8974 8960
f 8978 8979 8980
f 8980 8981 8982
f 8982 8983 8984
f 8984 8985 8958
f 8958 8986 8957
f 8989 8988 8990
f 8991 8990 8992
f 8993 8992 8994
f 8978 8994 8995
f 8977 8976 8996
f 8996 8997 8998
f 8998 8999 9000
f 9000 9001 9002
f 8975 9003 9004
f 9005 9004 9006
f 9007 9006 9008
f 8987 9008 9009
f 9002 9001 9010
f 9010 9011 8915
f 8915 9012 8913
f 9013 9015 9016
f 9015 9018 9019
f 9020 9021 9015
f 9015 9022 9017
f 9015 9024 9025
f 9026 9027 9015
f 9015 9028 9023
f 9015 9030 9031
f 9032 9033 9015
f 9015 9034 9029
f 9015 9036 9037
f 9038 9039 9015
f 9015 9040 9035
f 9015 9042 9043
f 9044 9045 9015
f 9015 9046 9041
f 9015 9048 9049
f 9050 9051 9015
f 9015 9052 9047
f 9015 9054 9055
f 9056 9057 9015
f 9015 9058 9053
f 9015 9060 9061
f 9014 9062 9015
f 9015 9063 9059
f 9013 9065 9014
f 9014 9066 9062
f 9062 9067 9063
f 9063 9068 9059
f 9059 9069 9060
f 9060 9070 9061
f 9061 9071 9056
f 9056 9072 9057
f 9057 9073 9058
f 9058 9074 9053
f 9064 9016 9019
f 9075 9019 9018
f 9076 9018 9017
f 9077 9017 9022
f 9078 9022 9021
f 9079 9021 9020
f 9080 9020 9025
f 9081 9025 9024
f 9082 9024 9023
f 9083 9023 9028
f 9084 9028 9027
f 9085 9027 9026
f 9086 9026 9031
f 9087 9031 9030
f 9088 9030 9029
f 9089 9029 9034
f 9090 9034 9033
f 9091 9033 9032
f 9092 9032 9037
f 9093 9037 9036
f 9094 9036 9035
f 9095 9035 9040
f 9096 9040 9039
f 9097 9039 9038
f 9098 9038 9043
f 9099 9043 9042
f 9100 9042 9041
f 9101 9041 9046
f 9102 9046 9045
f 9103 9045 9044
f 9104 9044 9049
f 9105 9049 9048
f 9106 9048 9047
f 9107 9047 9052
f 9108 9052 9051
f 9109 9051 9050
f 9110 9050 9055
f 9111 9055 9054
f 9112 9054 9053
f 9113 9053 9074
f 9065 9114 9115
f 9064 9075 9114
f 9114 9076 9116
f 9081 9117 9080
f 9080 9118 9079
f 9079 9119 9078
f 9078 9120 9077
f 9077 9121 9116
f 9107 9122 9123
f 9106 9123 9124
f 9105 9124 9125
f 9125 9126 9104
f 9104 9127 9103
f 9103 9128 9102
f 9102 9129 9101
f 9101 9130 9100
f 9085 9132 9084
f 9084 9133 9083
f 9083 9134 9082
f 9082 9135 9081
f 9081 9136 9117
f 9112 9138 9139
f 9111 9139 9140
f 9110 9140 9141
f 9109 9141 9142
f 9108 9142 9143
f 9066 9115 9067
f 9067 9144 9068
f 9068 9145 9069
f 9069 9146 9070
f 9070 9147 9071
f 9148 9097 9098
f 9131 9098 9099
f 9089 9149 9088
f 9088 9150 9087
f 9087 9151 9086
f 9086 9152 9085
f 9085 9153 9132
f 9071 9154 9155
f 9072 9155 9156
f 9073 9156 9157
f 9074 9157 9137
f 9113 9137 9112
f 9092 9158 9159
f 9091 9159 9160
f 9090 9160 9161
f 9089 9161 9162
f 9096 9148 9095
f 9095 9163 9094
f 9094 9164 9093
f 9093 9165 9158
f 8918 9116 8948
f 8948 9121 8930
f 8930 9120 8928
f 8928 9119 8926
f 8926 9118 8924
f 8924 9117 8923
f 8923 9136 8966
f 8966 9135 8967
f 8967 9134 8969
f 8969 9133 8971
f 8971 9132 8973
f 8973 9153 8974
f 8974 9152 8960
f 8960 9151 8962
f 8962 9150 8964
f 8964 9149 8965
f 8965 9162 8932
f 8932 9161 8934
f 8934 9160 8936
f 8936 9159 8938
f 8938 9158 8947
f 8947 9165 8946
f 8946 9164 8944
f 8944 9163 8942
f 8942 9148 8919
f 9114 8920 9115
f 8915 9130 9010
f 9010 9129 9002
f 9002 9128 9000
f 9000 9127 8998
f 8998 9126 8996
f 8996 9125 8977
f 8977 9124 9003
f 9003 9123 9004
f 9004 9122 9006
f 9006 9143 9008
f 9008 9142 9009
f 9009 9141 8988
f 8988 9140 8990
f 8990 9139 8992
f 8992 9138 8994
f 8994 9137 8995
f 8995 9157 8979
f 8979 9156 8981
f 8981 9155 8983
f 8983 9154 8985
f 8985 9147 8986
f 8986 9146 8957
f 8957 9145 8955
f 8955 9144 8953
f 8953 9115 8920
f 9131 8919 9148
f 9168 9169 8917
f 9172 9173 8989
f 9176 9177 8914
f 9180 9181 8959
f 8959 9182 9183
f 9184 9185 8959
f 8959 9186 8972
f 8961 9188 8959
f 8959 9189 9190
f 8959 9191 9192
f 8963 9193 8961
f 8961 9194 9187
f 9195 9196 8931
f 8931 9197 8963
f 8963 9198 9193
f 8937 9199 9200
f 9202 8935 9203
f 9203 8937 9204
f 9202 9205 8935
f 8935 9206 8933
f 8933 9207 9195
f 8939 9209 9210
f 8937 9210 9211
f 9212 9213 8937
f 8937 9214 9178
f 9215 8939 8945
f 9216 8945 9217
f 9217 8943 9218
f 9219 8943 8941
f 9220 8941 9221
f 9221 8940 9222
f 8914 9223 9224
f 9225 9226 8914
f 8914 9227 8940
f 8940 9228 9222
f 8913 9230 8914
f 8914 9231 9232
f 8914 9233 9234
f 9229 8913 9235
f 9235 9012 9236
f 9237 9012 9011
f 9238 9011 9239
f 9239 9001 9240
f 9241 9001 8999
f 9175 9243 8997
f 8997 9244 9245
f 8997 9246 9247
f 8999 9247 9248
f 8976 9249 9250
f 8997 9250 9251
f 9252 9253 8997
f 8997 9254 9174
f 9255 9256 8975
f 8975 9257 8976
f 8976 9258 9249
f 9259 9260 9007
f 9007 9261 9005
f 9005 9262 9255
f 8989 9263 9264
f 9265 9266 8989
f 8989 9267 8987
f 8987 9268 9259
f 8991 9270 8989
f 8989 9271 9272
f 8989 9273 9274
f 8993 9275 8991
f 8991 9276 9269
f 9277 9278 8978
f 8978 9279 8993
f 8993 9280 9275
f 8984 9281 9282
f 9284 8982 9285
f 9285 8984 9286
f 9284 9287 8982
f 8982 9288 8980
f 8980 9289 9277
f 8958 9291 9292
f 8984 9292 9293
f 9294 9295 8984
f 8984 9296 9170
f 9297 8958 8956
f 9298 8956 9299
f 9299 8954 9300
f 9301 8954 8952
f 9302 8952 9303
f 9303 8951 9304
f 8917 9305 9306
f 9307 9308 8917
f 8917 9309 8951
f 8951 9310 9304
f 8916 9312 8917
f 8917 9313 9314
f 8917 9315 9316
f 9311 8916 9317
f 9317 8950 9318
f 9319 8950 8949
f 9320 8949 9321
f 9321 8929 9322
f 9323 8929 8927
f 9167 9325 8925
f 8925 9326 9327
f 8925 9328 9329
f 8927 9329 9330
f 8922 9331 9332
f 8925 9332 9333
f 9334 9335 8925
f 8925 9336 9166
f 8922 9337 9338
f 8968 8970 9339
f 8968 9340 9341
f 8921 9341 9342
f 9186 9343 8972
f 8972 9344 8970
f 8970 9345 9339
f 9348 9347 9349
f 9351 9348 9352
f 9352 9353 9354
f 9352 9355 9356
f 9358 9359 9360
f 9361 9362 9360
f 9360 9363 9364
f 9348 9365 9366
f 9367 9368 9348
f 9348 9369 9370
f 9348 9371 9372
f 9374 9375 9376
f 9359 9377 9352
f 9378 9352 9357
f 9348 9379 9380
f 9381 9382 9383
f 9381 9383 9374
f 9374 9385 9386
f 9374 9387 9388
f 9373 9389 9348
f 9348 9374 9390
f 9384 9391 9383
f 9383 9392 9393
f 9348 9395 9353
f 9353 9396 9354
f 9354 9397 9398
f 9398 9399 9355
f 9355 9400 9356
f 9356 9401 9402
f 9402 9403 9357
f 9357 9404 9405
f 9405 9406 9407
f 9407 9408 9359
f 9359 9409 9361
f 9361 9410 9411
f 9411 9412 9362
f 9362 9413 9363
f 9363 9414 9415
f 9415 9416 9364
f 9364 9417 9360
f 9360 9418 9419
f 9419 9420 9358
f 9358 9421 9377
f 9377 9422 9423
f 9423 9424 9352
f 9352 9425 9351
f 9351 9426 9427
f 9427 9428 9365
f 9365 9429 9430
f 9430 9431 9432
f 9432 9433 9367
f 9367 9434 9368
f 9368 9435 9436
f 9436 9437 9369
f 9369 9438 9370
f 9370 9439 9440
f 9440 9441 9379
f 9379 9442 9380
f 9380 9443 9346
f 9346 9444 9347
f 9347 9445 9446
f 9446 9447 9349
f 9349 9448 9350
f 9350 9449 9450
f 9450 9451 9371
f 9371 9452 9453
f 9453 9454 9455
f 9455 9456 9373
f 9373 9457 9389
f 9389 9458 9459
f 9459 9460 9374
f 9374 9461 9381
f 9381 9462 9463
f 9463 9464 9382
f 9382 9465 9384
f 9384 9466 9467
f 9467 9468 9391
f 9391 9469 9392
f 9392 9470 9471
f 9471 9472 9393
f 9393 9473 9383
f 9383 9474 9475
f 9475 9476 9385
f 9385 9477 9478
f 9478 9479 9480
f 9480 9481 9387
f 9387 9482 9388
f 9388 9483 9484
f 9484 9485 9375
f 9375 9486 9376
f 9376 9487 9488
f 9488 9489 9390
f 9390 9394 9348
f 9490 9265 9264
f 9491 9264 9263
f 9268 9267 9493
f 9493 9266 9494
f 9494 9490 9491
f 9495 9491 9492
f 9492 9263 9497
f 9497 9498 9499
f 9496 9492 9500
f 9500 9497 9501
f 9501 9499 9502
f 9272 9503 9504
f 9273 9504 9505
f 9172 9274 9499
f 9499 9505 9502
f 9506 9505 9504
f 9507 9504 9503
f 9508 9503 9271
f 9251 9250 9509
f 9252 9510 9511
f 9253 9511 9512
f 9254 9512 9513
f 9251 9509 9510
f 9510 9514 9511
f 9511 9515 9512
f 9512 9516 9513
f 9519 9518 9520
f 9518 9243 9520
f 9520 9522 9513
f 9521 9520 9523
f 9523 9513 9516
f 9243 9524 9244
f 9244 9525 9245
f 9526 9247 9246
f 9518 9517 9528
f 9524 9528 9527
f 9525 9527 9246
f 9231 9230 9529
f 9232 9530 9531
f 9233 9531 9532
f 9234 9532 9533
f 9231 9529 9530
f 9530 9534 9531
f 9531 9535 9532
f 9532 9536 9533
f 9539 9540 9541
f 9538 9539 9541
f 9537 9176 9533
f 9538 9533 9536
f 9223 9541 9543
f 9224 9543 9544
f 9228 9227 9545
f 9545 9226 9546
f 9541 9547 9543
f 9543 9546 9544
f 9544 9226 9225
f 9211 9549 9212
f 9212 9550 9213
f 9213 9551 9214
f 9214 9552 9178
f 9549 9548 9553
f 9550 9553 9554
f 9551 9554 9555
f 9286 9283 9556
f 9556 9282 9557
f 9557 9281 9558
f 9559 9285 9286
f 9286 9556 9560
f 9560 9557 9561
f 9561 9558 9562
f 9563 9281 9564
f 9565 9564 9170
f 9566 9558 9563
f 9567 9563 9565
f 9294 9568 9569
f 9295 9569 9570
f 9170 9296 9565
f 9565 9570 9567
f 9571 9570 9569
f 9572 9569 9568
f 9573 9568 9293
f 9574 9575 9576
f 9577 9576 9199
f 9199 9576 9578
f 9200 9578 9579
f 9202 9203 9580
f 9580 9204 9581
f 9576 9582 9578
f 9578 9581 9579
f 9579 9204 9201
f 9189 9584 9190
f 9190 9585 9191
f 9191 9586 9192
f 9192 9587 9180
f 9584 9583 9588
f 9585 9588 9589
f 9586 9589 9590
f 9591 9182 9592
f 9592 9593 9587
f 9594 9591 9595
f 9595 9592 9596
f 9596 9587 9590
f 9182 9597 9183
f 9183 9598 9184
f 9599 9186 9185
f 9591 9594 9601
f 9597 9601 9600
f 9598 9600 9185
f 9328 9327 9602
f 9602 9326 9603
f 9603 9325 9604
f 9605 9329 9328
f 9328 9602 9606
f 9606 9603 9607
f 9607 9604 9608
f 9609 9604 9610
f 9604 9325 9610
f 9610 9612 9613
f 9611 9610 9614
f 9614 9613 9615
f 9334 9616 9617
f 9335 9617 9618
f 9166 9336 9613
f 9613 9618 9615
f 9619 9618 9617
f 9620 9617 9616
f 9621 9616 9333
f 9308 9307 9622
f 9622 9306 9623
f 9623 9305 9624
f 9625 9309 9308
f 9308 9622 9626
f 9626 9623 9627
f 9627 9624 9628
f 9631 9628 9624
f 9630 9631 9624
f 9629 9168 9633
f 9630 9633 9634
f 9313 9635 9314
f 9314 9636 9315
f 9315 9637 9316
f 9633 9316 9637
f 9634 9637 9638
f 9638 9636 9639
f 9639 9635 9640
f 9640 9313 9312
f 9443 9566 9567
f 9443 9571 9572
f 9580 9581 9489
f 9574 9394 9575
f 9575 9489 9582
f 9488 9206 9489
f 9489 9205 9202
f 9590 9589 9481
f 9481 9588 9482
f 9482 9583 9188
f 9482 9187 9194
f 9483 9194 9193
f 9484 9193 9198
f 9485 9198 9197
f 9486 9197 9196
f 9487 9196 9195
f 9488 9195 9207
f 9477 9601 9594
f 9641 9594 9642
f 9480 9642 9596
f 9476 9599 9477
f 9477 9600 9601
f 9615 9619 9468
f 9468 9620 9469
f 9469 9621 9332
f 9344 9599 9476
f 9345 9476 9475
f 9339 9475 9474
f 9340 9474 9473
f 9341 9473 9472
f 9342 9472 9471
f 9337 9471 9470
f 9338 9470 9469
f 9331 9469 9332
f 9605 9463 9324
f 9605 9606 9464
f 9464 9607 9465
f 9465 9608 9609
f 9466 9609 9611
f 9467 9611 9614
f 9640 9456 9639
f 9639 9455 9638
f 9456 9312 9311
f 9457 9311 9317
f 9458 9317 9318
f 9459 9318 9319
f 9460 9319 9320
f 9461 9320 9321
f 9462 9321 9322
f 9463 9322 9323
f 9304 9310 9625
f 9450 9304 9625
f 9625 9626 9451
f 9451 9627 9452
f 9452 9628 9631
f 9643 9631 9644
f 9455 9644 9634
f 9303 9450 9302
f 9302 9449 9301
f 9301 9448 9300
f 9300 9447 9299
f 9299 9446 9298
f 9298 9445 9297
f 9297 9444 9290
f 9290 9443 9291
f 9291 9573 9292
f 9502 9506 9433
f 9433 9507 9434
f 9434 9508 9270
f 9429 9496 9645
f 9645 9646 9432
f 9432 9501 9502
f 9429 9493 9494
f 9420 9419 9516
f 9420 9515 9514
f 9421 9514 9509
f 9268 9493 9259
f 9259 9428 9260
f 9260 9427 9261
f 9261 9426 9262
f 9262 9425 9255
f 9255 9424 9256
f 9256 9423 9257
f 9257 9422 9258
f 9258 9421 9249
f 9416 9415 9526
f 9526 9242 9248
f 9416 9527 9528
f 9528 9517 9417
f 9417 9519 9418
f 9418 9521 9419
f 9419 9523 9516
f 9534 9408 9407
f 9529 9230 9408
f 9408 9229 9409
f 9409 9235 9410
f 9410 9236 9411
f 9411 9237 9412
f 9412 9238 9413
f 9413 9239 9414
f 9414 9240 9415
f 9415 9241 9242
f 9221 9222 9402
f 9402 9545 9403
f 9403 9546 9547
f 9547 9540 9404
f 9404 9539 9647
f 9647 9542 9407
f 9407 9536 9535
f 9395 9574 9555
f 9395 9554 9553
f 9221 9402 9220
f 9220 9401 9219
f 9219 9400 9218
f 9218 9399 9217
f 9217 9398 9216
f 9216 9397 9215
f 9215 9396 9208
f 9208 9395 9209
f 9209 9548 9210
f 9559 9441 9284
f 9562 9442 9441
f 9561 9441 9560
f 9441 9288 9287
f 9270 9269 9434
f 9434 9276 9435
f 9435 9275 9436
f 9436 9280 9437
f 9437 9279 9438
f 9438 9278 9439
f 9439 9277 9440
f 9440 9289 9288
f 9555 9577 9552
f 9552 9179 9178
